solid 07_yellow_column_1
facet normal 0 0 -1
outer loop
vertex 10 10 0
vertex 15.706339097770922 11.854101966249685 0
vertex 16 10 0
endloop
endfacet
facet normal 0 0 1
outer loop
vertex 16 10 250
vertex 15.706339097770922 11.854101966249685 250
vertex 10 10 250
endloop
endfacet
facet normal 0 0 -1
outer loop
vertex 10 10 0
vertex 14.854101966249685 13.526711513754838 0
vertex 15.706339097770922 11.854101966249685 0
endloop
endfacet
facet normal 0 0 1
outer loop
vertex 15.706339097770922 11.854101966249685 250
vertex 14.854101966249685 13.526711513754838 250
vertex 10 10 250
endloop
endfacet
facet normal 0 0 -1
outer loop
vertex 10 10 0
vertex 13.526711513754838 14.854101966249685 0
vertex 14.854101966249685 13.526711513754838 0
endloop
endfacet
facet normal 0 0 1
outer loop
vertex 14.854101966249685 13.526711513754838 250
vertex 13.526711513754838 14.854101966249685 250
vertex 10 10 250
endloop
endfacet
facet normal 0 0 -1
outer loop
vertex 10 10 0
vertex 11.854101966249685 15.706339097770922 0
vertex 13.526711513754838 14.854101966249685 0
endloop
endfacet
facet normal 0 0 1
outer loop
vertex 13.526711513754838 14.854101966249685 250
vertex 11.854101966249685 15.706339097770922 250
vertex 10 10 250
endloop
endfacet
facet normal 0 0 -1
outer loop
vertex 10 10 0
vertex 10 16 0
vertex 11.854101966249685 15.706339097770922 0
endloop
endfacet
facet normal 0 0 1
outer loop
vertex 11.854101966249685 15.706339097770922 250
vertex 10 16 250
vertex 10 10 250
endloop
endfacet
facet normal 0 0 -1
outer loop
vertex 10 10 0
vertex 8.145898033750315 15.706339097770922 0
vertex 10 16 0
endloop
endfacet
facet normal 0 0 1
outer loop
vertex 10 16 250
vertex 8.145898033750315 15.706339097770922 250
vertex 10 10 250
endloop
endfacet
facet normal 0 0 -1
outer loop
vertex 10 10 0
vertex 6.473288486245162 14.854101966249685 0
vertex 8.145898033750315 15.706339097770922 0
endloop
endfacet
facet normal 0 0 1
outer loop
vertex 8.145898033750315 15.706339097770922 250
vertex 6.473288486245162 14.854101966249685 250
vertex 10 10 250
endloop
endfacet
facet normal 0 0 -1
outer loop
vertex 10 10 0
vertex 5.145898033750316 13.52671151375484 0
vertex 6.473288486245162 14.854101966249685 0
endloop
endfacet
facet normal 0 0 1
outer loop
vertex 6.473288486245162 14.854101966249685 250
vertex 5.145898033750316 13.52671151375484 250
vertex 10 10 250
endloop
endfacet
facet normal 0 0 -1
outer loop
vertex 10 10 0
vertex 4.293660902229079 11.854101966249685 0
vertex 5.145898033750316 13.52671151375484 0
endloop
endfacet
facet normal 0 0 1
outer loop
vertex 5.145898033750316 13.52671151375484 250
vertex 4.293660902229079 11.854101966249685 250
vertex 10 10 250
endloop
endfacet
facet normal 0 0 -1
outer loop
vertex 10 10 0
vertex 4 10 0
vertex 4.293660902229079 11.854101966249685 0
endloop
endfacet
facet normal 0 0 1
outer loop
vertex 4.293660902229079 11.854101966249685 250
vertex 4 10 250
vertex 10 10 250
endloop
endfacet
facet normal 0 0 -1
outer loop
vertex 10 10 0
vertex 4.293660902229077 8.145898033750319 0
vertex 4 10 0
endloop
endfacet
facet normal 0 0 1
outer loop
vertex 4 10 250
vertex 4.293660902229077 8.145898033750319 250
vertex 10 10 250
endloop
endfacet
facet normal 0 0 -1
outer loop
vertex 10 10 0
vertex 5.145898033750315 6.473288486245162 0
vertex 4.293660902229077 8.145898033750319 0
endloop
endfacet
facet normal 0 0 1
outer loop
vertex 4.293660902229077 8.145898033750319 250
vertex 5.145898033750315 6.473288486245162 250
vertex 10 10 250
endloop
endfacet
facet normal 0 0 -1
outer loop
vertex 10 10 0
vertex 6.473288486245161 5.145898033750316 0
vertex 5.145898033750315 6.473288486245162 0
endloop
endfacet
facet normal 0 0 1
outer loop
vertex 5.145898033750315 6.473288486245162 250
vertex 6.473288486245161 5.145898033750316 250
vertex 10 10 250
endloop
endfacet
facet normal 0 0 -1
outer loop
vertex 10 10 0
vertex 8.145898033750315 4.293660902229079 0
vertex 6.473288486245161 5.145898033750316 0
endloop
endfacet
facet normal 0 0 1
outer loop
vertex 6.473288486245161 5.145898033750316 250
vertex 8.145898033750315 4.293660902229079 250
vertex 10 10 250
endloop
endfacet
facet normal 0 0 -1
outer loop
vertex 10 10 0
vertex 9.999999999999998 4 0
vertex 8.145898033750315 4.293660902229079 0
endloop
endfacet
facet normal 0 0 1
outer loop
vertex 8.145898033750315 4.293660902229079 250
vertex 9.999999999999998 4 250
vertex 10 10 250
endloop
endfacet
facet normal 0 0 -1
outer loop
vertex 10 10 0
vertex 11.854101966249683 4.293660902229078 0
vertex 9.999999999999998 4 0
endloop
endfacet
facet normal 0 0 1
outer loop
vertex 9.999999999999998 4 250
vertex 11.854101966249683 4.293660902229078 250
vertex 10 10 250
endloop
endfacet
facet normal 0 0 -1
outer loop
vertex 10 10 0
vertex 13.526711513754837 5.145898033750314 0
vertex 11.854101966249683 4.293660902229078 0
endloop
endfacet
facet normal 0 0 1
outer loop
vertex 11.854101966249683 4.293660902229078 250
vertex 13.526711513754837 5.145898033750314 250
vertex 10 10 250
endloop
endfacet
facet normal 0 0 -1
outer loop
vertex 10 10 0
vertex 14.854101966249683 6.47328848624516 0
vertex 13.526711513754837 5.145898033750314 0
endloop
endfacet
facet normal 0 0 1
outer loop
vertex 13.526711513754837 5.145898033750314 250
vertex 14.854101966249683 6.47328848624516 250
vertex 10 10 250
endloop
endfacet
facet normal 0 0 -1
outer loop
vertex 10 10 0
vertex 15.706339097770922 8.145898033750314 0
vertex 14.854101966249683 6.47328848624516 0
endloop
endfacet
facet normal 0 0 1
outer loop
vertex 14.854101966249683 6.47328848624516 250
vertex 15.706339097770922 8.145898033750314 250
vertex 10 10 250
endloop
endfacet
facet normal 0 0 -1
outer loop
vertex 10 10 0
vertex 16 10 0
vertex 15.706339097770922 8.145898033750314 0
endloop
endfacet
facet normal 0 0 1
outer loop
vertex 15.706339097770922 8.145898033750314 250
vertex 16 10 250
vertex 10 10 250
endloop
endfacet
facet normal 0.9876883405951378 0.15643446504023065 0
outer loop
vertex 16 10 0
vertex 15.706339097770922 11.854101966249685 0
vertex 15.706339097770922 11.854101966249685 46
endloop
endfacet
facet normal 0.9876883405951378 0.15643446504023065 0
outer loop
vertex 16 10 0
vertex 15.706339097770922 11.854101966249685 46
vertex 16 10 46
endloop
endfacet
facet normal 0.8910065241883677 0.4539904997395471 0
outer loop
vertex 15.706339097770922 11.854101966249685 0
vertex 14.854101966249685 13.526711513754838 0
vertex 14.854101966249685 13.526711513754838 46
endloop
endfacet
facet normal 0.8910065241883677 0.4539904997395471 0
outer loop
vertex 15.706339097770922 11.854101966249685 0
vertex 14.854101966249685 13.526711513754838 46
vertex 15.706339097770922 11.854101966249685 46
endloop
endfacet
facet normal 0.7071067811865475 0.7071067811865475 0
outer loop
vertex 14.854101966249685 13.526711513754838 0
vertex 13.526711513754838 14.854101966249685 0
vertex 13.526711513754838 14.854101966249685 46
endloop
endfacet
facet normal 0.7071067811865475 0.7071067811865475 0
outer loop
vertex 14.854101966249685 13.526711513754838 0
vertex 13.526711513754838 14.854101966249685 46
vertex 14.854101966249685 13.526711513754838 46
endloop
endfacet
facet normal 0.4539904997395471 0.8910065241883677 0
outer loop
vertex 13.526711513754838 14.854101966249685 0
vertex 11.854101966249685 15.706339097770922 0
vertex 11.854101966249685 15.706339097770922 46
endloop
endfacet
facet normal 0.4539904997395471 0.8910065241883677 0
outer loop
vertex 13.526711513754838 14.854101966249685 0
vertex 11.854101966249685 15.706339097770922 46
vertex 13.526711513754838 14.854101966249685 46
endloop
endfacet
facet normal 0.15643446504023065 0.9876883405951378 0
outer loop
vertex 11.854101966249685 15.706339097770922 0
vertex 10 16 0
vertex 10 16 46
endloop
endfacet
facet normal 0.15643446504023065 0.9876883405951378 0
outer loop
vertex 11.854101966249685 15.706339097770922 0
vertex 10 16 46
vertex 11.854101966249685 15.706339097770922 46
endloop
endfacet
facet normal -0.15643446504023065 0.9876883405951378 0
outer loop
vertex 10 16 0
vertex 8.145898033750315 15.706339097770922 0
vertex 8.145898033750315 15.706339097770922 46
endloop
endfacet
facet normal -0.15643446504023065 0.9876883405951378 0
outer loop
vertex 10 16 0
vertex 8.145898033750315 15.706339097770922 46
vertex 10 16 46
endloop
endfacet
facet normal -0.4539904997395471 0.8910065241883677 0
outer loop
vertex 8.145898033750315 15.706339097770922 0
vertex 6.473288486245162 14.854101966249685 0
vertex 6.473288486245162 14.854101966249685 46
endloop
endfacet
facet normal -0.4539904997395471 0.8910065241883677 0
outer loop
vertex 8.145898033750315 15.706339097770922 0
vertex 6.473288486245162 14.854101966249685 46
vertex 8.145898033750315 15.706339097770922 46
endloop
endfacet
facet normal -0.7071067811865474 0.7071067811865478 0
outer loop
vertex 6.473288486245162 14.854101966249685 0
vertex 5.145898033750316 13.52671151375484 0
vertex 5.145898033750316 13.52671151375484 46
endloop
endfacet
facet normal -0.7071067811865474 0.7071067811865478 0
outer loop
vertex 6.473288486245162 14.854101966249685 0
vertex 5.145898033750316 13.52671151375484 46
vertex 6.473288486245162 14.854101966249685 46
endloop
endfacet
facet normal -0.8910065241883678 0.4539904997395466 0
outer loop
vertex 5.145898033750316 13.52671151375484 0
vertex 4.293660902229079 11.854101966249685 0
vertex 4.293660902229079 11.854101966249685 46
endloop
endfacet
facet normal -0.8910065241883678 0.4539904997395466 0
outer loop
vertex 5.145898033750316 13.52671151375484 0
vertex 4.293660902229079 11.854101966249685 46
vertex 5.145898033750316 13.52671151375484 46
endloop
endfacet
facet normal -0.9876883405951377 0.1564344650402311 0
outer loop
vertex 4.293660902229079 11.854101966249685 0
vertex 4 10 0
vertex 4 10 46
endloop
endfacet
facet normal -0.9876883405951377 0.1564344650402311 0
outer loop
vertex 4.293660902229079 11.854101966249685 0
vertex 4 10 46
vertex 4.293660902229079 11.854101966249685 46
endloop
endfacet
facet normal -0.9876883405951378 -0.15643446504023045 0
outer loop
vertex 4 10 0
vertex 4.293660902229077 8.145898033750319 0
vertex 4.293660902229077 8.145898033750319 46
endloop
endfacet
facet normal -0.9876883405951378 -0.15643446504023045 0
outer loop
vertex 4 10 0
vertex 4.293660902229077 8.145898033750319 46
vertex 4 10 46
endloop
endfacet
facet normal -0.8910065241883679 -0.45399049973954664 0
outer loop
vertex 4.293660902229077 8.145898033750319 0
vertex 5.145898033750315 6.473288486245162 0
vertex 5.145898033750315 6.473288486245162 46
endloop
endfacet
facet normal -0.8910065241883679 -0.45399049973954664 0
outer loop
vertex 4.293660902229077 8.145898033750319 0
vertex 5.145898033750315 6.473288486245162 46
vertex 4.293660902229077 8.145898033750319 46
endloop
endfacet
facet normal -0.7071067811865475 -0.7071067811865475 0
outer loop
vertex 5.145898033750315 6.473288486245162 0
vertex 6.473288486245161 5.145898033750316 0
vertex 6.473288486245161 5.145898033750316 46
endloop
endfacet
facet normal -0.7071067811865475 -0.7071067811865475 0
outer loop
vertex 5.145898033750315 6.473288486245162 0
vertex 6.473288486245161 5.145898033750316 46
vertex 5.145898033750315 6.473288486245162 46
endloop
endfacet
facet normal -0.4539904997395469 -0.8910065241883679 0
outer loop
vertex 6.473288486245161 5.145898033750316 0
vertex 8.145898033750315 4.293660902229079 0
vertex 8.145898033750315 4.293660902229079 46
endloop
endfacet
facet normal -0.4539904997395469 -0.8910065241883679 0
outer loop
vertex 6.473288486245161 5.145898033750316 0
vertex 8.145898033750315 4.293660902229079 46
vertex 6.473288486245161 5.145898033750316 46
endloop
endfacet
facet normal -0.15643446504023126 -0.9876883405951377 0
outer loop
vertex 8.145898033750315 4.293660902229079 0
vertex 9.999999999999998 4 0
vertex 9.999999999999998 4 46
endloop
endfacet
facet normal -0.15643446504023126 -0.9876883405951377 0
outer loop
vertex 8.145898033750315 4.293660902229079 0
vertex 9.999999999999998 4 46
vertex 8.145898033750315 4.293660902229079 46
endloop
endfacet
facet normal 0.15643446504023065 -0.9876883405951378 0
outer loop
vertex 9.999999999999998 4 0
vertex 11.854101966249683 4.293660902229078 0
vertex 11.854101966249683 4.293660902229078 46
endloop
endfacet
facet normal 0.15643446504023065 -0.9876883405951378 0
outer loop
vertex 9.999999999999998 4 0
vertex 11.854101966249683 4.293660902229078 46
vertex 9.999999999999998 4 46
endloop
endfacet
facet normal 0.45399049973954664 -0.8910065241883679 0
outer loop
vertex 11.854101966249683 4.293660902229078 0
vertex 13.526711513754837 5.145898033750314 0
vertex 13.526711513754837 5.145898033750314 46
endloop
endfacet
facet normal 0.45399049973954664 -0.8910065241883679 0
outer loop
vertex 11.854101966249683 4.293660902229078 0
vertex 13.526711513754837 5.145898033750314 46
vertex 11.854101966249683 4.293660902229078 46
endloop
endfacet
facet normal 0.7071067811865474 -0.7071067811865478 0
outer loop
vertex 13.526711513754837 5.145898033750314 0
vertex 14.854101966249683 6.47328848624516 0
vertex 14.854101966249683 6.47328848624516 46
endloop
endfacet
facet normal 0.7071067811865474 -0.7071067811865478 0
outer loop
vertex 13.526711513754837 5.145898033750314 0
vertex 14.854101966249683 6.47328848624516 46
vertex 13.526711513754837 5.145898033750314 46
endloop
endfacet
facet normal 0.8910065241883673 -0.45399049973954775 0
outer loop
vertex 14.854101966249683 6.47328848624516 0
vertex 15.706339097770922 8.145898033750314 0
vertex 15.706339097770922 8.145898033750314 46
endloop
endfacet
facet normal 0.8910065241883673 -0.45399049973954775 0
outer loop
vertex 14.854101966249683 6.47328848624516 0
vertex 15.706339097770922 8.145898033750314 46
vertex 14.854101966249683 6.47328848624516 46
endloop
endfacet
facet normal 0.9876883405951378 -0.15643446504023048 0
outer loop
vertex 15.706339097770922 8.145898033750314 0
vertex 16 10 0
vertex 16 10 46
endloop
endfacet
facet normal 0.9876883405951378 -0.15643446504023048 0
outer loop
vertex 15.706339097770922 8.145898033750314 0
vertex 16 10 46
vertex 15.706339097770922 8.145898033750314 46
endloop
endfacet
facet normal 0.702713511301559 0.11129888619598696 -0.702713511301559
outer loop
vertex 16 10 46
vertex 15.706339097770922 11.854101966249685 46
vertex 23.31479122813215 14.326237921249263 54
endloop
endfacet
facet normal 0.7027135113015589 0.111298886195987 -0.7027135113015589
outer loop
vertex 16 10 46
vertex 23.31479122813215 14.326237921249263 54
vertex 24 10 54
endloop
endfacet
facet normal 0.6339270167224323 0.3230019481421599 -0.7027135113015592
outer loop
vertex 15.706339097770922 11.854101966249685 46
vertex 14.854101966249685 13.526711513754838 46
vertex 21.326237921249266 18.228993532094623 54
endloop
endfacet
facet normal 0.6339270167224326 0.3230019481421595 -0.702713511301559
outer loop
vertex 15.706339097770922 11.854101966249685 46
vertex 21.326237921249266 18.228993532094623 54
vertex 23.31479122813215 14.326237921249263 54
endloop
endfacet
facet normal 0.5030873289172734 0.5030873289172734 -0.7027135113015591
outer loop
vertex 14.854101966249685 13.526711513754838 46
vertex 13.526711513754838 14.854101966249685 46
vertex 18.228993532094623 21.326237921249266 54
endloop
endfacet
facet normal 0.5030873289172734 0.5030873289172734 -0.7027135113015592
outer loop
vertex 14.854101966249685 13.526711513754838 46
vertex 18.228993532094623 21.326237921249266 54
vertex 21.326237921249266 18.228993532094623 54
endloop
endfacet
facet normal 0.3230019481421599 0.6339270167224323 -0.702713511301559
outer loop
vertex 13.526711513754838 14.854101966249685 46
vertex 11.854101966249685 15.706339097770922 46
vertex 14.326237921249264 23.31479122813215 54
endloop
endfacet
facet normal 0.3230019481421596 0.6339270167224325 -0.7027135113015591
outer loop
vertex 13.526711513754838 14.854101966249685 46
vertex 14.326237921249264 23.31479122813215 54
vertex 18.228993532094623 21.326237921249266 54
endloop
endfacet
facet normal 0.11129888619598696 0.702713511301559 -0.702713511301559
outer loop
vertex 11.854101966249685 15.706339097770922 46
vertex 10 16 46
vertex 10 24 54
endloop
endfacet
facet normal 0.11129888619598696 0.702713511301559 -0.702713511301559
outer loop
vertex 11.854101966249685 15.706339097770922 46
vertex 10 24 54
vertex 14.326237921249264 23.31479122813215 54
endloop
endfacet
facet normal -0.11129888619598696 0.702713511301559 -0.702713511301559
outer loop
vertex 10 16 46
vertex 8.145898033750315 15.706339097770922 46
vertex 5.6737620787507375 23.31479122813215 54
endloop
endfacet
facet normal -0.111298886195987 0.7027135113015589 -0.7027135113015589
outer loop
vertex 10 16 46
vertex 5.6737620787507375 23.31479122813215 54
vertex 10 24 54
endloop
endfacet
facet normal -0.3230019481421599 0.6339270167224323 -0.702713511301559
outer loop
vertex 8.145898033750315 15.706339097770922 46
vertex 6.473288486245162 14.854101966249685 46
vertex 1.7710064679053783 21.326237921249266 54
endloop
endfacet
facet normal -0.3230019481421596 0.6339270167224325 -0.7027135113015589
outer loop
vertex 8.145898033750315 15.706339097770922 46
vertex 1.7710064679053783 21.326237921249266 54
vertex 5.6737620787507375 23.31479122813215 54
endloop
endfacet
facet normal -0.5030873289172733 0.5030873289172736 -0.7027135113015591
outer loop
vertex 6.473288486245162 14.854101966249685 46
vertex 5.145898033750316 13.52671151375484 46
vertex -1.3262379212492625 18.228993532094627 54
endloop
endfacet
facet normal -0.5030873289172733 0.5030873289172735 -0.702713511301559
outer loop
vertex 6.473288486245162 14.854101966249685 46
vertex -1.3262379212492625 18.228993532094627 54
vertex 1.7710064679053783 21.326237921249266 54
endloop
endfacet
facet normal -0.6339270167224326 0.3230019481421596 -0.702713511301559
outer loop
vertex 5.145898033750316 13.52671151375484 46
vertex 4.293660902229079 11.854101966249685 46
vertex -3.314791228132149 14.326237921249266 54
endloop
endfacet
facet normal -0.6339270167224326 0.32300194814215966 -0.702713511301559
outer loop
vertex 5.145898033750316 13.52671151375484 46
vertex -3.314791228132149 14.326237921249266 54
vertex -1.3262379212492625 18.228993532094627 54
endloop
endfacet
facet normal -0.7027135113015591 0.11129888619598732 -0.702713511301559
outer loop
vertex 4.293660902229079 11.854101966249685 46
vertex 4 10 46
vertex -4 10.000000000000002 54
endloop
endfacet
facet normal -0.702713511301559 0.11129888619598712 -0.702713511301559
outer loop
vertex 4.293660902229079 11.854101966249685 46
vertex -4 10.000000000000002 54
vertex -3.314791228132149 14.326237921249266 54
endloop
endfacet
facet normal -0.7027135113015589 -0.11129888619598684 -0.7027135113015589
outer loop
vertex 4 10 46
vertex 4.293660902229077 8.145898033750319 46
vertex -3.3147912281321528 5.673762078750744 54
endloop
endfacet
facet normal -0.702713511301559 -0.11129888619598684 -0.702713511301559
outer loop
vertex 4 10 46
vertex -3.3147912281321528 5.673762078750744 54
vertex -4 10.000000000000002 54
endloop
endfacet
facet normal -0.6339270167224327 -0.32300194814215966 -0.702713511301559
outer loop
vertex 4.293660902229077 8.145898033750319 46
vertex 5.145898033750315 6.473288486245162 46
vertex -1.3262379212492643 1.7710064679053783 54
endloop
endfacet
facet normal -0.6339270167224326 -0.32300194814215966 -0.702713511301559
outer loop
vertex 4.293660902229077 8.145898033750319 46
vertex -1.3262379212492643 1.7710064679053783 54
vertex -3.3147912281321528 5.673762078750744 54
endloop
endfacet
facet normal -0.5030873289172734 -0.5030873289172734 -0.702713511301559
outer loop
vertex 5.145898033750315 6.473288486245162 46
vertex 6.473288486245161 5.145898033750316 46
vertex 1.7710064679053747 -1.3262379212492625 54
endloop
endfacet
facet normal -0.5030873289172735 -0.5030873289172733 -0.7027135113015589
outer loop
vertex 5.145898033750315 6.473288486245162 46
vertex 1.7710064679053747 -1.3262379212492625 54
vertex -1.3262379212492643 1.7710064679053783 54
endloop
endfacet
facet normal -0.3230019481421597 -0.6339270167224325 -0.7027135113015589
outer loop
vertex 6.473288486245161 5.145898033750316 46
vertex 8.145898033750315 4.293660902229079 46
vertex 5.673762078750734 -3.314791228132149 54
endloop
endfacet
facet normal -0.3230019481421597 -0.6339270167224325 -0.7027135113015589
outer loop
vertex 6.473288486245161 5.145898033750316 46
vertex 5.673762078750734 -3.314791228132149 54
vertex 1.7710064679053747 -1.3262379212492625 54
endloop
endfacet
facet normal -0.1112988861959874 -0.702713511301559 -0.7027135113015589
outer loop
vertex 8.145898033750315 4.293660902229079 46
vertex 9.999999999999998 4 46
vertex 9.999999999999998 -4 54
endloop
endfacet
facet normal -0.11129888619598712 -0.702713511301559 -0.702713511301559
outer loop
vertex 8.145898033750315 4.293660902229079 46
vertex 9.999999999999998 -4 54
vertex 5.673762078750734 -3.314791228132149 54
endloop
endfacet
facet normal 0.11129888619598696 -0.702713511301559 -0.702713511301559
outer loop
vertex 9.999999999999998 4 46
vertex 11.854101966249683 4.293660902229078 46
vertex 14.32623792124926 -3.314791228132151 54
endloop
endfacet
facet normal 0.111298886195987 -0.7027135113015589 -0.7027135113015589
outer loop
vertex 9.999999999999998 4 46
vertex 14.32623792124926 -3.314791228132151 54
vertex 9.999999999999998 -4 54
endloop
endfacet
facet normal 0.3230019481421596 -0.6339270167224325 -0.702713511301559
outer loop
vertex 11.854101966249683 4.293660902229078 46
vertex 13.526711513754837 5.145898033750314 46
vertex 18.22899353209462 -1.326237921249266 54
endloop
endfacet
facet normal 0.3230019481421596 -0.6339270167224325 -0.7027135113015589
outer loop
vertex 11.854101966249683 4.293660902229078 46
vertex 18.22899353209462 -1.326237921249266 54
vertex 14.32623792124926 -3.314791228132151 54
endloop
endfacet
facet normal 0.5030873289172731 -0.5030873289172735 -0.7027135113015591
outer loop
vertex 13.526711513754837 5.145898033750314 46
vertex 14.854101966249683 6.47328848624516 46
vertex 21.326237921249263 1.771006467905373 54
endloop
endfacet
facet normal 0.503087328917273 -0.5030873289172736 -0.702713511301559
outer loop
vertex 13.526711513754837 5.145898033750314 46
vertex 21.326237921249263 1.771006467905373 54
vertex 18.22899353209462 -1.326237921249266 54
endloop
endfacet
facet normal 0.6339270167224321 -0.3230019481421604 -0.7027135113015589
outer loop
vertex 14.854101966249683 6.47328848624516 46
vertex 15.706339097770922 8.145898033750314 46
vertex 23.31479122813215 5.673762078750733 54
endloop
endfacet
facet normal 0.6339270167224323 -0.32300194814216004 -0.7027135113015592
outer loop
vertex 14.854101966249683 6.47328848624516 46
vertex 23.31479122813215 5.673762078750733 54
vertex 21.326237921249263 1.771006467905373 54
endloop
endfacet
facet normal 0.7027135113015589 -0.11129888619598685 -0.7027135113015589
outer loop
vertex 15.706339097770922 8.145898033750314 46
vertex 16 10 46
vertex 24 10 54
endloop
endfacet
facet normal 0.702713511301559 -0.11129888619598689 -0.702713511301559
outer loop
vertex 15.706339097770922 8.145898033750314 46
vertex 24 10 54
vertex 23.31479122813215 5.673762078750733 54
endloop
endfacet
facet normal 0.9876883405951379 0.15643446504023073 0
outer loop
vertex 24 10 54
vertex 23.31479122813215 14.326237921249263 54
vertex 23.31479122813215 14.326237921249263 58
endloop
endfacet
facet normal 0.9876883405951379 0.15643446504023073 0
outer loop
vertex 24 10 54
vertex 23.31479122813215 14.326237921249263 58
vertex 24 10 58
endloop
endfacet
facet normal 0.891006524188368 0.45399049973954647 0
outer loop
vertex 23.31479122813215 14.326237921249263 54
vertex 21.326237921249266 18.228993532094623 54
vertex 21.326237921249266 18.228993532094623 58
endloop
endfacet
facet normal 0.891006524188368 0.45399049973954647 0
outer loop
vertex 23.31479122813215 14.326237921249263 54
vertex 21.326237921249266 18.228993532094623 58
vertex 23.31479122813215 14.326237921249263 58
endloop
endfacet
facet normal 0.7071067811865475 0.7071067811865475 0
outer loop
vertex 21.326237921249266 18.228993532094623 54
vertex 18.228993532094623 21.326237921249266 54
vertex 18.228993532094623 21.326237921249266 58
endloop
endfacet
facet normal 0.7071067811865475 0.7071067811865475 0
outer loop
vertex 21.326237921249266 18.228993532094623 54
vertex 18.228993532094623 21.326237921249266 58
vertex 21.326237921249266 18.228993532094623 58
endloop
endfacet
facet normal 0.45399049973954664 0.8910065241883679 0
outer loop
vertex 18.228993532094623 21.326237921249266 54
vertex 14.326237921249264 23.31479122813215 54
vertex 14.326237921249264 23.31479122813215 58
endloop
endfacet
facet normal 0.45399049973954664 0.8910065241883679 0
outer loop
vertex 18.228993532094623 21.326237921249266 54
vertex 14.326237921249264 23.31479122813215 58
vertex 18.228993532094623 21.326237921249266 58
endloop
endfacet
facet normal 0.15643446504023065 0.9876883405951379 0
outer loop
vertex 14.326237921249264 23.31479122813215 54
vertex 10 24 54
vertex 10 24 58
endloop
endfacet
facet normal 0.15643446504023065 0.9876883405951379 0
outer loop
vertex 14.326237921249264 23.31479122813215 54
vertex 10 24 58
vertex 14.326237921249264 23.31479122813215 58
endloop
endfacet
facet normal -0.15643446504023073 0.9876883405951379 0
outer loop
vertex 10 24 54
vertex 5.6737620787507375 23.31479122813215 54
vertex 5.6737620787507375 23.31479122813215 58
endloop
endfacet
facet normal -0.15643446504023073 0.9876883405951379 0
outer loop
vertex 10 24 54
vertex 5.6737620787507375 23.31479122813215 58
vertex 10 24 58
endloop
endfacet
facet normal -0.45399049973954664 0.8910065241883679 0
outer loop
vertex 5.6737620787507375 23.31479122813215 54
vertex 1.7710064679053783 21.326237921249266 54
vertex 1.7710064679053783 21.326237921249266 58
endloop
endfacet
facet normal -0.45399049973954664 0.8910065241883679 0
outer loop
vertex 5.6737620787507375 23.31479122813215 54
vertex 1.7710064679053783 21.326237921249266 58
vertex 5.6737620787507375 23.31479122813215 58
endloop
endfacet
facet normal -0.7071067811865474 0.7071067811865478 0
outer loop
vertex 1.7710064679053783 21.326237921249266 54
vertex -1.3262379212492625 18.228993532094627 54
vertex -1.3262379212492625 18.228993532094627 58
endloop
endfacet
facet normal -0.7071067811865474 0.7071067811865478 0
outer loop
vertex 1.7710064679053783 21.326237921249266 54
vertex -1.3262379212492625 18.228993532094627 58
vertex 1.7710064679053783 21.326237921249266 58
endloop
endfacet
facet normal -0.8910065241883678 0.4539904997395468 0
outer loop
vertex -1.3262379212492625 18.228993532094627 54
vertex -3.314791228132149 14.326237921249266 54
vertex -3.314791228132149 14.326237921249266 58
endloop
endfacet
facet normal -0.8910065241883678 0.4539904997395468 0
outer loop
vertex -1.3262379212492625 18.228993532094627 54
vertex -3.314791228132149 14.326237921249266 58
vertex -1.3262379212492625 18.228993532094627 58
endloop
endfacet
facet normal -0.9876883405951374 0.156434465040231 0
outer loop
vertex -3.314791228132149 14.326237921249266 54
vertex -4 10.000000000000002 54
vertex -4 10.000000000000002 58
endloop
endfacet
facet normal -0.9876883405951374 0.156434465040231 0
outer loop
vertex -3.314791228132149 14.326237921249266 54
vertex -4 10.000000000000002 58
vertex -3.314791228132149 14.326237921249266 58
endloop
endfacet
facet normal -0.9876883405951379 -0.15643446504023048 0
outer loop
vertex -4 10.000000000000002 54
vertex -3.3147912281321528 5.673762078750744 54
vertex -3.3147912281321528 5.673762078750744 58
endloop
endfacet
facet normal -0.9876883405951379 -0.15643446504023048 0
outer loop
vertex -4 10.000000000000002 54
vertex -3.3147912281321528 5.673762078750744 58
vertex -4 10.000000000000002 58
endloop
endfacet
facet normal -0.8910065241883679 -0.45399049973954675 0
outer loop
vertex -3.3147912281321528 5.673762078750744 54
vertex -1.3262379212492643 1.7710064679053783 54
vertex -1.3262379212492643 1.7710064679053783 58
endloop
endfacet
facet normal -0.8910065241883679 -0.45399049973954675 0
outer loop
vertex -3.3147912281321528 5.673762078750744 54
vertex -1.3262379212492643 1.7710064679053783 58
vertex -3.3147912281321528 5.673762078750744 58
endloop
endfacet
facet normal -0.7071067811865478 -0.7071067811865474 0
outer loop
vertex -1.3262379212492643 1.7710064679053783 54
vertex 1.7710064679053747 -1.3262379212492625 54
vertex 1.7710064679053747 -1.3262379212492625 58
endloop
endfacet
facet normal -0.7071067811865478 -0.7071067811865474 0
outer loop
vertex -1.3262379212492643 1.7710064679053783 54
vertex 1.7710064679053747 -1.3262379212492625 58
vertex -1.3262379212492643 1.7710064679053783 58
endloop
endfacet
facet normal -0.45399049973954697 -0.8910065241883678 0
outer loop
vertex 1.7710064679053747 -1.3262379212492625 54
vertex 5.673762078750734 -3.314791228132149 54
vertex 5.673762078750734 -3.314791228132149 58
endloop
endfacet
facet normal -0.45399049973954697 -0.8910065241883678 0
outer loop
vertex 1.7710064679053747 -1.3262379212492625 54
vertex 5.673762078750734 -3.314791228132149 58
vertex 1.7710064679053747 -1.3262379212492625 58
endloop
endfacet
facet normal -0.156434465040231 -0.9876883405951374 0
outer loop
vertex 5.673762078750734 -3.314791228132149 54
vertex 9.999999999999998 -4 54
vertex 9.999999999999998 -4 58
endloop
endfacet
facet normal -0.156434465040231 -0.9876883405951374 0
outer loop
vertex 5.673762078750734 -3.314791228132149 54
vertex 9.999999999999998 -4 58
vertex 5.673762078750734 -3.314791228132149 58
endloop
endfacet
facet normal 0.15643446504023073 -0.9876883405951379 0
outer loop
vertex 9.999999999999998 -4 54
vertex 14.32623792124926 -3.314791228132151 54
vertex 14.32623792124926 -3.314791228132151 58
endloop
endfacet
facet normal 0.15643446504023073 -0.9876883405951379 0
outer loop
vertex 9.999999999999998 -4 54
vertex 14.32623792124926 -3.314791228132151 58
vertex 9.999999999999998 -4 58
endloop
endfacet
facet normal 0.45399049973954664 -0.8910065241883679 0
outer loop
vertex 14.32623792124926 -3.314791228132151 54
vertex 18.22899353209462 -1.326237921249266 54
vertex 18.22899353209462 -1.326237921249266 58
endloop
endfacet
facet normal 0.45399049973954664 -0.8910065241883679 0
outer loop
vertex 14.32623792124926 -3.314791228132151 54
vertex 18.22899353209462 -1.326237921249266 58
vertex 14.32623792124926 -3.314791228132151 58
endloop
endfacet
facet normal 0.707106781186547 -0.7071067811865479 0
outer loop
vertex 18.22899353209462 -1.326237921249266 54
vertex 21.326237921249263 1.771006467905373 54
vertex 21.326237921249263 1.771006467905373 58
endloop
endfacet
facet normal 0.707106781186547 -0.7071067811865479 0
outer loop
vertex 18.22899353209462 -1.326237921249266 54
vertex 21.326237921249263 1.771006467905373 58
vertex 18.22899353209462 -1.326237921249266 58
endloop
endfacet
facet normal 0.8910065241883678 -0.4539904997395473 0
outer loop
vertex 21.326237921249263 1.771006467905373 54
vertex 23.31479122813215 5.673762078750733 54
vertex 23.31479122813215 5.673762078750733 58
endloop
endfacet
facet normal 0.8910065241883678 -0.4539904997395473 0
outer loop
vertex 21.326237921249263 1.771006467905373 54
vertex 23.31479122813215 5.673762078750733 58
vertex 21.326237921249263 1.771006467905373 58
endloop
endfacet
facet normal 0.9876883405951379 -0.15643446504023056 0
outer loop
vertex 23.31479122813215 5.673762078750733 54
vertex 24 10 54
vertex 24 10 58
endloop
endfacet
facet normal 0.9876883405951379 -0.15643446504023056 0
outer loop
vertex 23.31479122813215 5.673762078750733 54
vertex 24 10 58
vertex 23.31479122813215 5.673762078750733 58
endloop
endfacet
facet normal 0 0 1
outer loop
vertex 24 10 58
vertex 23.31479122813215 14.326237921249263 58
vertex 15.706339097770922 11.854101966249685 58
endloop
endfacet
facet normal 0 0 1
outer loop
vertex 24 10 58
vertex 15.706339097770922 11.854101966249685 58
vertex 16 10 58
endloop
endfacet
facet normal 0 0 1
outer loop
vertex 23.31479122813215 14.326237921249263 58
vertex 21.326237921249266 18.228993532094623 58
vertex 14.854101966249685 13.526711513754838 58
endloop
endfacet
facet normal 0 0 1
outer loop
vertex 23.31479122813215 14.326237921249263 58
vertex 14.854101966249685 13.526711513754838 58
vertex 15.706339097770922 11.854101966249685 58
endloop
endfacet
facet normal 0 0 1
outer loop
vertex 21.326237921249266 18.228993532094623 58
vertex 18.228993532094623 21.326237921249266 58
vertex 13.526711513754838 14.854101966249685 58
endloop
endfacet
facet normal 0 0 1
outer loop
vertex 21.326237921249266 18.228993532094623 58
vertex 13.526711513754838 14.854101966249685 58
vertex 14.854101966249685 13.526711513754838 58
endloop
endfacet
facet normal 0 0 1
outer loop
vertex 18.228993532094623 21.326237921249266 58
vertex 14.326237921249264 23.31479122813215 58
vertex 11.854101966249685 15.706339097770922 58
endloop
endfacet
facet normal 0 0 1
outer loop
vertex 18.228993532094623 21.326237921249266 58
vertex 11.854101966249685 15.706339097770922 58
vertex 13.526711513754838 14.854101966249685 58
endloop
endfacet
facet normal 0 0 1
outer loop
vertex 14.326237921249264 23.31479122813215 58
vertex 10 24 58
vertex 10 16 58
endloop
endfacet
facet normal 0 0 1
outer loop
vertex 14.326237921249264 23.31479122813215 58
vertex 10 16 58
vertex 11.854101966249685 15.706339097770922 58
endloop
endfacet
facet normal 0 0 1
outer loop
vertex 10 24 58
vertex 5.6737620787507375 23.31479122813215 58
vertex 8.145898033750315 15.706339097770922 58
endloop
endfacet
facet normal 0 0 1
outer loop
vertex 10 24 58
vertex 8.145898033750315 15.706339097770922 58
vertex 10 16 58
endloop
endfacet
facet normal 0 0 1
outer loop
vertex 5.6737620787507375 23.31479122813215 58
vertex 1.7710064679053783 21.326237921249266 58
vertex 6.473288486245162 14.854101966249685 58
endloop
endfacet
facet normal 0 0 1
outer loop
vertex 5.6737620787507375 23.31479122813215 58
vertex 6.473288486245162 14.854101966249685 58
vertex 8.145898033750315 15.706339097770922 58
endloop
endfacet
facet normal 0 0 1
outer loop
vertex 1.7710064679053783 21.326237921249266 58
vertex -1.3262379212492625 18.228993532094627 58
vertex 5.145898033750316 13.52671151375484 58
endloop
endfacet
facet normal 0 0 1
outer loop
vertex 1.7710064679053783 21.326237921249266 58
vertex 5.145898033750316 13.52671151375484 58
vertex 6.473288486245162 14.854101966249685 58
endloop
endfacet
facet normal 0 0 1
outer loop
vertex -1.3262379212492625 18.228993532094627 58
vertex -3.314791228132149 14.326237921249266 58
vertex 4.293660902229079 11.854101966249685 58
endloop
endfacet
facet normal 0 0 1
outer loop
vertex -1.3262379212492625 18.228993532094627 58
vertex 4.293660902229079 11.854101966249685 58
vertex 5.145898033750316 13.52671151375484 58
endloop
endfacet
facet normal 0 0 1
outer loop
vertex -3.314791228132149 14.326237921249266 58
vertex -4 10.000000000000002 58
vertex 4 10 58
endloop
endfacet
facet normal 0 0 1
outer loop
vertex -3.314791228132149 14.326237921249266 58
vertex 4 10 58
vertex 4.293660902229079 11.854101966249685 58
endloop
endfacet
facet normal 0 0 1
outer loop
vertex -4 10.000000000000002 58
vertex -3.3147912281321528 5.673762078750744 58
vertex 4.293660902229077 8.145898033750319 58
endloop
endfacet
facet normal 0 0 1
outer loop
vertex -4 10.000000000000002 58
vertex 4.293660902229077 8.145898033750319 58
vertex 4 10 58
endloop
endfacet
facet normal 0 0 1
outer loop
vertex -3.3147912281321528 5.673762078750744 58
vertex -1.3262379212492643 1.7710064679053783 58
vertex 5.145898033750315 6.473288486245162 58
endloop
endfacet
facet normal 0 0 1
outer loop
vertex -3.3147912281321528 5.673762078750744 58
vertex 5.145898033750315 6.473288486245162 58
vertex 4.293660902229077 8.145898033750319 58
endloop
endfacet
facet normal 0 0 1
outer loop
vertex -1.3262379212492643 1.7710064679053783 58
vertex 1.7710064679053747 -1.3262379212492625 58
vertex 6.473288486245161 5.145898033750316 58
endloop
endfacet
facet normal 0 0 1
outer loop
vertex -1.3262379212492643 1.7710064679053783 58
vertex 6.473288486245161 5.145898033750316 58
vertex 5.145898033750315 6.473288486245162 58
endloop
endfacet
facet normal 0 0 1
outer loop
vertex 1.7710064679053747 -1.3262379212492625 58
vertex 5.673762078750734 -3.314791228132149 58
vertex 8.145898033750315 4.293660902229079 58
endloop
endfacet
facet normal 0 0 1
outer loop
vertex 1.7710064679053747 -1.3262379212492625 58
vertex 8.145898033750315 4.293660902229079 58
vertex 6.473288486245161 5.145898033750316 58
endloop
endfacet
facet normal 0 0 1
outer loop
vertex 5.673762078750734 -3.314791228132149 58
vertex 9.999999999999998 -4 58
vertex 9.999999999999998 4 58
endloop
endfacet
facet normal 0 0 1
outer loop
vertex 5.673762078750734 -3.314791228132149 58
vertex 9.999999999999998 4 58
vertex 8.145898033750315 4.293660902229079 58
endloop
endfacet
facet normal 0 0 1
outer loop
vertex 9.999999999999998 -4 58
vertex 14.32623792124926 -3.314791228132151 58
vertex 11.854101966249683 4.293660902229078 58
endloop
endfacet
facet normal 0 0 1
outer loop
vertex 9.999999999999998 -4 58
vertex 11.854101966249683 4.293660902229078 58
vertex 9.999999999999998 4 58
endloop
endfacet
facet normal 0 0 1
outer loop
vertex 14.32623792124926 -3.314791228132151 58
vertex 18.22899353209462 -1.326237921249266 58
vertex 13.526711513754837 5.145898033750314 58
endloop
endfacet
facet normal 0 0 1
outer loop
vertex 14.32623792124926 -3.314791228132151 58
vertex 13.526711513754837 5.145898033750314 58
vertex 11.854101966249683 4.293660902229078 58
endloop
endfacet
facet normal 0 0 1
outer loop
vertex 18.22899353209462 -1.326237921249266 58
vertex 21.326237921249263 1.771006467905373 58
vertex 14.854101966249683 6.47328848624516 58
endloop
endfacet
facet normal 0 0 1
outer loop
vertex 18.22899353209462 -1.326237921249266 58
vertex 14.854101966249683 6.47328848624516 58
vertex 13.526711513754837 5.145898033750314 58
endloop
endfacet
facet normal 0 0 1
outer loop
vertex 21.326237921249263 1.771006467905373 58
vertex 23.31479122813215 5.673762078750733 58
vertex 15.706339097770922 8.145898033750314 58
endloop
endfacet
facet normal 0 0 1
outer loop
vertex 21.326237921249263 1.771006467905373 58
vertex 15.706339097770922 8.145898033750314 58
vertex 14.854101966249683 6.47328848624516 58
endloop
endfacet
facet normal 0 0 1
outer loop
vertex 23.31479122813215 5.673762078750733 58
vertex 24 10 58
vertex 16 10 58
endloop
endfacet
facet normal 0 0 1
outer loop
vertex 23.31479122813215 5.673762078750733 58
vertex 16 10 58
vertex 15.706339097770922 8.145898033750314 58
endloop
endfacet
facet normal 0.9876883405951379 0.15643446504023065 0
outer loop
vertex 16 10 58
vertex 15.706339097770922 11.854101966249685 58
vertex 15.706339097770922 11.854101966249685 109
endloop
endfacet
facet normal 0.9876883405951379 0.15643446504023065 0
outer loop
vertex 16 10 58
vertex 15.706339097770922 11.854101966249685 109
vertex 16 10 109
endloop
endfacet
facet normal 0.8910065241883678 0.453990499739547 0
outer loop
vertex 15.706339097770922 11.854101966249685 58
vertex 14.854101966249685 13.526711513754838 58
vertex 14.854101966249685 13.526711513754838 109
endloop
endfacet
facet normal 0.8910065241883678 0.453990499739547 0
outer loop
vertex 15.706339097770922 11.854101966249685 58
vertex 14.854101966249685 13.526711513754838 109
vertex 15.706339097770922 11.854101966249685 109
endloop
endfacet
facet normal 0.7071067811865476 0.7071067811865476 0
outer loop
vertex 14.854101966249685 13.526711513754838 58
vertex 13.526711513754838 14.854101966249685 58
vertex 13.526711513754838 14.854101966249685 109
endloop
endfacet
facet normal 0.7071067811865476 0.7071067811865476 0
outer loop
vertex 14.854101966249685 13.526711513754838 58
vertex 13.526711513754838 14.854101966249685 109
vertex 14.854101966249685 13.526711513754838 109
endloop
endfacet
facet normal 0.453990499739547 0.8910065241883678 0
outer loop
vertex 13.526711513754838 14.854101966249685 58
vertex 11.854101966249685 15.706339097770922 58
vertex 11.854101966249685 15.706339097770922 109
endloop
endfacet
facet normal 0.453990499739547 0.8910065241883678 0
outer loop
vertex 13.526711513754838 14.854101966249685 58
vertex 11.854101966249685 15.706339097770922 109
vertex 13.526711513754838 14.854101966249685 109
endloop
endfacet
facet normal 0.15643446504023065 0.9876883405951379 0
outer loop
vertex 11.854101966249685 15.706339097770922 58
vertex 10 16 58
vertex 10 16 109
endloop
endfacet
facet normal 0.15643446504023065 0.9876883405951379 0
outer loop
vertex 11.854101966249685 15.706339097770922 58
vertex 10 16 109
vertex 11.854101966249685 15.706339097770922 109
endloop
endfacet
facet normal -0.15643446504023065 0.9876883405951379 0
outer loop
vertex 10 16 58
vertex 8.145898033750315 15.706339097770922 58
vertex 8.145898033750315 15.706339097770922 109
endloop
endfacet
facet normal -0.15643446504023065 0.9876883405951379 0
outer loop
vertex 10 16 58
vertex 8.145898033750315 15.706339097770922 109
vertex 10 16 109
endloop
endfacet
facet normal -0.453990499739547 0.8910065241883678 0
outer loop
vertex 8.145898033750315 15.706339097770922 58
vertex 6.473288486245162 14.854101966249685 58
vertex 6.473288486245162 14.854101966249685 109
endloop
endfacet
facet normal -0.453990499739547 0.8910065241883678 0
outer loop
vertex 8.145898033750315 15.706339097770922 58
vertex 6.473288486245162 14.854101966249685 109
vertex 8.145898033750315 15.706339097770922 109
endloop
endfacet
facet normal -0.7071067811865474 0.7071067811865478 0
outer loop
vertex 6.473288486245162 14.854101966249685 58
vertex 5.145898033750316 13.52671151375484 58
vertex 5.145898033750316 13.52671151375484 109
endloop
endfacet
facet normal -0.7071067811865474 0.7071067811865478 0
outer loop
vertex 6.473288486245162 14.854101966249685 58
vertex 5.145898033750316 13.52671151375484 109
vertex 6.473288486245162 14.854101966249685 109
endloop
endfacet
facet normal -0.8910065241883679 0.4539904997395466 0
outer loop
vertex 5.145898033750316 13.52671151375484 58
vertex 4.293660902229079 11.854101966249685 58
vertex 4.293660902229079 11.854101966249685 109
endloop
endfacet
facet normal -0.8910065241883679 0.4539904997395466 0
outer loop
vertex 5.145898033750316 13.52671151375484 58
vertex 4.293660902229079 11.854101966249685 109
vertex 5.145898033750316 13.52671151375484 109
endloop
endfacet
facet normal -0.9876883405951375 0.1564344650402311 0
outer loop
vertex 4.293660902229079 11.854101966249685 58
vertex 4 10 58
vertex 4 10 109
endloop
endfacet
facet normal -0.9876883405951375 0.1564344650402311 0
outer loop
vertex 4.293660902229079 11.854101966249685 58
vertex 4 10 109
vertex 4.293660902229079 11.854101966249685 109
endloop
endfacet
facet normal -0.9876883405951378 -0.15643446504023045 0
outer loop
vertex 4 10 58
vertex 4.293660902229077 8.145898033750319 58
vertex 4.293660902229077 8.145898033750319 109
endloop
endfacet
facet normal -0.9876883405951378 -0.15643446504023045 0
outer loop
vertex 4 10 58
vertex 4.293660902229077 8.145898033750319 109
vertex 4 10 109
endloop
endfacet
facet normal -0.8910065241883678 -0.4539904997395466 0
outer loop
vertex 4.293660902229077 8.145898033750319 58
vertex 5.145898033750315 6.473288486245162 58
vertex 5.145898033750315 6.473288486245162 109
endloop
endfacet
facet normal -0.8910065241883678 -0.4539904997395466 0
outer loop
vertex 4.293660902229077 8.145898033750319 58
vertex 5.145898033750315 6.473288486245162 109
vertex 4.293660902229077 8.145898033750319 109
endloop
endfacet
facet normal -0.7071067811865475 -0.7071067811865475 0
outer loop
vertex 5.145898033750315 6.473288486245162 58
vertex 6.473288486245161 5.145898033750316 58
vertex 6.473288486245161 5.145898033750316 109
endloop
endfacet
facet normal -0.7071067811865475 -0.7071067811865475 0
outer loop
vertex 5.145898033750315 6.473288486245162 58
vertex 6.473288486245161 5.145898033750316 109
vertex 5.145898033750315 6.473288486245162 109
endloop
endfacet
facet normal -0.45399049973954686 -0.8910065241883679 0
outer loop
vertex 6.473288486245161 5.145898033750316 58
vertex 8.145898033750315 4.293660902229079 58
vertex 8.145898033750315 4.293660902229079 109
endloop
endfacet
facet normal -0.45399049973954686 -0.8910065241883679 0
outer loop
vertex 6.473288486245161 5.145898033750316 58
vertex 8.145898033750315 4.293660902229079 109
vertex 6.473288486245161 5.145898033750316 109
endloop
endfacet
facet normal -0.15643446504023123 -0.9876883405951375 0
outer loop
vertex 8.145898033750315 4.293660902229079 58
vertex 9.999999999999998 4 58
vertex 9.999999999999998 4 109
endloop
endfacet
facet normal -0.15643446504023123 -0.9876883405951375 0
outer loop
vertex 8.145898033750315 4.293660902229079 58
vertex 9.999999999999998 4 109
vertex 8.145898033750315 4.293660902229079 109
endloop
endfacet
facet normal 0.15643446504023065 -0.9876883405951379 0
outer loop
vertex 9.999999999999998 4 58
vertex 11.854101966249683 4.293660902229078 58
vertex 11.854101966249683 4.293660902229078 109
endloop
endfacet
facet normal 0.15643446504023065 -0.9876883405951379 0
outer loop
vertex 9.999999999999998 4 58
vertex 11.854101966249683 4.293660902229078 109
vertex 9.999999999999998 4 109
endloop
endfacet
facet normal 0.4539904997395465 -0.8910065241883679 0
outer loop
vertex 11.854101966249683 4.293660902229078 58
vertex 13.526711513754837 5.145898033750314 58
vertex 13.526711513754837 5.145898033750314 109
endloop
endfacet
facet normal 0.4539904997395465 -0.8910065241883679 0
outer loop
vertex 11.854101966249683 4.293660902229078 58
vertex 13.526711513754837 5.145898033750314 109
vertex 11.854101966249683 4.293660902229078 109
endloop
endfacet
facet normal 0.7071067811865474 -0.7071067811865478 0
outer loop
vertex 13.526711513754837 5.145898033750314 58
vertex 14.854101966249683 6.47328848624516 58
vertex 14.854101966249683 6.47328848624516 109
endloop
endfacet
facet normal 0.7071067811865474 -0.7071067811865478 0
outer loop
vertex 13.526711513754837 5.145898033750314 58
vertex 14.854101966249683 6.47328848624516 109
vertex 13.526711513754837 5.145898033750314 109
endloop
endfacet
facet normal 0.8910065241883673 -0.45399049973954775 0
outer loop
vertex 14.854101966249683 6.47328848624516 58
vertex 15.706339097770922 8.145898033750314 58
vertex 15.706339097770922 8.145898033750314 109
endloop
endfacet
facet normal 0.8910065241883673 -0.45399049973954775 0
outer loop
vertex 14.854101966249683 6.47328848624516 58
vertex 15.706339097770922 8.145898033750314 109
vertex 14.854101966249683 6.47328848624516 109
endloop
endfacet
facet normal 0.9876883405951379 -0.1564344650402305 0
outer loop
vertex 15.706339097770922 8.145898033750314 58
vertex 16 10 58
vertex 16 10 109
endloop
endfacet
facet normal 0.9876883405951379 -0.1564344650402305 0
outer loop
vertex 15.706339097770922 8.145898033750314 58
vertex 16 10 109
vertex 15.706339097770922 8.145898033750314 109
endloop
endfacet
facet normal 0.702713511301559 0.11129888619598696 -0.702713511301559
outer loop
vertex 16 10 109
vertex 15.706339097770922 11.854101966249685 109
vertex 23.31479122813215 14.326237921249263 117
endloop
endfacet
facet normal 0.7027135113015589 0.111298886195987 -0.7027135113015589
outer loop
vertex 16 10 109
vertex 23.31479122813215 14.326237921249263 117
vertex 24 10 117
endloop
endfacet
facet normal 0.6339270167224323 0.3230019481421599 -0.7027135113015592
outer loop
vertex 15.706339097770922 11.854101966249685 109
vertex 14.854101966249685 13.526711513754838 109
vertex 21.326237921249266 18.228993532094623 117
endloop
endfacet
facet normal 0.6339270167224326 0.3230019481421595 -0.702713511301559
outer loop
vertex 15.706339097770922 11.854101966249685 109
vertex 21.326237921249266 18.228993532094623 117
vertex 23.31479122813215 14.326237921249263 117
endloop
endfacet
facet normal 0.5030873289172734 0.5030873289172734 -0.7027135113015591
outer loop
vertex 14.854101966249685 13.526711513754838 109
vertex 13.526711513754838 14.854101966249685 109
vertex 18.228993532094623 21.326237921249266 117
endloop
endfacet
facet normal 0.5030873289172734 0.5030873289172734 -0.7027135113015592
outer loop
vertex 14.854101966249685 13.526711513754838 109
vertex 18.228993532094623 21.326237921249266 117
vertex 21.326237921249266 18.228993532094623 117
endloop
endfacet
facet normal 0.3230019481421599 0.6339270167224323 -0.702713511301559
outer loop
vertex 13.526711513754838 14.854101966249685 109
vertex 11.854101966249685 15.706339097770922 109
vertex 14.326237921249264 23.31479122813215 117
endloop
endfacet
facet normal 0.3230019481421596 0.6339270167224325 -0.7027135113015591
outer loop
vertex 13.526711513754838 14.854101966249685 109
vertex 14.326237921249264 23.31479122813215 117
vertex 18.228993532094623 21.326237921249266 117
endloop
endfacet
facet normal 0.11129888619598696 0.702713511301559 -0.702713511301559
outer loop
vertex 11.854101966249685 15.706339097770922 109
vertex 10 16 109
vertex 10 24 117
endloop
endfacet
facet normal 0.11129888619598696 0.702713511301559 -0.702713511301559
outer loop
vertex 11.854101966249685 15.706339097770922 109
vertex 10 24 117
vertex 14.326237921249264 23.31479122813215 117
endloop
endfacet
facet normal -0.11129888619598696 0.702713511301559 -0.702713511301559
outer loop
vertex 10 16 109
vertex 8.145898033750315 15.706339097770922 109
vertex 5.6737620787507375 23.31479122813215 117
endloop
endfacet
facet normal -0.111298886195987 0.7027135113015589 -0.7027135113015589
outer loop
vertex 10 16 109
vertex 5.6737620787507375 23.31479122813215 117
vertex 10 24 117
endloop
endfacet
facet normal -0.3230019481421599 0.6339270167224323 -0.702713511301559
outer loop
vertex 8.145898033750315 15.706339097770922 109
vertex 6.473288486245162 14.854101966249685 109
vertex 1.7710064679053783 21.326237921249266 117
endloop
endfacet
facet normal -0.3230019481421596 0.6339270167224325 -0.7027135113015589
outer loop
vertex 8.145898033750315 15.706339097770922 109
vertex 1.7710064679053783 21.326237921249266 117
vertex 5.6737620787507375 23.31479122813215 117
endloop
endfacet
facet normal -0.5030873289172733 0.5030873289172736 -0.7027135113015591
outer loop
vertex 6.473288486245162 14.854101966249685 109
vertex 5.145898033750316 13.52671151375484 109
vertex -1.3262379212492625 18.228993532094627 117
endloop
endfacet
facet normal -0.5030873289172733 0.5030873289172735 -0.702713511301559
outer loop
vertex 6.473288486245162 14.854101966249685 109
vertex -1.3262379212492625 18.228993532094627 117
vertex 1.7710064679053783 21.326237921249266 117
endloop
endfacet
facet normal -0.6339270167224326 0.3230019481421596 -0.702713511301559
outer loop
vertex 5.145898033750316 13.52671151375484 109
vertex 4.293660902229079 11.854101966249685 109
vertex -3.314791228132149 14.326237921249266 117
endloop
endfacet
facet normal -0.6339270167224326 0.32300194814215966 -0.702713511301559
outer loop
vertex 5.145898033750316 13.52671151375484 109
vertex -3.314791228132149 14.326237921249266 117
vertex -1.3262379212492625 18.228993532094627 117
endloop
endfacet
facet normal -0.7027135113015591 0.11129888619598732 -0.702713511301559
outer loop
vertex 4.293660902229079 11.854101966249685 109
vertex 4 10 109
vertex -4 10.000000000000002 117
endloop
endfacet
facet normal -0.702713511301559 0.11129888619598712 -0.702713511301559
outer loop
vertex 4.293660902229079 11.854101966249685 109
vertex -4 10.000000000000002 117
vertex -3.314791228132149 14.326237921249266 117
endloop
endfacet
facet normal -0.7027135113015589 -0.11129888619598684 -0.7027135113015589
outer loop
vertex 4 10 109
vertex 4.293660902229077 8.145898033750319 109
vertex -3.3147912281321528 5.673762078750744 117
endloop
endfacet
facet normal -0.702713511301559 -0.11129888619598684 -0.702713511301559
outer loop
vertex 4 10 109
vertex -3.3147912281321528 5.673762078750744 117
vertex -4 10.000000000000002 117
endloop
endfacet
facet normal -0.6339270167224327 -0.32300194814215966 -0.702713511301559
outer loop
vertex 4.293660902229077 8.145898033750319 109
vertex 5.145898033750315 6.473288486245162 109
vertex -1.3262379212492643 1.7710064679053783 117
endloop
endfacet
facet normal -0.6339270167224326 -0.32300194814215966 -0.702713511301559
outer loop
vertex 4.293660902229077 8.145898033750319 109
vertex -1.3262379212492643 1.7710064679053783 117
vertex -3.3147912281321528 5.673762078750744 117
endloop
endfacet
facet normal -0.5030873289172734 -0.5030873289172734 -0.702713511301559
outer loop
vertex 5.145898033750315 6.473288486245162 109
vertex 6.473288486245161 5.145898033750316 109
vertex 1.7710064679053747 -1.3262379212492625 117
endloop
endfacet
facet normal -0.5030873289172735 -0.5030873289172733 -0.7027135113015589
outer loop
vertex 5.145898033750315 6.473288486245162 109
vertex 1.7710064679053747 -1.3262379212492625 117
vertex -1.3262379212492643 1.7710064679053783 117
endloop
endfacet
facet normal -0.3230019481421597 -0.6339270167224325 -0.7027135113015589
outer loop
vertex 6.473288486245161 5.145898033750316 109
vertex 8.145898033750315 4.293660902229079 109
vertex 5.673762078750734 -3.314791228132149 117
endloop
endfacet
facet normal -0.3230019481421597 -0.6339270167224325 -0.7027135113015589
outer loop
vertex 6.473288486245161 5.145898033750316 109
vertex 5.673762078750734 -3.314791228132149 117
vertex 1.7710064679053747 -1.3262379212492625 117
endloop
endfacet
facet normal -0.1112988861959874 -0.702713511301559 -0.7027135113015589
outer loop
vertex 8.145898033750315 4.293660902229079 109
vertex 9.999999999999998 4 109
vertex 9.999999999999998 -4 117
endloop
endfacet
facet normal -0.11129888619598712 -0.702713511301559 -0.702713511301559
outer loop
vertex 8.145898033750315 4.293660902229079 109
vertex 9.999999999999998 -4 117
vertex 5.673762078750734 -3.314791228132149 117
endloop
endfacet
facet normal 0.11129888619598696 -0.702713511301559 -0.702713511301559
outer loop
vertex 9.999999999999998 4 109
vertex 11.854101966249683 4.293660902229078 109
vertex 14.32623792124926 -3.314791228132151 117
endloop
endfacet
facet normal 0.111298886195987 -0.7027135113015589 -0.7027135113015589
outer loop
vertex 9.999999999999998 4 109
vertex 14.32623792124926 -3.314791228132151 117
vertex 9.999999999999998 -4 117
endloop
endfacet
facet normal 0.3230019481421596 -0.6339270167224325 -0.702713511301559
outer loop
vertex 11.854101966249683 4.293660902229078 109
vertex 13.526711513754837 5.145898033750314 109
vertex 18.22899353209462 -1.326237921249266 117
endloop
endfacet
facet normal 0.3230019481421596 -0.6339270167224325 -0.7027135113015589
outer loop
vertex 11.854101966249683 4.293660902229078 109
vertex 18.22899353209462 -1.326237921249266 117
vertex 14.32623792124926 -3.314791228132151 117
endloop
endfacet
facet normal 0.5030873289172731 -0.5030873289172735 -0.7027135113015591
outer loop
vertex 13.526711513754837 5.145898033750314 109
vertex 14.854101966249683 6.47328848624516 109
vertex 21.326237921249263 1.771006467905373 117
endloop
endfacet
facet normal 0.503087328917273 -0.5030873289172736 -0.702713511301559
outer loop
vertex 13.526711513754837 5.145898033750314 109
vertex 21.326237921249263 1.771006467905373 117
vertex 18.22899353209462 -1.326237921249266 117
endloop
endfacet
facet normal 0.6339270167224321 -0.3230019481421604 -0.7027135113015589
outer loop
vertex 14.854101966249683 6.47328848624516 109
vertex 15.706339097770922 8.145898033750314 109
vertex 23.31479122813215 5.673762078750733 117
endloop
endfacet
facet normal 0.6339270167224323 -0.32300194814216004 -0.7027135113015592
outer loop
vertex 14.854101966249683 6.47328848624516 109
vertex 23.31479122813215 5.673762078750733 117
vertex 21.326237921249263 1.771006467905373 117
endloop
endfacet
facet normal 0.7027135113015589 -0.11129888619598685 -0.7027135113015589
outer loop
vertex 15.706339097770922 8.145898033750314 109
vertex 16 10 109
vertex 24 10 117
endloop
endfacet
facet normal 0.702713511301559 -0.11129888619598689 -0.702713511301559
outer loop
vertex 15.706339097770922 8.145898033750314 109
vertex 24 10 117
vertex 23.31479122813215 5.673762078750733 117
endloop
endfacet
facet normal 0.9876883405951379 0.15643446504023073 0
outer loop
vertex 24 10 117
vertex 23.31479122813215 14.326237921249263 117
vertex 23.31479122813215 14.326237921249263 121
endloop
endfacet
facet normal 0.9876883405951379 0.15643446504023073 0
outer loop
vertex 24 10 117
vertex 23.31479122813215 14.326237921249263 121
vertex 24 10 121
endloop
endfacet
facet normal 0.891006524188368 0.45399049973954647 0
outer loop
vertex 23.31479122813215 14.326237921249263 117
vertex 21.326237921249266 18.228993532094623 117
vertex 21.326237921249266 18.228993532094623 121
endloop
endfacet
facet normal 0.891006524188368 0.45399049973954647 0
outer loop
vertex 23.31479122813215 14.326237921249263 117
vertex 21.326237921249266 18.228993532094623 121
vertex 23.31479122813215 14.326237921249263 121
endloop
endfacet
facet normal 0.7071067811865475 0.7071067811865475 0
outer loop
vertex 21.326237921249266 18.228993532094623 117
vertex 18.228993532094623 21.326237921249266 117
vertex 18.228993532094623 21.326237921249266 121
endloop
endfacet
facet normal 0.7071067811865475 0.7071067811865475 0
outer loop
vertex 21.326237921249266 18.228993532094623 117
vertex 18.228993532094623 21.326237921249266 121
vertex 21.326237921249266 18.228993532094623 121
endloop
endfacet
facet normal 0.45399049973954664 0.8910065241883679 0
outer loop
vertex 18.228993532094623 21.326237921249266 117
vertex 14.326237921249264 23.31479122813215 117
vertex 14.326237921249264 23.31479122813215 121
endloop
endfacet
facet normal 0.45399049973954664 0.8910065241883679 0
outer loop
vertex 18.228993532094623 21.326237921249266 117
vertex 14.326237921249264 23.31479122813215 121
vertex 18.228993532094623 21.326237921249266 121
endloop
endfacet
facet normal 0.15643446504023065 0.9876883405951379 0
outer loop
vertex 14.326237921249264 23.31479122813215 117
vertex 10 24 117
vertex 10 24 121
endloop
endfacet
facet normal 0.15643446504023065 0.9876883405951379 0
outer loop
vertex 14.326237921249264 23.31479122813215 117
vertex 10 24 121
vertex 14.326237921249264 23.31479122813215 121
endloop
endfacet
facet normal -0.15643446504023073 0.9876883405951379 0
outer loop
vertex 10 24 117
vertex 5.6737620787507375 23.31479122813215 117
vertex 5.6737620787507375 23.31479122813215 121
endloop
endfacet
facet normal -0.15643446504023073 0.9876883405951379 0
outer loop
vertex 10 24 117
vertex 5.6737620787507375 23.31479122813215 121
vertex 10 24 121
endloop
endfacet
facet normal -0.45399049973954664 0.8910065241883679 0
outer loop
vertex 5.6737620787507375 23.31479122813215 117
vertex 1.7710064679053783 21.326237921249266 117
vertex 1.7710064679053783 21.326237921249266 121
endloop
endfacet
facet normal -0.45399049973954664 0.8910065241883679 0
outer loop
vertex 5.6737620787507375 23.31479122813215 117
vertex 1.7710064679053783 21.326237921249266 121
vertex 5.6737620787507375 23.31479122813215 121
endloop
endfacet
facet normal -0.7071067811865474 0.7071067811865478 0
outer loop
vertex 1.7710064679053783 21.326237921249266 117
vertex -1.3262379212492625 18.228993532094627 117
vertex -1.3262379212492625 18.228993532094627 121
endloop
endfacet
facet normal -0.7071067811865474 0.7071067811865478 0
outer loop
vertex 1.7710064679053783 21.326237921249266 117
vertex -1.3262379212492625 18.228993532094627 121
vertex 1.7710064679053783 21.326237921249266 121
endloop
endfacet
facet normal -0.8910065241883678 0.4539904997395468 0
outer loop
vertex -1.3262379212492625 18.228993532094627 117
vertex -3.314791228132149 14.326237921249266 117
vertex -3.314791228132149 14.326237921249266 121
endloop
endfacet
facet normal -0.8910065241883678 0.4539904997395468 0
outer loop
vertex -1.3262379212492625 18.228993532094627 117
vertex -3.314791228132149 14.326237921249266 121
vertex -1.3262379212492625 18.228993532094627 121
endloop
endfacet
facet normal -0.9876883405951374 0.156434465040231 0
outer loop
vertex -3.314791228132149 14.326237921249266 117
vertex -4 10.000000000000002 117
vertex -4 10.000000000000002 121
endloop
endfacet
facet normal -0.9876883405951374 0.156434465040231 0
outer loop
vertex -3.314791228132149 14.326237921249266 117
vertex -4 10.000000000000002 121
vertex -3.314791228132149 14.326237921249266 121
endloop
endfacet
facet normal -0.9876883405951379 -0.15643446504023048 0
outer loop
vertex -4 10.000000000000002 117
vertex -3.3147912281321528 5.673762078750744 117
vertex -3.3147912281321528 5.673762078750744 121
endloop
endfacet
facet normal -0.9876883405951379 -0.15643446504023048 0
outer loop
vertex -4 10.000000000000002 117
vertex -3.3147912281321528 5.673762078750744 121
vertex -4 10.000000000000002 121
endloop
endfacet
facet normal -0.8910065241883679 -0.45399049973954675 0
outer loop
vertex -3.3147912281321528 5.673762078750744 117
vertex -1.3262379212492643 1.7710064679053783 117
vertex -1.3262379212492643 1.7710064679053783 121
endloop
endfacet
facet normal -0.8910065241883679 -0.45399049973954675 0
outer loop
vertex -3.3147912281321528 5.673762078750744 117
vertex -1.3262379212492643 1.7710064679053783 121
vertex -3.3147912281321528 5.673762078750744 121
endloop
endfacet
facet normal -0.7071067811865478 -0.7071067811865474 0
outer loop
vertex -1.3262379212492643 1.7710064679053783 117
vertex 1.7710064679053747 -1.3262379212492625 117
vertex 1.7710064679053747 -1.3262379212492625 121
endloop
endfacet
facet normal -0.7071067811865478 -0.7071067811865474 0
outer loop
vertex -1.3262379212492643 1.7710064679053783 117
vertex 1.7710064679053747 -1.3262379212492625 121
vertex -1.3262379212492643 1.7710064679053783 121
endloop
endfacet
facet normal -0.45399049973954697 -0.8910065241883678 0
outer loop
vertex 1.7710064679053747 -1.3262379212492625 117
vertex 5.673762078750734 -3.314791228132149 117
vertex 5.673762078750734 -3.314791228132149 121
endloop
endfacet
facet normal -0.45399049973954697 -0.8910065241883678 0
outer loop
vertex 1.7710064679053747 -1.3262379212492625 117
vertex 5.673762078750734 -3.314791228132149 121
vertex 1.7710064679053747 -1.3262379212492625 121
endloop
endfacet
facet normal -0.156434465040231 -0.9876883405951374 0
outer loop
vertex 5.673762078750734 -3.314791228132149 117
vertex 9.999999999999998 -4 117
vertex 9.999999999999998 -4 121
endloop
endfacet
facet normal -0.156434465040231 -0.9876883405951374 0
outer loop
vertex 5.673762078750734 -3.314791228132149 117
vertex 9.999999999999998 -4 121
vertex 5.673762078750734 -3.314791228132149 121
endloop
endfacet
facet normal 0.15643446504023073 -0.9876883405951379 0
outer loop
vertex 9.999999999999998 -4 117
vertex 14.32623792124926 -3.314791228132151 117
vertex 14.32623792124926 -3.314791228132151 121
endloop
endfacet
facet normal 0.15643446504023073 -0.9876883405951379 0
outer loop
vertex 9.999999999999998 -4 117
vertex 14.32623792124926 -3.314791228132151 121
vertex 9.999999999999998 -4 121
endloop
endfacet
facet normal 0.45399049973954664 -0.8910065241883679 0
outer loop
vertex 14.32623792124926 -3.314791228132151 117
vertex 18.22899353209462 -1.326237921249266 117
vertex 18.22899353209462 -1.326237921249266 121
endloop
endfacet
facet normal 0.45399049973954664 -0.8910065241883679 0
outer loop
vertex 14.32623792124926 -3.314791228132151 117
vertex 18.22899353209462 -1.326237921249266 121
vertex 14.32623792124926 -3.314791228132151 121
endloop
endfacet
facet normal 0.707106781186547 -0.7071067811865479 0
outer loop
vertex 18.22899353209462 -1.326237921249266 117
vertex 21.326237921249263 1.771006467905373 117
vertex 21.326237921249263 1.771006467905373 121
endloop
endfacet
facet normal 0.707106781186547 -0.7071067811865479 0
outer loop
vertex 18.22899353209462 -1.326237921249266 117
vertex 21.326237921249263 1.771006467905373 121
vertex 18.22899353209462 -1.326237921249266 121
endloop
endfacet
facet normal 0.8910065241883678 -0.4539904997395473 0
outer loop
vertex 21.326237921249263 1.771006467905373 117
vertex 23.31479122813215 5.673762078750733 117
vertex 23.31479122813215 5.673762078750733 121
endloop
endfacet
facet normal 0.8910065241883678 -0.4539904997395473 0
outer loop
vertex 21.326237921249263 1.771006467905373 117
vertex 23.31479122813215 5.673762078750733 121
vertex 21.326237921249263 1.771006467905373 121
endloop
endfacet
facet normal 0.9876883405951379 -0.15643446504023056 0
outer loop
vertex 23.31479122813215 5.673762078750733 117
vertex 24 10 117
vertex 24 10 121
endloop
endfacet
facet normal 0.9876883405951379 -0.15643446504023056 0
outer loop
vertex 23.31479122813215 5.673762078750733 117
vertex 24 10 121
vertex 23.31479122813215 5.673762078750733 121
endloop
endfacet
facet normal 0 0 1
outer loop
vertex 24 10 121
vertex 23.31479122813215 14.326237921249263 121
vertex 15.706339097770922 11.854101966249685 121
endloop
endfacet
facet normal 0 0 1
outer loop
vertex 24 10 121
vertex 15.706339097770922 11.854101966249685 121
vertex 16 10 121
endloop
endfacet
facet normal 0 0 1
outer loop
vertex 23.31479122813215 14.326237921249263 121
vertex 21.326237921249266 18.228993532094623 121
vertex 14.854101966249685 13.526711513754838 121
endloop
endfacet
facet normal 0 0 1
outer loop
vertex 23.31479122813215 14.326237921249263 121
vertex 14.854101966249685 13.526711513754838 121
vertex 15.706339097770922 11.854101966249685 121
endloop
endfacet
facet normal 0 0 1
outer loop
vertex 21.326237921249266 18.228993532094623 121
vertex 18.228993532094623 21.326237921249266 121
vertex 13.526711513754838 14.854101966249685 121
endloop
endfacet
facet normal 0 0 1
outer loop
vertex 21.326237921249266 18.228993532094623 121
vertex 13.526711513754838 14.854101966249685 121
vertex 14.854101966249685 13.526711513754838 121
endloop
endfacet
facet normal 0 0 1
outer loop
vertex 18.228993532094623 21.326237921249266 121
vertex 14.326237921249264 23.31479122813215 121
vertex 11.854101966249685 15.706339097770922 121
endloop
endfacet
facet normal 0 0 1
outer loop
vertex 18.228993532094623 21.326237921249266 121
vertex 11.854101966249685 15.706339097770922 121
vertex 13.526711513754838 14.854101966249685 121
endloop
endfacet
facet normal 0 0 1
outer loop
vertex 14.326237921249264 23.31479122813215 121
vertex 10 24 121
vertex 10 16 121
endloop
endfacet
facet normal 0 0 1
outer loop
vertex 14.326237921249264 23.31479122813215 121
vertex 10 16 121
vertex 11.854101966249685 15.706339097770922 121
endloop
endfacet
facet normal 0 0 1
outer loop
vertex 10 24 121
vertex 5.6737620787507375 23.31479122813215 121
vertex 8.145898033750315 15.706339097770922 121
endloop
endfacet
facet normal 0 0 1
outer loop
vertex 10 24 121
vertex 8.145898033750315 15.706339097770922 121
vertex 10 16 121
endloop
endfacet
facet normal 0 0 1
outer loop
vertex 5.6737620787507375 23.31479122813215 121
vertex 1.7710064679053783 21.326237921249266 121
vertex 6.473288486245162 14.854101966249685 121
endloop
endfacet
facet normal 0 0 1
outer loop
vertex 5.6737620787507375 23.31479122813215 121
vertex 6.473288486245162 14.854101966249685 121
vertex 8.145898033750315 15.706339097770922 121
endloop
endfacet
facet normal 0 0 1
outer loop
vertex 1.7710064679053783 21.326237921249266 121
vertex -1.3262379212492625 18.228993532094627 121
vertex 5.145898033750316 13.52671151375484 121
endloop
endfacet
facet normal 0 0 1
outer loop
vertex 1.7710064679053783 21.326237921249266 121
vertex 5.145898033750316 13.52671151375484 121
vertex 6.473288486245162 14.854101966249685 121
endloop
endfacet
facet normal 0 0 1
outer loop
vertex -1.3262379212492625 18.228993532094627 121
vertex -3.314791228132149 14.326237921249266 121
vertex 4.293660902229079 11.854101966249685 121
endloop
endfacet
facet normal 0 0 1
outer loop
vertex -1.3262379212492625 18.228993532094627 121
vertex 4.293660902229079 11.854101966249685 121
vertex 5.145898033750316 13.52671151375484 121
endloop
endfacet
facet normal 0 0 1
outer loop
vertex -3.314791228132149 14.326237921249266 121
vertex -4 10.000000000000002 121
vertex 4 10 121
endloop
endfacet
facet normal 0 0 1
outer loop
vertex -3.314791228132149 14.326237921249266 121
vertex 4 10 121
vertex 4.293660902229079 11.854101966249685 121
endloop
endfacet
facet normal 0 0 1
outer loop
vertex -4 10.000000000000002 121
vertex -3.3147912281321528 5.673762078750744 121
vertex 4.293660902229077 8.145898033750319 121
endloop
endfacet
facet normal 0 0 1
outer loop
vertex -4 10.000000000000002 121
vertex 4.293660902229077 8.145898033750319 121
vertex 4 10 121
endloop
endfacet
facet normal 0 0 1
outer loop
vertex -3.3147912281321528 5.673762078750744 121
vertex -1.3262379212492643 1.7710064679053783 121
vertex 5.145898033750315 6.473288486245162 121
endloop
endfacet
facet normal 0 0 1
outer loop
vertex -3.3147912281321528 5.673762078750744 121
vertex 5.145898033750315 6.473288486245162 121
vertex 4.293660902229077 8.145898033750319 121
endloop
endfacet
facet normal 0 0 1
outer loop
vertex -1.3262379212492643 1.7710064679053783 121
vertex 1.7710064679053747 -1.3262379212492625 121
vertex 6.473288486245161 5.145898033750316 121
endloop
endfacet
facet normal 0 0 1
outer loop
vertex -1.3262379212492643 1.7710064679053783 121
vertex 6.473288486245161 5.145898033750316 121
vertex 5.145898033750315 6.473288486245162 121
endloop
endfacet
facet normal 0 0 1
outer loop
vertex 1.7710064679053747 -1.3262379212492625 121
vertex 5.673762078750734 -3.314791228132149 121
vertex 8.145898033750315 4.293660902229079 121
endloop
endfacet
facet normal 0 0 1
outer loop
vertex 1.7710064679053747 -1.3262379212492625 121
vertex 8.145898033750315 4.293660902229079 121
vertex 6.473288486245161 5.145898033750316 121
endloop
endfacet
facet normal 0 0 1
outer loop
vertex 5.673762078750734 -3.314791228132149 121
vertex 9.999999999999998 -4 121
vertex 9.999999999999998 4 121
endloop
endfacet
facet normal 0 0 1
outer loop
vertex 5.673762078750734 -3.314791228132149 121
vertex 9.999999999999998 4 121
vertex 8.145898033750315 4.293660902229079 121
endloop
endfacet
facet normal 0 0 1
outer loop
vertex 9.999999999999998 -4 121
vertex 14.32623792124926 -3.314791228132151 121
vertex 11.854101966249683 4.293660902229078 121
endloop
endfacet
facet normal 0 0 1
outer loop
vertex 9.999999999999998 -4 121
vertex 11.854101966249683 4.293660902229078 121
vertex 9.999999999999998 4 121
endloop
endfacet
facet normal 0 0 1
outer loop
vertex 14.32623792124926 -3.314791228132151 121
vertex 18.22899353209462 -1.326237921249266 121
vertex 13.526711513754837 5.145898033750314 121
endloop
endfacet
facet normal 0 0 1
outer loop
vertex 14.32623792124926 -3.314791228132151 121
vertex 13.526711513754837 5.145898033750314 121
vertex 11.854101966249683 4.293660902229078 121
endloop
endfacet
facet normal 0 0 1
outer loop
vertex 18.22899353209462 -1.326237921249266 121
vertex 21.326237921249263 1.771006467905373 121
vertex 14.854101966249683 6.47328848624516 121
endloop
endfacet
facet normal 0 0 1
outer loop
vertex 18.22899353209462 -1.326237921249266 121
vertex 14.854101966249683 6.47328848624516 121
vertex 13.526711513754837 5.145898033750314 121
endloop
endfacet
facet normal 0 0 1
outer loop
vertex 21.326237921249263 1.771006467905373 121
vertex 23.31479122813215 5.673762078750733 121
vertex 15.706339097770922 8.145898033750314 121
endloop
endfacet
facet normal 0 0 1
outer loop
vertex 21.326237921249263 1.771006467905373 121
vertex 15.706339097770922 8.145898033750314 121
vertex 14.854101966249683 6.47328848624516 121
endloop
endfacet
facet normal 0 0 1
outer loop
vertex 23.31479122813215 5.673762078750733 121
vertex 24 10 121
vertex 16 10 121
endloop
endfacet
facet normal 0 0 1
outer loop
vertex 23.31479122813215 5.673762078750733 121
vertex 16 10 121
vertex 15.706339097770922 8.145898033750314 121
endloop
endfacet
facet normal 0.9876883405951379 0.15643446504023065 0
outer loop
vertex 16 10 121
vertex 15.706339097770922 11.854101966249685 121
vertex 15.706339097770922 11.854101966249685 172
endloop
endfacet
facet normal 0.9876883405951379 0.15643446504023065 0
outer loop
vertex 16 10 121
vertex 15.706339097770922 11.854101966249685 172
vertex 16 10 172
endloop
endfacet
facet normal 0.8910065241883678 0.453990499739547 0
outer loop
vertex 15.706339097770922 11.854101966249685 121
vertex 14.854101966249685 13.526711513754838 121
vertex 14.854101966249685 13.526711513754838 172
endloop
endfacet
facet normal 0.8910065241883678 0.453990499739547 0
outer loop
vertex 15.706339097770922 11.854101966249685 121
vertex 14.854101966249685 13.526711513754838 172
vertex 15.706339097770922 11.854101966249685 172
endloop
endfacet
facet normal 0.7071067811865476 0.7071067811865476 0
outer loop
vertex 14.854101966249685 13.526711513754838 121
vertex 13.526711513754838 14.854101966249685 121
vertex 13.526711513754838 14.854101966249685 172
endloop
endfacet
facet normal 0.7071067811865476 0.7071067811865476 0
outer loop
vertex 14.854101966249685 13.526711513754838 121
vertex 13.526711513754838 14.854101966249685 172
vertex 14.854101966249685 13.526711513754838 172
endloop
endfacet
facet normal 0.453990499739547 0.8910065241883678 0
outer loop
vertex 13.526711513754838 14.854101966249685 121
vertex 11.854101966249685 15.706339097770922 121
vertex 11.854101966249685 15.706339097770922 172
endloop
endfacet
facet normal 0.453990499739547 0.8910065241883678 0
outer loop
vertex 13.526711513754838 14.854101966249685 121
vertex 11.854101966249685 15.706339097770922 172
vertex 13.526711513754838 14.854101966249685 172
endloop
endfacet
facet normal 0.15643446504023065 0.9876883405951379 0
outer loop
vertex 11.854101966249685 15.706339097770922 121
vertex 10 16 121
vertex 10 16 172
endloop
endfacet
facet normal 0.15643446504023065 0.9876883405951379 0
outer loop
vertex 11.854101966249685 15.706339097770922 121
vertex 10 16 172
vertex 11.854101966249685 15.706339097770922 172
endloop
endfacet
facet normal -0.15643446504023065 0.9876883405951379 0
outer loop
vertex 10 16 121
vertex 8.145898033750315 15.706339097770922 121
vertex 8.145898033750315 15.706339097770922 172
endloop
endfacet
facet normal -0.15643446504023065 0.9876883405951379 0
outer loop
vertex 10 16 121
vertex 8.145898033750315 15.706339097770922 172
vertex 10 16 172
endloop
endfacet
facet normal -0.453990499739547 0.8910065241883678 0
outer loop
vertex 8.145898033750315 15.706339097770922 121
vertex 6.473288486245162 14.854101966249685 121
vertex 6.473288486245162 14.854101966249685 172
endloop
endfacet
facet normal -0.453990499739547 0.8910065241883678 0
outer loop
vertex 8.145898033750315 15.706339097770922 121
vertex 6.473288486245162 14.854101966249685 172
vertex 8.145898033750315 15.706339097770922 172
endloop
endfacet
facet normal -0.7071067811865474 0.7071067811865478 0
outer loop
vertex 6.473288486245162 14.854101966249685 121
vertex 5.145898033750316 13.52671151375484 121
vertex 5.145898033750316 13.52671151375484 172
endloop
endfacet
facet normal -0.7071067811865474 0.7071067811865478 0
outer loop
vertex 6.473288486245162 14.854101966249685 121
vertex 5.145898033750316 13.52671151375484 172
vertex 6.473288486245162 14.854101966249685 172
endloop
endfacet
facet normal -0.8910065241883679 0.4539904997395466 0
outer loop
vertex 5.145898033750316 13.52671151375484 121
vertex 4.293660902229079 11.854101966249685 121
vertex 4.293660902229079 11.854101966249685 172
endloop
endfacet
facet normal -0.8910065241883679 0.4539904997395466 0
outer loop
vertex 5.145898033750316 13.52671151375484 121
vertex 4.293660902229079 11.854101966249685 172
vertex 5.145898033750316 13.52671151375484 172
endloop
endfacet
facet normal -0.9876883405951375 0.1564344650402311 0
outer loop
vertex 4.293660902229079 11.854101966249685 121
vertex 4 10 121
vertex 4 10 172
endloop
endfacet
facet normal -0.9876883405951375 0.1564344650402311 0
outer loop
vertex 4.293660902229079 11.854101966249685 121
vertex 4 10 172
vertex 4.293660902229079 11.854101966249685 172
endloop
endfacet
facet normal -0.9876883405951378 -0.15643446504023045 0
outer loop
vertex 4 10 121
vertex 4.293660902229077 8.145898033750319 121
vertex 4.293660902229077 8.145898033750319 172
endloop
endfacet
facet normal -0.9876883405951378 -0.15643446504023045 0
outer loop
vertex 4 10 121
vertex 4.293660902229077 8.145898033750319 172
vertex 4 10 172
endloop
endfacet
facet normal -0.8910065241883678 -0.4539904997395466 0
outer loop
vertex 4.293660902229077 8.145898033750319 121
vertex 5.145898033750315 6.473288486245162 121
vertex 5.145898033750315 6.473288486245162 172
endloop
endfacet
facet normal -0.8910065241883678 -0.4539904997395466 0
outer loop
vertex 4.293660902229077 8.145898033750319 121
vertex 5.145898033750315 6.473288486245162 172
vertex 4.293660902229077 8.145898033750319 172
endloop
endfacet
facet normal -0.7071067811865475 -0.7071067811865475 0
outer loop
vertex 5.145898033750315 6.473288486245162 121
vertex 6.473288486245161 5.145898033750316 121
vertex 6.473288486245161 5.145898033750316 172
endloop
endfacet
facet normal -0.7071067811865475 -0.7071067811865475 0
outer loop
vertex 5.145898033750315 6.473288486245162 121
vertex 6.473288486245161 5.145898033750316 172
vertex 5.145898033750315 6.473288486245162 172
endloop
endfacet
facet normal -0.45399049973954686 -0.8910065241883679 0
outer loop
vertex 6.473288486245161 5.145898033750316 121
vertex 8.145898033750315 4.293660902229079 121
vertex 8.145898033750315 4.293660902229079 172
endloop
endfacet
facet normal -0.45399049973954686 -0.8910065241883679 0
outer loop
vertex 6.473288486245161 5.145898033750316 121
vertex 8.145898033750315 4.293660902229079 172
vertex 6.473288486245161 5.145898033750316 172
endloop
endfacet
facet normal -0.15643446504023123 -0.9876883405951375 0
outer loop
vertex 8.145898033750315 4.293660902229079 121
vertex 9.999999999999998 4 121
vertex 9.999999999999998 4 172
endloop
endfacet
facet normal -0.15643446504023123 -0.9876883405951375 0
outer loop
vertex 8.145898033750315 4.293660902229079 121
vertex 9.999999999999998 4 172
vertex 8.145898033750315 4.293660902229079 172
endloop
endfacet
facet normal 0.15643446504023065 -0.9876883405951379 0
outer loop
vertex 9.999999999999998 4 121
vertex 11.854101966249683 4.293660902229078 121
vertex 11.854101966249683 4.293660902229078 172
endloop
endfacet
facet normal 0.15643446504023065 -0.9876883405951379 0
outer loop
vertex 9.999999999999998 4 121
vertex 11.854101966249683 4.293660902229078 172
vertex 9.999999999999998 4 172
endloop
endfacet
facet normal 0.4539904997395465 -0.8910065241883679 0
outer loop
vertex 11.854101966249683 4.293660902229078 121
vertex 13.526711513754837 5.145898033750314 121
vertex 13.526711513754837 5.145898033750314 172
endloop
endfacet
facet normal 0.4539904997395465 -0.8910065241883679 0
outer loop
vertex 11.854101966249683 4.293660902229078 121
vertex 13.526711513754837 5.145898033750314 172
vertex 11.854101966249683 4.293660902229078 172
endloop
endfacet
facet normal 0.7071067811865474 -0.7071067811865478 0
outer loop
vertex 13.526711513754837 5.145898033750314 121
vertex 14.854101966249683 6.47328848624516 121
vertex 14.854101966249683 6.47328848624516 172
endloop
endfacet
facet normal 0.7071067811865474 -0.7071067811865478 0
outer loop
vertex 13.526711513754837 5.145898033750314 121
vertex 14.854101966249683 6.47328848624516 172
vertex 13.526711513754837 5.145898033750314 172
endloop
endfacet
facet normal 0.8910065241883673 -0.45399049973954775 0
outer loop
vertex 14.854101966249683 6.47328848624516 121
vertex 15.706339097770922 8.145898033750314 121
vertex 15.706339097770922 8.145898033750314 172
endloop
endfacet
facet normal 0.8910065241883673 -0.45399049973954775 0
outer loop
vertex 14.854101966249683 6.47328848624516 121
vertex 15.706339097770922 8.145898033750314 172
vertex 14.854101966249683 6.47328848624516 172
endloop
endfacet
facet normal 0.9876883405951379 -0.1564344650402305 0
outer loop
vertex 15.706339097770922 8.145898033750314 121
vertex 16 10 121
vertex 16 10 172
endloop
endfacet
facet normal 0.9876883405951379 -0.1564344650402305 0
outer loop
vertex 15.706339097770922 8.145898033750314 121
vertex 16 10 172
vertex 15.706339097770922 8.145898033750314 172
endloop
endfacet
facet normal 0.702713511301559 0.11129888619598696 -0.702713511301559
outer loop
vertex 16 10 172
vertex 15.706339097770922 11.854101966249685 172
vertex 23.31479122813215 14.326237921249263 180
endloop
endfacet
facet normal 0.7027135113015589 0.111298886195987 -0.7027135113015589
outer loop
vertex 16 10 172
vertex 23.31479122813215 14.326237921249263 180
vertex 24 10 180
endloop
endfacet
facet normal 0.6339270167224323 0.3230019481421599 -0.7027135113015592
outer loop
vertex 15.706339097770922 11.854101966249685 172
vertex 14.854101966249685 13.526711513754838 172
vertex 21.326237921249266 18.228993532094623 180
endloop
endfacet
facet normal 0.6339270167224326 0.3230019481421595 -0.702713511301559
outer loop
vertex 15.706339097770922 11.854101966249685 172
vertex 21.326237921249266 18.228993532094623 180
vertex 23.31479122813215 14.326237921249263 180
endloop
endfacet
facet normal 0.5030873289172734 0.5030873289172734 -0.7027135113015591
outer loop
vertex 14.854101966249685 13.526711513754838 172
vertex 13.526711513754838 14.854101966249685 172
vertex 18.228993532094623 21.326237921249266 180
endloop
endfacet
facet normal 0.5030873289172734 0.5030873289172734 -0.7027135113015592
outer loop
vertex 14.854101966249685 13.526711513754838 172
vertex 18.228993532094623 21.326237921249266 180
vertex 21.326237921249266 18.228993532094623 180
endloop
endfacet
facet normal 0.3230019481421599 0.6339270167224323 -0.702713511301559
outer loop
vertex 13.526711513754838 14.854101966249685 172
vertex 11.854101966249685 15.706339097770922 172
vertex 14.326237921249264 23.31479122813215 180
endloop
endfacet
facet normal 0.3230019481421596 0.6339270167224325 -0.7027135113015591
outer loop
vertex 13.526711513754838 14.854101966249685 172
vertex 14.326237921249264 23.31479122813215 180
vertex 18.228993532094623 21.326237921249266 180
endloop
endfacet
facet normal 0.11129888619598696 0.702713511301559 -0.702713511301559
outer loop
vertex 11.854101966249685 15.706339097770922 172
vertex 10 16 172
vertex 10 24 180
endloop
endfacet
facet normal 0.11129888619598696 0.702713511301559 -0.702713511301559
outer loop
vertex 11.854101966249685 15.706339097770922 172
vertex 10 24 180
vertex 14.326237921249264 23.31479122813215 180
endloop
endfacet
facet normal -0.11129888619598696 0.702713511301559 -0.702713511301559
outer loop
vertex 10 16 172
vertex 8.145898033750315 15.706339097770922 172
vertex 5.6737620787507375 23.31479122813215 180
endloop
endfacet
facet normal -0.111298886195987 0.7027135113015589 -0.7027135113015589
outer loop
vertex 10 16 172
vertex 5.6737620787507375 23.31479122813215 180
vertex 10 24 180
endloop
endfacet
facet normal -0.3230019481421599 0.6339270167224323 -0.702713511301559
outer loop
vertex 8.145898033750315 15.706339097770922 172
vertex 6.473288486245162 14.854101966249685 172
vertex 1.7710064679053783 21.326237921249266 180
endloop
endfacet
facet normal -0.3230019481421596 0.6339270167224325 -0.7027135113015589
outer loop
vertex 8.145898033750315 15.706339097770922 172
vertex 1.7710064679053783 21.326237921249266 180
vertex 5.6737620787507375 23.31479122813215 180
endloop
endfacet
facet normal -0.5030873289172733 0.5030873289172736 -0.7027135113015591
outer loop
vertex 6.473288486245162 14.854101966249685 172
vertex 5.145898033750316 13.52671151375484 172
vertex -1.3262379212492625 18.228993532094627 180
endloop
endfacet
facet normal -0.5030873289172733 0.5030873289172735 -0.702713511301559
outer loop
vertex 6.473288486245162 14.854101966249685 172
vertex -1.3262379212492625 18.228993532094627 180
vertex 1.7710064679053783 21.326237921249266 180
endloop
endfacet
facet normal -0.6339270167224326 0.3230019481421596 -0.702713511301559
outer loop
vertex 5.145898033750316 13.52671151375484 172
vertex 4.293660902229079 11.854101966249685 172
vertex -3.314791228132149 14.326237921249266 180
endloop
endfacet
facet normal -0.6339270167224326 0.32300194814215966 -0.702713511301559
outer loop
vertex 5.145898033750316 13.52671151375484 172
vertex -3.314791228132149 14.326237921249266 180
vertex -1.3262379212492625 18.228993532094627 180
endloop
endfacet
facet normal -0.7027135113015591 0.11129888619598732 -0.702713511301559
outer loop
vertex 4.293660902229079 11.854101966249685 172
vertex 4 10 172
vertex -4 10.000000000000002 180
endloop
endfacet
facet normal -0.702713511301559 0.11129888619598712 -0.702713511301559
outer loop
vertex 4.293660902229079 11.854101966249685 172
vertex -4 10.000000000000002 180
vertex -3.314791228132149 14.326237921249266 180
endloop
endfacet
facet normal -0.7027135113015589 -0.11129888619598684 -0.7027135113015589
outer loop
vertex 4 10 172
vertex 4.293660902229077 8.145898033750319 172
vertex -3.3147912281321528 5.673762078750744 180
endloop
endfacet
facet normal -0.702713511301559 -0.11129888619598684 -0.702713511301559
outer loop
vertex 4 10 172
vertex -3.3147912281321528 5.673762078750744 180
vertex -4 10.000000000000002 180
endloop
endfacet
facet normal -0.6339270167224327 -0.32300194814215966 -0.702713511301559
outer loop
vertex 4.293660902229077 8.145898033750319 172
vertex 5.145898033750315 6.473288486245162 172
vertex -1.3262379212492643 1.7710064679053783 180
endloop
endfacet
facet normal -0.6339270167224326 -0.32300194814215966 -0.702713511301559
outer loop
vertex 4.293660902229077 8.145898033750319 172
vertex -1.3262379212492643 1.7710064679053783 180
vertex -3.3147912281321528 5.673762078750744 180
endloop
endfacet
facet normal -0.5030873289172734 -0.5030873289172734 -0.702713511301559
outer loop
vertex 5.145898033750315 6.473288486245162 172
vertex 6.473288486245161 5.145898033750316 172
vertex 1.7710064679053747 -1.3262379212492625 180
endloop
endfacet
facet normal -0.5030873289172735 -0.5030873289172733 -0.7027135113015589
outer loop
vertex 5.145898033750315 6.473288486245162 172
vertex 1.7710064679053747 -1.3262379212492625 180
vertex -1.3262379212492643 1.7710064679053783 180
endloop
endfacet
facet normal -0.3230019481421597 -0.6339270167224325 -0.7027135113015589
outer loop
vertex 6.473288486245161 5.145898033750316 172
vertex 8.145898033750315 4.293660902229079 172
vertex 5.673762078750734 -3.314791228132149 180
endloop
endfacet
facet normal -0.3230019481421597 -0.6339270167224325 -0.7027135113015589
outer loop
vertex 6.473288486245161 5.145898033750316 172
vertex 5.673762078750734 -3.314791228132149 180
vertex 1.7710064679053747 -1.3262379212492625 180
endloop
endfacet
facet normal -0.1112988861959874 -0.702713511301559 -0.7027135113015589
outer loop
vertex 8.145898033750315 4.293660902229079 172
vertex 9.999999999999998 4 172
vertex 9.999999999999998 -4 180
endloop
endfacet
facet normal -0.11129888619598712 -0.702713511301559 -0.702713511301559
outer loop
vertex 8.145898033750315 4.293660902229079 172
vertex 9.999999999999998 -4 180
vertex 5.673762078750734 -3.314791228132149 180
endloop
endfacet
facet normal 0.11129888619598696 -0.702713511301559 -0.702713511301559
outer loop
vertex 9.999999999999998 4 172
vertex 11.854101966249683 4.293660902229078 172
vertex 14.32623792124926 -3.314791228132151 180
endloop
endfacet
facet normal 0.111298886195987 -0.7027135113015589 -0.7027135113015589
outer loop
vertex 9.999999999999998 4 172
vertex 14.32623792124926 -3.314791228132151 180
vertex 9.999999999999998 -4 180
endloop
endfacet
facet normal 0.3230019481421596 -0.6339270167224325 -0.702713511301559
outer loop
vertex 11.854101966249683 4.293660902229078 172
vertex 13.526711513754837 5.145898033750314 172
vertex 18.22899353209462 -1.326237921249266 180
endloop
endfacet
facet normal 0.3230019481421596 -0.6339270167224325 -0.7027135113015589
outer loop
vertex 11.854101966249683 4.293660902229078 172
vertex 18.22899353209462 -1.326237921249266 180
vertex 14.32623792124926 -3.314791228132151 180
endloop
endfacet
facet normal 0.5030873289172731 -0.5030873289172735 -0.7027135113015591
outer loop
vertex 13.526711513754837 5.145898033750314 172
vertex 14.854101966249683 6.47328848624516 172
vertex 21.326237921249263 1.771006467905373 180
endloop
endfacet
facet normal 0.503087328917273 -0.5030873289172736 -0.702713511301559
outer loop
vertex 13.526711513754837 5.145898033750314 172
vertex 21.326237921249263 1.771006467905373 180
vertex 18.22899353209462 -1.326237921249266 180
endloop
endfacet
facet normal 0.6339270167224321 -0.3230019481421604 -0.7027135113015589
outer loop
vertex 14.854101966249683 6.47328848624516 172
vertex 15.706339097770922 8.145898033750314 172
vertex 23.31479122813215 5.673762078750733 180
endloop
endfacet
facet normal 0.6339270167224323 -0.32300194814216004 -0.7027135113015592
outer loop
vertex 14.854101966249683 6.47328848624516 172
vertex 23.31479122813215 5.673762078750733 180
vertex 21.326237921249263 1.771006467905373 180
endloop
endfacet
facet normal 0.7027135113015589 -0.11129888619598685 -0.7027135113015589
outer loop
vertex 15.706339097770922 8.145898033750314 172
vertex 16 10 172
vertex 24 10 180
endloop
endfacet
facet normal 0.702713511301559 -0.11129888619598689 -0.702713511301559
outer loop
vertex 15.706339097770922 8.145898033750314 172
vertex 24 10 180
vertex 23.31479122813215 5.673762078750733 180
endloop
endfacet
facet normal 0.9876883405951379 0.15643446504023073 0
outer loop
vertex 24 10 180
vertex 23.31479122813215 14.326237921249263 180
vertex 23.31479122813215 14.326237921249263 184
endloop
endfacet
facet normal 0.9876883405951379 0.15643446504023073 0
outer loop
vertex 24 10 180
vertex 23.31479122813215 14.326237921249263 184
vertex 24 10 184
endloop
endfacet
facet normal 0.891006524188368 0.45399049973954647 0
outer loop
vertex 23.31479122813215 14.326237921249263 180
vertex 21.326237921249266 18.228993532094623 180
vertex 21.326237921249266 18.228993532094623 184
endloop
endfacet
facet normal 0.891006524188368 0.45399049973954647 0
outer loop
vertex 23.31479122813215 14.326237921249263 180
vertex 21.326237921249266 18.228993532094623 184
vertex 23.31479122813215 14.326237921249263 184
endloop
endfacet
facet normal 0.7071067811865475 0.7071067811865475 0
outer loop
vertex 21.326237921249266 18.228993532094623 180
vertex 18.228993532094623 21.326237921249266 180
vertex 18.228993532094623 21.326237921249266 184
endloop
endfacet
facet normal 0.7071067811865475 0.7071067811865475 0
outer loop
vertex 21.326237921249266 18.228993532094623 180
vertex 18.228993532094623 21.326237921249266 184
vertex 21.326237921249266 18.228993532094623 184
endloop
endfacet
facet normal 0.45399049973954664 0.8910065241883679 0
outer loop
vertex 18.228993532094623 21.326237921249266 180
vertex 14.326237921249264 23.31479122813215 180
vertex 14.326237921249264 23.31479122813215 184
endloop
endfacet
facet normal 0.45399049973954664 0.8910065241883679 0
outer loop
vertex 18.228993532094623 21.326237921249266 180
vertex 14.326237921249264 23.31479122813215 184
vertex 18.228993532094623 21.326237921249266 184
endloop
endfacet
facet normal 0.15643446504023065 0.9876883405951379 0
outer loop
vertex 14.326237921249264 23.31479122813215 180
vertex 10 24 180
vertex 10 24 184
endloop
endfacet
facet normal 0.15643446504023065 0.9876883405951379 0
outer loop
vertex 14.326237921249264 23.31479122813215 180
vertex 10 24 184
vertex 14.326237921249264 23.31479122813215 184
endloop
endfacet
facet normal -0.15643446504023073 0.9876883405951379 0
outer loop
vertex 10 24 180
vertex 5.6737620787507375 23.31479122813215 180
vertex 5.6737620787507375 23.31479122813215 184
endloop
endfacet
facet normal -0.15643446504023073 0.9876883405951379 0
outer loop
vertex 10 24 180
vertex 5.6737620787507375 23.31479122813215 184
vertex 10 24 184
endloop
endfacet
facet normal -0.45399049973954664 0.8910065241883679 0
outer loop
vertex 5.6737620787507375 23.31479122813215 180
vertex 1.7710064679053783 21.326237921249266 180
vertex 1.7710064679053783 21.326237921249266 184
endloop
endfacet
facet normal -0.45399049973954664 0.8910065241883679 0
outer loop
vertex 5.6737620787507375 23.31479122813215 180
vertex 1.7710064679053783 21.326237921249266 184
vertex 5.6737620787507375 23.31479122813215 184
endloop
endfacet
facet normal -0.7071067811865474 0.7071067811865478 0
outer loop
vertex 1.7710064679053783 21.326237921249266 180
vertex -1.3262379212492625 18.228993532094627 180
vertex -1.3262379212492625 18.228993532094627 184
endloop
endfacet
facet normal -0.7071067811865474 0.7071067811865478 0
outer loop
vertex 1.7710064679053783 21.326237921249266 180
vertex -1.3262379212492625 18.228993532094627 184
vertex 1.7710064679053783 21.326237921249266 184
endloop
endfacet
facet normal -0.8910065241883678 0.4539904997395468 0
outer loop
vertex -1.3262379212492625 18.228993532094627 180
vertex -3.314791228132149 14.326237921249266 180
vertex -3.314791228132149 14.326237921249266 184
endloop
endfacet
facet normal -0.8910065241883678 0.4539904997395468 0
outer loop
vertex -1.3262379212492625 18.228993532094627 180
vertex -3.314791228132149 14.326237921249266 184
vertex -1.3262379212492625 18.228993532094627 184
endloop
endfacet
facet normal -0.9876883405951374 0.156434465040231 0
outer loop
vertex -3.314791228132149 14.326237921249266 180
vertex -4 10.000000000000002 180
vertex -4 10.000000000000002 184
endloop
endfacet
facet normal -0.9876883405951374 0.156434465040231 0
outer loop
vertex -3.314791228132149 14.326237921249266 180
vertex -4 10.000000000000002 184
vertex -3.314791228132149 14.326237921249266 184
endloop
endfacet
facet normal -0.9876883405951379 -0.15643446504023048 0
outer loop
vertex -4 10.000000000000002 180
vertex -3.3147912281321528 5.673762078750744 180
vertex -3.3147912281321528 5.673762078750744 184
endloop
endfacet
facet normal -0.9876883405951379 -0.15643446504023048 0
outer loop
vertex -4 10.000000000000002 180
vertex -3.3147912281321528 5.673762078750744 184
vertex -4 10.000000000000002 184
endloop
endfacet
facet normal -0.8910065241883679 -0.45399049973954675 0
outer loop
vertex -3.3147912281321528 5.673762078750744 180
vertex -1.3262379212492643 1.7710064679053783 180
vertex -1.3262379212492643 1.7710064679053783 184
endloop
endfacet
facet normal -0.8910065241883679 -0.45399049973954675 0
outer loop
vertex -3.3147912281321528 5.673762078750744 180
vertex -1.3262379212492643 1.7710064679053783 184
vertex -3.3147912281321528 5.673762078750744 184
endloop
endfacet
facet normal -0.7071067811865478 -0.7071067811865474 0
outer loop
vertex -1.3262379212492643 1.7710064679053783 180
vertex 1.7710064679053747 -1.3262379212492625 180
vertex 1.7710064679053747 -1.3262379212492625 184
endloop
endfacet
facet normal -0.7071067811865478 -0.7071067811865474 0
outer loop
vertex -1.3262379212492643 1.7710064679053783 180
vertex 1.7710064679053747 -1.3262379212492625 184
vertex -1.3262379212492643 1.7710064679053783 184
endloop
endfacet
facet normal -0.45399049973954697 -0.8910065241883678 0
outer loop
vertex 1.7710064679053747 -1.3262379212492625 180
vertex 5.673762078750734 -3.314791228132149 180
vertex 5.673762078750734 -3.314791228132149 184
endloop
endfacet
facet normal -0.45399049973954697 -0.8910065241883678 0
outer loop
vertex 1.7710064679053747 -1.3262379212492625 180
vertex 5.673762078750734 -3.314791228132149 184
vertex 1.7710064679053747 -1.3262379212492625 184
endloop
endfacet
facet normal -0.156434465040231 -0.9876883405951374 0
outer loop
vertex 5.673762078750734 -3.314791228132149 180
vertex 9.999999999999998 -4 180
vertex 9.999999999999998 -4 184
endloop
endfacet
facet normal -0.156434465040231 -0.9876883405951374 0
outer loop
vertex 5.673762078750734 -3.314791228132149 180
vertex 9.999999999999998 -4 184
vertex 5.673762078750734 -3.314791228132149 184
endloop
endfacet
facet normal 0.15643446504023073 -0.9876883405951379 0
outer loop
vertex 9.999999999999998 -4 180
vertex 14.32623792124926 -3.314791228132151 180
vertex 14.32623792124926 -3.314791228132151 184
endloop
endfacet
facet normal 0.15643446504023073 -0.9876883405951379 0
outer loop
vertex 9.999999999999998 -4 180
vertex 14.32623792124926 -3.314791228132151 184
vertex 9.999999999999998 -4 184
endloop
endfacet
facet normal 0.45399049973954664 -0.8910065241883679 0
outer loop
vertex 14.32623792124926 -3.314791228132151 180
vertex 18.22899353209462 -1.326237921249266 180
vertex 18.22899353209462 -1.326237921249266 184
endloop
endfacet
facet normal 0.45399049973954664 -0.8910065241883679 0
outer loop
vertex 14.32623792124926 -3.314791228132151 180
vertex 18.22899353209462 -1.326237921249266 184
vertex 14.32623792124926 -3.314791228132151 184
endloop
endfacet
facet normal 0.707106781186547 -0.7071067811865479 0
outer loop
vertex 18.22899353209462 -1.326237921249266 180
vertex 21.326237921249263 1.771006467905373 180
vertex 21.326237921249263 1.771006467905373 184
endloop
endfacet
facet normal 0.707106781186547 -0.7071067811865479 0
outer loop
vertex 18.22899353209462 -1.326237921249266 180
vertex 21.326237921249263 1.771006467905373 184
vertex 18.22899353209462 -1.326237921249266 184
endloop
endfacet
facet normal 0.8910065241883678 -0.4539904997395473 0
outer loop
vertex 21.326237921249263 1.771006467905373 180
vertex 23.31479122813215 5.673762078750733 180
vertex 23.31479122813215 5.673762078750733 184
endloop
endfacet
facet normal 0.8910065241883678 -0.4539904997395473 0
outer loop
vertex 21.326237921249263 1.771006467905373 180
vertex 23.31479122813215 5.673762078750733 184
vertex 21.326237921249263 1.771006467905373 184
endloop
endfacet
facet normal 0.9876883405951379 -0.15643446504023056 0
outer loop
vertex 23.31479122813215 5.673762078750733 180
vertex 24 10 180
vertex 24 10 184
endloop
endfacet
facet normal 0.9876883405951379 -0.15643446504023056 0
outer loop
vertex 23.31479122813215 5.673762078750733 180
vertex 24 10 184
vertex 23.31479122813215 5.673762078750733 184
endloop
endfacet
facet normal 0 0 1
outer loop
vertex 24 10 184
vertex 23.31479122813215 14.326237921249263 184
vertex 15.706339097770922 11.854101966249685 184
endloop
endfacet
facet normal 0 0 1
outer loop
vertex 24 10 184
vertex 15.706339097770922 11.854101966249685 184
vertex 16 10 184
endloop
endfacet
facet normal 0 0 1
outer loop
vertex 23.31479122813215 14.326237921249263 184
vertex 21.326237921249266 18.228993532094623 184
vertex 14.854101966249685 13.526711513754838 184
endloop
endfacet
facet normal 0 0 1
outer loop
vertex 23.31479122813215 14.326237921249263 184
vertex 14.854101966249685 13.526711513754838 184
vertex 15.706339097770922 11.854101966249685 184
endloop
endfacet
facet normal 0 0 1
outer loop
vertex 21.326237921249266 18.228993532094623 184
vertex 18.228993532094623 21.326237921249266 184
vertex 13.526711513754838 14.854101966249685 184
endloop
endfacet
facet normal 0 0 1
outer loop
vertex 21.326237921249266 18.228993532094623 184
vertex 13.526711513754838 14.854101966249685 184
vertex 14.854101966249685 13.526711513754838 184
endloop
endfacet
facet normal 0 0 1
outer loop
vertex 18.228993532094623 21.326237921249266 184
vertex 14.326237921249264 23.31479122813215 184
vertex 11.854101966249685 15.706339097770922 184
endloop
endfacet
facet normal 0 0 1
outer loop
vertex 18.228993532094623 21.326237921249266 184
vertex 11.854101966249685 15.706339097770922 184
vertex 13.526711513754838 14.854101966249685 184
endloop
endfacet
facet normal 0 0 1
outer loop
vertex 14.326237921249264 23.31479122813215 184
vertex 10 24 184
vertex 10 16 184
endloop
endfacet
facet normal 0 0 1
outer loop
vertex 14.326237921249264 23.31479122813215 184
vertex 10 16 184
vertex 11.854101966249685 15.706339097770922 184
endloop
endfacet
facet normal 0 0 1
outer loop
vertex 10 24 184
vertex 5.6737620787507375 23.31479122813215 184
vertex 8.145898033750315 15.706339097770922 184
endloop
endfacet
facet normal 0 0 1
outer loop
vertex 10 24 184
vertex 8.145898033750315 15.706339097770922 184
vertex 10 16 184
endloop
endfacet
facet normal 0 0 1
outer loop
vertex 5.6737620787507375 23.31479122813215 184
vertex 1.7710064679053783 21.326237921249266 184
vertex 6.473288486245162 14.854101966249685 184
endloop
endfacet
facet normal 0 0 1
outer loop
vertex 5.6737620787507375 23.31479122813215 184
vertex 6.473288486245162 14.854101966249685 184
vertex 8.145898033750315 15.706339097770922 184
endloop
endfacet
facet normal 0 0 1
outer loop
vertex 1.7710064679053783 21.326237921249266 184
vertex -1.3262379212492625 18.228993532094627 184
vertex 5.145898033750316 13.52671151375484 184
endloop
endfacet
facet normal 0 0 1
outer loop
vertex 1.7710064679053783 21.326237921249266 184
vertex 5.145898033750316 13.52671151375484 184
vertex 6.473288486245162 14.854101966249685 184
endloop
endfacet
facet normal 0 0 1
outer loop
vertex -1.3262379212492625 18.228993532094627 184
vertex -3.314791228132149 14.326237921249266 184
vertex 4.293660902229079 11.854101966249685 184
endloop
endfacet
facet normal 0 0 1
outer loop
vertex -1.3262379212492625 18.228993532094627 184
vertex 4.293660902229079 11.854101966249685 184
vertex 5.145898033750316 13.52671151375484 184
endloop
endfacet
facet normal 0 0 1
outer loop
vertex -3.314791228132149 14.326237921249266 184
vertex -4 10.000000000000002 184
vertex 4 10 184
endloop
endfacet
facet normal 0 0 1
outer loop
vertex -3.314791228132149 14.326237921249266 184
vertex 4 10 184
vertex 4.293660902229079 11.854101966249685 184
endloop
endfacet
facet normal 0 0 1
outer loop
vertex -4 10.000000000000002 184
vertex -3.3147912281321528 5.673762078750744 184
vertex 4.293660902229077 8.145898033750319 184
endloop
endfacet
facet normal 0 0 1
outer loop
vertex -4 10.000000000000002 184
vertex 4.293660902229077 8.145898033750319 184
vertex 4 10 184
endloop
endfacet
facet normal 0 0 1
outer loop
vertex -3.3147912281321528 5.673762078750744 184
vertex -1.3262379212492643 1.7710064679053783 184
vertex 5.145898033750315 6.473288486245162 184
endloop
endfacet
facet normal 0 0 1
outer loop
vertex -3.3147912281321528 5.673762078750744 184
vertex 5.145898033750315 6.473288486245162 184
vertex 4.293660902229077 8.145898033750319 184
endloop
endfacet
facet normal 0 0 1
outer loop
vertex -1.3262379212492643 1.7710064679053783 184
vertex 1.7710064679053747 -1.3262379212492625 184
vertex 6.473288486245161 5.145898033750316 184
endloop
endfacet
facet normal 0 0 1
outer loop
vertex -1.3262379212492643 1.7710064679053783 184
vertex 6.473288486245161 5.145898033750316 184
vertex 5.145898033750315 6.473288486245162 184
endloop
endfacet
facet normal 0 0 1
outer loop
vertex 1.7710064679053747 -1.3262379212492625 184
vertex 5.673762078750734 -3.314791228132149 184
vertex 8.145898033750315 4.293660902229079 184
endloop
endfacet
facet normal 0 0 1
outer loop
vertex 1.7710064679053747 -1.3262379212492625 184
vertex 8.145898033750315 4.293660902229079 184
vertex 6.473288486245161 5.145898033750316 184
endloop
endfacet
facet normal 0 0 1
outer loop
vertex 5.673762078750734 -3.314791228132149 184
vertex 9.999999999999998 -4 184
vertex 9.999999999999998 4 184
endloop
endfacet
facet normal 0 0 1
outer loop
vertex 5.673762078750734 -3.314791228132149 184
vertex 9.999999999999998 4 184
vertex 8.145898033750315 4.293660902229079 184
endloop
endfacet
facet normal 0 0 1
outer loop
vertex 9.999999999999998 -4 184
vertex 14.32623792124926 -3.314791228132151 184
vertex 11.854101966249683 4.293660902229078 184
endloop
endfacet
facet normal 0 0 1
outer loop
vertex 9.999999999999998 -4 184
vertex 11.854101966249683 4.293660902229078 184
vertex 9.999999999999998 4 184
endloop
endfacet
facet normal 0 0 1
outer loop
vertex 14.32623792124926 -3.314791228132151 184
vertex 18.22899353209462 -1.326237921249266 184
vertex 13.526711513754837 5.145898033750314 184
endloop
endfacet
facet normal 0 0 1
outer loop
vertex 14.32623792124926 -3.314791228132151 184
vertex 13.526711513754837 5.145898033750314 184
vertex 11.854101966249683 4.293660902229078 184
endloop
endfacet
facet normal 0 0 1
outer loop
vertex 18.22899353209462 -1.326237921249266 184
vertex 21.326237921249263 1.771006467905373 184
vertex 14.854101966249683 6.47328848624516 184
endloop
endfacet
facet normal 0 0 1
outer loop
vertex 18.22899353209462 -1.326237921249266 184
vertex 14.854101966249683 6.47328848624516 184
vertex 13.526711513754837 5.145898033750314 184
endloop
endfacet
facet normal 0 0 1
outer loop
vertex 21.326237921249263 1.771006467905373 184
vertex 23.31479122813215 5.673762078750733 184
vertex 15.706339097770922 8.145898033750314 184
endloop
endfacet
facet normal 0 0 1
outer loop
vertex 21.326237921249263 1.771006467905373 184
vertex 15.706339097770922 8.145898033750314 184
vertex 14.854101966249683 6.47328848624516 184
endloop
endfacet
facet normal 0 0 1
outer loop
vertex 23.31479122813215 5.673762078750733 184
vertex 24 10 184
vertex 16 10 184
endloop
endfacet
facet normal 0 0 1
outer loop
vertex 23.31479122813215 5.673762078750733 184
vertex 16 10 184
vertex 15.706339097770922 8.145898033750314 184
endloop
endfacet
facet normal 0.9876883405951379 0.15643446504023065 0
outer loop
vertex 16 10 184
vertex 15.706339097770922 11.854101966249685 184
vertex 15.706339097770922 11.854101966249685 250
endloop
endfacet
facet normal 0.9876883405951379 0.15643446504023065 0
outer loop
vertex 16 10 184
vertex 15.706339097770922 11.854101966249685 250
vertex 16 10 250
endloop
endfacet
facet normal 0.8910065241883677 0.45399049973954697 0
outer loop
vertex 15.706339097770922 11.854101966249685 184
vertex 14.854101966249685 13.526711513754838 184
vertex 14.854101966249685 13.526711513754838 250
endloop
endfacet
facet normal 0.8910065241883677 0.45399049973954697 0
outer loop
vertex 15.706339097770922 11.854101966249685 184
vertex 14.854101966249685 13.526711513754838 250
vertex 15.706339097770922 11.854101966249685 250
endloop
endfacet
facet normal 0.7071067811865475 0.7071067811865475 0
outer loop
vertex 14.854101966249685 13.526711513754838 184
vertex 13.526711513754838 14.854101966249685 184
vertex 13.526711513754838 14.854101966249685 250
endloop
endfacet
facet normal 0.7071067811865475 0.7071067811865475 0
outer loop
vertex 14.854101966249685 13.526711513754838 184
vertex 13.526711513754838 14.854101966249685 250
vertex 14.854101966249685 13.526711513754838 250
endloop
endfacet
facet normal 0.45399049973954697 0.8910065241883677 0
outer loop
vertex 13.526711513754838 14.854101966249685 184
vertex 11.854101966249685 15.706339097770922 184
vertex 11.854101966249685 15.706339097770922 250
endloop
endfacet
facet normal 0.45399049973954697 0.8910065241883677 0
outer loop
vertex 13.526711513754838 14.854101966249685 184
vertex 11.854101966249685 15.706339097770922 250
vertex 13.526711513754838 14.854101966249685 250
endloop
endfacet
facet normal 0.15643446504023065 0.9876883405951379 0
outer loop
vertex 11.854101966249685 15.706339097770922 184
vertex 10 16 184
vertex 10 16 250
endloop
endfacet
facet normal 0.15643446504023065 0.9876883405951379 0
outer loop
vertex 11.854101966249685 15.706339097770922 184
vertex 10 16 250
vertex 11.854101966249685 15.706339097770922 250
endloop
endfacet
facet normal -0.15643446504023065 0.9876883405951379 0
outer loop
vertex 10 16 184
vertex 8.145898033750315 15.706339097770922 184
vertex 8.145898033750315 15.706339097770922 250
endloop
endfacet
facet normal -0.15643446504023065 0.9876883405951379 0
outer loop
vertex 10 16 184
vertex 8.145898033750315 15.706339097770922 250
vertex 10 16 250
endloop
endfacet
facet normal -0.45399049973954697 0.8910065241883677 0
outer loop
vertex 8.145898033750315 15.706339097770922 184
vertex 6.473288486245162 14.854101966249685 184
vertex 6.473288486245162 14.854101966249685 250
endloop
endfacet
facet normal -0.45399049973954697 0.8910065241883677 0
outer loop
vertex 8.145898033750315 15.706339097770922 184
vertex 6.473288486245162 14.854101966249685 250
vertex 8.145898033750315 15.706339097770922 250
endloop
endfacet
facet normal -0.7071067811865474 0.7071067811865478 0
outer loop
vertex 6.473288486245162 14.854101966249685 184
vertex 5.145898033750316 13.52671151375484 184
vertex 5.145898033750316 13.52671151375484 250
endloop
endfacet
facet normal -0.7071067811865474 0.7071067811865478 0
outer loop
vertex 6.473288486245162 14.854101966249685 184
vertex 5.145898033750316 13.52671151375484 250
vertex 6.473288486245162 14.854101966249685 250
endloop
endfacet
facet normal -0.8910065241883679 0.4539904997395466 0
outer loop
vertex 5.145898033750316 13.52671151375484 184
vertex 4.293660902229079 11.854101966249685 184
vertex 4.293660902229079 11.854101966249685 250
endloop
endfacet
facet normal -0.8910065241883679 0.4539904997395466 0
outer loop
vertex 5.145898033750316 13.52671151375484 184
vertex 4.293660902229079 11.854101966249685 250
vertex 5.145898033750316 13.52671151375484 250
endloop
endfacet
facet normal -0.9876883405951377 0.15643446504023106 0
outer loop
vertex 4.293660902229079 11.854101966249685 184
vertex 4 10 184
vertex 4 10 250
endloop
endfacet
facet normal -0.9876883405951377 0.15643446504023106 0
outer loop
vertex 4.293660902229079 11.854101966249685 184
vertex 4 10 250
vertex 4.293660902229079 11.854101966249685 250
endloop
endfacet
facet normal -0.9876883405951378 -0.15643446504023048 0
outer loop
vertex 4 10 184
vertex 4.293660902229077 8.145898033750319 184
vertex 4.293660902229077 8.145898033750319 250
endloop
endfacet
facet normal -0.9876883405951378 -0.15643446504023048 0
outer loop
vertex 4 10 184
vertex 4.293660902229077 8.145898033750319 250
vertex 4 10 250
endloop
endfacet
facet normal -0.8910065241883679 -0.4539904997395466 0
outer loop
vertex 4.293660902229077 8.145898033750319 184
vertex 5.145898033750315 6.473288486245162 184
vertex 5.145898033750315 6.473288486245162 250
endloop
endfacet
facet normal -0.8910065241883679 -0.4539904997395466 0
outer loop
vertex 4.293660902229077 8.145898033750319 184
vertex 5.145898033750315 6.473288486245162 250
vertex 4.293660902229077 8.145898033750319 250
endloop
endfacet
facet normal -0.7071067811865475 -0.7071067811865475 0
outer loop
vertex 5.145898033750315 6.473288486245162 184
vertex 6.473288486245161 5.145898033750316 184
vertex 6.473288486245161 5.145898033750316 250
endloop
endfacet
facet normal -0.7071067811865475 -0.7071067811865475 0
outer loop
vertex 5.145898033750315 6.473288486245162 184
vertex 6.473288486245161 5.145898033750316 250
vertex 5.145898033750315 6.473288486245162 250
endloop
endfacet
facet normal -0.45399049973954686 -0.8910065241883679 0
outer loop
vertex 6.473288486245161 5.145898033750316 184
vertex 8.145898033750315 4.293660902229079 184
vertex 8.145898033750315 4.293660902229079 250
endloop
endfacet
facet normal -0.45399049973954686 -0.8910065241883679 0
outer loop
vertex 6.473288486245161 5.145898033750316 184
vertex 8.145898033750315 4.293660902229079 250
vertex 6.473288486245161 5.145898033750316 250
endloop
endfacet
facet normal -0.1564344650402312 -0.9876883405951375 0
outer loop
vertex 8.145898033750315 4.293660902229079 184
vertex 9.999999999999998 4 184
vertex 9.999999999999998 4 250
endloop
endfacet
facet normal -0.1564344650402312 -0.9876883405951375 0
outer loop
vertex 8.145898033750315 4.293660902229079 184
vertex 9.999999999999998 4 250
vertex 8.145898033750315 4.293660902229079 250
endloop
endfacet
facet normal 0.15643446504023065 -0.9876883405951379 0
outer loop
vertex 9.999999999999998 4 184
vertex 11.854101966249683 4.293660902229078 184
vertex 11.854101966249683 4.293660902229078 250
endloop
endfacet
facet normal 0.15643446504023065 -0.9876883405951379 0
outer loop
vertex 9.999999999999998 4 184
vertex 11.854101966249683 4.293660902229078 250
vertex 9.999999999999998 4 250
endloop
endfacet
facet normal 0.4539904997395466 -0.8910065241883679 0
outer loop
vertex 11.854101966249683 4.293660902229078 184
vertex 13.526711513754837 5.145898033750314 184
vertex 13.526711513754837 5.145898033750314 250
endloop
endfacet
facet normal 0.4539904997395466 -0.8910065241883679 0
outer loop
vertex 11.854101966249683 4.293660902229078 184
vertex 13.526711513754837 5.145898033750314 250
vertex 11.854101966249683 4.293660902229078 250
endloop
endfacet
facet normal 0.7071067811865474 -0.7071067811865478 0
outer loop
vertex 13.526711513754837 5.145898033750314 184
vertex 14.854101966249683 6.47328848624516 184
vertex 14.854101966249683 6.47328848624516 250
endloop
endfacet
facet normal 0.7071067811865474 -0.7071067811865478 0
outer loop
vertex 13.526711513754837 5.145898033750314 184
vertex 14.854101966249683 6.47328848624516 250
vertex 13.526711513754837 5.145898033750314 250
endloop
endfacet
facet normal 0.8910065241883673 -0.45399049973954775 0
outer loop
vertex 14.854101966249683 6.47328848624516 184
vertex 15.706339097770922 8.145898033750314 184
vertex 15.706339097770922 8.145898033750314 250
endloop
endfacet
facet normal 0.8910065241883673 -0.45399049973954775 0
outer loop
vertex 14.854101966249683 6.47328848624516 184
vertex 15.706339097770922 8.145898033750314 250
vertex 14.854101966249683 6.47328848624516 250
endloop
endfacet
facet normal 0.9876883405951379 -0.1564344650402305 0
outer loop
vertex 15.706339097770922 8.145898033750314 184
vertex 16 10 184
vertex 16 10 250
endloop
endfacet
facet normal 0.9876883405951379 -0.1564344650402305 0
outer loop
vertex 15.706339097770922 8.145898033750314 184
vertex 16 10 250
vertex 15.706339097770922 8.145898033750314 250
endloop
endfacet
endsolid 07_yellow_column_1
