solid 12_billboard_text_lovely_car_ive_driven
facet normal 0 0 -1
outer loop
vertex 177 58 0
vertex 181 59 0
vertex 181 58 0
endloop
endfacet
facet normal 0 0 -1
outer loop
vertex 177 58 0
vertex 177 59 0
vertex 181 59 0
endloop
endfacet
facet normal 0 0 1
outer loop
vertex 177 58 1
vertex 181 58 1
vertex 181 59 1
endloop
endfacet
facet normal 0 0 1
outer loop
vertex 177 58 1
vertex 181 59 1
vertex 177 59 1
endloop
endfacet
facet normal 0 -1 0
outer loop
vertex 177 58 0
vertex 181 58 0
vertex 181 58 1
endloop
endfacet
facet normal 0 -1 0
outer loop
vertex 177 58 0
vertex 181 58 1
vertex 177 58 1
endloop
endfacet
facet normal 1 0 0
outer loop
vertex 181 58 0
vertex 181 59 0
vertex 181 59 1
endloop
endfacet
facet normal 1 0 0
outer loop
vertex 181 58 0
vertex 181 59 1
vertex 181 58 1
endloop
endfacet
facet normal 0 1 0
outer loop
vertex 181 59 0
vertex 177 59 0
vertex 177 59 1
endloop
endfacet
facet normal 0 1 0
outer loop
vertex 181 59 0
vertex 177 59 1
vertex 181 59 1
endloop
endfacet
facet normal -1 0 0
outer loop
vertex 177 59 0
vertex 177 58 0
vertex 177 58 1
endloop
endfacet
facet normal -1 0 0
outer loop
vertex 177 59 0
vertex 177 58 1
vertex 177 59 1
endloop
endfacet
facet normal 0 0 -1
outer loop
vertex 65 57 0
vertex 71 58 0
vertex 71 57 0
endloop
endfacet
facet normal 0 0 -1
outer loop
vertex 65 57 0
vertex 65 58 0
vertex 71 58 0
endloop
endfacet
facet normal 0 0 1
outer loop
vertex 65 57 1
vertex 71 57 1
vertex 71 58 1
endloop
endfacet
facet normal 0 0 1
outer loop
vertex 65 57 1
vertex 71 58 1
vertex 65 58 1
endloop
endfacet
facet normal 0 -1 0
outer loop
vertex 65 57 0
vertex 71 57 0
vertex 71 57 1
endloop
endfacet
facet normal 0 -1 0
outer loop
vertex 65 57 0
vertex 71 57 1
vertex 65 57 1
endloop
endfacet
facet normal 1 0 0
outer loop
vertex 71 57 0
vertex 71 58 0
vertex 71 58 1
endloop
endfacet
facet normal 1 0 0
outer loop
vertex 71 57 0
vertex 71 58 1
vertex 71 57 1
endloop
endfacet
facet normal 0 1 0
outer loop
vertex 71 58 0
vertex 65 58 0
vertex 65 58 1
endloop
endfacet
facet normal 0 1 0
outer loop
vertex 71 58 0
vertex 65 58 1
vertex 71 58 1
endloop
endfacet
facet normal -1 0 0
outer loop
vertex 65 58 0
vertex 65 57 0
vertex 65 57 1
endloop
endfacet
facet normal -1 0 0
outer loop
vertex 65 58 0
vertex 65 57 1
vertex 65 58 1
endloop
endfacet
facet normal 0 0 -1
outer loop
vertex 135 57 0
vertex 140 58 0
vertex 140 57 0
endloop
endfacet
facet normal 0 0 -1
outer loop
vertex 135 57 0
vertex 135 58 0
vertex 140 58 0
endloop
endfacet
facet normal 0 0 1
outer loop
vertex 135 57 1
vertex 140 57 1
vertex 140 58 1
endloop
endfacet
facet normal 0 0 1
outer loop
vertex 135 57 1
vertex 140 58 1
vertex 135 58 1
endloop
endfacet
facet normal 0 -1 0
outer loop
vertex 135 57 0
vertex 140 57 0
vertex 140 57 1
endloop
endfacet
facet normal 0 -1 0
outer loop
vertex 135 57 0
vertex 140 57 1
vertex 135 57 1
endloop
endfacet
facet normal 1 0 0
outer loop
vertex 140 57 0
vertex 140 58 0
vertex 140 58 1
endloop
endfacet
facet normal 1 0 0
outer loop
vertex 140 57 0
vertex 140 58 1
vertex 140 57 1
endloop
endfacet
facet normal 0 1 0
outer loop
vertex 140 58 0
vertex 135 58 0
vertex 135 58 1
endloop
endfacet
facet normal 0 1 0
outer loop
vertex 140 58 0
vertex 135 58 1
vertex 140 58 1
endloop
endfacet
facet normal -1 0 0
outer loop
vertex 135 58 0
vertex 135 57 0
vertex 135 57 1
endloop
endfacet
facet normal -1 0 0
outer loop
vertex 135 58 0
vertex 135 57 1
vertex 135 58 1
endloop
endfacet
facet normal 0 0 -1
outer loop
vertex 173 57 0
vertex 184 58 0
vertex 184 57 0
endloop
endfacet
facet normal 0 0 -1
outer loop
vertex 173 57 0
vertex 173 58 0
vertex 184 58 0
endloop
endfacet
facet normal 0 0 1
outer loop
vertex 173 57 1
vertex 184 57 1
vertex 184 58 1
endloop
endfacet
facet normal 0 0 1
outer loop
vertex 173 57 1
vertex 184 58 1
vertex 173 58 1
endloop
endfacet
facet normal 0 -1 0
outer loop
vertex 173 57 0
vertex 184 57 0
vertex 184 57 1
endloop
endfacet
facet normal 0 -1 0
outer loop
vertex 173 57 0
vertex 184 57 1
vertex 173 57 1
endloop
endfacet
facet normal 1 0 0
outer loop
vertex 184 57 0
vertex 184 58 0
vertex 184 58 1
endloop
endfacet
facet normal 1 0 0
outer loop
vertex 184 57 0
vertex 184 58 1
vertex 184 57 1
endloop
endfacet
facet normal 0 1 0
outer loop
vertex 184 58 0
vertex 173 58 0
vertex 173 58 1
endloop
endfacet
facet normal 0 1 0
outer loop
vertex 184 58 0
vertex 173 58 1
vertex 184 58 1
endloop
endfacet
facet normal -1 0 0
outer loop
vertex 173 58 0
vertex 173 57 0
vertex 173 57 1
endloop
endfacet
facet normal -1 0 0
outer loop
vertex 173 58 0
vertex 173 57 1
vertex 173 58 1
endloop
endfacet
facet normal 0 0 -1
outer loop
vertex 227 57 0
vertex 232 58 0
vertex 232 57 0
endloop
endfacet
facet normal 0 0 -1
outer loop
vertex 227 57 0
vertex 227 58 0
vertex 232 58 0
endloop
endfacet
facet normal 0 0 1
outer loop
vertex 227 57 1
vertex 232 57 1
vertex 232 58 1
endloop
endfacet
facet normal 0 0 1
outer loop
vertex 227 57 1
vertex 232 58 1
vertex 227 58 1
endloop
endfacet
facet normal 0 -1 0
outer loop
vertex 227 57 0
vertex 232 57 0
vertex 232 57 1
endloop
endfacet
facet normal 0 -1 0
outer loop
vertex 227 57 0
vertex 232 57 1
vertex 227 57 1
endloop
endfacet
facet normal 1 0 0
outer loop
vertex 232 57 0
vertex 232 58 0
vertex 232 58 1
endloop
endfacet
facet normal 1 0 0
outer loop
vertex 232 57 0
vertex 232 58 1
vertex 232 57 1
endloop
endfacet
facet normal 0 1 0
outer loop
vertex 232 58 0
vertex 227 58 0
vertex 227 58 1
endloop
endfacet
facet normal 0 1 0
outer loop
vertex 232 58 0
vertex 227 58 1
vertex 232 58 1
endloop
endfacet
facet normal -1 0 0
outer loop
vertex 227 58 0
vertex 227 57 0
vertex 227 57 1
endloop
endfacet
facet normal -1 0 0
outer loop
vertex 227 58 0
vertex 227 57 1
vertex 227 58 1
endloop
endfacet
facet normal 0 0 -1
outer loop
vertex 235 57 0
vertex 239 58 0
vertex 239 57 0
endloop
endfacet
facet normal 0 0 -1
outer loop
vertex 235 57 0
vertex 235 58 0
vertex 239 58 0
endloop
endfacet
facet normal 0 0 1
outer loop
vertex 235 57 1
vertex 239 57 1
vertex 239 58 1
endloop
endfacet
facet normal 0 0 1
outer loop
vertex 235 57 1
vertex 239 58 1
vertex 235 58 1
endloop
endfacet
facet normal 0 -1 0
outer loop
vertex 235 57 0
vertex 239 57 0
vertex 239 57 1
endloop
endfacet
facet normal 0 -1 0
outer loop
vertex 235 57 0
vertex 239 57 1
vertex 235 57 1
endloop
endfacet
facet normal 1 0 0
outer loop
vertex 239 57 0
vertex 239 58 0
vertex 239 58 1
endloop
endfacet
facet normal 1 0 0
outer loop
vertex 239 57 0
vertex 239 58 1
vertex 239 57 1
endloop
endfacet
facet normal 0 1 0
outer loop
vertex 239 58 0
vertex 235 58 0
vertex 235 58 1
endloop
endfacet
facet normal 0 1 0
outer loop
vertex 239 58 0
vertex 235 58 1
vertex 239 58 1
endloop
endfacet
facet normal -1 0 0
outer loop
vertex 235 58 0
vertex 235 57 0
vertex 235 57 1
endloop
endfacet
facet normal -1 0 0
outer loop
vertex 235 58 0
vertex 235 57 1
vertex 235 58 1
endloop
endfacet
facet normal 0 0 -1
outer loop
vertex 284 57 0
vertex 298 58 0
vertex 298 57 0
endloop
endfacet
facet normal 0 0 -1
outer loop
vertex 284 57 0
vertex 284 58 0
vertex 298 58 0
endloop
endfacet
facet normal 0 0 1
outer loop
vertex 284 57 1
vertex 298 57 1
vertex 298 58 1
endloop
endfacet
facet normal 0 0 1
outer loop
vertex 284 57 1
vertex 298 58 1
vertex 284 58 1
endloop
endfacet
facet normal 0 -1 0
outer loop
vertex 284 57 0
vertex 298 57 0
vertex 298 57 1
endloop
endfacet
facet normal 0 -1 0
outer loop
vertex 284 57 0
vertex 298 57 1
vertex 284 57 1
endloop
endfacet
facet normal 1 0 0
outer loop
vertex 298 57 0
vertex 298 58 0
vertex 298 58 1
endloop
endfacet
facet normal 1 0 0
outer loop
vertex 298 57 0
vertex 298 58 1
vertex 298 57 1
endloop
endfacet
facet normal 0 1 0
outer loop
vertex 298 58 0
vertex 284 58 0
vertex 284 58 1
endloop
endfacet
facet normal 0 1 0
outer loop
vertex 298 58 0
vertex 284 58 1
vertex 298 58 1
endloop
endfacet
facet normal -1 0 0
outer loop
vertex 284 58 0
vertex 284 57 0
vertex 284 57 1
endloop
endfacet
facet normal -1 0 0
outer loop
vertex 284 58 0
vertex 284 57 1
vertex 284 58 1
endloop
endfacet
facet normal 0 0 -1
outer loop
vertex 318 57 0
vertex 323 58 0
vertex 323 57 0
endloop
endfacet
facet normal 0 0 -1
outer loop
vertex 318 57 0
vertex 318 58 0
vertex 323 58 0
endloop
endfacet
facet normal 0 0 1
outer loop
vertex 318 57 1
vertex 323 57 1
vertex 323 58 1
endloop
endfacet
facet normal 0 0 1
outer loop
vertex 318 57 1
vertex 323 58 1
vertex 318 58 1
endloop
endfacet
facet normal 0 -1 0
outer loop
vertex 318 57 0
vertex 323 57 0
vertex 323 57 1
endloop
endfacet
facet normal 0 -1 0
outer loop
vertex 318 57 0
vertex 323 57 1
vertex 318 57 1
endloop
endfacet
facet normal 1 0 0
outer loop
vertex 323 57 0
vertex 323 58 0
vertex 323 58 1
endloop
endfacet
facet normal 1 0 0
outer loop
vertex 323 57 0
vertex 323 58 1
vertex 323 57 1
endloop
endfacet
facet normal 0 1 0
outer loop
vertex 323 58 0
vertex 318 58 0
vertex 318 58 1
endloop
endfacet
facet normal 0 1 0
outer loop
vertex 323 58 0
vertex 318 58 1
vertex 323 58 1
endloop
endfacet
facet normal -1 0 0
outer loop
vertex 318 58 0
vertex 318 57 0
vertex 318 57 1
endloop
endfacet
facet normal -1 0 0
outer loop
vertex 318 58 0
vertex 318 57 1
vertex 318 58 1
endloop
endfacet
facet normal 0 0 -1
outer loop
vertex 65 56 0
vertex 71 57 0
vertex 71 56 0
endloop
endfacet
facet normal 0 0 -1
outer loop
vertex 65 56 0
vertex 65 57 0
vertex 71 57 0
endloop
endfacet
facet normal 0 0 1
outer loop
vertex 65 56 1
vertex 71 56 1
vertex 71 57 1
endloop
endfacet
facet normal 0 0 1
outer loop
vertex 65 56 1
vertex 71 57 1
vertex 65 57 1
endloop
endfacet
facet normal 0 -1 0
outer loop
vertex 65 56 0
vertex 71 56 0
vertex 71 56 1
endloop
endfacet
facet normal 0 -1 0
outer loop
vertex 65 56 0
vertex 71 56 1
vertex 65 56 1
endloop
endfacet
facet normal 1 0 0
outer loop
vertex 71 56 0
vertex 71 57 0
vertex 71 57 1
endloop
endfacet
facet normal 1 0 0
outer loop
vertex 71 56 0
vertex 71 57 1
vertex 71 56 1
endloop
endfacet
facet normal 0 1 0
outer loop
vertex 71 57 0
vertex 65 57 0
vertex 65 57 1
endloop
endfacet
facet normal 0 1 0
outer loop
vertex 71 57 0
vertex 65 57 1
vertex 71 57 1
endloop
endfacet
facet normal -1 0 0
outer loop
vertex 65 57 0
vertex 65 56 0
vertex 65 56 1
endloop
endfacet
facet normal -1 0 0
outer loop
vertex 65 57 0
vertex 65 56 1
vertex 65 57 1
endloop
endfacet
facet normal 0 0 -1
outer loop
vertex 135 56 0
vertex 140 57 0
vertex 140 56 0
endloop
endfacet
facet normal 0 0 -1
outer loop
vertex 135 56 0
vertex 135 57 0
vertex 140 57 0
endloop
endfacet
facet normal 0 0 1
outer loop
vertex 135 56 1
vertex 140 56 1
vertex 140 57 1
endloop
endfacet
facet normal 0 0 1
outer loop
vertex 135 56 1
vertex 140 57 1
vertex 135 57 1
endloop
endfacet
facet normal 0 -1 0
outer loop
vertex 135 56 0
vertex 140 56 0
vertex 140 56 1
endloop
endfacet
facet normal 0 -1 0
outer loop
vertex 135 56 0
vertex 140 56 1
vertex 135 56 1
endloop
endfacet
facet normal 1 0 0
outer loop
vertex 140 56 0
vertex 140 57 0
vertex 140 57 1
endloop
endfacet
facet normal 1 0 0
outer loop
vertex 140 56 0
vertex 140 57 1
vertex 140 56 1
endloop
endfacet
facet normal 0 1 0
outer loop
vertex 140 57 0
vertex 135 57 0
vertex 135 57 1
endloop
endfacet
facet normal 0 1 0
outer loop
vertex 140 57 0
vertex 135 57 1
vertex 140 57 1
endloop
endfacet
facet normal -1 0 0
outer loop
vertex 135 57 0
vertex 135 56 0
vertex 135 56 1
endloop
endfacet
facet normal -1 0 0
outer loop
vertex 135 57 0
vertex 135 56 1
vertex 135 57 1
endloop
endfacet
facet normal 0 0 -1
outer loop
vertex 172 56 0
vertex 185 57 0
vertex 185 56 0
endloop
endfacet
facet normal 0 0 -1
outer loop
vertex 172 56 0
vertex 172 57 0
vertex 185 57 0
endloop
endfacet
facet normal 0 0 1
outer loop
vertex 172 56 1
vertex 185 56 1
vertex 185 57 1
endloop
endfacet
facet normal 0 0 1
outer loop
vertex 172 56 1
vertex 185 57 1
vertex 172 57 1
endloop
endfacet
facet normal 0 -1 0
outer loop
vertex 172 56 0
vertex 185 56 0
vertex 185 56 1
endloop
endfacet
facet normal 0 -1 0
outer loop
vertex 172 56 0
vertex 185 56 1
vertex 172 56 1
endloop
endfacet
facet normal 1 0 0
outer loop
vertex 185 56 0
vertex 185 57 0
vertex 185 57 1
endloop
endfacet
facet normal 1 0 0
outer loop
vertex 185 56 0
vertex 185 57 1
vertex 185 56 1
endloop
endfacet
facet normal 0 1 0
outer loop
vertex 185 57 0
vertex 172 57 0
vertex 172 57 1
endloop
endfacet
facet normal 0 1 0
outer loop
vertex 185 57 0
vertex 172 57 1
vertex 185 57 1
endloop
endfacet
facet normal -1 0 0
outer loop
vertex 172 57 0
vertex 172 56 0
vertex 172 56 1
endloop
endfacet
facet normal -1 0 0
outer loop
vertex 172 57 0
vertex 172 56 1
vertex 172 57 1
endloop
endfacet
facet normal 0 0 -1
outer loop
vertex 227 56 0
vertex 232 57 0
vertex 232 56 0
endloop
endfacet
facet normal 0 0 -1
outer loop
vertex 227 56 0
vertex 227 57 0
vertex 232 57 0
endloop
endfacet
facet normal 0 0 1
outer loop
vertex 227 56 1
vertex 232 56 1
vertex 232 57 1
endloop
endfacet
facet normal 0 0 1
outer loop
vertex 227 56 1
vertex 232 57 1
vertex 227 57 1
endloop
endfacet
facet normal 0 -1 0
outer loop
vertex 227 56 0
vertex 232 56 0
vertex 232 56 1
endloop
endfacet
facet normal 0 -1 0
outer loop
vertex 227 56 0
vertex 232 56 1
vertex 227 56 1
endloop
endfacet
facet normal 1 0 0
outer loop
vertex 232 56 0
vertex 232 57 0
vertex 232 57 1
endloop
endfacet
facet normal 1 0 0
outer loop
vertex 232 56 0
vertex 232 57 1
vertex 232 56 1
endloop
endfacet
facet normal 0 1 0
outer loop
vertex 232 57 0
vertex 227 57 0
vertex 227 57 1
endloop
endfacet
facet normal 0 1 0
outer loop
vertex 232 57 0
vertex 227 57 1
vertex 232 57 1
endloop
endfacet
facet normal -1 0 0
outer loop
vertex 227 57 0
vertex 227 56 0
vertex 227 56 1
endloop
endfacet
facet normal -1 0 0
outer loop
vertex 227 57 0
vertex 227 56 1
vertex 227 57 1
endloop
endfacet
facet normal 0 0 -1
outer loop
vertex 235 56 0
vertex 239 57 0
vertex 239 56 0
endloop
endfacet
facet normal 0 0 -1
outer loop
vertex 235 56 0
vertex 235 57 0
vertex 239 57 0
endloop
endfacet
facet normal 0 0 1
outer loop
vertex 235 56 1
vertex 239 56 1
vertex 239 57 1
endloop
endfacet
facet normal 0 0 1
outer loop
vertex 235 56 1
vertex 239 57 1
vertex 235 57 1
endloop
endfacet
facet normal 0 -1 0
outer loop
vertex 235 56 0
vertex 239 56 0
vertex 239 56 1
endloop
endfacet
facet normal 0 -1 0
outer loop
vertex 235 56 0
vertex 239 56 1
vertex 235 56 1
endloop
endfacet
facet normal 1 0 0
outer loop
vertex 239 56 0
vertex 239 57 0
vertex 239 57 1
endloop
endfacet
facet normal 1 0 0
outer loop
vertex 239 56 0
vertex 239 57 1
vertex 239 56 1
endloop
endfacet
facet normal 0 1 0
outer loop
vertex 239 57 0
vertex 235 57 0
vertex 235 57 1
endloop
endfacet
facet normal 0 1 0
outer loop
vertex 239 57 0
vertex 235 57 1
vertex 239 57 1
endloop
endfacet
facet normal -1 0 0
outer loop
vertex 235 57 0
vertex 235 56 0
vertex 235 56 1
endloop
endfacet
facet normal -1 0 0
outer loop
vertex 235 57 0
vertex 235 56 1
vertex 235 57 1
endloop
endfacet
facet normal 0 0 -1
outer loop
vertex 284 56 0
vertex 300 57 0
vertex 300 56 0
endloop
endfacet
facet normal 0 0 -1
outer loop
vertex 284 56 0
vertex 284 57 0
vertex 300 57 0
endloop
endfacet
facet normal 0 0 1
outer loop
vertex 284 56 1
vertex 300 56 1
vertex 300 57 1
endloop
endfacet
facet normal 0 0 1
outer loop
vertex 284 56 1
vertex 300 57 1
vertex 284 57 1
endloop
endfacet
facet normal 0 -1 0
outer loop
vertex 284 56 0
vertex 300 56 0
vertex 300 56 1
endloop
endfacet
facet normal 0 -1 0
outer loop
vertex 284 56 0
vertex 300 56 1
vertex 284 56 1
endloop
endfacet
facet normal 1 0 0
outer loop
vertex 300 56 0
vertex 300 57 0
vertex 300 57 1
endloop
endfacet
facet normal 1 0 0
outer loop
vertex 300 56 0
vertex 300 57 1
vertex 300 56 1
endloop
endfacet
facet normal 0 1 0
outer loop
vertex 300 57 0
vertex 284 57 0
vertex 284 57 1
endloop
endfacet
facet normal 0 1 0
outer loop
vertex 300 57 0
vertex 284 57 1
vertex 300 57 1
endloop
endfacet
facet normal -1 0 0
outer loop
vertex 284 57 0
vertex 284 56 0
vertex 284 56 1
endloop
endfacet
facet normal -1 0 0
outer loop
vertex 284 57 0
vertex 284 56 1
vertex 284 57 1
endloop
endfacet
facet normal 0 0 -1
outer loop
vertex 318 56 0
vertex 323 57 0
vertex 323 56 0
endloop
endfacet
facet normal 0 0 -1
outer loop
vertex 318 56 0
vertex 318 57 0
vertex 323 57 0
endloop
endfacet
facet normal 0 0 1
outer loop
vertex 318 56 1
vertex 323 56 1
vertex 323 57 1
endloop
endfacet
facet normal 0 0 1
outer loop
vertex 318 56 1
vertex 323 57 1
vertex 318 57 1
endloop
endfacet
facet normal 0 -1 0
outer loop
vertex 318 56 0
vertex 323 56 0
vertex 323 56 1
endloop
endfacet
facet normal 0 -1 0
outer loop
vertex 318 56 0
vertex 323 56 1
vertex 318 56 1
endloop
endfacet
facet normal 1 0 0
outer loop
vertex 323 56 0
vertex 323 57 0
vertex 323 57 1
endloop
endfacet
facet normal 1 0 0
outer loop
vertex 323 56 0
vertex 323 57 1
vertex 323 56 1
endloop
endfacet
facet normal 0 1 0
outer loop
vertex 323 57 0
vertex 318 57 0
vertex 318 57 1
endloop
endfacet
facet normal 0 1 0
outer loop
vertex 323 57 0
vertex 318 57 1
vertex 323 57 1
endloop
endfacet
facet normal -1 0 0
outer loop
vertex 318 57 0
vertex 318 56 0
vertex 318 56 1
endloop
endfacet
facet normal -1 0 0
outer loop
vertex 318 57 0
vertex 318 56 1
vertex 318 57 1
endloop
endfacet
facet normal 0 0 -1
outer loop
vertex 65 55 0
vertex 71 56 0
vertex 71 55 0
endloop
endfacet
facet normal 0 0 -1
outer loop
vertex 65 55 0
vertex 65 56 0
vertex 71 56 0
endloop
endfacet
facet normal 0 0 1
outer loop
vertex 65 55 1
vertex 71 55 1
vertex 71 56 1
endloop
endfacet
facet normal 0 0 1
outer loop
vertex 65 55 1
vertex 71 56 1
vertex 65 56 1
endloop
endfacet
facet normal 0 -1 0
outer loop
vertex 65 55 0
vertex 71 55 0
vertex 71 55 1
endloop
endfacet
facet normal 0 -1 0
outer loop
vertex 65 55 0
vertex 71 55 1
vertex 65 55 1
endloop
endfacet
facet normal 1 0 0
outer loop
vertex 71 55 0
vertex 71 56 0
vertex 71 56 1
endloop
endfacet
facet normal 1 0 0
outer loop
vertex 71 55 0
vertex 71 56 1
vertex 71 55 1
endloop
endfacet
facet normal 0 1 0
outer loop
vertex 71 56 0
vertex 65 56 0
vertex 65 56 1
endloop
endfacet
facet normal 0 1 0
outer loop
vertex 71 56 0
vertex 65 56 1
vertex 71 56 1
endloop
endfacet
facet normal -1 0 0
outer loop
vertex 65 56 0
vertex 65 55 0
vertex 65 55 1
endloop
endfacet
facet normal -1 0 0
outer loop
vertex 65 56 0
vertex 65 55 1
vertex 65 56 1
endloop
endfacet
facet normal 0 0 -1
outer loop
vertex 135 55 0
vertex 140 56 0
vertex 140 55 0
endloop
endfacet
facet normal 0 0 -1
outer loop
vertex 135 55 0
vertex 135 56 0
vertex 140 56 0
endloop
endfacet
facet normal 0 0 1
outer loop
vertex 135 55 1
vertex 140 55 1
vertex 140 56 1
endloop
endfacet
facet normal 0 0 1
outer loop
vertex 135 55 1
vertex 140 56 1
vertex 135 56 1
endloop
endfacet
facet normal 0 -1 0
outer loop
vertex 135 55 0
vertex 140 55 0
vertex 140 55 1
endloop
endfacet
facet normal 0 -1 0
outer loop
vertex 135 55 0
vertex 140 55 1
vertex 135 55 1
endloop
endfacet
facet normal 1 0 0
outer loop
vertex 140 55 0
vertex 140 56 0
vertex 140 56 1
endloop
endfacet
facet normal 1 0 0
outer loop
vertex 140 55 0
vertex 140 56 1
vertex 140 55 1
endloop
endfacet
facet normal 0 1 0
outer loop
vertex 140 56 0
vertex 135 56 0
vertex 135 56 1
endloop
endfacet
facet normal 0 1 0
outer loop
vertex 140 56 0
vertex 135 56 1
vertex 140 56 1
endloop
endfacet
facet normal -1 0 0
outer loop
vertex 135 56 0
vertex 135 55 0
vertex 135 55 1
endloop
endfacet
facet normal -1 0 0
outer loop
vertex 135 56 0
vertex 135 55 1
vertex 135 56 1
endloop
endfacet
facet normal 0 0 -1
outer loop
vertex 171 55 0
vertex 186 56 0
vertex 186 55 0
endloop
endfacet
facet normal 0 0 -1
outer loop
vertex 171 55 0
vertex 171 56 0
vertex 186 56 0
endloop
endfacet
facet normal 0 0 1
outer loop
vertex 171 55 1
vertex 186 55 1
vertex 186 56 1
endloop
endfacet
facet normal 0 0 1
outer loop
vertex 171 55 1
vertex 186 56 1
vertex 171 56 1
endloop
endfacet
facet normal 0 -1 0
outer loop
vertex 171 55 0
vertex 186 55 0
vertex 186 55 1
endloop
endfacet
facet normal 0 -1 0
outer loop
vertex 171 55 0
vertex 186 55 1
vertex 171 55 1
endloop
endfacet
facet normal 1 0 0
outer loop
vertex 186 55 0
vertex 186 56 0
vertex 186 56 1
endloop
endfacet
facet normal 1 0 0
outer loop
vertex 186 55 0
vertex 186 56 1
vertex 186 55 1
endloop
endfacet
facet normal 0 1 0
outer loop
vertex 186 56 0
vertex 171 56 0
vertex 171 56 1
endloop
endfacet
facet normal 0 1 0
outer loop
vertex 186 56 0
vertex 171 56 1
vertex 186 56 1
endloop
endfacet
facet normal -1 0 0
outer loop
vertex 171 56 0
vertex 171 55 0
vertex 171 55 1
endloop
endfacet
facet normal -1 0 0
outer loop
vertex 171 56 0
vertex 171 55 1
vertex 171 56 1
endloop
endfacet
facet normal 0 0 -1
outer loop
vertex 227 55 0
vertex 232 56 0
vertex 232 55 0
endloop
endfacet
facet normal 0 0 -1
outer loop
vertex 227 55 0
vertex 227 56 0
vertex 232 56 0
endloop
endfacet
facet normal 0 0 1
outer loop
vertex 227 55 1
vertex 232 55 1
vertex 232 56 1
endloop
endfacet
facet normal 0 0 1
outer loop
vertex 227 55 1
vertex 232 56 1
vertex 227 56 1
endloop
endfacet
facet normal 0 -1 0
outer loop
vertex 227 55 0
vertex 232 55 0
vertex 232 55 1
endloop
endfacet
facet normal 0 -1 0
outer loop
vertex 227 55 0
vertex 232 55 1
vertex 227 55 1
endloop
endfacet
facet normal 1 0 0
outer loop
vertex 232 55 0
vertex 232 56 0
vertex 232 56 1
endloop
endfacet
facet normal 1 0 0
outer loop
vertex 232 55 0
vertex 232 56 1
vertex 232 55 1
endloop
endfacet
facet normal 0 1 0
outer loop
vertex 232 56 0
vertex 227 56 0
vertex 227 56 1
endloop
endfacet
facet normal 0 1 0
outer loop
vertex 232 56 0
vertex 227 56 1
vertex 232 56 1
endloop
endfacet
facet normal -1 0 0
outer loop
vertex 227 56 0
vertex 227 55 0
vertex 227 55 1
endloop
endfacet
facet normal -1 0 0
outer loop
vertex 227 56 0
vertex 227 55 1
vertex 227 56 1
endloop
endfacet
facet normal 0 0 -1
outer loop
vertex 235 55 0
vertex 239 56 0
vertex 239 55 0
endloop
endfacet
facet normal 0 0 -1
outer loop
vertex 235 55 0
vertex 235 56 0
vertex 239 56 0
endloop
endfacet
facet normal 0 0 1
outer loop
vertex 235 55 1
vertex 239 55 1
vertex 239 56 1
endloop
endfacet
facet normal 0 0 1
outer loop
vertex 235 55 1
vertex 239 56 1
vertex 235 56 1
endloop
endfacet
facet normal 0 -1 0
outer loop
vertex 235 55 0
vertex 239 55 0
vertex 239 55 1
endloop
endfacet
facet normal 0 -1 0
outer loop
vertex 235 55 0
vertex 239 55 1
vertex 235 55 1
endloop
endfacet
facet normal 1 0 0
outer loop
vertex 239 55 0
vertex 239 56 0
vertex 239 56 1
endloop
endfacet
facet normal 1 0 0
outer loop
vertex 239 55 0
vertex 239 56 1
vertex 239 55 1
endloop
endfacet
facet normal 0 1 0
outer loop
vertex 239 56 0
vertex 235 56 0
vertex 235 56 1
endloop
endfacet
facet normal 0 1 0
outer loop
vertex 239 56 0
vertex 235 56 1
vertex 239 56 1
endloop
endfacet
facet normal -1 0 0
outer loop
vertex 235 56 0
vertex 235 55 0
vertex 235 55 1
endloop
endfacet
facet normal -1 0 0
outer loop
vertex 235 56 0
vertex 235 55 1
vertex 235 56 1
endloop
endfacet
facet normal 0 0 -1
outer loop
vertex 284 55 0
vertex 301 56 0
vertex 301 55 0
endloop
endfacet
facet normal 0 0 -1
outer loop
vertex 284 55 0
vertex 284 56 0
vertex 301 56 0
endloop
endfacet
facet normal 0 0 1
outer loop
vertex 284 55 1
vertex 301 55 1
vertex 301 56 1
endloop
endfacet
facet normal 0 0 1
outer loop
vertex 284 55 1
vertex 301 56 1
vertex 284 56 1
endloop
endfacet
facet normal 0 -1 0
outer loop
vertex 284 55 0
vertex 301 55 0
vertex 301 55 1
endloop
endfacet
facet normal 0 -1 0
outer loop
vertex 284 55 0
vertex 301 55 1
vertex 284 55 1
endloop
endfacet
facet normal 1 0 0
outer loop
vertex 301 55 0
vertex 301 56 0
vertex 301 56 1
endloop
endfacet
facet normal 1 0 0
outer loop
vertex 301 55 0
vertex 301 56 1
vertex 301 55 1
endloop
endfacet
facet normal 0 1 0
outer loop
vertex 301 56 0
vertex 284 56 0
vertex 284 56 1
endloop
endfacet
facet normal 0 1 0
outer loop
vertex 301 56 0
vertex 284 56 1
vertex 301 56 1
endloop
endfacet
facet normal -1 0 0
outer loop
vertex 284 56 0
vertex 284 55 0
vertex 284 55 1
endloop
endfacet
facet normal -1 0 0
outer loop
vertex 284 56 0
vertex 284 55 1
vertex 284 56 1
endloop
endfacet
facet normal 0 0 -1
outer loop
vertex 318 55 0
vertex 323 56 0
vertex 323 55 0
endloop
endfacet
facet normal 0 0 -1
outer loop
vertex 318 55 0
vertex 318 56 0
vertex 323 56 0
endloop
endfacet
facet normal 0 0 1
outer loop
vertex 318 55 1
vertex 323 55 1
vertex 323 56 1
endloop
endfacet
facet normal 0 0 1
outer loop
vertex 318 55 1
vertex 323 56 1
vertex 318 56 1
endloop
endfacet
facet normal 0 -1 0
outer loop
vertex 318 55 0
vertex 323 55 0
vertex 323 55 1
endloop
endfacet
facet normal 0 -1 0
outer loop
vertex 318 55 0
vertex 323 55 1
vertex 318 55 1
endloop
endfacet
facet normal 1 0 0
outer loop
vertex 323 55 0
vertex 323 56 0
vertex 323 56 1
endloop
endfacet
facet normal 1 0 0
outer loop
vertex 323 55 0
vertex 323 56 1
vertex 323 55 1
endloop
endfacet
facet normal 0 1 0
outer loop
vertex 323 56 0
vertex 318 56 0
vertex 318 56 1
endloop
endfacet
facet normal 0 1 0
outer loop
vertex 323 56 0
vertex 318 56 1
vertex 323 56 1
endloop
endfacet
facet normal -1 0 0
outer loop
vertex 318 56 0
vertex 318 55 0
vertex 318 55 1
endloop
endfacet
facet normal -1 0 0
outer loop
vertex 318 56 0
vertex 318 55 1
vertex 318 56 1
endloop
endfacet
facet normal 0 0 -1
outer loop
vertex 65 54 0
vertex 71 55 0
vertex 71 54 0
endloop
endfacet
facet normal 0 0 -1
outer loop
vertex 65 54 0
vertex 65 55 0
vertex 71 55 0
endloop
endfacet
facet normal 0 0 1
outer loop
vertex 65 54 1
vertex 71 54 1
vertex 71 55 1
endloop
endfacet
facet normal 0 0 1
outer loop
vertex 65 54 1
vertex 71 55 1
vertex 65 55 1
endloop
endfacet
facet normal 0 -1 0
outer loop
vertex 65 54 0
vertex 71 54 0
vertex 71 54 1
endloop
endfacet
facet normal 0 -1 0
outer loop
vertex 65 54 0
vertex 71 54 1
vertex 65 54 1
endloop
endfacet
facet normal 1 0 0
outer loop
vertex 71 54 0
vertex 71 55 0
vertex 71 55 1
endloop
endfacet
facet normal 1 0 0
outer loop
vertex 71 54 0
vertex 71 55 1
vertex 71 54 1
endloop
endfacet
facet normal 0 1 0
outer loop
vertex 71 55 0
vertex 65 55 0
vertex 65 55 1
endloop
endfacet
facet normal 0 1 0
outer loop
vertex 71 55 0
vertex 65 55 1
vertex 71 55 1
endloop
endfacet
facet normal -1 0 0
outer loop
vertex 65 55 0
vertex 65 54 0
vertex 65 54 1
endloop
endfacet
facet normal -1 0 0
outer loop
vertex 65 55 0
vertex 65 54 1
vertex 65 55 1
endloop
endfacet
facet normal 0 0 -1
outer loop
vertex 135 54 0
vertex 140 55 0
vertex 140 54 0
endloop
endfacet
facet normal 0 0 -1
outer loop
vertex 135 54 0
vertex 135 55 0
vertex 140 55 0
endloop
endfacet
facet normal 0 0 1
outer loop
vertex 135 54 1
vertex 140 54 1
vertex 140 55 1
endloop
endfacet
facet normal 0 0 1
outer loop
vertex 135 54 1
vertex 140 55 1
vertex 135 55 1
endloop
endfacet
facet normal 0 -1 0
outer loop
vertex 135 54 0
vertex 140 54 0
vertex 140 54 1
endloop
endfacet
facet normal 0 -1 0
outer loop
vertex 135 54 0
vertex 140 54 1
vertex 135 54 1
endloop
endfacet
facet normal 1 0 0
outer loop
vertex 140 54 0
vertex 140 55 0
vertex 140 55 1
endloop
endfacet
facet normal 1 0 0
outer loop
vertex 140 54 0
vertex 140 55 1
vertex 140 54 1
endloop
endfacet
facet normal 0 1 0
outer loop
vertex 140 55 0
vertex 135 55 0
vertex 135 55 1
endloop
endfacet
facet normal 0 1 0
outer loop
vertex 140 55 0
vertex 135 55 1
vertex 140 55 1
endloop
endfacet
facet normal -1 0 0
outer loop
vertex 135 55 0
vertex 135 54 0
vertex 135 54 1
endloop
endfacet
facet normal -1 0 0
outer loop
vertex 135 55 0
vertex 135 54 1
vertex 135 55 1
endloop
endfacet
facet normal 0 0 -1
outer loop
vertex 170 54 0
vertex 187 55 0
vertex 187 54 0
endloop
endfacet
facet normal 0 0 -1
outer loop
vertex 170 54 0
vertex 170 55 0
vertex 187 55 0
endloop
endfacet
facet normal 0 0 1
outer loop
vertex 170 54 1
vertex 187 54 1
vertex 187 55 1
endloop
endfacet
facet normal 0 0 1
outer loop
vertex 170 54 1
vertex 187 55 1
vertex 170 55 1
endloop
endfacet
facet normal 0 -1 0
outer loop
vertex 170 54 0
vertex 187 54 0
vertex 187 54 1
endloop
endfacet
facet normal 0 -1 0
outer loop
vertex 170 54 0
vertex 187 54 1
vertex 170 54 1
endloop
endfacet
facet normal 1 0 0
outer loop
vertex 187 54 0
vertex 187 55 0
vertex 187 55 1
endloop
endfacet
facet normal 1 0 0
outer loop
vertex 187 54 0
vertex 187 55 1
vertex 187 54 1
endloop
endfacet
facet normal 0 1 0
outer loop
vertex 187 55 0
vertex 170 55 0
vertex 170 55 1
endloop
endfacet
facet normal 0 1 0
outer loop
vertex 187 55 0
vertex 170 55 1
vertex 187 55 1
endloop
endfacet
facet normal -1 0 0
outer loop
vertex 170 55 0
vertex 170 54 0
vertex 170 54 1
endloop
endfacet
facet normal -1 0 0
outer loop
vertex 170 55 0
vertex 170 54 1
vertex 170 55 1
endloop
endfacet
facet normal 0 0 -1
outer loop
vertex 227 54 0
vertex 232 55 0
vertex 232 54 0
endloop
endfacet
facet normal 0 0 -1
outer loop
vertex 227 54 0
vertex 227 55 0
vertex 232 55 0
endloop
endfacet
facet normal 0 0 1
outer loop
vertex 227 54 1
vertex 232 54 1
vertex 232 55 1
endloop
endfacet
facet normal 0 0 1
outer loop
vertex 227 54 1
vertex 232 55 1
vertex 227 55 1
endloop
endfacet
facet normal 0 -1 0
outer loop
vertex 227 54 0
vertex 232 54 0
vertex 232 54 1
endloop
endfacet
facet normal 0 -1 0
outer loop
vertex 227 54 0
vertex 232 54 1
vertex 227 54 1
endloop
endfacet
facet normal 1 0 0
outer loop
vertex 232 54 0
vertex 232 55 0
vertex 232 55 1
endloop
endfacet
facet normal 1 0 0
outer loop
vertex 232 54 0
vertex 232 55 1
vertex 232 54 1
endloop
endfacet
facet normal 0 1 0
outer loop
vertex 232 55 0
vertex 227 55 0
vertex 227 55 1
endloop
endfacet
facet normal 0 1 0
outer loop
vertex 232 55 0
vertex 227 55 1
vertex 232 55 1
endloop
endfacet
facet normal -1 0 0
outer loop
vertex 227 55 0
vertex 227 54 0
vertex 227 54 1
endloop
endfacet
facet normal -1 0 0
outer loop
vertex 227 55 0
vertex 227 54 1
vertex 227 55 1
endloop
endfacet
facet normal 0 0 -1
outer loop
vertex 235 54 0
vertex 239 55 0
vertex 239 54 0
endloop
endfacet
facet normal 0 0 -1
outer loop
vertex 235 54 0
vertex 235 55 0
vertex 239 55 0
endloop
endfacet
facet normal 0 0 1
outer loop
vertex 235 54 1
vertex 239 54 1
vertex 239 55 1
endloop
endfacet
facet normal 0 0 1
outer loop
vertex 235 54 1
vertex 239 55 1
vertex 235 55 1
endloop
endfacet
facet normal 0 -1 0
outer loop
vertex 235 54 0
vertex 239 54 0
vertex 239 54 1
endloop
endfacet
facet normal 0 -1 0
outer loop
vertex 235 54 0
vertex 239 54 1
vertex 235 54 1
endloop
endfacet
facet normal 1 0 0
outer loop
vertex 239 54 0
vertex 239 55 0
vertex 239 55 1
endloop
endfacet
facet normal 1 0 0
outer loop
vertex 239 54 0
vertex 239 55 1
vertex 239 54 1
endloop
endfacet
facet normal 0 1 0
outer loop
vertex 239 55 0
vertex 235 55 0
vertex 235 55 1
endloop
endfacet
facet normal 0 1 0
outer loop
vertex 239 55 0
vertex 235 55 1
vertex 239 55 1
endloop
endfacet
facet normal -1 0 0
outer loop
vertex 235 55 0
vertex 235 54 0
vertex 235 54 1
endloop
endfacet
facet normal -1 0 0
outer loop
vertex 235 55 0
vertex 235 54 1
vertex 235 55 1
endloop
endfacet
facet normal 0 0 -1
outer loop
vertex 284 54 0
vertex 302 55 0
vertex 302 54 0
endloop
endfacet
facet normal 0 0 -1
outer loop
vertex 284 54 0
vertex 284 55 0
vertex 302 55 0
endloop
endfacet
facet normal 0 0 1
outer loop
vertex 284 54 1
vertex 302 54 1
vertex 302 55 1
endloop
endfacet
facet normal 0 0 1
outer loop
vertex 284 54 1
vertex 302 55 1
vertex 284 55 1
endloop
endfacet
facet normal 0 -1 0
outer loop
vertex 284 54 0
vertex 302 54 0
vertex 302 54 1
endloop
endfacet
facet normal 0 -1 0
outer loop
vertex 284 54 0
vertex 302 54 1
vertex 284 54 1
endloop
endfacet
facet normal 1 0 0
outer loop
vertex 302 54 0
vertex 302 55 0
vertex 302 55 1
endloop
endfacet
facet normal 1 0 0
outer loop
vertex 302 54 0
vertex 302 55 1
vertex 302 54 1
endloop
endfacet
facet normal 0 1 0
outer loop
vertex 302 55 0
vertex 284 55 0
vertex 284 55 1
endloop
endfacet
facet normal 0 1 0
outer loop
vertex 302 55 0
vertex 284 55 1
vertex 302 55 1
endloop
endfacet
facet normal -1 0 0
outer loop
vertex 284 55 0
vertex 284 54 0
vertex 284 54 1
endloop
endfacet
facet normal -1 0 0
outer loop
vertex 284 55 0
vertex 284 54 1
vertex 284 55 1
endloop
endfacet
facet normal 0 0 -1
outer loop
vertex 318 54 0
vertex 323 55 0
vertex 323 54 0
endloop
endfacet
facet normal 0 0 -1
outer loop
vertex 318 54 0
vertex 318 55 0
vertex 323 55 0
endloop
endfacet
facet normal 0 0 1
outer loop
vertex 318 54 1
vertex 323 54 1
vertex 323 55 1
endloop
endfacet
facet normal 0 0 1
outer loop
vertex 318 54 1
vertex 323 55 1
vertex 318 55 1
endloop
endfacet
facet normal 0 -1 0
outer loop
vertex 318 54 0
vertex 323 54 0
vertex 323 54 1
endloop
endfacet
facet normal 0 -1 0
outer loop
vertex 318 54 0
vertex 323 54 1
vertex 318 54 1
endloop
endfacet
facet normal 1 0 0
outer loop
vertex 323 54 0
vertex 323 55 0
vertex 323 55 1
endloop
endfacet
facet normal 1 0 0
outer loop
vertex 323 54 0
vertex 323 55 1
vertex 323 54 1
endloop
endfacet
facet normal 0 1 0
outer loop
vertex 323 55 0
vertex 318 55 0
vertex 318 55 1
endloop
endfacet
facet normal 0 1 0
outer loop
vertex 323 55 0
vertex 318 55 1
vertex 323 55 1
endloop
endfacet
facet normal -1 0 0
outer loop
vertex 318 55 0
vertex 318 54 0
vertex 318 54 1
endloop
endfacet
facet normal -1 0 0
outer loop
vertex 318 55 0
vertex 318 54 1
vertex 318 55 1
endloop
endfacet
facet normal 0 0 -1
outer loop
vertex 65 53 0
vertex 71 54 0
vertex 71 53 0
endloop
endfacet
facet normal 0 0 -1
outer loop
vertex 65 53 0
vertex 65 54 0
vertex 71 54 0
endloop
endfacet
facet normal 0 0 1
outer loop
vertex 65 53 1
vertex 71 53 1
vertex 71 54 1
endloop
endfacet
facet normal 0 0 1
outer loop
vertex 65 53 1
vertex 71 54 1
vertex 65 54 1
endloop
endfacet
facet normal 0 -1 0
outer loop
vertex 65 53 0
vertex 71 53 0
vertex 71 53 1
endloop
endfacet
facet normal 0 -1 0
outer loop
vertex 65 53 0
vertex 71 53 1
vertex 65 53 1
endloop
endfacet
facet normal 1 0 0
outer loop
vertex 71 53 0
vertex 71 54 0
vertex 71 54 1
endloop
endfacet
facet normal 1 0 0
outer loop
vertex 71 53 0
vertex 71 54 1
vertex 71 53 1
endloop
endfacet
facet normal 0 1 0
outer loop
vertex 71 54 0
vertex 65 54 0
vertex 65 54 1
endloop
endfacet
facet normal 0 1 0
outer loop
vertex 71 54 0
vertex 65 54 1
vertex 71 54 1
endloop
endfacet
facet normal -1 0 0
outer loop
vertex 65 54 0
vertex 65 53 0
vertex 65 53 1
endloop
endfacet
facet normal -1 0 0
outer loop
vertex 65 54 0
vertex 65 53 1
vertex 65 54 1
endloop
endfacet
facet normal 0 0 -1
outer loop
vertex 135 53 0
vertex 140 54 0
vertex 140 53 0
endloop
endfacet
facet normal 0 0 -1
outer loop
vertex 135 53 0
vertex 135 54 0
vertex 140 54 0
endloop
endfacet
facet normal 0 0 1
outer loop
vertex 135 53 1
vertex 140 53 1
vertex 140 54 1
endloop
endfacet
facet normal 0 0 1
outer loop
vertex 135 53 1
vertex 140 54 1
vertex 135 54 1
endloop
endfacet
facet normal 0 -1 0
outer loop
vertex 135 53 0
vertex 140 53 0
vertex 140 53 1
endloop
endfacet
facet normal 0 -1 0
outer loop
vertex 135 53 0
vertex 140 53 1
vertex 135 53 1
endloop
endfacet
facet normal 1 0 0
outer loop
vertex 140 53 0
vertex 140 54 0
vertex 140 54 1
endloop
endfacet
facet normal 1 0 0
outer loop
vertex 140 53 0
vertex 140 54 1
vertex 140 53 1
endloop
endfacet
facet normal 0 1 0
outer loop
vertex 140 54 0
vertex 135 54 0
vertex 135 54 1
endloop
endfacet
facet normal 0 1 0
outer loop
vertex 140 54 0
vertex 135 54 1
vertex 140 54 1
endloop
endfacet
facet normal -1 0 0
outer loop
vertex 135 54 0
vertex 135 53 0
vertex 135 53 1
endloop
endfacet
facet normal -1 0 0
outer loop
vertex 135 54 0
vertex 135 53 1
vertex 135 54 1
endloop
endfacet
facet normal 0 0 -1
outer loop
vertex 169 53 0
vertex 176 54 0
vertex 176 53 0
endloop
endfacet
facet normal 0 0 -1
outer loop
vertex 169 53 0
vertex 169 54 0
vertex 176 54 0
endloop
endfacet
facet normal 0 0 1
outer loop
vertex 169 53 1
vertex 176 53 1
vertex 176 54 1
endloop
endfacet
facet normal 0 0 1
outer loop
vertex 169 53 1
vertex 176 54 1
vertex 169 54 1
endloop
endfacet
facet normal 0 -1 0
outer loop
vertex 169 53 0
vertex 176 53 0
vertex 176 53 1
endloop
endfacet
facet normal 0 -1 0
outer loop
vertex 169 53 0
vertex 176 53 1
vertex 169 53 1
endloop
endfacet
facet normal 1 0 0
outer loop
vertex 176 53 0
vertex 176 54 0
vertex 176 54 1
endloop
endfacet
facet normal 1 0 0
outer loop
vertex 176 53 0
vertex 176 54 1
vertex 176 53 1
endloop
endfacet
facet normal 0 1 0
outer loop
vertex 176 54 0
vertex 169 54 0
vertex 169 54 1
endloop
endfacet
facet normal 0 1 0
outer loop
vertex 176 54 0
vertex 169 54 1
vertex 176 54 1
endloop
endfacet
facet normal -1 0 0
outer loop
vertex 169 54 0
vertex 169 53 0
vertex 169 53 1
endloop
endfacet
facet normal -1 0 0
outer loop
vertex 169 54 0
vertex 169 53 1
vertex 169 54 1
endloop
endfacet
facet normal 0 0 -1
outer loop
vertex 180 53 0
vertex 187 54 0
vertex 187 53 0
endloop
endfacet
facet normal 0 0 -1
outer loop
vertex 180 53 0
vertex 180 54 0
vertex 187 54 0
endloop
endfacet
facet normal 0 0 1
outer loop
vertex 180 53 1
vertex 187 53 1
vertex 187 54 1
endloop
endfacet
facet normal 0 0 1
outer loop
vertex 180 53 1
vertex 187 54 1
vertex 180 54 1
endloop
endfacet
facet normal 0 -1 0
outer loop
vertex 180 53 0
vertex 187 53 0
vertex 187 53 1
endloop
endfacet
facet normal 0 -1 0
outer loop
vertex 180 53 0
vertex 187 53 1
vertex 180 53 1
endloop
endfacet
facet normal 1 0 0
outer loop
vertex 187 53 0
vertex 187 54 0
vertex 187 54 1
endloop
endfacet
facet normal 1 0 0
outer loop
vertex 187 53 0
vertex 187 54 1
vertex 187 53 1
endloop
endfacet
facet normal 0 1 0
outer loop
vertex 187 54 0
vertex 180 54 0
vertex 180 54 1
endloop
endfacet
facet normal 0 1 0
outer loop
vertex 187 54 0
vertex 180 54 1
vertex 187 54 1
endloop
endfacet
facet normal -1 0 0
outer loop
vertex 180 54 0
vertex 180 53 0
vertex 180 53 1
endloop
endfacet
facet normal -1 0 0
outer loop
vertex 180 54 0
vertex 180 53 1
vertex 180 54 1
endloop
endfacet
facet normal 0 0 -1
outer loop
vertex 227 53 0
vertex 232 54 0
vertex 232 53 0
endloop
endfacet
facet normal 0 0 -1
outer loop
vertex 227 53 0
vertex 227 54 0
vertex 232 54 0
endloop
endfacet
facet normal 0 0 1
outer loop
vertex 227 53 1
vertex 232 53 1
vertex 232 54 1
endloop
endfacet
facet normal 0 0 1
outer loop
vertex 227 53 1
vertex 232 54 1
vertex 227 54 1
endloop
endfacet
facet normal 0 -1 0
outer loop
vertex 227 53 0
vertex 232 53 0
vertex 232 53 1
endloop
endfacet
facet normal 0 -1 0
outer loop
vertex 227 53 0
vertex 232 53 1
vertex 227 53 1
endloop
endfacet
facet normal 1 0 0
outer loop
vertex 232 53 0
vertex 232 54 0
vertex 232 54 1
endloop
endfacet
facet normal 1 0 0
outer loop
vertex 232 53 0
vertex 232 54 1
vertex 232 53 1
endloop
endfacet
facet normal 0 1 0
outer loop
vertex 232 54 0
vertex 227 54 0
vertex 227 54 1
endloop
endfacet
facet normal 0 1 0
outer loop
vertex 232 54 0
vertex 227 54 1
vertex 232 54 1
endloop
endfacet
facet normal -1 0 0
outer loop
vertex 227 54 0
vertex 227 53 0
vertex 227 53 1
endloop
endfacet
facet normal -1 0 0
outer loop
vertex 227 54 0
vertex 227 53 1
vertex 227 54 1
endloop
endfacet
facet normal 0 0 -1
outer loop
vertex 235 53 0
vertex 239 54 0
vertex 239 53 0
endloop
endfacet
facet normal 0 0 -1
outer loop
vertex 235 53 0
vertex 235 54 0
vertex 239 54 0
endloop
endfacet
facet normal 0 0 1
outer loop
vertex 235 53 1
vertex 239 53 1
vertex 239 54 1
endloop
endfacet
facet normal 0 0 1
outer loop
vertex 235 53 1
vertex 239 54 1
vertex 235 54 1
endloop
endfacet
facet normal 0 -1 0
outer loop
vertex 235 53 0
vertex 239 53 0
vertex 239 53 1
endloop
endfacet
facet normal 0 -1 0
outer loop
vertex 235 53 0
vertex 239 53 1
vertex 235 53 1
endloop
endfacet
facet normal 1 0 0
outer loop
vertex 239 53 0
vertex 239 54 0
vertex 239 54 1
endloop
endfacet
facet normal 1 0 0
outer loop
vertex 239 53 0
vertex 239 54 1
vertex 239 53 1
endloop
endfacet
facet normal 0 1 0
outer loop
vertex 239 54 0
vertex 235 54 0
vertex 235 54 1
endloop
endfacet
facet normal 0 1 0
outer loop
vertex 239 54 0
vertex 235 54 1
vertex 239 54 1
endloop
endfacet
facet normal -1 0 0
outer loop
vertex 235 54 0
vertex 235 53 0
vertex 235 53 1
endloop
endfacet
facet normal -1 0 0
outer loop
vertex 235 54 0
vertex 235 53 1
vertex 235 54 1
endloop
endfacet
facet normal 0 0 -1
outer loop
vertex 284 53 0
vertex 290 54 0
vertex 290 53 0
endloop
endfacet
facet normal 0 0 -1
outer loop
vertex 284 53 0
vertex 284 54 0
vertex 290 54 0
endloop
endfacet
facet normal 0 0 1
outer loop
vertex 284 53 1
vertex 290 53 1
vertex 290 54 1
endloop
endfacet
facet normal 0 0 1
outer loop
vertex 284 53 1
vertex 290 54 1
vertex 284 54 1
endloop
endfacet
facet normal 0 -1 0
outer loop
vertex 284 53 0
vertex 290 53 0
vertex 290 53 1
endloop
endfacet
facet normal 0 -1 0
outer loop
vertex 284 53 0
vertex 290 53 1
vertex 284 53 1
endloop
endfacet
facet normal 1 0 0
outer loop
vertex 290 53 0
vertex 290 54 0
vertex 290 54 1
endloop
endfacet
facet normal 1 0 0
outer loop
vertex 290 53 0
vertex 290 54 1
vertex 290 53 1
endloop
endfacet
facet normal 0 1 0
outer loop
vertex 290 54 0
vertex 284 54 0
vertex 284 54 1
endloop
endfacet
facet normal 0 1 0
outer loop
vertex 290 54 0
vertex 284 54 1
vertex 290 54 1
endloop
endfacet
facet normal -1 0 0
outer loop
vertex 284 54 0
vertex 284 53 0
vertex 284 53 1
endloop
endfacet
facet normal -1 0 0
outer loop
vertex 284 54 0
vertex 284 53 1
vertex 284 54 1
endloop
endfacet
facet normal 0 0 -1
outer loop
vertex 294 53 0
vertex 302 54 0
vertex 302 53 0
endloop
endfacet
facet normal 0 0 -1
outer loop
vertex 294 53 0
vertex 294 54 0
vertex 302 54 0
endloop
endfacet
facet normal 0 0 1
outer loop
vertex 294 53 1
vertex 302 53 1
vertex 302 54 1
endloop
endfacet
facet normal 0 0 1
outer loop
vertex 294 53 1
vertex 302 54 1
vertex 294 54 1
endloop
endfacet
facet normal 0 -1 0
outer loop
vertex 294 53 0
vertex 302 53 0
vertex 302 53 1
endloop
endfacet
facet normal 0 -1 0
outer loop
vertex 294 53 0
vertex 302 53 1
vertex 294 53 1
endloop
endfacet
facet normal 1 0 0
outer loop
vertex 302 53 0
vertex 302 54 0
vertex 302 54 1
endloop
endfacet
facet normal 1 0 0
outer loop
vertex 302 53 0
vertex 302 54 1
vertex 302 53 1
endloop
endfacet
facet normal 0 1 0
outer loop
vertex 302 54 0
vertex 294 54 0
vertex 294 54 1
endloop
endfacet
facet normal 0 1 0
outer loop
vertex 302 54 0
vertex 294 54 1
vertex 302 54 1
endloop
endfacet
facet normal -1 0 0
outer loop
vertex 294 54 0
vertex 294 53 0
vertex 294 53 1
endloop
endfacet
facet normal -1 0 0
outer loop
vertex 294 54 0
vertex 294 53 1
vertex 294 54 1
endloop
endfacet
facet normal 0 0 -1
outer loop
vertex 65 52 0
vertex 71 53 0
vertex 71 52 0
endloop
endfacet
facet normal 0 0 -1
outer loop
vertex 65 52 0
vertex 65 53 0
vertex 71 53 0
endloop
endfacet
facet normal 0 0 1
outer loop
vertex 65 52 1
vertex 71 52 1
vertex 71 53 1
endloop
endfacet
facet normal 0 0 1
outer loop
vertex 65 52 1
vertex 71 53 1
vertex 65 53 1
endloop
endfacet
facet normal 0 -1 0
outer loop
vertex 65 52 0
vertex 71 52 0
vertex 71 52 1
endloop
endfacet
facet normal 0 -1 0
outer loop
vertex 65 52 0
vertex 71 52 1
vertex 65 52 1
endloop
endfacet
facet normal 1 0 0
outer loop
vertex 71 52 0
vertex 71 53 0
vertex 71 53 1
endloop
endfacet
facet normal 1 0 0
outer loop
vertex 71 52 0
vertex 71 53 1
vertex 71 52 1
endloop
endfacet
facet normal 0 1 0
outer loop
vertex 71 53 0
vertex 65 53 0
vertex 65 53 1
endloop
endfacet
facet normal 0 1 0
outer loop
vertex 71 53 0
vertex 65 53 1
vertex 71 53 1
endloop
endfacet
facet normal -1 0 0
outer loop
vertex 65 53 0
vertex 65 52 0
vertex 65 52 1
endloop
endfacet
facet normal -1 0 0
outer loop
vertex 65 53 0
vertex 65 52 1
vertex 65 53 1
endloop
endfacet
facet normal 0 0 -1
outer loop
vertex 87 52 0
vertex 95 53 0
vertex 95 52 0
endloop
endfacet
facet normal 0 0 -1
outer loop
vertex 87 52 0
vertex 87 53 0
vertex 95 53 0
endloop
endfacet
facet normal 0 0 1
outer loop
vertex 87 52 1
vertex 95 52 1
vertex 95 53 1
endloop
endfacet
facet normal 0 0 1
outer loop
vertex 87 52 1
vertex 95 53 1
vertex 87 53 1
endloop
endfacet
facet normal 0 -1 0
outer loop
vertex 87 52 0
vertex 95 52 0
vertex 95 52 1
endloop
endfacet
facet normal 0 -1 0
outer loop
vertex 87 52 0
vertex 95 52 1
vertex 87 52 1
endloop
endfacet
facet normal 1 0 0
outer loop
vertex 95 52 0
vertex 95 53 0
vertex 95 53 1
endloop
endfacet
facet normal 1 0 0
outer loop
vertex 95 52 0
vertex 95 53 1
vertex 95 52 1
endloop
endfacet
facet normal 0 1 0
outer loop
vertex 95 53 0
vertex 87 53 0
vertex 87 53 1
endloop
endfacet
facet normal 0 1 0
outer loop
vertex 95 53 0
vertex 87 53 1
vertex 95 53 1
endloop
endfacet
facet normal -1 0 0
outer loop
vertex 87 53 0
vertex 87 52 0
vertex 87 52 1
endloop
endfacet
facet normal -1 0 0
outer loop
vertex 87 53 0
vertex 87 52 1
vertex 87 53 1
endloop
endfacet
facet normal 0 0 -1
outer loop
vertex 101 52 0
vertex 106 53 0
vertex 106 52 0
endloop
endfacet
facet normal 0 0 -1
outer loop
vertex 101 52 0
vertex 101 53 0
vertex 106 53 0
endloop
endfacet
facet normal 0 0 1
outer loop
vertex 101 52 1
vertex 106 52 1
vertex 106 53 1
endloop
endfacet
facet normal 0 0 1
outer loop
vertex 101 52 1
vertex 106 53 1
vertex 101 53 1
endloop
endfacet
facet normal 0 -1 0
outer loop
vertex 101 52 0
vertex 106 52 0
vertex 106 52 1
endloop
endfacet
facet normal 0 -1 0
outer loop
vertex 101 52 0
vertex 106 52 1
vertex 101 52 1
endloop
endfacet
facet normal 1 0 0
outer loop
vertex 106 52 0
vertex 106 53 0
vertex 106 53 1
endloop
endfacet
facet normal 1 0 0
outer loop
vertex 106 52 0
vertex 106 53 1
vertex 106 52 1
endloop
endfacet
facet normal 0 1 0
outer loop
vertex 106 53 0
vertex 101 53 0
vertex 101 53 1
endloop
endfacet
facet normal 0 1 0
outer loop
vertex 106 53 0
vertex 101 53 1
vertex 106 53 1
endloop
endfacet
facet normal -1 0 0
outer loop
vertex 101 53 0
vertex 101 52 0
vertex 101 52 1
endloop
endfacet
facet normal -1 0 0
outer loop
vertex 101 53 0
vertex 101 52 1
vertex 101 53 1
endloop
endfacet
facet normal 0 0 -1
outer loop
vertex 112 52 0
vertex 117 53 0
vertex 117 52 0
endloop
endfacet
facet normal 0 0 -1
outer loop
vertex 112 52 0
vertex 112 53 0
vertex 117 53 0
endloop
endfacet
facet normal 0 0 1
outer loop
vertex 112 52 1
vertex 117 52 1
vertex 117 53 1
endloop
endfacet
facet normal 0 0 1
outer loop
vertex 112 52 1
vertex 117 53 1
vertex 112 53 1
endloop
endfacet
facet normal 0 -1 0
outer loop
vertex 112 52 0
vertex 117 52 0
vertex 117 52 1
endloop
endfacet
facet normal 0 -1 0
outer loop
vertex 112 52 0
vertex 117 52 1
vertex 112 52 1
endloop
endfacet
facet normal 1 0 0
outer loop
vertex 117 52 0
vertex 117 53 0
vertex 117 53 1
endloop
endfacet
facet normal 1 0 0
outer loop
vertex 117 52 0
vertex 117 53 1
vertex 117 52 1
endloop
endfacet
facet normal 0 1 0
outer loop
vertex 117 53 0
vertex 112 53 0
vertex 112 53 1
endloop
endfacet
facet normal 0 1 0
outer loop
vertex 117 53 0
vertex 112 53 1
vertex 117 53 1
endloop
endfacet
facet normal -1 0 0
outer loop
vertex 112 53 0
vertex 112 52 0
vertex 112 52 1
endloop
endfacet
facet normal -1 0 0
outer loop
vertex 112 53 0
vertex 112 52 1
vertex 112 53 1
endloop
endfacet
facet normal 0 0 -1
outer loop
vertex 122 52 0
vertex 129 53 0
vertex 129 52 0
endloop
endfacet
facet normal 0 0 -1
outer loop
vertex 122 52 0
vertex 122 53 0
vertex 129 53 0
endloop
endfacet
facet normal 0 0 1
outer loop
vertex 122 52 1
vertex 129 52 1
vertex 129 53 1
endloop
endfacet
facet normal 0 0 1
outer loop
vertex 122 52 1
vertex 129 53 1
vertex 122 53 1
endloop
endfacet
facet normal 0 -1 0
outer loop
vertex 122 52 0
vertex 129 52 0
vertex 129 52 1
endloop
endfacet
facet normal 0 -1 0
outer loop
vertex 122 52 0
vertex 129 52 1
vertex 122 52 1
endloop
endfacet
facet normal 1 0 0
outer loop
vertex 129 52 0
vertex 129 53 0
vertex 129 53 1
endloop
endfacet
facet normal 1 0 0
outer loop
vertex 129 52 0
vertex 129 53 1
vertex 129 52 1
endloop
endfacet
facet normal 0 1 0
outer loop
vertex 129 53 0
vertex 122 53 0
vertex 122 53 1
endloop
endfacet
facet normal 0 1 0
outer loop
vertex 129 53 0
vertex 122 53 1
vertex 129 53 1
endloop
endfacet
facet normal -1 0 0
outer loop
vertex 122 53 0
vertex 122 52 0
vertex 122 52 1
endloop
endfacet
facet normal -1 0 0
outer loop
vertex 122 53 0
vertex 122 52 1
vertex 122 53 1
endloop
endfacet
facet normal 0 0 -1
outer loop
vertex 135 52 0
vertex 140 53 0
vertex 140 52 0
endloop
endfacet
facet normal 0 0 -1
outer loop
vertex 135 52 0
vertex 135 53 0
vertex 140 53 0
endloop
endfacet
facet normal 0 0 1
outer loop
vertex 135 52 1
vertex 140 52 1
vertex 140 53 1
endloop
endfacet
facet normal 0 0 1
outer loop
vertex 135 52 1
vertex 140 53 1
vertex 135 53 1
endloop
endfacet
facet normal 0 -1 0
outer loop
vertex 135 52 0
vertex 140 52 0
vertex 140 52 1
endloop
endfacet
facet normal 0 -1 0
outer loop
vertex 135 52 0
vertex 140 52 1
vertex 135 52 1
endloop
endfacet
facet normal 1 0 0
outer loop
vertex 140 52 0
vertex 140 53 0
vertex 140 53 1
endloop
endfacet
facet normal 1 0 0
outer loop
vertex 140 52 0
vertex 140 53 1
vertex 140 52 1
endloop
endfacet
facet normal 0 1 0
outer loop
vertex 140 53 0
vertex 135 53 0
vertex 135 53 1
endloop
endfacet
facet normal 0 1 0
outer loop
vertex 140 53 0
vertex 135 53 1
vertex 140 53 1
endloop
endfacet
facet normal -1 0 0
outer loop
vertex 135 53 0
vertex 135 52 0
vertex 135 52 1
endloop
endfacet
facet normal -1 0 0
outer loop
vertex 135 53 0
vertex 135 52 1
vertex 135 53 1
endloop
endfacet
facet normal 0 0 -1
outer loop
vertex 142 52 0
vertex 147 53 0
vertex 147 52 0
endloop
endfacet
facet normal 0 0 -1
outer loop
vertex 142 52 0
vertex 142 53 0
vertex 147 53 0
endloop
endfacet
facet normal 0 0 1
outer loop
vertex 142 52 1
vertex 147 52 1
vertex 147 53 1
endloop
endfacet
facet normal 0 0 1
outer loop
vertex 142 52 1
vertex 147 53 1
vertex 142 53 1
endloop
endfacet
facet normal 0 -1 0
outer loop
vertex 142 52 0
vertex 147 52 0
vertex 147 52 1
endloop
endfacet
facet normal 0 -1 0
outer loop
vertex 142 52 0
vertex 147 52 1
vertex 142 52 1
endloop
endfacet
facet normal 1 0 0
outer loop
vertex 147 52 0
vertex 147 53 0
vertex 147 53 1
endloop
endfacet
facet normal 1 0 0
outer loop
vertex 147 52 0
vertex 147 53 1
vertex 147 52 1
endloop
endfacet
facet normal 0 1 0
outer loop
vertex 147 53 0
vertex 142 53 0
vertex 142 53 1
endloop
endfacet
facet normal 0 1 0
outer loop
vertex 147 53 0
vertex 142 53 1
vertex 147 53 1
endloop
endfacet
facet normal -1 0 0
outer loop
vertex 142 53 0
vertex 142 52 0
vertex 142 52 1
endloop
endfacet
facet normal -1 0 0
outer loop
vertex 142 53 0
vertex 142 52 1
vertex 142 53 1
endloop
endfacet
facet normal 0 0 -1
outer loop
vertex 154 52 0
vertex 158 53 0
vertex 158 52 0
endloop
endfacet
facet normal 0 0 -1
outer loop
vertex 154 52 0
vertex 154 53 0
vertex 158 53 0
endloop
endfacet
facet normal 0 0 1
outer loop
vertex 154 52 1
vertex 158 52 1
vertex 158 53 1
endloop
endfacet
facet normal 0 0 1
outer loop
vertex 154 52 1
vertex 158 53 1
vertex 154 53 1
endloop
endfacet
facet normal 0 -1 0
outer loop
vertex 154 52 0
vertex 158 52 0
vertex 158 52 1
endloop
endfacet
facet normal 0 -1 0
outer loop
vertex 154 52 0
vertex 158 52 1
vertex 154 52 1
endloop
endfacet
facet normal 1 0 0
outer loop
vertex 158 52 0
vertex 158 53 0
vertex 158 53 1
endloop
endfacet
facet normal 1 0 0
outer loop
vertex 158 52 0
vertex 158 53 1
vertex 158 52 1
endloop
endfacet
facet normal 0 1 0
outer loop
vertex 158 53 0
vertex 154 53 0
vertex 154 53 1
endloop
endfacet
facet normal 0 1 0
outer loop
vertex 158 53 0
vertex 154 53 1
vertex 158 53 1
endloop
endfacet
facet normal -1 0 0
outer loop
vertex 154 53 0
vertex 154 52 0
vertex 154 52 1
endloop
endfacet
facet normal -1 0 0
outer loop
vertex 154 53 0
vertex 154 52 1
vertex 154 53 1
endloop
endfacet
facet normal 0 0 -1
outer loop
vertex 169 52 0
vertex 175 53 0
vertex 175 52 0
endloop
endfacet
facet normal 0 0 -1
outer loop
vertex 169 52 0
vertex 169 53 0
vertex 175 53 0
endloop
endfacet
facet normal 0 0 1
outer loop
vertex 169 52 1
vertex 175 52 1
vertex 175 53 1
endloop
endfacet
facet normal 0 0 1
outer loop
vertex 169 52 1
vertex 175 53 1
vertex 169 53 1
endloop
endfacet
facet normal 0 -1 0
outer loop
vertex 169 52 0
vertex 175 52 0
vertex 175 52 1
endloop
endfacet
facet normal 0 -1 0
outer loop
vertex 169 52 0
vertex 175 52 1
vertex 169 52 1
endloop
endfacet
facet normal 1 0 0
outer loop
vertex 175 52 0
vertex 175 53 0
vertex 175 53 1
endloop
endfacet
facet normal 1 0 0
outer loop
vertex 175 52 0
vertex 175 53 1
vertex 175 52 1
endloop
endfacet
facet normal 0 1 0
outer loop
vertex 175 53 0
vertex 169 53 0
vertex 169 53 1
endloop
endfacet
facet normal 0 1 0
outer loop
vertex 175 53 0
vertex 169 53 1
vertex 175 53 1
endloop
endfacet
facet normal -1 0 0
outer loop
vertex 169 53 0
vertex 169 52 0
vertex 169 52 1
endloop
endfacet
facet normal -1 0 0
outer loop
vertex 169 53 0
vertex 169 52 1
vertex 169 53 1
endloop
endfacet
facet normal 0 0 -1
outer loop
vertex 182 52 0
vertex 188 53 0
vertex 188 52 0
endloop
endfacet
facet normal 0 0 -1
outer loop
vertex 182 52 0
vertex 182 53 0
vertex 188 53 0
endloop
endfacet
facet normal 0 0 1
outer loop
vertex 182 52 1
vertex 188 52 1
vertex 188 53 1
endloop
endfacet
facet normal 0 0 1
outer loop
vertex 182 52 1
vertex 188 53 1
vertex 182 53 1
endloop
endfacet
facet normal 0 -1 0
outer loop
vertex 182 52 0
vertex 188 52 0
vertex 188 52 1
endloop
endfacet
facet normal 0 -1 0
outer loop
vertex 182 52 0
vertex 188 52 1
vertex 182 52 1
endloop
endfacet
facet normal 1 0 0
outer loop
vertex 188 52 0
vertex 188 53 0
vertex 188 53 1
endloop
endfacet
facet normal 1 0 0
outer loop
vertex 188 52 0
vertex 188 53 1
vertex 188 52 1
endloop
endfacet
facet normal 0 1 0
outer loop
vertex 188 53 0
vertex 182 53 0
vertex 182 53 1
endloop
endfacet
facet normal 0 1 0
outer loop
vertex 188 53 0
vertex 182 53 1
vertex 188 53 1
endloop
endfacet
facet normal -1 0 0
outer loop
vertex 182 53 0
vertex 182 52 0
vertex 182 52 1
endloop
endfacet
facet normal -1 0 0
outer loop
vertex 182 53 0
vertex 182 52 1
vertex 182 53 1
endloop
endfacet
facet normal 0 0 -1
outer loop
vertex 193 52 0
vertex 200 53 0
vertex 200 52 0
endloop
endfacet
facet normal 0 0 -1
outer loop
vertex 193 52 0
vertex 193 53 0
vertex 200 53 0
endloop
endfacet
facet normal 0 0 1
outer loop
vertex 193 52 1
vertex 200 52 1
vertex 200 53 1
endloop
endfacet
facet normal 0 0 1
outer loop
vertex 193 52 1
vertex 200 53 1
vertex 193 53 1
endloop
endfacet
facet normal 0 -1 0
outer loop
vertex 193 52 0
vertex 200 52 0
vertex 200 52 1
endloop
endfacet
facet normal 0 -1 0
outer loop
vertex 193 52 0
vertex 200 52 1
vertex 193 52 1
endloop
endfacet
facet normal 1 0 0
outer loop
vertex 200 52 0
vertex 200 53 0
vertex 200 53 1
endloop
endfacet
facet normal 1 0 0
outer loop
vertex 200 52 0
vertex 200 53 1
vertex 200 52 1
endloop
endfacet
facet normal 0 1 0
outer loop
vertex 200 53 0
vertex 193 53 0
vertex 193 53 1
endloop
endfacet
facet normal 0 1 0
outer loop
vertex 200 53 0
vertex 193 53 1
vertex 200 53 1
endloop
endfacet
facet normal -1 0 0
outer loop
vertex 193 53 0
vertex 193 52 0
vertex 193 52 1
endloop
endfacet
facet normal -1 0 0
outer loop
vertex 193 53 0
vertex 193 52 1
vertex 193 53 1
endloop
endfacet
facet normal 0 0 -1
outer loop
vertex 207 52 0
vertex 211 53 0
vertex 211 52 0
endloop
endfacet
facet normal 0 0 -1
outer loop
vertex 207 52 0
vertex 207 53 0
vertex 211 53 0
endloop
endfacet
facet normal 0 0 1
outer loop
vertex 207 52 1
vertex 211 52 1
vertex 211 53 1
endloop
endfacet
facet normal 0 0 1
outer loop
vertex 207 52 1
vertex 211 53 1
vertex 207 53 1
endloop
endfacet
facet normal 0 -1 0
outer loop
vertex 207 52 0
vertex 211 52 0
vertex 211 52 1
endloop
endfacet
facet normal 0 -1 0
outer loop
vertex 207 52 0
vertex 211 52 1
vertex 207 52 1
endloop
endfacet
facet normal 1 0 0
outer loop
vertex 211 52 0
vertex 211 53 0
vertex 211 53 1
endloop
endfacet
facet normal 1 0 0
outer loop
vertex 211 52 0
vertex 211 53 1
vertex 211 52 1
endloop
endfacet
facet normal 0 1 0
outer loop
vertex 211 53 0
vertex 207 53 0
vertex 207 53 1
endloop
endfacet
facet normal 0 1 0
outer loop
vertex 211 53 0
vertex 207 53 1
vertex 211 53 1
endloop
endfacet
facet normal -1 0 0
outer loop
vertex 207 53 0
vertex 207 52 0
vertex 207 52 1
endloop
endfacet
facet normal -1 0 0
outer loop
vertex 207 53 0
vertex 207 52 1
vertex 207 53 1
endloop
endfacet
facet normal 0 0 -1
outer loop
vertex 214 52 0
vertex 217 53 0
vertex 217 52 0
endloop
endfacet
facet normal 0 0 -1
outer loop
vertex 214 52 0
vertex 214 53 0
vertex 217 53 0
endloop
endfacet
facet normal 0 0 1
outer loop
vertex 214 52 1
vertex 217 52 1
vertex 217 53 1
endloop
endfacet
facet normal 0 0 1
outer loop
vertex 214 52 1
vertex 217 53 1
vertex 214 53 1
endloop
endfacet
facet normal 0 -1 0
outer loop
vertex 214 52 0
vertex 217 52 0
vertex 217 52 1
endloop
endfacet
facet normal 0 -1 0
outer loop
vertex 214 52 0
vertex 217 52 1
vertex 214 52 1
endloop
endfacet
facet normal 1 0 0
outer loop
vertex 217 52 0
vertex 217 53 0
vertex 217 53 1
endloop
endfacet
facet normal 1 0 0
outer loop
vertex 217 52 0
vertex 217 53 1
vertex 217 52 1
endloop
endfacet
facet normal 0 1 0
outer loop
vertex 217 53 0
vertex 214 53 0
vertex 214 53 1
endloop
endfacet
facet normal 0 1 0
outer loop
vertex 217 53 0
vertex 214 53 1
vertex 217 53 1
endloop
endfacet
facet normal -1 0 0
outer loop
vertex 214 53 0
vertex 214 52 0
vertex 214 52 1
endloop
endfacet
facet normal -1 0 0
outer loop
vertex 214 53 0
vertex 214 52 1
vertex 214 53 1
endloop
endfacet
facet normal 0 0 -1
outer loop
vertex 227 52 0
vertex 232 53 0
vertex 232 52 0
endloop
endfacet
facet normal 0 0 -1
outer loop
vertex 227 52 0
vertex 227 53 0
vertex 232 53 0
endloop
endfacet
facet normal 0 0 1
outer loop
vertex 227 52 1
vertex 232 52 1
vertex 232 53 1
endloop
endfacet
facet normal 0 0 1
outer loop
vertex 227 52 1
vertex 232 53 1
vertex 227 53 1
endloop
endfacet
facet normal 0 -1 0
outer loop
vertex 227 52 0
vertex 232 52 0
vertex 232 52 1
endloop
endfacet
facet normal 0 -1 0
outer loop
vertex 227 52 0
vertex 232 52 1
vertex 227 52 1
endloop
endfacet
facet normal 1 0 0
outer loop
vertex 232 52 0
vertex 232 53 0
vertex 232 53 1
endloop
endfacet
facet normal 1 0 0
outer loop
vertex 232 52 0
vertex 232 53 1
vertex 232 52 1
endloop
endfacet
facet normal 0 1 0
outer loop
vertex 232 53 0
vertex 227 53 0
vertex 227 53 1
endloop
endfacet
facet normal 0 1 0
outer loop
vertex 232 53 0
vertex 227 53 1
vertex 232 53 1
endloop
endfacet
facet normal -1 0 0
outer loop
vertex 227 53 0
vertex 227 52 0
vertex 227 52 1
endloop
endfacet
facet normal -1 0 0
outer loop
vertex 227 53 0
vertex 227 52 1
vertex 227 53 1
endloop
endfacet
facet normal 0 0 -1
outer loop
vertex 235 52 0
vertex 239 53 0
vertex 239 52 0
endloop
endfacet
facet normal 0 0 -1
outer loop
vertex 235 52 0
vertex 235 53 0
vertex 239 53 0
endloop
endfacet
facet normal 0 0 1
outer loop
vertex 235 52 1
vertex 239 52 1
vertex 239 53 1
endloop
endfacet
facet normal 0 0 1
outer loop
vertex 235 52 1
vertex 239 53 1
vertex 235 53 1
endloop
endfacet
facet normal 0 -1 0
outer loop
vertex 235 52 0
vertex 239 52 0
vertex 239 52 1
endloop
endfacet
facet normal 0 -1 0
outer loop
vertex 235 52 0
vertex 239 52 1
vertex 235 52 1
endloop
endfacet
facet normal 1 0 0
outer loop
vertex 239 52 0
vertex 239 53 0
vertex 239 53 1
endloop
endfacet
facet normal 1 0 0
outer loop
vertex 239 52 0
vertex 239 53 1
vertex 239 52 1
endloop
endfacet
facet normal 0 1 0
outer loop
vertex 239 53 0
vertex 235 53 0
vertex 235 53 1
endloop
endfacet
facet normal 0 1 0
outer loop
vertex 239 53 0
vertex 235 53 1
vertex 239 53 1
endloop
endfacet
facet normal -1 0 0
outer loop
vertex 235 53 0
vertex 235 52 0
vertex 235 52 1
endloop
endfacet
facet normal -1 0 0
outer loop
vertex 235 53 0
vertex 235 52 1
vertex 235 53 1
endloop
endfacet
facet normal 0 0 -1
outer loop
vertex 241 52 0
vertex 246 53 0
vertex 246 52 0
endloop
endfacet
facet normal 0 0 -1
outer loop
vertex 241 52 0
vertex 241 53 0
vertex 246 53 0
endloop
endfacet
facet normal 0 0 1
outer loop
vertex 241 52 1
vertex 246 52 1
vertex 246 53 1
endloop
endfacet
facet normal 0 0 1
outer loop
vertex 241 52 1
vertex 246 53 1
vertex 241 53 1
endloop
endfacet
facet normal 0 -1 0
outer loop
vertex 241 52 0
vertex 246 52 0
vertex 246 52 1
endloop
endfacet
facet normal 0 -1 0
outer loop
vertex 241 52 0
vertex 246 52 1
vertex 241 52 1
endloop
endfacet
facet normal 1 0 0
outer loop
vertex 246 52 0
vertex 246 53 0
vertex 246 53 1
endloop
endfacet
facet normal 1 0 0
outer loop
vertex 246 52 0
vertex 246 53 1
vertex 246 52 1
endloop
endfacet
facet normal 0 1 0
outer loop
vertex 246 53 0
vertex 241 53 0
vertex 241 53 1
endloop
endfacet
facet normal 0 1 0
outer loop
vertex 246 53 0
vertex 241 53 1
vertex 246 53 1
endloop
endfacet
facet normal -1 0 0
outer loop
vertex 241 53 0
vertex 241 52 0
vertex 241 52 1
endloop
endfacet
facet normal -1 0 0
outer loop
vertex 241 53 0
vertex 241 52 1
vertex 241 53 1
endloop
endfacet
facet normal 0 0 -1
outer loop
vertex 253 52 0
vertex 257 53 0
vertex 257 52 0
endloop
endfacet
facet normal 0 0 -1
outer loop
vertex 253 52 0
vertex 253 53 0
vertex 257 53 0
endloop
endfacet
facet normal 0 0 1
outer loop
vertex 253 52 1
vertex 257 52 1
vertex 257 53 1
endloop
endfacet
facet normal 0 0 1
outer loop
vertex 253 52 1
vertex 257 53 1
vertex 253 53 1
endloop
endfacet
facet normal 0 -1 0
outer loop
vertex 253 52 0
vertex 257 52 0
vertex 257 52 1
endloop
endfacet
facet normal 0 -1 0
outer loop
vertex 253 52 0
vertex 257 52 1
vertex 253 52 1
endloop
endfacet
facet normal 1 0 0
outer loop
vertex 257 52 0
vertex 257 53 0
vertex 257 53 1
endloop
endfacet
facet normal 1 0 0
outer loop
vertex 257 52 0
vertex 257 53 1
vertex 257 52 1
endloop
endfacet
facet normal 0 1 0
outer loop
vertex 257 53 0
vertex 253 53 0
vertex 253 53 1
endloop
endfacet
facet normal 0 1 0
outer loop
vertex 257 53 0
vertex 253 53 1
vertex 257 53 1
endloop
endfacet
facet normal -1 0 0
outer loop
vertex 253 53 0
vertex 253 52 0
vertex 253 52 1
endloop
endfacet
facet normal -1 0 0
outer loop
vertex 253 53 0
vertex 253 52 1
vertex 253 53 1
endloop
endfacet
facet normal 0 0 -1
outer loop
vertex 262 52 0
vertex 269 53 0
vertex 269 52 0
endloop
endfacet
facet normal 0 0 -1
outer loop
vertex 262 52 0
vertex 262 53 0
vertex 269 53 0
endloop
endfacet
facet normal 0 0 1
outer loop
vertex 262 52 1
vertex 269 52 1
vertex 269 53 1
endloop
endfacet
facet normal 0 0 1
outer loop
vertex 262 52 1
vertex 269 53 1
vertex 262 53 1
endloop
endfacet
facet normal 0 -1 0
outer loop
vertex 262 52 0
vertex 269 52 0
vertex 269 52 1
endloop
endfacet
facet normal 0 -1 0
outer loop
vertex 262 52 0
vertex 269 52 1
vertex 262 52 1
endloop
endfacet
facet normal 1 0 0
outer loop
vertex 269 52 0
vertex 269 53 0
vertex 269 53 1
endloop
endfacet
facet normal 1 0 0
outer loop
vertex 269 52 0
vertex 269 53 1
vertex 269 52 1
endloop
endfacet
facet normal 0 1 0
outer loop
vertex 269 53 0
vertex 262 53 0
vertex 262 53 1
endloop
endfacet
facet normal 0 1 0
outer loop
vertex 269 53 0
vertex 262 53 1
vertex 269 53 1
endloop
endfacet
facet normal -1 0 0
outer loop
vertex 262 53 0
vertex 262 52 0
vertex 262 52 1
endloop
endfacet
facet normal -1 0 0
outer loop
vertex 262 53 0
vertex 262 52 1
vertex 262 53 1
endloop
endfacet
facet normal 0 0 -1
outer loop
vertex 284 52 0
vertex 290 53 0
vertex 290 52 0
endloop
endfacet
facet normal 0 0 -1
outer loop
vertex 284 52 0
vertex 284 53 0
vertex 290 53 0
endloop
endfacet
facet normal 0 0 1
outer loop
vertex 284 52 1
vertex 290 52 1
vertex 290 53 1
endloop
endfacet
facet normal 0 0 1
outer loop
vertex 284 52 1
vertex 290 53 1
vertex 284 53 1
endloop
endfacet
facet normal 0 -1 0
outer loop
vertex 284 52 0
vertex 290 52 0
vertex 290 52 1
endloop
endfacet
facet normal 0 -1 0
outer loop
vertex 284 52 0
vertex 290 52 1
vertex 284 52 1
endloop
endfacet
facet normal 1 0 0
outer loop
vertex 290 52 0
vertex 290 53 0
vertex 290 53 1
endloop
endfacet
facet normal 1 0 0
outer loop
vertex 290 52 0
vertex 290 53 1
vertex 290 52 1
endloop
endfacet
facet normal 0 1 0
outer loop
vertex 290 53 0
vertex 284 53 0
vertex 284 53 1
endloop
endfacet
facet normal 0 1 0
outer loop
vertex 290 53 0
vertex 284 53 1
vertex 290 53 1
endloop
endfacet
facet normal -1 0 0
outer loop
vertex 284 53 0
vertex 284 52 0
vertex 284 52 1
endloop
endfacet
facet normal -1 0 0
outer loop
vertex 284 53 0
vertex 284 52 1
vertex 284 53 1
endloop
endfacet
facet normal 0 0 -1
outer loop
vertex 297 52 0
vertex 303 53 0
vertex 303 52 0
endloop
endfacet
facet normal 0 0 -1
outer loop
vertex 297 52 0
vertex 297 53 0
vertex 303 53 0
endloop
endfacet
facet normal 0 0 1
outer loop
vertex 297 52 1
vertex 303 52 1
vertex 303 53 1
endloop
endfacet
facet normal 0 0 1
outer loop
vertex 297 52 1
vertex 303 53 1
vertex 297 53 1
endloop
endfacet
facet normal 0 -1 0
outer loop
vertex 297 52 0
vertex 303 52 0
vertex 303 52 1
endloop
endfacet
facet normal 0 -1 0
outer loop
vertex 297 52 0
vertex 303 52 1
vertex 297 52 1
endloop
endfacet
facet normal 1 0 0
outer loop
vertex 303 52 0
vertex 303 53 0
vertex 303 53 1
endloop
endfacet
facet normal 1 0 0
outer loop
vertex 303 52 0
vertex 303 53 1
vertex 303 52 1
endloop
endfacet
facet normal 0 1 0
outer loop
vertex 303 53 0
vertex 297 53 0
vertex 297 53 1
endloop
endfacet
facet normal 0 1 0
outer loop
vertex 303 53 0
vertex 297 53 1
vertex 303 53 1
endloop
endfacet
facet normal -1 0 0
outer loop
vertex 297 53 0
vertex 297 52 0
vertex 297 52 1
endloop
endfacet
facet normal -1 0 0
outer loop
vertex 297 53 0
vertex 297 52 1
vertex 297 53 1
endloop
endfacet
facet normal 0 0 -1
outer loop
vertex 306 52 0
vertex 310 53 0
vertex 310 52 0
endloop
endfacet
facet normal 0 0 -1
outer loop
vertex 306 52 0
vertex 306 53 0
vertex 310 53 0
endloop
endfacet
facet normal 0 0 1
outer loop
vertex 306 52 1
vertex 310 52 1
vertex 310 53 1
endloop
endfacet
facet normal 0 0 1
outer loop
vertex 306 52 1
vertex 310 53 1
vertex 306 53 1
endloop
endfacet
facet normal 0 -1 0
outer loop
vertex 306 52 0
vertex 310 52 0
vertex 310 52 1
endloop
endfacet
facet normal 0 -1 0
outer loop
vertex 306 52 0
vertex 310 52 1
vertex 306 52 1
endloop
endfacet
facet normal 1 0 0
outer loop
vertex 310 52 0
vertex 310 53 0
vertex 310 53 1
endloop
endfacet
facet normal 1 0 0
outer loop
vertex 310 52 0
vertex 310 53 1
vertex 310 52 1
endloop
endfacet
facet normal 0 1 0
outer loop
vertex 310 53 0
vertex 306 53 0
vertex 306 53 1
endloop
endfacet
facet normal 0 1 0
outer loop
vertex 310 53 0
vertex 306 53 1
vertex 310 53 1
endloop
endfacet
facet normal -1 0 0
outer loop
vertex 306 53 0
vertex 306 52 0
vertex 306 52 1
endloop
endfacet
facet normal -1 0 0
outer loop
vertex 306 53 0
vertex 306 52 1
vertex 306 53 1
endloop
endfacet
facet normal 0 0 -1
outer loop
vertex 312 52 0
vertex 316 53 0
vertex 316 52 0
endloop
endfacet
facet normal 0 0 -1
outer loop
vertex 312 52 0
vertex 312 53 0
vertex 316 53 0
endloop
endfacet
facet normal 0 0 1
outer loop
vertex 312 52 1
vertex 316 52 1
vertex 316 53 1
endloop
endfacet
facet normal 0 0 1
outer loop
vertex 312 52 1
vertex 316 53 1
vertex 312 53 1
endloop
endfacet
facet normal 0 -1 0
outer loop
vertex 312 52 0
vertex 316 52 0
vertex 316 52 1
endloop
endfacet
facet normal 0 -1 0
outer loop
vertex 312 52 0
vertex 316 52 1
vertex 312 52 1
endloop
endfacet
facet normal 1 0 0
outer loop
vertex 316 52 0
vertex 316 53 0
vertex 316 53 1
endloop
endfacet
facet normal 1 0 0
outer loop
vertex 316 52 0
vertex 316 53 1
vertex 316 52 1
endloop
endfacet
facet normal 0 1 0
outer loop
vertex 316 53 0
vertex 312 53 0
vertex 312 53 1
endloop
endfacet
facet normal 0 1 0
outer loop
vertex 316 53 0
vertex 312 53 1
vertex 316 53 1
endloop
endfacet
facet normal -1 0 0
outer loop
vertex 312 53 0
vertex 312 52 0
vertex 312 52 1
endloop
endfacet
facet normal -1 0 0
outer loop
vertex 312 53 0
vertex 312 52 1
vertex 312 53 1
endloop
endfacet
facet normal 0 0 -1
outer loop
vertex 318 52 0
vertex 322 53 0
vertex 322 52 0
endloop
endfacet
facet normal 0 0 -1
outer loop
vertex 318 52 0
vertex 318 53 0
vertex 322 53 0
endloop
endfacet
facet normal 0 0 1
outer loop
vertex 318 52 1
vertex 322 52 1
vertex 322 53 1
endloop
endfacet
facet normal 0 0 1
outer loop
vertex 318 52 1
vertex 322 53 1
vertex 318 53 1
endloop
endfacet
facet normal 0 -1 0
outer loop
vertex 318 52 0
vertex 322 52 0
vertex 322 52 1
endloop
endfacet
facet normal 0 -1 0
outer loop
vertex 318 52 0
vertex 322 52 1
vertex 318 52 1
endloop
endfacet
facet normal 1 0 0
outer loop
vertex 322 52 0
vertex 322 53 0
vertex 322 53 1
endloop
endfacet
facet normal 1 0 0
outer loop
vertex 322 52 0
vertex 322 53 1
vertex 322 52 1
endloop
endfacet
facet normal 0 1 0
outer loop
vertex 322 53 0
vertex 318 53 0
vertex 318 53 1
endloop
endfacet
facet normal 0 1 0
outer loop
vertex 322 53 0
vertex 318 53 1
vertex 322 53 1
endloop
endfacet
facet normal -1 0 0
outer loop
vertex 318 53 0
vertex 318 52 0
vertex 318 52 1
endloop
endfacet
facet normal -1 0 0
outer loop
vertex 318 53 0
vertex 318 52 1
vertex 318 53 1
endloop
endfacet
facet normal 0 0 -1
outer loop
vertex 324 52 0
vertex 329 53 0
vertex 329 52 0
endloop
endfacet
facet normal 0 0 -1
outer loop
vertex 324 52 0
vertex 324 53 0
vertex 329 53 0
endloop
endfacet
facet normal 0 0 1
outer loop
vertex 324 52 1
vertex 329 52 1
vertex 329 53 1
endloop
endfacet
facet normal 0 0 1
outer loop
vertex 324 52 1
vertex 329 53 1
vertex 324 53 1
endloop
endfacet
facet normal 0 -1 0
outer loop
vertex 324 52 0
vertex 329 52 0
vertex 329 52 1
endloop
endfacet
facet normal 0 -1 0
outer loop
vertex 324 52 0
vertex 329 52 1
vertex 324 52 1
endloop
endfacet
facet normal 1 0 0
outer loop
vertex 329 52 0
vertex 329 53 0
vertex 329 53 1
endloop
endfacet
facet normal 1 0 0
outer loop
vertex 329 52 0
vertex 329 53 1
vertex 329 52 1
endloop
endfacet
facet normal 0 1 0
outer loop
vertex 329 53 0
vertex 324 53 0
vertex 324 53 1
endloop
endfacet
facet normal 0 1 0
outer loop
vertex 329 53 0
vertex 324 53 1
vertex 329 53 1
endloop
endfacet
facet normal -1 0 0
outer loop
vertex 324 53 0
vertex 324 52 0
vertex 324 52 1
endloop
endfacet
facet normal -1 0 0
outer loop
vertex 324 53 0
vertex 324 52 1
vertex 324 53 1
endloop
endfacet
facet normal 0 0 -1
outer loop
vertex 336 52 0
vertex 340 53 0
vertex 340 52 0
endloop
endfacet
facet normal 0 0 -1
outer loop
vertex 336 52 0
vertex 336 53 0
vertex 340 53 0
endloop
endfacet
facet normal 0 0 1
outer loop
vertex 336 52 1
vertex 340 52 1
vertex 340 53 1
endloop
endfacet
facet normal 0 0 1
outer loop
vertex 336 52 1
vertex 340 53 1
vertex 336 53 1
endloop
endfacet
facet normal 0 -1 0
outer loop
vertex 336 52 0
vertex 340 52 0
vertex 340 52 1
endloop
endfacet
facet normal 0 -1 0
outer loop
vertex 336 52 0
vertex 340 52 1
vertex 336 52 1
endloop
endfacet
facet normal 1 0 0
outer loop
vertex 340 52 0
vertex 340 53 0
vertex 340 53 1
endloop
endfacet
facet normal 1 0 0
outer loop
vertex 340 52 0
vertex 340 53 1
vertex 340 52 1
endloop
endfacet
facet normal 0 1 0
outer loop
vertex 340 53 0
vertex 336 53 0
vertex 336 53 1
endloop
endfacet
facet normal 0 1 0
outer loop
vertex 340 53 0
vertex 336 53 1
vertex 340 53 1
endloop
endfacet
facet normal -1 0 0
outer loop
vertex 336 53 0
vertex 336 52 0
vertex 336 52 1
endloop
endfacet
facet normal -1 0 0
outer loop
vertex 336 53 0
vertex 336 52 1
vertex 336 53 1
endloop
endfacet
facet normal 0 0 -1
outer loop
vertex 346 52 0
vertex 353 53 0
vertex 353 52 0
endloop
endfacet
facet normal 0 0 -1
outer loop
vertex 346 52 0
vertex 346 53 0
vertex 353 53 0
endloop
endfacet
facet normal 0 0 1
outer loop
vertex 346 52 1
vertex 353 52 1
vertex 353 53 1
endloop
endfacet
facet normal 0 0 1
outer loop
vertex 346 52 1
vertex 353 53 1
vertex 346 53 1
endloop
endfacet
facet normal 0 -1 0
outer loop
vertex 346 52 0
vertex 353 52 0
vertex 353 52 1
endloop
endfacet
facet normal 0 -1 0
outer loop
vertex 346 52 0
vertex 353 52 1
vertex 346 52 1
endloop
endfacet
facet normal 1 0 0
outer loop
vertex 353 52 0
vertex 353 53 0
vertex 353 53 1
endloop
endfacet
facet normal 1 0 0
outer loop
vertex 353 52 0
vertex 353 53 1
vertex 353 52 1
endloop
endfacet
facet normal 0 1 0
outer loop
vertex 353 53 0
vertex 346 53 0
vertex 346 53 1
endloop
endfacet
facet normal 0 1 0
outer loop
vertex 353 53 0
vertex 346 53 1
vertex 353 53 1
endloop
endfacet
facet normal -1 0 0
outer loop
vertex 346 53 0
vertex 346 52 0
vertex 346 52 1
endloop
endfacet
facet normal -1 0 0
outer loop
vertex 346 53 0
vertex 346 52 1
vertex 346 53 1
endloop
endfacet
facet normal 0 0 -1
outer loop
vertex 359 52 0
vertex 364 53 0
vertex 364 52 0
endloop
endfacet
facet normal 0 0 -1
outer loop
vertex 359 52 0
vertex 359 53 0
vertex 364 53 0
endloop
endfacet
facet normal 0 0 1
outer loop
vertex 359 52 1
vertex 364 52 1
vertex 364 53 1
endloop
endfacet
facet normal 0 0 1
outer loop
vertex 359 52 1
vertex 364 53 1
vertex 359 53 1
endloop
endfacet
facet normal 0 -1 0
outer loop
vertex 359 52 0
vertex 364 52 0
vertex 364 52 1
endloop
endfacet
facet normal 0 -1 0
outer loop
vertex 359 52 0
vertex 364 52 1
vertex 359 52 1
endloop
endfacet
facet normal 1 0 0
outer loop
vertex 364 52 0
vertex 364 53 0
vertex 364 53 1
endloop
endfacet
facet normal 1 0 0
outer loop
vertex 364 52 0
vertex 364 53 1
vertex 364 52 1
endloop
endfacet
facet normal 0 1 0
outer loop
vertex 364 53 0
vertex 359 53 0
vertex 359 53 1
endloop
endfacet
facet normal 0 1 0
outer loop
vertex 364 53 0
vertex 359 53 1
vertex 364 53 1
endloop
endfacet
facet normal -1 0 0
outer loop
vertex 359 53 0
vertex 359 52 0
vertex 359 52 1
endloop
endfacet
facet normal -1 0 0
outer loop
vertex 359 53 0
vertex 359 52 1
vertex 359 53 1
endloop
endfacet
facet normal 0 0 -1
outer loop
vertex 366 52 0
vertex 371 53 0
vertex 371 52 0
endloop
endfacet
facet normal 0 0 -1
outer loop
vertex 366 52 0
vertex 366 53 0
vertex 371 53 0
endloop
endfacet
facet normal 0 0 1
outer loop
vertex 366 52 1
vertex 371 52 1
vertex 371 53 1
endloop
endfacet
facet normal 0 0 1
outer loop
vertex 366 52 1
vertex 371 53 1
vertex 366 53 1
endloop
endfacet
facet normal 0 -1 0
outer loop
vertex 366 52 0
vertex 371 52 0
vertex 371 52 1
endloop
endfacet
facet normal 0 -1 0
outer loop
vertex 366 52 0
vertex 371 52 1
vertex 366 52 1
endloop
endfacet
facet normal 1 0 0
outer loop
vertex 371 52 0
vertex 371 53 0
vertex 371 53 1
endloop
endfacet
facet normal 1 0 0
outer loop
vertex 371 52 0
vertex 371 53 1
vertex 371 52 1
endloop
endfacet
facet normal 0 1 0
outer loop
vertex 371 53 0
vertex 366 53 0
vertex 366 53 1
endloop
endfacet
facet normal 0 1 0
outer loop
vertex 371 53 0
vertex 366 53 1
vertex 371 53 1
endloop
endfacet
facet normal -1 0 0
outer loop
vertex 366 53 0
vertex 366 52 0
vertex 366 52 1
endloop
endfacet
facet normal -1 0 0
outer loop
vertex 366 53 0
vertex 366 52 1
vertex 366 53 1
endloop
endfacet
facet normal 0 0 -1
outer loop
vertex 65 51 0
vertex 71 52 0
vertex 71 51 0
endloop
endfacet
facet normal 0 0 -1
outer loop
vertex 65 51 0
vertex 65 52 0
vertex 71 52 0
endloop
endfacet
facet normal 0 0 1
outer loop
vertex 65 51 1
vertex 71 51 1
vertex 71 52 1
endloop
endfacet
facet normal 0 0 1
outer loop
vertex 65 51 1
vertex 71 52 1
vertex 65 52 1
endloop
endfacet
facet normal 0 -1 0
outer loop
vertex 65 51 0
vertex 71 51 0
vertex 71 51 1
endloop
endfacet
facet normal 0 -1 0
outer loop
vertex 65 51 0
vertex 71 51 1
vertex 65 51 1
endloop
endfacet
facet normal 1 0 0
outer loop
vertex 71 51 0
vertex 71 52 0
vertex 71 52 1
endloop
endfacet
facet normal 1 0 0
outer loop
vertex 71 51 0
vertex 71 52 1
vertex 71 51 1
endloop
endfacet
facet normal 0 1 0
outer loop
vertex 71 52 0
vertex 65 52 0
vertex 65 52 1
endloop
endfacet
facet normal 0 1 0
outer loop
vertex 71 52 0
vertex 65 52 1
vertex 71 52 1
endloop
endfacet
facet normal -1 0 0
outer loop
vertex 65 52 0
vertex 65 51 0
vertex 65 51 1
endloop
endfacet
facet normal -1 0 0
outer loop
vertex 65 52 0
vertex 65 51 1
vertex 65 52 1
endloop
endfacet
facet normal 0 0 -1
outer loop
vertex 86 51 0
vertex 96 52 0
vertex 96 51 0
endloop
endfacet
facet normal 0 0 -1
outer loop
vertex 86 51 0
vertex 86 52 0
vertex 96 52 0
endloop
endfacet
facet normal 0 0 1
outer loop
vertex 86 51 1
vertex 96 51 1
vertex 96 52 1
endloop
endfacet
facet normal 0 0 1
outer loop
vertex 86 51 1
vertex 96 52 1
vertex 86 52 1
endloop
endfacet
facet normal 0 -1 0
outer loop
vertex 86 51 0
vertex 96 51 0
vertex 96 51 1
endloop
endfacet
facet normal 0 -1 0
outer loop
vertex 86 51 0
vertex 96 51 1
vertex 86 51 1
endloop
endfacet
facet normal 1 0 0
outer loop
vertex 96 51 0
vertex 96 52 0
vertex 96 52 1
endloop
endfacet
facet normal 1 0 0
outer loop
vertex 96 51 0
vertex 96 52 1
vertex 96 51 1
endloop
endfacet
facet normal 0 1 0
outer loop
vertex 96 52 0
vertex 86 52 0
vertex 86 52 1
endloop
endfacet
facet normal 0 1 0
outer loop
vertex 96 52 0
vertex 86 52 1
vertex 96 52 1
endloop
endfacet
facet normal -1 0 0
outer loop
vertex 86 52 0
vertex 86 51 0
vertex 86 51 1
endloop
endfacet
facet normal -1 0 0
outer loop
vertex 86 52 0
vertex 86 51 1
vertex 86 52 1
endloop
endfacet
facet normal 0 0 -1
outer loop
vertex 101 51 0
vertex 106 52 0
vertex 106 51 0
endloop
endfacet
facet normal 0 0 -1
outer loop
vertex 101 51 0
vertex 101 52 0
vertex 106 52 0
endloop
endfacet
facet normal 0 0 1
outer loop
vertex 101 51 1
vertex 106 51 1
vertex 106 52 1
endloop
endfacet
facet normal 0 0 1
outer loop
vertex 101 51 1
vertex 106 52 1
vertex 101 52 1
endloop
endfacet
facet normal 0 -1 0
outer loop
vertex 101 51 0
vertex 106 51 0
vertex 106 51 1
endloop
endfacet
facet normal 0 -1 0
outer loop
vertex 101 51 0
vertex 106 51 1
vertex 101 51 1
endloop
endfacet
facet normal 1 0 0
outer loop
vertex 106 51 0
vertex 106 52 0
vertex 106 52 1
endloop
endfacet
facet normal 1 0 0
outer loop
vertex 106 51 0
vertex 106 52 1
vertex 106 51 1
endloop
endfacet
facet normal 0 1 0
outer loop
vertex 106 52 0
vertex 101 52 0
vertex 101 52 1
endloop
endfacet
facet normal 0 1 0
outer loop
vertex 106 52 0
vertex 101 52 1
vertex 106 52 1
endloop
endfacet
facet normal -1 0 0
outer loop
vertex 101 52 0
vertex 101 51 0
vertex 101 51 1
endloop
endfacet
facet normal -1 0 0
outer loop
vertex 101 52 0
vertex 101 51 1
vertex 101 52 1
endloop
endfacet
facet normal 0 0 -1
outer loop
vertex 112 51 0
vertex 117 52 0
vertex 117 51 0
endloop
endfacet
facet normal 0 0 -1
outer loop
vertex 112 51 0
vertex 112 52 0
vertex 117 52 0
endloop
endfacet
facet normal 0 0 1
outer loop
vertex 112 51 1
vertex 117 51 1
vertex 117 52 1
endloop
endfacet
facet normal 0 0 1
outer loop
vertex 112 51 1
vertex 117 52 1
vertex 112 52 1
endloop
endfacet
facet normal 0 -1 0
outer loop
vertex 112 51 0
vertex 117 51 0
vertex 117 51 1
endloop
endfacet
facet normal 0 -1 0
outer loop
vertex 112 51 0
vertex 117 51 1
vertex 112 51 1
endloop
endfacet
facet normal 1 0 0
outer loop
vertex 117 51 0
vertex 117 52 0
vertex 117 52 1
endloop
endfacet
facet normal 1 0 0
outer loop
vertex 117 51 0
vertex 117 52 1
vertex 117 51 1
endloop
endfacet
facet normal 0 1 0
outer loop
vertex 117 52 0
vertex 112 52 0
vertex 112 52 1
endloop
endfacet
facet normal 0 1 0
outer loop
vertex 117 52 0
vertex 112 52 1
vertex 117 52 1
endloop
endfacet
facet normal -1 0 0
outer loop
vertex 112 52 0
vertex 112 51 0
vertex 112 51 1
endloop
endfacet
facet normal -1 0 0
outer loop
vertex 112 52 0
vertex 112 51 1
vertex 112 52 1
endloop
endfacet
facet normal 0 0 -1
outer loop
vertex 120 51 0
vertex 130 52 0
vertex 130 51 0
endloop
endfacet
facet normal 0 0 -1
outer loop
vertex 120 51 0
vertex 120 52 0
vertex 130 52 0
endloop
endfacet
facet normal 0 0 1
outer loop
vertex 120 51 1
vertex 130 51 1
vertex 130 52 1
endloop
endfacet
facet normal 0 0 1
outer loop
vertex 120 51 1
vertex 130 52 1
vertex 120 52 1
endloop
endfacet
facet normal 0 -1 0
outer loop
vertex 120 51 0
vertex 130 51 0
vertex 130 51 1
endloop
endfacet
facet normal 0 -1 0
outer loop
vertex 120 51 0
vertex 130 51 1
vertex 120 51 1
endloop
endfacet
facet normal 1 0 0
outer loop
vertex 130 51 0
vertex 130 52 0
vertex 130 52 1
endloop
endfacet
facet normal 1 0 0
outer loop
vertex 130 51 0
vertex 130 52 1
vertex 130 51 1
endloop
endfacet
facet normal 0 1 0
outer loop
vertex 130 52 0
vertex 120 52 0
vertex 120 52 1
endloop
endfacet
facet normal 0 1 0
outer loop
vertex 130 52 0
vertex 120 52 1
vertex 130 52 1
endloop
endfacet
facet normal -1 0 0
outer loop
vertex 120 52 0
vertex 120 51 0
vertex 120 51 1
endloop
endfacet
facet normal -1 0 0
outer loop
vertex 120 52 0
vertex 120 51 1
vertex 120 52 1
endloop
endfacet
facet normal 0 0 -1
outer loop
vertex 135 51 0
vertex 140 52 0
vertex 140 51 0
endloop
endfacet
facet normal 0 0 -1
outer loop
vertex 135 51 0
vertex 135 52 0
vertex 140 52 0
endloop
endfacet
facet normal 0 0 1
outer loop
vertex 135 51 1
vertex 140 51 1
vertex 140 52 1
endloop
endfacet
facet normal 0 0 1
outer loop
vertex 135 51 1
vertex 140 52 1
vertex 135 52 1
endloop
endfacet
facet normal 0 -1 0
outer loop
vertex 135 51 0
vertex 140 51 0
vertex 140 51 1
endloop
endfacet
facet normal 0 -1 0
outer loop
vertex 135 51 0
vertex 140 51 1
vertex 135 51 1
endloop
endfacet
facet normal 1 0 0
outer loop
vertex 140 51 0
vertex 140 52 0
vertex 140 52 1
endloop
endfacet
facet normal 1 0 0
outer loop
vertex 140 51 0
vertex 140 52 1
vertex 140 51 1
endloop
endfacet
facet normal 0 1 0
outer loop
vertex 140 52 0
vertex 135 52 0
vertex 135 52 1
endloop
endfacet
facet normal 0 1 0
outer loop
vertex 140 52 0
vertex 135 52 1
vertex 140 52 1
endloop
endfacet
facet normal -1 0 0
outer loop
vertex 135 52 0
vertex 135 51 0
vertex 135 51 1
endloop
endfacet
facet normal -1 0 0
outer loop
vertex 135 52 0
vertex 135 51 1
vertex 135 52 1
endloop
endfacet
facet normal 0 0 -1
outer loop
vertex 142 51 0
vertex 148 52 0
vertex 148 51 0
endloop
endfacet
facet normal 0 0 -1
outer loop
vertex 142 51 0
vertex 142 52 0
vertex 148 52 0
endloop
endfacet
facet normal 0 0 1
outer loop
vertex 142 51 1
vertex 148 51 1
vertex 148 52 1
endloop
endfacet
facet normal 0 0 1
outer loop
vertex 142 51 1
vertex 148 52 1
vertex 142 52 1
endloop
endfacet
facet normal 0 -1 0
outer loop
vertex 142 51 0
vertex 148 51 0
vertex 148 51 1
endloop
endfacet
facet normal 0 -1 0
outer loop
vertex 142 51 0
vertex 148 51 1
vertex 142 51 1
endloop
endfacet
facet normal 1 0 0
outer loop
vertex 148 51 0
vertex 148 52 0
vertex 148 52 1
endloop
endfacet
facet normal 1 0 0
outer loop
vertex 148 51 0
vertex 148 52 1
vertex 148 51 1
endloop
endfacet
facet normal 0 1 0
outer loop
vertex 148 52 0
vertex 142 52 0
vertex 142 52 1
endloop
endfacet
facet normal 0 1 0
outer loop
vertex 148 52 0
vertex 142 52 1
vertex 148 52 1
endloop
endfacet
facet normal -1 0 0
outer loop
vertex 142 52 0
vertex 142 51 0
vertex 142 51 1
endloop
endfacet
facet normal -1 0 0
outer loop
vertex 142 52 0
vertex 142 51 1
vertex 142 52 1
endloop
endfacet
facet normal 0 0 -1
outer loop
vertex 153 51 0
vertex 158 52 0
vertex 158 51 0
endloop
endfacet
facet normal 0 0 -1
outer loop
vertex 153 51 0
vertex 153 52 0
vertex 158 52 0
endloop
endfacet
facet normal 0 0 1
outer loop
vertex 153 51 1
vertex 158 51 1
vertex 158 52 1
endloop
endfacet
facet normal 0 0 1
outer loop
vertex 153 51 1
vertex 158 52 1
vertex 153 52 1
endloop
endfacet
facet normal 0 -1 0
outer loop
vertex 153 51 0
vertex 158 51 0
vertex 158 51 1
endloop
endfacet
facet normal 0 -1 0
outer loop
vertex 153 51 0
vertex 158 51 1
vertex 153 51 1
endloop
endfacet
facet normal 1 0 0
outer loop
vertex 158 51 0
vertex 158 52 0
vertex 158 52 1
endloop
endfacet
facet normal 1 0 0
outer loop
vertex 158 51 0
vertex 158 52 1
vertex 158 51 1
endloop
endfacet
facet normal 0 1 0
outer loop
vertex 158 52 0
vertex 153 52 0
vertex 153 52 1
endloop
endfacet
facet normal 0 1 0
outer loop
vertex 158 52 0
vertex 153 52 1
vertex 158 52 1
endloop
endfacet
facet normal -1 0 0
outer loop
vertex 153 52 0
vertex 153 51 0
vertex 153 51 1
endloop
endfacet
facet normal -1 0 0
outer loop
vertex 153 52 0
vertex 153 51 1
vertex 153 52 1
endloop
endfacet
facet normal 0 0 -1
outer loop
vertex 169 51 0
vertex 175 52 0
vertex 175 51 0
endloop
endfacet
facet normal 0 0 -1
outer loop
vertex 169 51 0
vertex 169 52 0
vertex 175 52 0
endloop
endfacet
facet normal 0 0 1
outer loop
vertex 169 51 1
vertex 175 51 1
vertex 175 52 1
endloop
endfacet
facet normal 0 0 1
outer loop
vertex 169 51 1
vertex 175 52 1
vertex 169 52 1
endloop
endfacet
facet normal 0 -1 0
outer loop
vertex 169 51 0
vertex 175 51 0
vertex 175 51 1
endloop
endfacet
facet normal 0 -1 0
outer loop
vertex 169 51 0
vertex 175 51 1
vertex 169 51 1
endloop
endfacet
facet normal 1 0 0
outer loop
vertex 175 51 0
vertex 175 52 0
vertex 175 52 1
endloop
endfacet
facet normal 1 0 0
outer loop
vertex 175 51 0
vertex 175 52 1
vertex 175 51 1
endloop
endfacet
facet normal 0 1 0
outer loop
vertex 175 52 0
vertex 169 52 0
vertex 169 52 1
endloop
endfacet
facet normal 0 1 0
outer loop
vertex 175 52 0
vertex 169 52 1
vertex 175 52 1
endloop
endfacet
facet normal -1 0 0
outer loop
vertex 169 52 0
vertex 169 51 0
vertex 169 51 1
endloop
endfacet
facet normal -1 0 0
outer loop
vertex 169 52 0
vertex 169 51 1
vertex 169 52 1
endloop
endfacet
facet normal 0 0 -1
outer loop
vertex 182 51 0
vertex 188 52 0
vertex 188 51 0
endloop
endfacet
facet normal 0 0 -1
outer loop
vertex 182 51 0
vertex 182 52 0
vertex 188 52 0
endloop
endfacet
facet normal 0 0 1
outer loop
vertex 182 51 1
vertex 188 51 1
vertex 188 52 1
endloop
endfacet
facet normal 0 0 1
outer loop
vertex 182 51 1
vertex 188 52 1
vertex 182 52 1
endloop
endfacet
facet normal 0 -1 0
outer loop
vertex 182 51 0
vertex 188 51 0
vertex 188 51 1
endloop
endfacet
facet normal 0 -1 0
outer loop
vertex 182 51 0
vertex 188 51 1
vertex 182 51 1
endloop
endfacet
facet normal 1 0 0
outer loop
vertex 188 51 0
vertex 188 52 0
vertex 188 52 1
endloop
endfacet
facet normal 1 0 0
outer loop
vertex 188 51 0
vertex 188 52 1
vertex 188 51 1
endloop
endfacet
facet normal 0 1 0
outer loop
vertex 188 52 0
vertex 182 52 0
vertex 182 52 1
endloop
endfacet
facet normal 0 1 0
outer loop
vertex 188 52 0
vertex 182 52 1
vertex 188 52 1
endloop
endfacet
facet normal -1 0 0
outer loop
vertex 182 52 0
vertex 182 51 0
vertex 182 51 1
endloop
endfacet
facet normal -1 0 0
outer loop
vertex 182 52 0
vertex 182 51 1
vertex 182 52 1
endloop
endfacet
facet normal 0 0 -1
outer loop
vertex 192 51 0
vertex 202 52 0
vertex 202 51 0
endloop
endfacet
facet normal 0 0 -1
outer loop
vertex 192 51 0
vertex 192 52 0
vertex 202 52 0
endloop
endfacet
facet normal 0 0 1
outer loop
vertex 192 51 1
vertex 202 51 1
vertex 202 52 1
endloop
endfacet
facet normal 0 0 1
outer loop
vertex 192 51 1
vertex 202 52 1
vertex 192 52 1
endloop
endfacet
facet normal 0 -1 0
outer loop
vertex 192 51 0
vertex 202 51 0
vertex 202 51 1
endloop
endfacet
facet normal 0 -1 0
outer loop
vertex 192 51 0
vertex 202 51 1
vertex 192 51 1
endloop
endfacet
facet normal 1 0 0
outer loop
vertex 202 51 0
vertex 202 52 0
vertex 202 52 1
endloop
endfacet
facet normal 1 0 0
outer loop
vertex 202 51 0
vertex 202 52 1
vertex 202 51 1
endloop
endfacet
facet normal 0 1 0
outer loop
vertex 202 52 0
vertex 192 52 0
vertex 192 52 1
endloop
endfacet
facet normal 0 1 0
outer loop
vertex 202 52 0
vertex 192 52 1
vertex 202 52 1
endloop
endfacet
facet normal -1 0 0
outer loop
vertex 192 52 0
vertex 192 51 0
vertex 192 51 1
endloop
endfacet
facet normal -1 0 0
outer loop
vertex 192 52 0
vertex 192 51 1
vertex 192 52 1
endloop
endfacet
facet normal 0 0 -1
outer loop
vertex 207 51 0
vertex 217 52 0
vertex 217 51 0
endloop
endfacet
facet normal 0 0 -1
outer loop
vertex 207 51 0
vertex 207 52 0
vertex 217 52 0
endloop
endfacet
facet normal 0 0 1
outer loop
vertex 207 51 1
vertex 217 51 1
vertex 217 52 1
endloop
endfacet
facet normal 0 0 1
outer loop
vertex 207 51 1
vertex 217 52 1
vertex 207 52 1
endloop
endfacet
facet normal 0 -1 0
outer loop
vertex 207 51 0
vertex 217 51 0
vertex 217 51 1
endloop
endfacet
facet normal 0 -1 0
outer loop
vertex 207 51 0
vertex 217 51 1
vertex 207 51 1
endloop
endfacet
facet normal 1 0 0
outer loop
vertex 217 51 0
vertex 217 52 0
vertex 217 52 1
endloop
endfacet
facet normal 1 0 0
outer loop
vertex 217 51 0
vertex 217 52 1
vertex 217 51 1
endloop
endfacet
facet normal 0 1 0
outer loop
vertex 217 52 0
vertex 207 52 0
vertex 207 52 1
endloop
endfacet
facet normal 0 1 0
outer loop
vertex 217 52 0
vertex 207 52 1
vertex 217 52 1
endloop
endfacet
facet normal -1 0 0
outer loop
vertex 207 52 0
vertex 207 51 0
vertex 207 51 1
endloop
endfacet
facet normal -1 0 0
outer loop
vertex 207 52 0
vertex 207 51 1
vertex 207 52 1
endloop
endfacet
facet normal 0 0 -1
outer loop
vertex 227 51 0
vertex 232 52 0
vertex 232 51 0
endloop
endfacet
facet normal 0 0 -1
outer loop
vertex 227 51 0
vertex 227 52 0
vertex 232 52 0
endloop
endfacet
facet normal 0 0 1
outer loop
vertex 227 51 1
vertex 232 51 1
vertex 232 52 1
endloop
endfacet
facet normal 0 0 1
outer loop
vertex 227 51 1
vertex 232 52 1
vertex 227 52 1
endloop
endfacet
facet normal 0 -1 0
outer loop
vertex 227 51 0
vertex 232 51 0
vertex 232 51 1
endloop
endfacet
facet normal 0 -1 0
outer loop
vertex 227 51 0
vertex 232 51 1
vertex 227 51 1
endloop
endfacet
facet normal 1 0 0
outer loop
vertex 232 51 0
vertex 232 52 0
vertex 232 52 1
endloop
endfacet
facet normal 1 0 0
outer loop
vertex 232 51 0
vertex 232 52 1
vertex 232 51 1
endloop
endfacet
facet normal 0 1 0
outer loop
vertex 232 52 0
vertex 227 52 0
vertex 227 52 1
endloop
endfacet
facet normal 0 1 0
outer loop
vertex 232 52 0
vertex 227 52 1
vertex 232 52 1
endloop
endfacet
facet normal -1 0 0
outer loop
vertex 227 52 0
vertex 227 51 0
vertex 227 51 1
endloop
endfacet
facet normal -1 0 0
outer loop
vertex 227 52 0
vertex 227 51 1
vertex 227 52 1
endloop
endfacet
facet normal 0 0 -1
outer loop
vertex 235 51 0
vertex 239 52 0
vertex 239 51 0
endloop
endfacet
facet normal 0 0 -1
outer loop
vertex 235 51 0
vertex 235 52 0
vertex 239 52 0
endloop
endfacet
facet normal 0 0 1
outer loop
vertex 235 51 1
vertex 239 51 1
vertex 239 52 1
endloop
endfacet
facet normal 0 0 1
outer loop
vertex 235 51 1
vertex 239 52 1
vertex 235 52 1
endloop
endfacet
facet normal 0 -1 0
outer loop
vertex 235 51 0
vertex 239 51 0
vertex 239 51 1
endloop
endfacet
facet normal 0 -1 0
outer loop
vertex 235 51 0
vertex 239 51 1
vertex 235 51 1
endloop
endfacet
facet normal 1 0 0
outer loop
vertex 239 51 0
vertex 239 52 0
vertex 239 52 1
endloop
endfacet
facet normal 1 0 0
outer loop
vertex 239 51 0
vertex 239 52 1
vertex 239 51 1
endloop
endfacet
facet normal 0 1 0
outer loop
vertex 239 52 0
vertex 235 52 0
vertex 235 52 1
endloop
endfacet
facet normal 0 1 0
outer loop
vertex 239 52 0
vertex 235 52 1
vertex 239 52 1
endloop
endfacet
facet normal -1 0 0
outer loop
vertex 235 52 0
vertex 235 51 0
vertex 235 51 1
endloop
endfacet
facet normal -1 0 0
outer loop
vertex 235 52 0
vertex 235 51 1
vertex 235 52 1
endloop
endfacet
facet normal 0 0 -1
outer loop
vertex 241 51 0
vertex 247 52 0
vertex 247 51 0
endloop
endfacet
facet normal 0 0 -1
outer loop
vertex 241 51 0
vertex 241 52 0
vertex 247 52 0
endloop
endfacet
facet normal 0 0 1
outer loop
vertex 241 51 1
vertex 247 51 1
vertex 247 52 1
endloop
endfacet
facet normal 0 0 1
outer loop
vertex 241 51 1
vertex 247 52 1
vertex 241 52 1
endloop
endfacet
facet normal 0 -1 0
outer loop
vertex 241 51 0
vertex 247 51 0
vertex 247 51 1
endloop
endfacet
facet normal 0 -1 0
outer loop
vertex 241 51 0
vertex 247 51 1
vertex 241 51 1
endloop
endfacet
facet normal 1 0 0
outer loop
vertex 247 51 0
vertex 247 52 0
vertex 247 52 1
endloop
endfacet
facet normal 1 0 0
outer loop
vertex 247 51 0
vertex 247 52 1
vertex 247 51 1
endloop
endfacet
facet normal 0 1 0
outer loop
vertex 247 52 0
vertex 241 52 0
vertex 241 52 1
endloop
endfacet
facet normal 0 1 0
outer loop
vertex 247 52 0
vertex 241 52 1
vertex 247 52 1
endloop
endfacet
facet normal -1 0 0
outer loop
vertex 241 52 0
vertex 241 51 0
vertex 241 51 1
endloop
endfacet
facet normal -1 0 0
outer loop
vertex 241 52 0
vertex 241 51 1
vertex 241 52 1
endloop
endfacet
facet normal 0 0 -1
outer loop
vertex 252 51 0
vertex 258 52 0
vertex 258 51 0
endloop
endfacet
facet normal 0 0 -1
outer loop
vertex 252 51 0
vertex 252 52 0
vertex 258 52 0
endloop
endfacet
facet normal 0 0 1
outer loop
vertex 252 51 1
vertex 258 51 1
vertex 258 52 1
endloop
endfacet
facet normal 0 0 1
outer loop
vertex 252 51 1
vertex 258 52 1
vertex 252 52 1
endloop
endfacet
facet normal 0 -1 0
outer loop
vertex 252 51 0
vertex 258 51 0
vertex 258 51 1
endloop
endfacet
facet normal 0 -1 0
outer loop
vertex 252 51 0
vertex 258 51 1
vertex 252 51 1
endloop
endfacet
facet normal 1 0 0
outer loop
vertex 258 51 0
vertex 258 52 0
vertex 258 52 1
endloop
endfacet
facet normal 1 0 0
outer loop
vertex 258 51 0
vertex 258 52 1
vertex 258 51 1
endloop
endfacet
facet normal 0 1 0
outer loop
vertex 258 52 0
vertex 252 52 0
vertex 252 52 1
endloop
endfacet
facet normal 0 1 0
outer loop
vertex 258 52 0
vertex 252 52 1
vertex 258 52 1
endloop
endfacet
facet normal -1 0 0
outer loop
vertex 252 52 0
vertex 252 51 0
vertex 252 51 1
endloop
endfacet
facet normal -1 0 0
outer loop
vertex 252 52 0
vertex 252 51 1
vertex 252 52 1
endloop
endfacet
facet normal 0 0 -1
outer loop
vertex 261 51 0
vertex 271 52 0
vertex 271 51 0
endloop
endfacet
facet normal 0 0 -1
outer loop
vertex 261 51 0
vertex 261 52 0
vertex 271 52 0
endloop
endfacet
facet normal 0 0 1
outer loop
vertex 261 51 1
vertex 271 51 1
vertex 271 52 1
endloop
endfacet
facet normal 0 0 1
outer loop
vertex 261 51 1
vertex 271 52 1
vertex 261 52 1
endloop
endfacet
facet normal 0 -1 0
outer loop
vertex 261 51 0
vertex 271 51 0
vertex 271 51 1
endloop
endfacet
facet normal 0 -1 0
outer loop
vertex 261 51 0
vertex 271 51 1
vertex 261 51 1
endloop
endfacet
facet normal 1 0 0
outer loop
vertex 271 51 0
vertex 271 52 0
vertex 271 52 1
endloop
endfacet
facet normal 1 0 0
outer loop
vertex 271 51 0
vertex 271 52 1
vertex 271 51 1
endloop
endfacet
facet normal 0 1 0
outer loop
vertex 271 52 0
vertex 261 52 0
vertex 261 52 1
endloop
endfacet
facet normal 0 1 0
outer loop
vertex 271 52 0
vertex 261 52 1
vertex 271 52 1
endloop
endfacet
facet normal -1 0 0
outer loop
vertex 261 52 0
vertex 261 51 0
vertex 261 51 1
endloop
endfacet
facet normal -1 0 0
outer loop
vertex 261 52 0
vertex 261 51 1
vertex 261 52 1
endloop
endfacet
facet normal 0 0 -1
outer loop
vertex 284 51 0
vertex 290 52 0
vertex 290 51 0
endloop
endfacet
facet normal 0 0 -1
outer loop
vertex 284 51 0
vertex 284 52 0
vertex 290 52 0
endloop
endfacet
facet normal 0 0 1
outer loop
vertex 284 51 1
vertex 290 51 1
vertex 290 52 1
endloop
endfacet
facet normal 0 0 1
outer loop
vertex 284 51 1
vertex 290 52 1
vertex 284 52 1
endloop
endfacet
facet normal 0 -1 0
outer loop
vertex 284 51 0
vertex 290 51 0
vertex 290 51 1
endloop
endfacet
facet normal 0 -1 0
outer loop
vertex 284 51 0
vertex 290 51 1
vertex 284 51 1
endloop
endfacet
facet normal 1 0 0
outer loop
vertex 290 51 0
vertex 290 52 0
vertex 290 52 1
endloop
endfacet
facet normal 1 0 0
outer loop
vertex 290 51 0
vertex 290 52 1
vertex 290 51 1
endloop
endfacet
facet normal 0 1 0
outer loop
vertex 290 52 0
vertex 284 52 0
vertex 284 52 1
endloop
endfacet
facet normal 0 1 0
outer loop
vertex 290 52 0
vertex 284 52 1
vertex 290 52 1
endloop
endfacet
facet normal -1 0 0
outer loop
vertex 284 52 0
vertex 284 51 0
vertex 284 51 1
endloop
endfacet
facet normal -1 0 0
outer loop
vertex 284 52 0
vertex 284 51 1
vertex 284 52 1
endloop
endfacet
facet normal 0 0 -1
outer loop
vertex 297 51 0
vertex 303 52 0
vertex 303 51 0
endloop
endfacet
facet normal 0 0 -1
outer loop
vertex 297 51 0
vertex 297 52 0
vertex 303 52 0
endloop
endfacet
facet normal 0 0 1
outer loop
vertex 297 51 1
vertex 303 51 1
vertex 303 52 1
endloop
endfacet
facet normal 0 0 1
outer loop
vertex 297 51 1
vertex 303 52 1
vertex 297 52 1
endloop
endfacet
facet normal 0 -1 0
outer loop
vertex 297 51 0
vertex 303 51 0
vertex 303 51 1
endloop
endfacet
facet normal 0 -1 0
outer loop
vertex 297 51 0
vertex 303 51 1
vertex 297 51 1
endloop
endfacet
facet normal 1 0 0
outer loop
vertex 303 51 0
vertex 303 52 0
vertex 303 52 1
endloop
endfacet
facet normal 1 0 0
outer loop
vertex 303 51 0
vertex 303 52 1
vertex 303 51 1
endloop
endfacet
facet normal 0 1 0
outer loop
vertex 303 52 0
vertex 297 52 0
vertex 297 52 1
endloop
endfacet
facet normal 0 1 0
outer loop
vertex 303 52 0
vertex 297 52 1
vertex 303 52 1
endloop
endfacet
facet normal -1 0 0
outer loop
vertex 297 52 0
vertex 297 51 0
vertex 297 51 1
endloop
endfacet
facet normal -1 0 0
outer loop
vertex 297 52 0
vertex 297 51 1
vertex 297 52 1
endloop
endfacet
facet normal 0 0 -1
outer loop
vertex 305 51 0
vertex 316 52 0
vertex 316 51 0
endloop
endfacet
facet normal 0 0 -1
outer loop
vertex 305 51 0
vertex 305 52 0
vertex 316 52 0
endloop
endfacet
facet normal 0 0 1
outer loop
vertex 305 51 1
vertex 316 51 1
vertex 316 52 1
endloop
endfacet
facet normal 0 0 1
outer loop
vertex 305 51 1
vertex 316 52 1
vertex 305 52 1
endloop
endfacet
facet normal 0 -1 0
outer loop
vertex 305 51 0
vertex 316 51 0
vertex 316 51 1
endloop
endfacet
facet normal 0 -1 0
outer loop
vertex 305 51 0
vertex 316 51 1
vertex 305 51 1
endloop
endfacet
facet normal 1 0 0
outer loop
vertex 316 51 0
vertex 316 52 0
vertex 316 52 1
endloop
endfacet
facet normal 1 0 0
outer loop
vertex 316 51 0
vertex 316 52 1
vertex 316 51 1
endloop
endfacet
facet normal 0 1 0
outer loop
vertex 316 52 0
vertex 305 52 0
vertex 305 52 1
endloop
endfacet
facet normal 0 1 0
outer loop
vertex 316 52 0
vertex 305 52 1
vertex 316 52 1
endloop
endfacet
facet normal -1 0 0
outer loop
vertex 305 52 0
vertex 305 51 0
vertex 305 51 1
endloop
endfacet
facet normal -1 0 0
outer loop
vertex 305 52 0
vertex 305 51 1
vertex 305 52 1
endloop
endfacet
facet normal 0 0 -1
outer loop
vertex 318 51 0
vertex 323 52 0
vertex 323 51 0
endloop
endfacet
facet normal 0 0 -1
outer loop
vertex 318 51 0
vertex 318 52 0
vertex 323 52 0
endloop
endfacet
facet normal 0 0 1
outer loop
vertex 318 51 1
vertex 323 51 1
vertex 323 52 1
endloop
endfacet
facet normal 0 0 1
outer loop
vertex 318 51 1
vertex 323 52 1
vertex 318 52 1
endloop
endfacet
facet normal 0 -1 0
outer loop
vertex 318 51 0
vertex 323 51 0
vertex 323 51 1
endloop
endfacet
facet normal 0 -1 0
outer loop
vertex 318 51 0
vertex 323 51 1
vertex 318 51 1
endloop
endfacet
facet normal 1 0 0
outer loop
vertex 323 51 0
vertex 323 52 0
vertex 323 52 1
endloop
endfacet
facet normal 1 0 0
outer loop
vertex 323 51 0
vertex 323 52 1
vertex 323 51 1
endloop
endfacet
facet normal 0 1 0
outer loop
vertex 323 52 0
vertex 318 52 0
vertex 318 52 1
endloop
endfacet
facet normal 0 1 0
outer loop
vertex 323 52 0
vertex 318 52 1
vertex 323 52 1
endloop
endfacet
facet normal -1 0 0
outer loop
vertex 318 52 0
vertex 318 51 0
vertex 318 51 1
endloop
endfacet
facet normal -1 0 0
outer loop
vertex 318 52 0
vertex 318 51 1
vertex 318 52 1
endloop
endfacet
facet normal 0 0 -1
outer loop
vertex 324 51 0
vertex 330 52 0
vertex 330 51 0
endloop
endfacet
facet normal 0 0 -1
outer loop
vertex 324 51 0
vertex 324 52 0
vertex 330 52 0
endloop
endfacet
facet normal 0 0 1
outer loop
vertex 324 51 1
vertex 330 51 1
vertex 330 52 1
endloop
endfacet
facet normal 0 0 1
outer loop
vertex 324 51 1
vertex 330 52 1
vertex 324 52 1
endloop
endfacet
facet normal 0 -1 0
outer loop
vertex 324 51 0
vertex 330 51 0
vertex 330 51 1
endloop
endfacet
facet normal 0 -1 0
outer loop
vertex 324 51 0
vertex 330 51 1
vertex 324 51 1
endloop
endfacet
facet normal 1 0 0
outer loop
vertex 330 51 0
vertex 330 52 0
vertex 330 52 1
endloop
endfacet
facet normal 1 0 0
outer loop
vertex 330 51 0
vertex 330 52 1
vertex 330 51 1
endloop
endfacet
facet normal 0 1 0
outer loop
vertex 330 52 0
vertex 324 52 0
vertex 324 52 1
endloop
endfacet
facet normal 0 1 0
outer loop
vertex 330 52 0
vertex 324 52 1
vertex 330 52 1
endloop
endfacet
facet normal -1 0 0
outer loop
vertex 324 52 0
vertex 324 51 0
vertex 324 51 1
endloop
endfacet
facet normal -1 0 0
outer loop
vertex 324 52 0
vertex 324 51 1
vertex 324 52 1
endloop
endfacet
facet normal 0 0 -1
outer loop
vertex 335 51 0
vertex 341 52 0
vertex 341 51 0
endloop
endfacet
facet normal 0 0 -1
outer loop
vertex 335 51 0
vertex 335 52 0
vertex 341 52 0
endloop
endfacet
facet normal 0 0 1
outer loop
vertex 335 51 1
vertex 341 51 1
vertex 341 52 1
endloop
endfacet
facet normal 0 0 1
outer loop
vertex 335 51 1
vertex 341 52 1
vertex 335 52 1
endloop
endfacet
facet normal 0 -1 0
outer loop
vertex 335 51 0
vertex 341 51 0
vertex 341 51 1
endloop
endfacet
facet normal 0 -1 0
outer loop
vertex 335 51 0
vertex 341 51 1
vertex 335 51 1
endloop
endfacet
facet normal 1 0 0
outer loop
vertex 341 51 0
vertex 341 52 0
vertex 341 52 1
endloop
endfacet
facet normal 1 0 0
outer loop
vertex 341 51 0
vertex 341 52 1
vertex 341 51 1
endloop
endfacet
facet normal 0 1 0
outer loop
vertex 341 52 0
vertex 335 52 0
vertex 335 52 1
endloop
endfacet
facet normal 0 1 0
outer loop
vertex 341 52 0
vertex 335 52 1
vertex 341 52 1
endloop
endfacet
facet normal -1 0 0
outer loop
vertex 335 52 0
vertex 335 51 0
vertex 335 51 1
endloop
endfacet
facet normal -1 0 0
outer loop
vertex 335 52 0
vertex 335 51 1
vertex 335 52 1
endloop
endfacet
facet normal 0 0 -1
outer loop
vertex 344 51 0
vertex 354 52 0
vertex 354 51 0
endloop
endfacet
facet normal 0 0 -1
outer loop
vertex 344 51 0
vertex 344 52 0
vertex 354 52 0
endloop
endfacet
facet normal 0 0 1
outer loop
vertex 344 51 1
vertex 354 51 1
vertex 354 52 1
endloop
endfacet
facet normal 0 0 1
outer loop
vertex 344 51 1
vertex 354 52 1
vertex 344 52 1
endloop
endfacet
facet normal 0 -1 0
outer loop
vertex 344 51 0
vertex 354 51 0
vertex 354 51 1
endloop
endfacet
facet normal 0 -1 0
outer loop
vertex 344 51 0
vertex 354 51 1
vertex 344 51 1
endloop
endfacet
facet normal 1 0 0
outer loop
vertex 354 51 0
vertex 354 52 0
vertex 354 52 1
endloop
endfacet
facet normal 1 0 0
outer loop
vertex 354 51 0
vertex 354 52 1
vertex 354 51 1
endloop
endfacet
facet normal 0 1 0
outer loop
vertex 354 52 0
vertex 344 52 0
vertex 344 52 1
endloop
endfacet
facet normal 0 1 0
outer loop
vertex 354 52 0
vertex 344 52 1
vertex 354 52 1
endloop
endfacet
facet normal -1 0 0
outer loop
vertex 344 52 0
vertex 344 51 0
vertex 344 51 1
endloop
endfacet
facet normal -1 0 0
outer loop
vertex 344 52 0
vertex 344 51 1
vertex 344 52 1
endloop
endfacet
facet normal 0 0 -1
outer loop
vertex 359 51 0
vertex 373 52 0
vertex 373 51 0
endloop
endfacet
facet normal 0 0 -1
outer loop
vertex 359 51 0
vertex 359 52 0
vertex 373 52 0
endloop
endfacet
facet normal 0 0 1
outer loop
vertex 359 51 1
vertex 373 51 1
vertex 373 52 1
endloop
endfacet
facet normal 0 0 1
outer loop
vertex 359 51 1
vertex 373 52 1
vertex 359 52 1
endloop
endfacet
facet normal 0 -1 0
outer loop
vertex 359 51 0
vertex 373 51 0
vertex 373 51 1
endloop
endfacet
facet normal 0 -1 0
outer loop
vertex 359 51 0
vertex 373 51 1
vertex 359 51 1
endloop
endfacet
facet normal 1 0 0
outer loop
vertex 373 51 0
vertex 373 52 0
vertex 373 52 1
endloop
endfacet
facet normal 1 0 0
outer loop
vertex 373 51 0
vertex 373 52 1
vertex 373 51 1
endloop
endfacet
facet normal 0 1 0
outer loop
vertex 373 52 0
vertex 359 52 0
vertex 359 52 1
endloop
endfacet
facet normal 0 1 0
outer loop
vertex 373 52 0
vertex 359 52 1
vertex 373 52 1
endloop
endfacet
facet normal -1 0 0
outer loop
vertex 359 52 0
vertex 359 51 0
vertex 359 51 1
endloop
endfacet
facet normal -1 0 0
outer loop
vertex 359 52 0
vertex 359 51 1
vertex 359 52 1
endloop
endfacet
facet normal 0 0 -1
outer loop
vertex 65 50 0
vertex 71 51 0
vertex 71 50 0
endloop
endfacet
facet normal 0 0 -1
outer loop
vertex 65 50 0
vertex 65 51 0
vertex 71 51 0
endloop
endfacet
facet normal 0 0 1
outer loop
vertex 65 50 1
vertex 71 50 1
vertex 71 51 1
endloop
endfacet
facet normal 0 0 1
outer loop
vertex 65 50 1
vertex 71 51 1
vertex 65 51 1
endloop
endfacet
facet normal 0 -1 0
outer loop
vertex 65 50 0
vertex 71 50 0
vertex 71 50 1
endloop
endfacet
facet normal 0 -1 0
outer loop
vertex 65 50 0
vertex 71 50 1
vertex 65 50 1
endloop
endfacet
facet normal 1 0 0
outer loop
vertex 71 50 0
vertex 71 51 0
vertex 71 51 1
endloop
endfacet
facet normal 1 0 0
outer loop
vertex 71 50 0
vertex 71 51 1
vertex 71 50 1
endloop
endfacet
facet normal 0 1 0
outer loop
vertex 71 51 0
vertex 65 51 0
vertex 65 51 1
endloop
endfacet
facet normal 0 1 0
outer loop
vertex 71 51 0
vertex 65 51 1
vertex 71 51 1
endloop
endfacet
facet normal -1 0 0
outer loop
vertex 65 51 0
vertex 65 50 0
vertex 65 50 1
endloop
endfacet
facet normal -1 0 0
outer loop
vertex 65 51 0
vertex 65 50 1
vertex 65 51 1
endloop
endfacet
facet normal 0 0 -1
outer loop
vertex 85 50 0
vertex 98 51 0
vertex 98 50 0
endloop
endfacet
facet normal 0 0 -1
outer loop
vertex 85 50 0
vertex 85 51 0
vertex 98 51 0
endloop
endfacet
facet normal 0 0 1
outer loop
vertex 85 50 1
vertex 98 50 1
vertex 98 51 1
endloop
endfacet
facet normal 0 0 1
outer loop
vertex 85 50 1
vertex 98 51 1
vertex 85 51 1
endloop
endfacet
facet normal 0 -1 0
outer loop
vertex 85 50 0
vertex 98 50 0
vertex 98 50 1
endloop
endfacet
facet normal 0 -1 0
outer loop
vertex 85 50 0
vertex 98 50 1
vertex 85 50 1
endloop
endfacet
facet normal 1 0 0
outer loop
vertex 98 50 0
vertex 98 51 0
vertex 98 51 1
endloop
endfacet
facet normal 1 0 0
outer loop
vertex 98 50 0
vertex 98 51 1
vertex 98 50 1
endloop
endfacet
facet normal 0 1 0
outer loop
vertex 98 51 0
vertex 85 51 0
vertex 85 51 1
endloop
endfacet
facet normal 0 1 0
outer loop
vertex 98 51 0
vertex 85 51 1
vertex 98 51 1
endloop
endfacet
facet normal -1 0 0
outer loop
vertex 85 51 0
vertex 85 50 0
vertex 85 50 1
endloop
endfacet
facet normal -1 0 0
outer loop
vertex 85 51 0
vertex 85 50 1
vertex 85 51 1
endloop
endfacet
facet normal 0 0 -1
outer loop
vertex 101 50 0
vertex 107 51 0
vertex 107 50 0
endloop
endfacet
facet normal 0 0 -1
outer loop
vertex 101 50 0
vertex 101 51 0
vertex 107 51 0
endloop
endfacet
facet normal 0 0 1
outer loop
vertex 101 50 1
vertex 107 50 1
vertex 107 51 1
endloop
endfacet
facet normal 0 0 1
outer loop
vertex 101 50 1
vertex 107 51 1
vertex 101 51 1
endloop
endfacet
facet normal 0 -1 0
outer loop
vertex 101 50 0
vertex 107 50 0
vertex 107 50 1
endloop
endfacet
facet normal 0 -1 0
outer loop
vertex 101 50 0
vertex 107 50 1
vertex 101 50 1
endloop
endfacet
facet normal 1 0 0
outer loop
vertex 107 50 0
vertex 107 51 0
vertex 107 51 1
endloop
endfacet
facet normal 1 0 0
outer loop
vertex 107 50 0
vertex 107 51 1
vertex 107 50 1
endloop
endfacet
facet normal 0 1 0
outer loop
vertex 107 51 0
vertex 101 51 0
vertex 101 51 1
endloop
endfacet
facet normal 0 1 0
outer loop
vertex 107 51 0
vertex 101 51 1
vertex 107 51 1
endloop
endfacet
facet normal -1 0 0
outer loop
vertex 101 51 0
vertex 101 50 0
vertex 101 50 1
endloop
endfacet
facet normal -1 0 0
outer loop
vertex 101 51 0
vertex 101 50 1
vertex 101 51 1
endloop
endfacet
facet normal 0 0 -1
outer loop
vertex 111 50 0
vertex 117 51 0
vertex 117 50 0
endloop
endfacet
facet normal 0 0 -1
outer loop
vertex 111 50 0
vertex 111 51 0
vertex 117 51 0
endloop
endfacet
facet normal 0 0 1
outer loop
vertex 111 50 1
vertex 117 50 1
vertex 117 51 1
endloop
endfacet
facet normal 0 0 1
outer loop
vertex 111 50 1
vertex 117 51 1
vertex 111 51 1
endloop
endfacet
facet normal 0 -1 0
outer loop
vertex 111 50 0
vertex 117 50 0
vertex 117 50 1
endloop
endfacet
facet normal 0 -1 0
outer loop
vertex 111 50 0
vertex 117 50 1
vertex 111 50 1
endloop
endfacet
facet normal 1 0 0
outer loop
vertex 117 50 0
vertex 117 51 0
vertex 117 51 1
endloop
endfacet
facet normal 1 0 0
outer loop
vertex 117 50 0
vertex 117 51 1
vertex 117 50 1
endloop
endfacet
facet normal 0 1 0
outer loop
vertex 117 51 0
vertex 111 51 0
vertex 111 51 1
endloop
endfacet
facet normal 0 1 0
outer loop
vertex 117 51 0
vertex 111 51 1
vertex 117 51 1
endloop
endfacet
facet normal -1 0 0
outer loop
vertex 111 51 0
vertex 111 50 0
vertex 111 50 1
endloop
endfacet
facet normal -1 0 0
outer loop
vertex 111 51 0
vertex 111 50 1
vertex 111 51 1
endloop
endfacet
facet normal 0 0 -1
outer loop
vertex 119 50 0
vertex 131 51 0
vertex 131 50 0
endloop
endfacet
facet normal 0 0 -1
outer loop
vertex 119 50 0
vertex 119 51 0
vertex 131 51 0
endloop
endfacet
facet normal 0 0 1
outer loop
vertex 119 50 1
vertex 131 50 1
vertex 131 51 1
endloop
endfacet
facet normal 0 0 1
outer loop
vertex 119 50 1
vertex 131 51 1
vertex 119 51 1
endloop
endfacet
facet normal 0 -1 0
outer loop
vertex 119 50 0
vertex 131 50 0
vertex 131 50 1
endloop
endfacet
facet normal 0 -1 0
outer loop
vertex 119 50 0
vertex 131 50 1
vertex 119 50 1
endloop
endfacet
facet normal 1 0 0
outer loop
vertex 131 50 0
vertex 131 51 0
vertex 131 51 1
endloop
endfacet
facet normal 1 0 0
outer loop
vertex 131 50 0
vertex 131 51 1
vertex 131 50 1
endloop
endfacet
facet normal 0 1 0
outer loop
vertex 131 51 0
vertex 119 51 0
vertex 119 51 1
endloop
endfacet
facet normal 0 1 0
outer loop
vertex 131 51 0
vertex 119 51 1
vertex 131 51 1
endloop
endfacet
facet normal -1 0 0
outer loop
vertex 119 51 0
vertex 119 50 0
vertex 119 50 1
endloop
endfacet
facet normal -1 0 0
outer loop
vertex 119 51 0
vertex 119 50 1
vertex 119 51 1
endloop
endfacet
facet normal 0 0 -1
outer loop
vertex 135 50 0
vertex 140 51 0
vertex 140 50 0
endloop
endfacet
facet normal 0 0 -1
outer loop
vertex 135 50 0
vertex 135 51 0
vertex 140 51 0
endloop
endfacet
facet normal 0 0 1
outer loop
vertex 135 50 1
vertex 140 50 1
vertex 140 51 1
endloop
endfacet
facet normal 0 0 1
outer loop
vertex 135 50 1
vertex 140 51 1
vertex 135 51 1
endloop
endfacet
facet normal 0 -1 0
outer loop
vertex 135 50 0
vertex 140 50 0
vertex 140 50 1
endloop
endfacet
facet normal 0 -1 0
outer loop
vertex 135 50 0
vertex 140 50 1
vertex 135 50 1
endloop
endfacet
facet normal 1 0 0
outer loop
vertex 140 50 0
vertex 140 51 0
vertex 140 51 1
endloop
endfacet
facet normal 1 0 0
outer loop
vertex 140 50 0
vertex 140 51 1
vertex 140 50 1
endloop
endfacet
facet normal 0 1 0
outer loop
vertex 140 51 0
vertex 135 51 0
vertex 135 51 1
endloop
endfacet
facet normal 0 1 0
outer loop
vertex 140 51 0
vertex 135 51 1
vertex 140 51 1
endloop
endfacet
facet normal -1 0 0
outer loop
vertex 135 51 0
vertex 135 50 0
vertex 135 50 1
endloop
endfacet
facet normal -1 0 0
outer loop
vertex 135 51 0
vertex 135 50 1
vertex 135 51 1
endloop
endfacet
facet normal 0 0 -1
outer loop
vertex 142 50 0
vertex 148 51 0
vertex 148 50 0
endloop
endfacet
facet normal 0 0 -1
outer loop
vertex 142 50 0
vertex 142 51 0
vertex 148 51 0
endloop
endfacet
facet normal 0 0 1
outer loop
vertex 142 50 1
vertex 148 50 1
vertex 148 51 1
endloop
endfacet
facet normal 0 0 1
outer loop
vertex 142 50 1
vertex 148 51 1
vertex 142 51 1
endloop
endfacet
facet normal 0 -1 0
outer loop
vertex 142 50 0
vertex 148 50 0
vertex 148 50 1
endloop
endfacet
facet normal 0 -1 0
outer loop
vertex 142 50 0
vertex 148 50 1
vertex 142 50 1
endloop
endfacet
facet normal 1 0 0
outer loop
vertex 148 50 0
vertex 148 51 0
vertex 148 51 1
endloop
endfacet
facet normal 1 0 0
outer loop
vertex 148 50 0
vertex 148 51 1
vertex 148 50 1
endloop
endfacet
facet normal 0 1 0
outer loop
vertex 148 51 0
vertex 142 51 0
vertex 142 51 1
endloop
endfacet
facet normal 0 1 0
outer loop
vertex 148 51 0
vertex 142 51 1
vertex 148 51 1
endloop
endfacet
facet normal -1 0 0
outer loop
vertex 142 51 0
vertex 142 50 0
vertex 142 50 1
endloop
endfacet
facet normal -1 0 0
outer loop
vertex 142 51 0
vertex 142 50 1
vertex 142 51 1
endloop
endfacet
facet normal 0 0 -1
outer loop
vertex 153 50 0
vertex 158 51 0
vertex 158 50 0
endloop
endfacet
facet normal 0 0 -1
outer loop
vertex 153 50 0
vertex 153 51 0
vertex 158 51 0
endloop
endfacet
facet normal 0 0 1
outer loop
vertex 153 50 1
vertex 158 50 1
vertex 158 51 1
endloop
endfacet
facet normal 0 0 1
outer loop
vertex 153 50 1
vertex 158 51 1
vertex 153 51 1
endloop
endfacet
facet normal 0 -1 0
outer loop
vertex 153 50 0
vertex 158 50 0
vertex 158 50 1
endloop
endfacet
facet normal 0 -1 0
outer loop
vertex 153 50 0
vertex 158 50 1
vertex 153 50 1
endloop
endfacet
facet normal 1 0 0
outer loop
vertex 158 50 0
vertex 158 51 0
vertex 158 51 1
endloop
endfacet
facet normal 1 0 0
outer loop
vertex 158 50 0
vertex 158 51 1
vertex 158 50 1
endloop
endfacet
facet normal 0 1 0
outer loop
vertex 158 51 0
vertex 153 51 0
vertex 153 51 1
endloop
endfacet
facet normal 0 1 0
outer loop
vertex 158 51 0
vertex 153 51 1
vertex 158 51 1
endloop
endfacet
facet normal -1 0 0
outer loop
vertex 153 51 0
vertex 153 50 0
vertex 153 50 1
endloop
endfacet
facet normal -1 0 0
outer loop
vertex 153 51 0
vertex 153 50 1
vertex 153 51 1
endloop
endfacet
facet normal 0 0 -1
outer loop
vertex 168 50 0
vertex 174 51 0
vertex 174 50 0
endloop
endfacet
facet normal 0 0 -1
outer loop
vertex 168 50 0
vertex 168 51 0
vertex 174 51 0
endloop
endfacet
facet normal 0 0 1
outer loop
vertex 168 50 1
vertex 174 50 1
vertex 174 51 1
endloop
endfacet
facet normal 0 0 1
outer loop
vertex 168 50 1
vertex 174 51 1
vertex 168 51 1
endloop
endfacet
facet normal 0 -1 0
outer loop
vertex 168 50 0
vertex 174 50 0
vertex 174 50 1
endloop
endfacet
facet normal 0 -1 0
outer loop
vertex 168 50 0
vertex 174 50 1
vertex 168 50 1
endloop
endfacet
facet normal 1 0 0
outer loop
vertex 174 50 0
vertex 174 51 0
vertex 174 51 1
endloop
endfacet
facet normal 1 0 0
outer loop
vertex 174 50 0
vertex 174 51 1
vertex 174 50 1
endloop
endfacet
facet normal 0 1 0
outer loop
vertex 174 51 0
vertex 168 51 0
vertex 168 51 1
endloop
endfacet
facet normal 0 1 0
outer loop
vertex 174 51 0
vertex 168 51 1
vertex 174 51 1
endloop
endfacet
facet normal -1 0 0
outer loop
vertex 168 51 0
vertex 168 50 0
vertex 168 50 1
endloop
endfacet
facet normal -1 0 0
outer loop
vertex 168 51 0
vertex 168 50 1
vertex 168 51 1
endloop
endfacet
facet normal 0 0 -1
outer loop
vertex 183 50 0
vertex 188 51 0
vertex 188 50 0
endloop
endfacet
facet normal 0 0 -1
outer loop
vertex 183 50 0
vertex 183 51 0
vertex 188 51 0
endloop
endfacet
facet normal 0 0 1
outer loop
vertex 183 50 1
vertex 188 50 1
vertex 188 51 1
endloop
endfacet
facet normal 0 0 1
outer loop
vertex 183 50 1
vertex 188 51 1
vertex 183 51 1
endloop
endfacet
facet normal 0 -1 0
outer loop
vertex 183 50 0
vertex 188 50 0
vertex 188 50 1
endloop
endfacet
facet normal 0 -1 0
outer loop
vertex 183 50 0
vertex 188 50 1
vertex 183 50 1
endloop
endfacet
facet normal 1 0 0
outer loop
vertex 188 50 0
vertex 188 51 0
vertex 188 51 1
endloop
endfacet
facet normal 1 0 0
outer loop
vertex 188 50 0
vertex 188 51 1
vertex 188 50 1
endloop
endfacet
facet normal 0 1 0
outer loop
vertex 188 51 0
vertex 183 51 0
vertex 183 51 1
endloop
endfacet
facet normal 0 1 0
outer loop
vertex 188 51 0
vertex 183 51 1
vertex 188 51 1
endloop
endfacet
facet normal -1 0 0
outer loop
vertex 183 51 0
vertex 183 50 0
vertex 183 50 1
endloop
endfacet
facet normal -1 0 0
outer loop
vertex 183 51 0
vertex 183 50 1
vertex 183 51 1
endloop
endfacet
facet normal 0 0 -1
outer loop
vertex 190 50 0
vertex 203 51 0
vertex 203 50 0
endloop
endfacet
facet normal 0 0 -1
outer loop
vertex 190 50 0
vertex 190 51 0
vertex 203 51 0
endloop
endfacet
facet normal 0 0 1
outer loop
vertex 190 50 1
vertex 203 50 1
vertex 203 51 1
endloop
endfacet
facet normal 0 0 1
outer loop
vertex 190 50 1
vertex 203 51 1
vertex 190 51 1
endloop
endfacet
facet normal 0 -1 0
outer loop
vertex 190 50 0
vertex 203 50 0
vertex 203 50 1
endloop
endfacet
facet normal 0 -1 0
outer loop
vertex 190 50 0
vertex 203 50 1
vertex 190 50 1
endloop
endfacet
facet normal 1 0 0
outer loop
vertex 203 50 0
vertex 203 51 0
vertex 203 51 1
endloop
endfacet
facet normal 1 0 0
outer loop
vertex 203 50 0
vertex 203 51 1
vertex 203 50 1
endloop
endfacet
facet normal 0 1 0
outer loop
vertex 203 51 0
vertex 190 51 0
vertex 190 51 1
endloop
endfacet
facet normal 0 1 0
outer loop
vertex 203 51 0
vertex 190 51 1
vertex 203 51 1
endloop
endfacet
facet normal -1 0 0
outer loop
vertex 190 51 0
vertex 190 50 0
vertex 190 50 1
endloop
endfacet
facet normal -1 0 0
outer loop
vertex 190 51 0
vertex 190 50 1
vertex 190 51 1
endloop
endfacet
facet normal 0 0 -1
outer loop
vertex 207 50 0
vertex 217 51 0
vertex 217 50 0
endloop
endfacet
facet normal 0 0 -1
outer loop
vertex 207 50 0
vertex 207 51 0
vertex 217 51 0
endloop
endfacet
facet normal 0 0 1
outer loop
vertex 207 50 1
vertex 217 50 1
vertex 217 51 1
endloop
endfacet
facet normal 0 0 1
outer loop
vertex 207 50 1
vertex 217 51 1
vertex 207 51 1
endloop
endfacet
facet normal 0 -1 0
outer loop
vertex 207 50 0
vertex 217 50 0
vertex 217 50 1
endloop
endfacet
facet normal 0 -1 0
outer loop
vertex 207 50 0
vertex 217 50 1
vertex 207 50 1
endloop
endfacet
facet normal 1 0 0
outer loop
vertex 217 50 0
vertex 217 51 0
vertex 217 51 1
endloop
endfacet
facet normal 1 0 0
outer loop
vertex 217 50 0
vertex 217 51 1
vertex 217 50 1
endloop
endfacet
facet normal 0 1 0
outer loop
vertex 217 51 0
vertex 207 51 0
vertex 207 51 1
endloop
endfacet
facet normal 0 1 0
outer loop
vertex 217 51 0
vertex 207 51 1
vertex 217 51 1
endloop
endfacet
facet normal -1 0 0
outer loop
vertex 207 51 0
vertex 207 50 0
vertex 207 50 1
endloop
endfacet
facet normal -1 0 0
outer loop
vertex 207 51 0
vertex 207 50 1
vertex 207 51 1
endloop
endfacet
facet normal 0 0 -1
outer loop
vertex 227 50 0
vertex 232 51 0
vertex 232 50 0
endloop
endfacet
facet normal 0 0 -1
outer loop
vertex 227 50 0
vertex 227 51 0
vertex 232 51 0
endloop
endfacet
facet normal 0 0 1
outer loop
vertex 227 50 1
vertex 232 50 1
vertex 232 51 1
endloop
endfacet
facet normal 0 0 1
outer loop
vertex 227 50 1
vertex 232 51 1
vertex 227 51 1
endloop
endfacet
facet normal 0 -1 0
outer loop
vertex 227 50 0
vertex 232 50 0
vertex 232 50 1
endloop
endfacet
facet normal 0 -1 0
outer loop
vertex 227 50 0
vertex 232 50 1
vertex 227 50 1
endloop
endfacet
facet normal 1 0 0
outer loop
vertex 232 50 0
vertex 232 51 0
vertex 232 51 1
endloop
endfacet
facet normal 1 0 0
outer loop
vertex 232 50 0
vertex 232 51 1
vertex 232 50 1
endloop
endfacet
facet normal 0 1 0
outer loop
vertex 232 51 0
vertex 227 51 0
vertex 227 51 1
endloop
endfacet
facet normal 0 1 0
outer loop
vertex 232 51 0
vertex 227 51 1
vertex 232 51 1
endloop
endfacet
facet normal -1 0 0
outer loop
vertex 227 51 0
vertex 227 50 0
vertex 227 50 1
endloop
endfacet
facet normal -1 0 0
outer loop
vertex 227 51 0
vertex 227 50 1
vertex 227 51 1
endloop
endfacet
facet normal 0 0 -1
outer loop
vertex 235 50 0
vertex 239 51 0
vertex 239 50 0
endloop
endfacet
facet normal 0 0 -1
outer loop
vertex 235 50 0
vertex 235 51 0
vertex 239 51 0
endloop
endfacet
facet normal 0 0 1
outer loop
vertex 235 50 1
vertex 239 50 1
vertex 239 51 1
endloop
endfacet
facet normal 0 0 1
outer loop
vertex 235 50 1
vertex 239 51 1
vertex 235 51 1
endloop
endfacet
facet normal 0 -1 0
outer loop
vertex 235 50 0
vertex 239 50 0
vertex 239 50 1
endloop
endfacet
facet normal 0 -1 0
outer loop
vertex 235 50 0
vertex 239 50 1
vertex 235 50 1
endloop
endfacet
facet normal 1 0 0
outer loop
vertex 239 50 0
vertex 239 51 0
vertex 239 51 1
endloop
endfacet
facet normal 1 0 0
outer loop
vertex 239 50 0
vertex 239 51 1
vertex 239 50 1
endloop
endfacet
facet normal 0 1 0
outer loop
vertex 239 51 0
vertex 235 51 0
vertex 235 51 1
endloop
endfacet
facet normal 0 1 0
outer loop
vertex 239 51 0
vertex 235 51 1
vertex 239 51 1
endloop
endfacet
facet normal -1 0 0
outer loop
vertex 235 51 0
vertex 235 50 0
vertex 235 50 1
endloop
endfacet
facet normal -1 0 0
outer loop
vertex 235 51 0
vertex 235 50 1
vertex 235 51 1
endloop
endfacet
facet normal 0 0 -1
outer loop
vertex 241 50 0
vertex 247 51 0
vertex 247 50 0
endloop
endfacet
facet normal 0 0 -1
outer loop
vertex 241 50 0
vertex 241 51 0
vertex 247 51 0
endloop
endfacet
facet normal 0 0 1
outer loop
vertex 241 50 1
vertex 247 50 1
vertex 247 51 1
endloop
endfacet
facet normal 0 0 1
outer loop
vertex 241 50 1
vertex 247 51 1
vertex 241 51 1
endloop
endfacet
facet normal 0 -1 0
outer loop
vertex 241 50 0
vertex 247 50 0
vertex 247 50 1
endloop
endfacet
facet normal 0 -1 0
outer loop
vertex 241 50 0
vertex 247 50 1
vertex 241 50 1
endloop
endfacet
facet normal 1 0 0
outer loop
vertex 247 50 0
vertex 247 51 0
vertex 247 51 1
endloop
endfacet
facet normal 1 0 0
outer loop
vertex 247 50 0
vertex 247 51 1
vertex 247 50 1
endloop
endfacet
facet normal 0 1 0
outer loop
vertex 247 51 0
vertex 241 51 0
vertex 241 51 1
endloop
endfacet
facet normal 0 1 0
outer loop
vertex 247 51 0
vertex 241 51 1
vertex 247 51 1
endloop
endfacet
facet normal -1 0 0
outer loop
vertex 241 51 0
vertex 241 50 0
vertex 241 50 1
endloop
endfacet
facet normal -1 0 0
outer loop
vertex 241 51 0
vertex 241 50 1
vertex 241 51 1
endloop
endfacet
facet normal 0 0 -1
outer loop
vertex 252 50 0
vertex 257 51 0
vertex 257 50 0
endloop
endfacet
facet normal 0 0 -1
outer loop
vertex 252 50 0
vertex 252 51 0
vertex 257 51 0
endloop
endfacet
facet normal 0 0 1
outer loop
vertex 252 50 1
vertex 257 50 1
vertex 257 51 1
endloop
endfacet
facet normal 0 0 1
outer loop
vertex 252 50 1
vertex 257 51 1
vertex 252 51 1
endloop
endfacet
facet normal 0 -1 0
outer loop
vertex 252 50 0
vertex 257 50 0
vertex 257 50 1
endloop
endfacet
facet normal 0 -1 0
outer loop
vertex 252 50 0
vertex 257 50 1
vertex 252 50 1
endloop
endfacet
facet normal 1 0 0
outer loop
vertex 257 50 0
vertex 257 51 0
vertex 257 51 1
endloop
endfacet
facet normal 1 0 0
outer loop
vertex 257 50 0
vertex 257 51 1
vertex 257 50 1
endloop
endfacet
facet normal 0 1 0
outer loop
vertex 257 51 0
vertex 252 51 0
vertex 252 51 1
endloop
endfacet
facet normal 0 1 0
outer loop
vertex 257 51 0
vertex 252 51 1
vertex 257 51 1
endloop
endfacet
facet normal -1 0 0
outer loop
vertex 252 51 0
vertex 252 50 0
vertex 252 50 1
endloop
endfacet
facet normal -1 0 0
outer loop
vertex 252 51 0
vertex 252 50 1
vertex 252 51 1
endloop
endfacet
facet normal 0 0 -1
outer loop
vertex 260 50 0
vertex 272 51 0
vertex 272 50 0
endloop
endfacet
facet normal 0 0 -1
outer loop
vertex 260 50 0
vertex 260 51 0
vertex 272 51 0
endloop
endfacet
facet normal 0 0 1
outer loop
vertex 260 50 1
vertex 272 50 1
vertex 272 51 1
endloop
endfacet
facet normal 0 0 1
outer loop
vertex 260 50 1
vertex 272 51 1
vertex 260 51 1
endloop
endfacet
facet normal 0 -1 0
outer loop
vertex 260 50 0
vertex 272 50 0
vertex 272 50 1
endloop
endfacet
facet normal 0 -1 0
outer loop
vertex 260 50 0
vertex 272 50 1
vertex 260 50 1
endloop
endfacet
facet normal 1 0 0
outer loop
vertex 272 50 0
vertex 272 51 0
vertex 272 51 1
endloop
endfacet
facet normal 1 0 0
outer loop
vertex 272 50 0
vertex 272 51 1
vertex 272 50 1
endloop
endfacet
facet normal 0 1 0
outer loop
vertex 272 51 0
vertex 260 51 0
vertex 260 51 1
endloop
endfacet
facet normal 0 1 0
outer loop
vertex 272 51 0
vertex 260 51 1
vertex 272 51 1
endloop
endfacet
facet normal -1 0 0
outer loop
vertex 260 51 0
vertex 260 50 0
vertex 260 50 1
endloop
endfacet
facet normal -1 0 0
outer loop
vertex 260 51 0
vertex 260 50 1
vertex 260 51 1
endloop
endfacet
facet normal 0 0 -1
outer loop
vertex 284 50 0
vertex 290 51 0
vertex 290 50 0
endloop
endfacet
facet normal 0 0 -1
outer loop
vertex 284 50 0
vertex 284 51 0
vertex 290 51 0
endloop
endfacet
facet normal 0 0 1
outer loop
vertex 284 50 1
vertex 290 50 1
vertex 290 51 1
endloop
endfacet
facet normal 0 0 1
outer loop
vertex 284 50 1
vertex 290 51 1
vertex 284 51 1
endloop
endfacet
facet normal 0 -1 0
outer loop
vertex 284 50 0
vertex 290 50 0
vertex 290 50 1
endloop
endfacet
facet normal 0 -1 0
outer loop
vertex 284 50 0
vertex 290 50 1
vertex 284 50 1
endloop
endfacet
facet normal 1 0 0
outer loop
vertex 290 50 0
vertex 290 51 0
vertex 290 51 1
endloop
endfacet
facet normal 1 0 0
outer loop
vertex 290 50 0
vertex 290 51 1
vertex 290 50 1
endloop
endfacet
facet normal 0 1 0
outer loop
vertex 290 51 0
vertex 284 51 0
vertex 284 51 1
endloop
endfacet
facet normal 0 1 0
outer loop
vertex 290 51 0
vertex 284 51 1
vertex 290 51 1
endloop
endfacet
facet normal -1 0 0
outer loop
vertex 284 51 0
vertex 284 50 0
vertex 284 50 1
endloop
endfacet
facet normal -1 0 0
outer loop
vertex 284 51 0
vertex 284 50 1
vertex 284 51 1
endloop
endfacet
facet normal 0 0 -1
outer loop
vertex 298 50 0
vertex 303 51 0
vertex 303 50 0
endloop
endfacet
facet normal 0 0 -1
outer loop
vertex 298 50 0
vertex 298 51 0
vertex 303 51 0
endloop
endfacet
facet normal 0 0 1
outer loop
vertex 298 50 1
vertex 303 50 1
vertex 303 51 1
endloop
endfacet
facet normal 0 0 1
outer loop
vertex 298 50 1
vertex 303 51 1
vertex 298 51 1
endloop
endfacet
facet normal 0 -1 0
outer loop
vertex 298 50 0
vertex 303 50 0
vertex 303 50 1
endloop
endfacet
facet normal 0 -1 0
outer loop
vertex 298 50 0
vertex 303 50 1
vertex 298 50 1
endloop
endfacet
facet normal 1 0 0
outer loop
vertex 303 50 0
vertex 303 51 0
vertex 303 51 1
endloop
endfacet
facet normal 1 0 0
outer loop
vertex 303 50 0
vertex 303 51 1
vertex 303 50 1
endloop
endfacet
facet normal 0 1 0
outer loop
vertex 303 51 0
vertex 298 51 0
vertex 298 51 1
endloop
endfacet
facet normal 0 1 0
outer loop
vertex 303 51 0
vertex 298 51 1
vertex 303 51 1
endloop
endfacet
facet normal -1 0 0
outer loop
vertex 298 51 0
vertex 298 50 0
vertex 298 50 1
endloop
endfacet
facet normal -1 0 0
outer loop
vertex 298 51 0
vertex 298 50 1
vertex 298 51 1
endloop
endfacet
facet normal 0 0 -1
outer loop
vertex 305 50 0
vertex 316 51 0
vertex 316 50 0
endloop
endfacet
facet normal 0 0 -1
outer loop
vertex 305 50 0
vertex 305 51 0
vertex 316 51 0
endloop
endfacet
facet normal 0 0 1
outer loop
vertex 305 50 1
vertex 316 50 1
vertex 316 51 1
endloop
endfacet
facet normal 0 0 1
outer loop
vertex 305 50 1
vertex 316 51 1
vertex 305 51 1
endloop
endfacet
facet normal 0 -1 0
outer loop
vertex 305 50 0
vertex 316 50 0
vertex 316 50 1
endloop
endfacet
facet normal 0 -1 0
outer loop
vertex 305 50 0
vertex 316 50 1
vertex 305 50 1
endloop
endfacet
facet normal 1 0 0
outer loop
vertex 316 50 0
vertex 316 51 0
vertex 316 51 1
endloop
endfacet
facet normal 1 0 0
outer loop
vertex 316 50 0
vertex 316 51 1
vertex 316 50 1
endloop
endfacet
facet normal 0 1 0
outer loop
vertex 316 51 0
vertex 305 51 0
vertex 305 51 1
endloop
endfacet
facet normal 0 1 0
outer loop
vertex 316 51 0
vertex 305 51 1
vertex 316 51 1
endloop
endfacet
facet normal -1 0 0
outer loop
vertex 305 51 0
vertex 305 50 0
vertex 305 50 1
endloop
endfacet
facet normal -1 0 0
outer loop
vertex 305 51 0
vertex 305 50 1
vertex 305 51 1
endloop
endfacet
facet normal 0 0 -1
outer loop
vertex 318 50 0
vertex 323 51 0
vertex 323 50 0
endloop
endfacet
facet normal 0 0 -1
outer loop
vertex 318 50 0
vertex 318 51 0
vertex 323 51 0
endloop
endfacet
facet normal 0 0 1
outer loop
vertex 318 50 1
vertex 323 50 1
vertex 323 51 1
endloop
endfacet
facet normal 0 0 1
outer loop
vertex 318 50 1
vertex 323 51 1
vertex 318 51 1
endloop
endfacet
facet normal 0 -1 0
outer loop
vertex 318 50 0
vertex 323 50 0
vertex 323 50 1
endloop
endfacet
facet normal 0 -1 0
outer loop
vertex 318 50 0
vertex 323 50 1
vertex 318 50 1
endloop
endfacet
facet normal 1 0 0
outer loop
vertex 323 50 0
vertex 323 51 0
vertex 323 51 1
endloop
endfacet
facet normal 1 0 0
outer loop
vertex 323 50 0
vertex 323 51 1
vertex 323 50 1
endloop
endfacet
facet normal 0 1 0
outer loop
vertex 323 51 0
vertex 318 51 0
vertex 318 51 1
endloop
endfacet
facet normal 0 1 0
outer loop
vertex 323 51 0
vertex 318 51 1
vertex 323 51 1
endloop
endfacet
facet normal -1 0 0
outer loop
vertex 318 51 0
vertex 318 50 0
vertex 318 50 1
endloop
endfacet
facet normal -1 0 0
outer loop
vertex 318 51 0
vertex 318 50 1
vertex 318 51 1
endloop
endfacet
facet normal 0 0 -1
outer loop
vertex 324 50 0
vertex 330 51 0
vertex 330 50 0
endloop
endfacet
facet normal 0 0 -1
outer loop
vertex 324 50 0
vertex 324 51 0
vertex 330 51 0
endloop
endfacet
facet normal 0 0 1
outer loop
vertex 324 50 1
vertex 330 50 1
vertex 330 51 1
endloop
endfacet
facet normal 0 0 1
outer loop
vertex 324 50 1
vertex 330 51 1
vertex 324 51 1
endloop
endfacet
facet normal 0 -1 0
outer loop
vertex 324 50 0
vertex 330 50 0
vertex 330 50 1
endloop
endfacet
facet normal 0 -1 0
outer loop
vertex 324 50 0
vertex 330 50 1
vertex 324 50 1
endloop
endfacet
facet normal 1 0 0
outer loop
vertex 330 50 0
vertex 330 51 0
vertex 330 51 1
endloop
endfacet
facet normal 1 0 0
outer loop
vertex 330 50 0
vertex 330 51 1
vertex 330 50 1
endloop
endfacet
facet normal 0 1 0
outer loop
vertex 330 51 0
vertex 324 51 0
vertex 324 51 1
endloop
endfacet
facet normal 0 1 0
outer loop
vertex 330 51 0
vertex 324 51 1
vertex 330 51 1
endloop
endfacet
facet normal -1 0 0
outer loop
vertex 324 51 0
vertex 324 50 0
vertex 324 50 1
endloop
endfacet
facet normal -1 0 0
outer loop
vertex 324 51 0
vertex 324 50 1
vertex 324 51 1
endloop
endfacet
facet normal 0 0 -1
outer loop
vertex 335 50 0
vertex 340 51 0
vertex 340 50 0
endloop
endfacet
facet normal 0 0 -1
outer loop
vertex 335 50 0
vertex 335 51 0
vertex 340 51 0
endloop
endfacet
facet normal 0 0 1
outer loop
vertex 335 50 1
vertex 340 50 1
vertex 340 51 1
endloop
endfacet
facet normal 0 0 1
outer loop
vertex 335 50 1
vertex 340 51 1
vertex 335 51 1
endloop
endfacet
facet normal 0 -1 0
outer loop
vertex 335 50 0
vertex 340 50 0
vertex 340 50 1
endloop
endfacet
facet normal 0 -1 0
outer loop
vertex 335 50 0
vertex 340 50 1
vertex 335 50 1
endloop
endfacet
facet normal 1 0 0
outer loop
vertex 340 50 0
vertex 340 51 0
vertex 340 51 1
endloop
endfacet
facet normal 1 0 0
outer loop
vertex 340 50 0
vertex 340 51 1
vertex 340 50 1
endloop
endfacet
facet normal 0 1 0
outer loop
vertex 340 51 0
vertex 335 51 0
vertex 335 51 1
endloop
endfacet
facet normal 0 1 0
outer loop
vertex 340 51 0
vertex 335 51 1
vertex 340 51 1
endloop
endfacet
facet normal -1 0 0
outer loop
vertex 335 51 0
vertex 335 50 0
vertex 335 50 1
endloop
endfacet
facet normal -1 0 0
outer loop
vertex 335 51 0
vertex 335 50 1
vertex 335 51 1
endloop
endfacet
facet normal 0 0 -1
outer loop
vertex 343 50 0
vertex 355 51 0
vertex 355 50 0
endloop
endfacet
facet normal 0 0 -1
outer loop
vertex 343 50 0
vertex 343 51 0
vertex 355 51 0
endloop
endfacet
facet normal 0 0 1
outer loop
vertex 343 50 1
vertex 355 50 1
vertex 355 51 1
endloop
endfacet
facet normal 0 0 1
outer loop
vertex 343 50 1
vertex 355 51 1
vertex 343 51 1
endloop
endfacet
facet normal 0 -1 0
outer loop
vertex 343 50 0
vertex 355 50 0
vertex 355 50 1
endloop
endfacet
facet normal 0 -1 0
outer loop
vertex 343 50 0
vertex 355 50 1
vertex 343 50 1
endloop
endfacet
facet normal 1 0 0
outer loop
vertex 355 50 0
vertex 355 51 0
vertex 355 51 1
endloop
endfacet
facet normal 1 0 0
outer loop
vertex 355 50 0
vertex 355 51 1
vertex 355 50 1
endloop
endfacet
facet normal 0 1 0
outer loop
vertex 355 51 0
vertex 343 51 0
vertex 343 51 1
endloop
endfacet
facet normal 0 1 0
outer loop
vertex 355 51 0
vertex 343 51 1
vertex 355 51 1
endloop
endfacet
facet normal -1 0 0
outer loop
vertex 343 51 0
vertex 343 50 0
vertex 343 50 1
endloop
endfacet
facet normal -1 0 0
outer loop
vertex 343 51 0
vertex 343 50 1
vertex 343 51 1
endloop
endfacet
facet normal 0 0 -1
outer loop
vertex 359 50 0
vertex 374 51 0
vertex 374 50 0
endloop
endfacet
facet normal 0 0 -1
outer loop
vertex 359 50 0
vertex 359 51 0
vertex 374 51 0
endloop
endfacet
facet normal 0 0 1
outer loop
vertex 359 50 1
vertex 374 50 1
vertex 374 51 1
endloop
endfacet
facet normal 0 0 1
outer loop
vertex 359 50 1
vertex 374 51 1
vertex 359 51 1
endloop
endfacet
facet normal 0 -1 0
outer loop
vertex 359 50 0
vertex 374 50 0
vertex 374 50 1
endloop
endfacet
facet normal 0 -1 0
outer loop
vertex 359 50 0
vertex 374 50 1
vertex 359 50 1
endloop
endfacet
facet normal 1 0 0
outer loop
vertex 374 50 0
vertex 374 51 0
vertex 374 51 1
endloop
endfacet
facet normal 1 0 0
outer loop
vertex 374 50 0
vertex 374 51 1
vertex 374 50 1
endloop
endfacet
facet normal 0 1 0
outer loop
vertex 374 51 0
vertex 359 51 0
vertex 359 51 1
endloop
endfacet
facet normal 0 1 0
outer loop
vertex 374 51 0
vertex 359 51 1
vertex 374 51 1
endloop
endfacet
facet normal -1 0 0
outer loop
vertex 359 51 0
vertex 359 50 0
vertex 359 50 1
endloop
endfacet
facet normal -1 0 0
outer loop
vertex 359 51 0
vertex 359 50 1
vertex 359 51 1
endloop
endfacet
facet normal 0 0 -1
outer loop
vertex 65 49 0
vertex 71 50 0
vertex 71 49 0
endloop
endfacet
facet normal 0 0 -1
outer loop
vertex 65 49 0
vertex 65 50 0
vertex 71 50 0
endloop
endfacet
facet normal 0 0 1
outer loop
vertex 65 49 1
vertex 71 49 1
vertex 71 50 1
endloop
endfacet
facet normal 0 0 1
outer loop
vertex 65 49 1
vertex 71 50 1
vertex 65 50 1
endloop
endfacet
facet normal 0 -1 0
outer loop
vertex 65 49 0
vertex 71 49 0
vertex 71 49 1
endloop
endfacet
facet normal 0 -1 0
outer loop
vertex 65 49 0
vertex 71 49 1
vertex 65 49 1
endloop
endfacet
facet normal 1 0 0
outer loop
vertex 71 49 0
vertex 71 50 0
vertex 71 50 1
endloop
endfacet
facet normal 1 0 0
outer loop
vertex 71 49 0
vertex 71 50 1
vertex 71 49 1
endloop
endfacet
facet normal 0 1 0
outer loop
vertex 71 50 0
vertex 65 50 0
vertex 65 50 1
endloop
endfacet
facet normal 0 1 0
outer loop
vertex 71 50 0
vertex 65 50 1
vertex 71 50 1
endloop
endfacet
facet normal -1 0 0
outer loop
vertex 65 50 0
vertex 65 49 0
vertex 65 49 1
endloop
endfacet
facet normal -1 0 0
outer loop
vertex 65 50 0
vertex 65 49 1
vertex 65 50 1
endloop
endfacet
facet normal 0 0 -1
outer loop
vertex 84 49 0
vertex 98 50 0
vertex 98 49 0
endloop
endfacet
facet normal 0 0 -1
outer loop
vertex 84 49 0
vertex 84 50 0
vertex 98 50 0
endloop
endfacet
facet normal 0 0 1
outer loop
vertex 84 49 1
vertex 98 49 1
vertex 98 50 1
endloop
endfacet
facet normal 0 0 1
outer loop
vertex 84 49 1
vertex 98 50 1
vertex 84 50 1
endloop
endfacet
facet normal 0 -1 0
outer loop
vertex 84 49 0
vertex 98 49 0
vertex 98 49 1
endloop
endfacet
facet normal 0 -1 0
outer loop
vertex 84 49 0
vertex 98 49 1
vertex 84 49 1
endloop
endfacet
facet normal 1 0 0
outer loop
vertex 98 49 0
vertex 98 50 0
vertex 98 50 1
endloop
endfacet
facet normal 1 0 0
outer loop
vertex 98 49 0
vertex 98 50 1
vertex 98 49 1
endloop
endfacet
facet normal 0 1 0
outer loop
vertex 98 50 0
vertex 84 50 0
vertex 84 50 1
endloop
endfacet
facet normal 0 1 0
outer loop
vertex 98 50 0
vertex 84 50 1
vertex 98 50 1
endloop
endfacet
facet normal -1 0 0
outer loop
vertex 84 50 0
vertex 84 49 0
vertex 84 49 1
endloop
endfacet
facet normal -1 0 0
outer loop
vertex 84 50 0
vertex 84 49 1
vertex 84 50 1
endloop
endfacet
facet normal 0 0 -1
outer loop
vertex 101 49 0
vertex 107 50 0
vertex 107 49 0
endloop
endfacet
facet normal 0 0 -1
outer loop
vertex 101 49 0
vertex 101 50 0
vertex 107 50 0
endloop
endfacet
facet normal 0 0 1
outer loop
vertex 101 49 1
vertex 107 49 1
vertex 107 50 1
endloop
endfacet
facet normal 0 0 1
outer loop
vertex 101 49 1
vertex 107 50 1
vertex 101 50 1
endloop
endfacet
facet normal 0 -1 0
outer loop
vertex 101 49 0
vertex 107 49 0
vertex 107 49 1
endloop
endfacet
facet normal 0 -1 0
outer loop
vertex 101 49 0
vertex 107 49 1
vertex 101 49 1
endloop
endfacet
facet normal 1 0 0
outer loop
vertex 107 49 0
vertex 107 50 0
vertex 107 50 1
endloop
endfacet
facet normal 1 0 0
outer loop
vertex 107 49 0
vertex 107 50 1
vertex 107 49 1
endloop
endfacet
facet normal 0 1 0
outer loop
vertex 107 50 0
vertex 101 50 0
vertex 101 50 1
endloop
endfacet
facet normal 0 1 0
outer loop
vertex 107 50 0
vertex 101 50 1
vertex 107 50 1
endloop
endfacet
facet normal -1 0 0
outer loop
vertex 101 50 0
vertex 101 49 0
vertex 101 49 1
endloop
endfacet
facet normal -1 0 0
outer loop
vertex 101 50 0
vertex 101 49 1
vertex 101 50 1
endloop
endfacet
facet normal 0 0 -1
outer loop
vertex 111 49 0
vertex 116 50 0
vertex 116 49 0
endloop
endfacet
facet normal 0 0 -1
outer loop
vertex 111 49 0
vertex 111 50 0
vertex 116 50 0
endloop
endfacet
facet normal 0 0 1
outer loop
vertex 111 49 1
vertex 116 49 1
vertex 116 50 1
endloop
endfacet
facet normal 0 0 1
outer loop
vertex 111 49 1
vertex 116 50 1
vertex 111 50 1
endloop
endfacet
facet normal 0 -1 0
outer loop
vertex 111 49 0
vertex 116 49 0
vertex 116 49 1
endloop
endfacet
facet normal 0 -1 0
outer loop
vertex 111 49 0
vertex 116 49 1
vertex 111 49 1
endloop
endfacet
facet normal 1 0 0
outer loop
vertex 116 49 0
vertex 116 50 0
vertex 116 50 1
endloop
endfacet
facet normal 1 0 0
outer loop
vertex 116 49 0
vertex 116 50 1
vertex 116 49 1
endloop
endfacet
facet normal 0 1 0
outer loop
vertex 116 50 0
vertex 111 50 0
vertex 111 50 1
endloop
endfacet
facet normal 0 1 0
outer loop
vertex 116 50 0
vertex 111 50 1
vertex 116 50 1
endloop
endfacet
facet normal -1 0 0
outer loop
vertex 111 50 0
vertex 111 49 0
vertex 111 49 1
endloop
endfacet
facet normal -1 0 0
outer loop
vertex 111 50 0
vertex 111 49 1
vertex 111 50 1
endloop
endfacet
facet normal 0 0 -1
outer loop
vertex 119 49 0
vertex 132 50 0
vertex 132 49 0
endloop
endfacet
facet normal 0 0 -1
outer loop
vertex 119 49 0
vertex 119 50 0
vertex 132 50 0
endloop
endfacet
facet normal 0 0 1
outer loop
vertex 119 49 1
vertex 132 49 1
vertex 132 50 1
endloop
endfacet
facet normal 0 0 1
outer loop
vertex 119 49 1
vertex 132 50 1
vertex 119 50 1
endloop
endfacet
facet normal 0 -1 0
outer loop
vertex 119 49 0
vertex 132 49 0
vertex 132 49 1
endloop
endfacet
facet normal 0 -1 0
outer loop
vertex 119 49 0
vertex 132 49 1
vertex 119 49 1
endloop
endfacet
facet normal 1 0 0
outer loop
vertex 132 49 0
vertex 132 50 0
vertex 132 50 1
endloop
endfacet
facet normal 1 0 0
outer loop
vertex 132 49 0
vertex 132 50 1
vertex 132 49 1
endloop
endfacet
facet normal 0 1 0
outer loop
vertex 132 50 0
vertex 119 50 0
vertex 119 50 1
endloop
endfacet
facet normal 0 1 0
outer loop
vertex 132 50 0
vertex 119 50 1
vertex 132 50 1
endloop
endfacet
facet normal -1 0 0
outer loop
vertex 119 50 0
vertex 119 49 0
vertex 119 49 1
endloop
endfacet
facet normal -1 0 0
outer loop
vertex 119 50 0
vertex 119 49 1
vertex 119 50 1
endloop
endfacet
facet normal 0 0 -1
outer loop
vertex 135 49 0
vertex 140 50 0
vertex 140 49 0
endloop
endfacet
facet normal 0 0 -1
outer loop
vertex 135 49 0
vertex 135 50 0
vertex 140 50 0
endloop
endfacet
facet normal 0 0 1
outer loop
vertex 135 49 1
vertex 140 49 1
vertex 140 50 1
endloop
endfacet
facet normal 0 0 1
outer loop
vertex 135 49 1
vertex 140 50 1
vertex 135 50 1
endloop
endfacet
facet normal 0 -1 0
outer loop
vertex 135 49 0
vertex 140 49 0
vertex 140 49 1
endloop
endfacet
facet normal 0 -1 0
outer loop
vertex 135 49 0
vertex 140 49 1
vertex 135 49 1
endloop
endfacet
facet normal 1 0 0
outer loop
vertex 140 49 0
vertex 140 50 0
vertex 140 50 1
endloop
endfacet
facet normal 1 0 0
outer loop
vertex 140 49 0
vertex 140 50 1
vertex 140 49 1
endloop
endfacet
facet normal 0 1 0
outer loop
vertex 140 50 0
vertex 135 50 0
vertex 135 50 1
endloop
endfacet
facet normal 0 1 0
outer loop
vertex 140 50 0
vertex 135 50 1
vertex 140 50 1
endloop
endfacet
facet normal -1 0 0
outer loop
vertex 135 50 0
vertex 135 49 0
vertex 135 49 1
endloop
endfacet
facet normal -1 0 0
outer loop
vertex 135 50 0
vertex 135 49 1
vertex 135 50 1
endloop
endfacet
facet normal 0 0 -1
outer loop
vertex 143 49 0
vertex 148 50 0
vertex 148 49 0
endloop
endfacet
facet normal 0 0 -1
outer loop
vertex 143 49 0
vertex 143 50 0
vertex 148 50 0
endloop
endfacet
facet normal 0 0 1
outer loop
vertex 143 49 1
vertex 148 49 1
vertex 148 50 1
endloop
endfacet
facet normal 0 0 1
outer loop
vertex 143 49 1
vertex 148 50 1
vertex 143 50 1
endloop
endfacet
facet normal 0 -1 0
outer loop
vertex 143 49 0
vertex 148 49 0
vertex 148 49 1
endloop
endfacet
facet normal 0 -1 0
outer loop
vertex 143 49 0
vertex 148 49 1
vertex 143 49 1
endloop
endfacet
facet normal 1 0 0
outer loop
vertex 148 49 0
vertex 148 50 0
vertex 148 50 1
endloop
endfacet
facet normal 1 0 0
outer loop
vertex 148 49 0
vertex 148 50 1
vertex 148 49 1
endloop
endfacet
facet normal 0 1 0
outer loop
vertex 148 50 0
vertex 143 50 0
vertex 143 50 1
endloop
endfacet
facet normal 0 1 0
outer loop
vertex 148 50 0
vertex 143 50 1
vertex 148 50 1
endloop
endfacet
facet normal -1 0 0
outer loop
vertex 143 50 0
vertex 143 49 0
vertex 143 49 1
endloop
endfacet
facet normal -1 0 0
outer loop
vertex 143 50 0
vertex 143 49 1
vertex 143 50 1
endloop
endfacet
facet normal 0 0 -1
outer loop
vertex 152 49 0
vertex 158 50 0
vertex 158 49 0
endloop
endfacet
facet normal 0 0 -1
outer loop
vertex 152 49 0
vertex 152 50 0
vertex 158 50 0
endloop
endfacet
facet normal 0 0 1
outer loop
vertex 152 49 1
vertex 158 49 1
vertex 158 50 1
endloop
endfacet
facet normal 0 0 1
outer loop
vertex 152 49 1
vertex 158 50 1
vertex 152 50 1
endloop
endfacet
facet normal 0 -1 0
outer loop
vertex 152 49 0
vertex 158 49 0
vertex 158 49 1
endloop
endfacet
facet normal 0 -1 0
outer loop
vertex 152 49 0
vertex 158 49 1
vertex 152 49 1
endloop
endfacet
facet normal 1 0 0
outer loop
vertex 158 49 0
vertex 158 50 0
vertex 158 50 1
endloop
endfacet
facet normal 1 0 0
outer loop
vertex 158 49 0
vertex 158 50 1
vertex 158 49 1
endloop
endfacet
facet normal 0 1 0
outer loop
vertex 158 50 0
vertex 152 50 0
vertex 152 50 1
endloop
endfacet
facet normal 0 1 0
outer loop
vertex 158 50 0
vertex 152 50 1
vertex 158 50 1
endloop
endfacet
facet normal -1 0 0
outer loop
vertex 152 50 0
vertex 152 49 0
vertex 152 49 1
endloop
endfacet
facet normal -1 0 0
outer loop
vertex 152 50 0
vertex 152 49 1
vertex 152 50 1
endloop
endfacet
facet normal 0 0 -1
outer loop
vertex 168 49 0
vertex 174 50 0
vertex 174 49 0
endloop
endfacet
facet normal 0 0 -1
outer loop
vertex 168 49 0
vertex 168 50 0
vertex 174 50 0
endloop
endfacet
facet normal 0 0 1
outer loop
vertex 168 49 1
vertex 174 49 1
vertex 174 50 1
endloop
endfacet
facet normal 0 0 1
outer loop
vertex 168 49 1
vertex 174 50 1
vertex 168 50 1
endloop
endfacet
facet normal 0 -1 0
outer loop
vertex 168 49 0
vertex 174 49 0
vertex 174 49 1
endloop
endfacet
facet normal 0 -1 0
outer loop
vertex 168 49 0
vertex 174 49 1
vertex 168 49 1
endloop
endfacet
facet normal 1 0 0
outer loop
vertex 174 49 0
vertex 174 50 0
vertex 174 50 1
endloop
endfacet
facet normal 1 0 0
outer loop
vertex 174 49 0
vertex 174 50 1
vertex 174 49 1
endloop
endfacet
facet normal 0 1 0
outer loop
vertex 174 50 0
vertex 168 50 0
vertex 168 50 1
endloop
endfacet
facet normal 0 1 0
outer loop
vertex 174 50 0
vertex 168 50 1
vertex 174 50 1
endloop
endfacet
facet normal -1 0 0
outer loop
vertex 168 50 0
vertex 168 49 0
vertex 168 49 1
endloop
endfacet
facet normal -1 0 0
outer loop
vertex 168 50 0
vertex 168 49 1
vertex 168 50 1
endloop
endfacet
facet normal 0 0 -1
outer loop
vertex 190 49 0
vertex 204 50 0
vertex 204 49 0
endloop
endfacet
facet normal 0 0 -1
outer loop
vertex 190 49 0
vertex 190 50 0
vertex 204 50 0
endloop
endfacet
facet normal 0 0 1
outer loop
vertex 190 49 1
vertex 204 49 1
vertex 204 50 1
endloop
endfacet
facet normal 0 0 1
outer loop
vertex 190 49 1
vertex 204 50 1
vertex 190 50 1
endloop
endfacet
facet normal 0 -1 0
outer loop
vertex 190 49 0
vertex 204 49 0
vertex 204 49 1
endloop
endfacet
facet normal 0 -1 0
outer loop
vertex 190 49 0
vertex 204 49 1
vertex 190 49 1
endloop
endfacet
facet normal 1 0 0
outer loop
vertex 204 49 0
vertex 204 50 0
vertex 204 50 1
endloop
endfacet
facet normal 1 0 0
outer loop
vertex 204 49 0
vertex 204 50 1
vertex 204 49 1
endloop
endfacet
facet normal 0 1 0
outer loop
vertex 204 50 0
vertex 190 50 0
vertex 190 50 1
endloop
endfacet
facet normal 0 1 0
outer loop
vertex 204 50 0
vertex 190 50 1
vertex 204 50 1
endloop
endfacet
facet normal -1 0 0
outer loop
vertex 190 50 0
vertex 190 49 0
vertex 190 49 1
endloop
endfacet
facet normal -1 0 0
outer loop
vertex 190 50 0
vertex 190 49 1
vertex 190 50 1
endloop
endfacet
facet normal 0 0 -1
outer loop
vertex 207 49 0
vertex 217 50 0
vertex 217 49 0
endloop
endfacet
facet normal 0 0 -1
outer loop
vertex 207 49 0
vertex 207 50 0
vertex 217 50 0
endloop
endfacet
facet normal 0 0 1
outer loop
vertex 207 49 1
vertex 217 49 1
vertex 217 50 1
endloop
endfacet
facet normal 0 0 1
outer loop
vertex 207 49 1
vertex 217 50 1
vertex 207 50 1
endloop
endfacet
facet normal 0 -1 0
outer loop
vertex 207 49 0
vertex 217 49 0
vertex 217 49 1
endloop
endfacet
facet normal 0 -1 0
outer loop
vertex 207 49 0
vertex 217 49 1
vertex 207 49 1
endloop
endfacet
facet normal 1 0 0
outer loop
vertex 217 49 0
vertex 217 50 0
vertex 217 50 1
endloop
endfacet
facet normal 1 0 0
outer loop
vertex 217 49 0
vertex 217 50 1
vertex 217 49 1
endloop
endfacet
facet normal 0 1 0
outer loop
vertex 217 50 0
vertex 207 50 0
vertex 207 50 1
endloop
endfacet
facet normal 0 1 0
outer loop
vertex 217 50 0
vertex 207 50 1
vertex 217 50 1
endloop
endfacet
facet normal -1 0 0
outer loop
vertex 207 50 0
vertex 207 49 0
vertex 207 49 1
endloop
endfacet
facet normal -1 0 0
outer loop
vertex 207 50 0
vertex 207 49 1
vertex 207 50 1
endloop
endfacet
facet normal 0 0 -1
outer loop
vertex 227 49 0
vertex 232 50 0
vertex 232 49 0
endloop
endfacet
facet normal 0 0 -1
outer loop
vertex 227 49 0
vertex 227 50 0
vertex 232 50 0
endloop
endfacet
facet normal 0 0 1
outer loop
vertex 227 49 1
vertex 232 49 1
vertex 232 50 1
endloop
endfacet
facet normal 0 0 1
outer loop
vertex 227 49 1
vertex 232 50 1
vertex 227 50 1
endloop
endfacet
facet normal 0 -1 0
outer loop
vertex 227 49 0
vertex 232 49 0
vertex 232 49 1
endloop
endfacet
facet normal 0 -1 0
outer loop
vertex 227 49 0
vertex 232 49 1
vertex 227 49 1
endloop
endfacet
facet normal 1 0 0
outer loop
vertex 232 49 0
vertex 232 50 0
vertex 232 50 1
endloop
endfacet
facet normal 1 0 0
outer loop
vertex 232 49 0
vertex 232 50 1
vertex 232 49 1
endloop
endfacet
facet normal 0 1 0
outer loop
vertex 232 50 0
vertex 227 50 0
vertex 227 50 1
endloop
endfacet
facet normal 0 1 0
outer loop
vertex 232 50 0
vertex 227 50 1
vertex 232 50 1
endloop
endfacet
facet normal -1 0 0
outer loop
vertex 227 50 0
vertex 227 49 0
vertex 227 49 1
endloop
endfacet
facet normal -1 0 0
outer loop
vertex 227 50 0
vertex 227 49 1
vertex 227 50 1
endloop
endfacet
facet normal 0 0 -1
outer loop
vertex 235 49 0
vertex 239 50 0
vertex 239 49 0
endloop
endfacet
facet normal 0 0 -1
outer loop
vertex 235 49 0
vertex 235 50 0
vertex 239 50 0
endloop
endfacet
facet normal 0 0 1
outer loop
vertex 235 49 1
vertex 239 49 1
vertex 239 50 1
endloop
endfacet
facet normal 0 0 1
outer loop
vertex 235 49 1
vertex 239 50 1
vertex 235 50 1
endloop
endfacet
facet normal 0 -1 0
outer loop
vertex 235 49 0
vertex 239 49 0
vertex 239 49 1
endloop
endfacet
facet normal 0 -1 0
outer loop
vertex 235 49 0
vertex 239 49 1
vertex 235 49 1
endloop
endfacet
facet normal 1 0 0
outer loop
vertex 239 49 0
vertex 239 50 0
vertex 239 50 1
endloop
endfacet
facet normal 1 0 0
outer loop
vertex 239 49 0
vertex 239 50 1
vertex 239 49 1
endloop
endfacet
facet normal 0 1 0
outer loop
vertex 239 50 0
vertex 235 50 0
vertex 235 50 1
endloop
endfacet
facet normal 0 1 0
outer loop
vertex 239 50 0
vertex 235 50 1
vertex 239 50 1
endloop
endfacet
facet normal -1 0 0
outer loop
vertex 235 50 0
vertex 235 49 0
vertex 235 49 1
endloop
endfacet
facet normal -1 0 0
outer loop
vertex 235 50 0
vertex 235 49 1
vertex 235 50 1
endloop
endfacet
facet normal 0 0 -1
outer loop
vertex 242 49 0
vertex 247 50 0
vertex 247 49 0
endloop
endfacet
facet normal 0 0 -1
outer loop
vertex 242 49 0
vertex 242 50 0
vertex 247 50 0
endloop
endfacet
facet normal 0 0 1
outer loop
vertex 242 49 1
vertex 247 49 1
vertex 247 50 1
endloop
endfacet
facet normal 0 0 1
outer loop
vertex 242 49 1
vertex 247 50 1
vertex 242 50 1
endloop
endfacet
facet normal 0 -1 0
outer loop
vertex 242 49 0
vertex 247 49 0
vertex 247 49 1
endloop
endfacet
facet normal 0 -1 0
outer loop
vertex 242 49 0
vertex 247 49 1
vertex 242 49 1
endloop
endfacet
facet normal 1 0 0
outer loop
vertex 247 49 0
vertex 247 50 0
vertex 247 50 1
endloop
endfacet
facet normal 1 0 0
outer loop
vertex 247 49 0
vertex 247 50 1
vertex 247 49 1
endloop
endfacet
facet normal 0 1 0
outer loop
vertex 247 50 0
vertex 242 50 0
vertex 242 50 1
endloop
endfacet
facet normal 0 1 0
outer loop
vertex 247 50 0
vertex 242 50 1
vertex 247 50 1
endloop
endfacet
facet normal -1 0 0
outer loop
vertex 242 50 0
vertex 242 49 0
vertex 242 49 1
endloop
endfacet
facet normal -1 0 0
outer loop
vertex 242 50 0
vertex 242 49 1
vertex 242 50 1
endloop
endfacet
facet normal 0 0 -1
outer loop
vertex 251 49 0
vertex 257 50 0
vertex 257 49 0
endloop
endfacet
facet normal 0 0 -1
outer loop
vertex 251 49 0
vertex 251 50 0
vertex 257 50 0
endloop
endfacet
facet normal 0 0 1
outer loop
vertex 251 49 1
vertex 257 49 1
vertex 257 50 1
endloop
endfacet
facet normal 0 0 1
outer loop
vertex 251 49 1
vertex 257 50 1
vertex 251 50 1
endloop
endfacet
facet normal 0 -1 0
outer loop
vertex 251 49 0
vertex 257 49 0
vertex 257 49 1
endloop
endfacet
facet normal 0 -1 0
outer loop
vertex 251 49 0
vertex 257 49 1
vertex 251 49 1
endloop
endfacet
facet normal 1 0 0
outer loop
vertex 257 49 0
vertex 257 50 0
vertex 257 50 1
endloop
endfacet
facet normal 1 0 0
outer loop
vertex 257 49 0
vertex 257 50 1
vertex 257 49 1
endloop
endfacet
facet normal 0 1 0
outer loop
vertex 257 50 0
vertex 251 50 0
vertex 251 50 1
endloop
endfacet
facet normal 0 1 0
outer loop
vertex 257 50 0
vertex 251 50 1
vertex 257 50 1
endloop
endfacet
facet normal -1 0 0
outer loop
vertex 251 50 0
vertex 251 49 0
vertex 251 49 1
endloop
endfacet
facet normal -1 0 0
outer loop
vertex 251 50 0
vertex 251 49 1
vertex 251 50 1
endloop
endfacet
facet normal 0 0 -1
outer loop
vertex 259 49 0
vertex 273 50 0
vertex 273 49 0
endloop
endfacet
facet normal 0 0 -1
outer loop
vertex 259 49 0
vertex 259 50 0
vertex 273 50 0
endloop
endfacet
facet normal 0 0 1
outer loop
vertex 259 49 1
vertex 273 49 1
vertex 273 50 1
endloop
endfacet
facet normal 0 0 1
outer loop
vertex 259 49 1
vertex 273 50 1
vertex 259 50 1
endloop
endfacet
facet normal 0 -1 0
outer loop
vertex 259 49 0
vertex 273 49 0
vertex 273 49 1
endloop
endfacet
facet normal 0 -1 0
outer loop
vertex 259 49 0
vertex 273 49 1
vertex 259 49 1
endloop
endfacet
facet normal 1 0 0
outer loop
vertex 273 49 0
vertex 273 50 0
vertex 273 50 1
endloop
endfacet
facet normal 1 0 0
outer loop
vertex 273 49 0
vertex 273 50 1
vertex 273 49 1
endloop
endfacet
facet normal 0 1 0
outer loop
vertex 273 50 0
vertex 259 50 0
vertex 259 50 1
endloop
endfacet
facet normal 0 1 0
outer loop
vertex 273 50 0
vertex 259 50 1
vertex 273 50 1
endloop
endfacet
facet normal -1 0 0
outer loop
vertex 259 50 0
vertex 259 49 0
vertex 259 49 1
endloop
endfacet
facet normal -1 0 0
outer loop
vertex 259 50 0
vertex 259 49 1
vertex 259 50 1
endloop
endfacet
facet normal 0 0 -1
outer loop
vertex 284 49 0
vertex 290 50 0
vertex 290 49 0
endloop
endfacet
facet normal 0 0 -1
outer loop
vertex 284 49 0
vertex 284 50 0
vertex 290 50 0
endloop
endfacet
facet normal 0 0 1
outer loop
vertex 284 49 1
vertex 290 49 1
vertex 290 50 1
endloop
endfacet
facet normal 0 0 1
outer loop
vertex 284 49 1
vertex 290 50 1
vertex 284 50 1
endloop
endfacet
facet normal 0 -1 0
outer loop
vertex 284 49 0
vertex 290 49 0
vertex 290 49 1
endloop
endfacet
facet normal 0 -1 0
outer loop
vertex 284 49 0
vertex 290 49 1
vertex 284 49 1
endloop
endfacet
facet normal 1 0 0
outer loop
vertex 290 49 0
vertex 290 50 0
vertex 290 50 1
endloop
endfacet
facet normal 1 0 0
outer loop
vertex 290 49 0
vertex 290 50 1
vertex 290 49 1
endloop
endfacet
facet normal 0 1 0
outer loop
vertex 290 50 0
vertex 284 50 0
vertex 284 50 1
endloop
endfacet
facet normal 0 1 0
outer loop
vertex 290 50 0
vertex 284 50 1
vertex 290 50 1
endloop
endfacet
facet normal -1 0 0
outer loop
vertex 284 50 0
vertex 284 49 0
vertex 284 49 1
endloop
endfacet
facet normal -1 0 0
outer loop
vertex 284 50 0
vertex 284 49 1
vertex 284 50 1
endloop
endfacet
facet normal 0 0 -1
outer loop
vertex 298 49 0
vertex 303 50 0
vertex 303 49 0
endloop
endfacet
facet normal 0 0 -1
outer loop
vertex 298 49 0
vertex 298 50 0
vertex 303 50 0
endloop
endfacet
facet normal 0 0 1
outer loop
vertex 298 49 1
vertex 303 49 1
vertex 303 50 1
endloop
endfacet
facet normal 0 0 1
outer loop
vertex 298 49 1
vertex 303 50 1
vertex 298 50 1
endloop
endfacet
facet normal 0 -1 0
outer loop
vertex 298 49 0
vertex 303 49 0
vertex 303 49 1
endloop
endfacet
facet normal 0 -1 0
outer loop
vertex 298 49 0
vertex 303 49 1
vertex 298 49 1
endloop
endfacet
facet normal 1 0 0
outer loop
vertex 303 49 0
vertex 303 50 0
vertex 303 50 1
endloop
endfacet
facet normal 1 0 0
outer loop
vertex 303 49 0
vertex 303 50 1
vertex 303 49 1
endloop
endfacet
facet normal 0 1 0
outer loop
vertex 303 50 0
vertex 298 50 0
vertex 298 50 1
endloop
endfacet
facet normal 0 1 0
outer loop
vertex 303 50 0
vertex 298 50 1
vertex 303 50 1
endloop
endfacet
facet normal -1 0 0
outer loop
vertex 298 50 0
vertex 298 49 0
vertex 298 49 1
endloop
endfacet
facet normal -1 0 0
outer loop
vertex 298 50 0
vertex 298 49 1
vertex 298 50 1
endloop
endfacet
facet normal 0 0 -1
outer loop
vertex 305 49 0
vertex 316 50 0
vertex 316 49 0
endloop
endfacet
facet normal 0 0 -1
outer loop
vertex 305 49 0
vertex 305 50 0
vertex 316 50 0
endloop
endfacet
facet normal 0 0 1
outer loop
vertex 305 49 1
vertex 316 49 1
vertex 316 50 1
endloop
endfacet
facet normal 0 0 1
outer loop
vertex 305 49 1
vertex 316 50 1
vertex 305 50 1
endloop
endfacet
facet normal 0 -1 0
outer loop
vertex 305 49 0
vertex 316 49 0
vertex 316 49 1
endloop
endfacet
facet normal 0 -1 0
outer loop
vertex 305 49 0
vertex 316 49 1
vertex 305 49 1
endloop
endfacet
facet normal 1 0 0
outer loop
vertex 316 49 0
vertex 316 50 0
vertex 316 50 1
endloop
endfacet
facet normal 1 0 0
outer loop
vertex 316 49 0
vertex 316 50 1
vertex 316 49 1
endloop
endfacet
facet normal 0 1 0
outer loop
vertex 316 50 0
vertex 305 50 0
vertex 305 50 1
endloop
endfacet
facet normal 0 1 0
outer loop
vertex 316 50 0
vertex 305 50 1
vertex 316 50 1
endloop
endfacet
facet normal -1 0 0
outer loop
vertex 305 50 0
vertex 305 49 0
vertex 305 49 1
endloop
endfacet
facet normal -1 0 0
outer loop
vertex 305 50 0
vertex 305 49 1
vertex 305 50 1
endloop
endfacet
facet normal 0 0 -1
outer loop
vertex 318 49 0
vertex 323 50 0
vertex 323 49 0
endloop
endfacet
facet normal 0 0 -1
outer loop
vertex 318 49 0
vertex 318 50 0
vertex 323 50 0
endloop
endfacet
facet normal 0 0 1
outer loop
vertex 318 49 1
vertex 323 49 1
vertex 323 50 1
endloop
endfacet
facet normal 0 0 1
outer loop
vertex 318 49 1
vertex 323 50 1
vertex 318 50 1
endloop
endfacet
facet normal 0 -1 0
outer loop
vertex 318 49 0
vertex 323 49 0
vertex 323 49 1
endloop
endfacet
facet normal 0 -1 0
outer loop
vertex 318 49 0
vertex 323 49 1
vertex 318 49 1
endloop
endfacet
facet normal 1 0 0
outer loop
vertex 323 49 0
vertex 323 50 0
vertex 323 50 1
endloop
endfacet
facet normal 1 0 0
outer loop
vertex 323 49 0
vertex 323 50 1
vertex 323 49 1
endloop
endfacet
facet normal 0 1 0
outer loop
vertex 323 50 0
vertex 318 50 0
vertex 318 50 1
endloop
endfacet
facet normal 0 1 0
outer loop
vertex 323 50 0
vertex 318 50 1
vertex 323 50 1
endloop
endfacet
facet normal -1 0 0
outer loop
vertex 318 50 0
vertex 318 49 0
vertex 318 49 1
endloop
endfacet
facet normal -1 0 0
outer loop
vertex 318 50 0
vertex 318 49 1
vertex 318 50 1
endloop
endfacet
facet normal 0 0 -1
outer loop
vertex 325 49 0
vertex 330 50 0
vertex 330 49 0
endloop
endfacet
facet normal 0 0 -1
outer loop
vertex 325 49 0
vertex 325 50 0
vertex 330 50 0
endloop
endfacet
facet normal 0 0 1
outer loop
vertex 325 49 1
vertex 330 49 1
vertex 330 50 1
endloop
endfacet
facet normal 0 0 1
outer loop
vertex 325 49 1
vertex 330 50 1
vertex 325 50 1
endloop
endfacet
facet normal 0 -1 0
outer loop
vertex 325 49 0
vertex 330 49 0
vertex 330 49 1
endloop
endfacet
facet normal 0 -1 0
outer loop
vertex 325 49 0
vertex 330 49 1
vertex 325 49 1
endloop
endfacet
facet normal 1 0 0
outer loop
vertex 330 49 0
vertex 330 50 0
vertex 330 50 1
endloop
endfacet
facet normal 1 0 0
outer loop
vertex 330 49 0
vertex 330 50 1
vertex 330 49 1
endloop
endfacet
facet normal 0 1 0
outer loop
vertex 330 50 0
vertex 325 50 0
vertex 325 50 1
endloop
endfacet
facet normal 0 1 0
outer loop
vertex 330 50 0
vertex 325 50 1
vertex 330 50 1
endloop
endfacet
facet normal -1 0 0
outer loop
vertex 325 50 0
vertex 325 49 0
vertex 325 49 1
endloop
endfacet
facet normal -1 0 0
outer loop
vertex 325 50 0
vertex 325 49 1
vertex 325 50 1
endloop
endfacet
facet normal 0 0 -1
outer loop
vertex 334 49 0
vertex 340 50 0
vertex 340 49 0
endloop
endfacet
facet normal 0 0 -1
outer loop
vertex 334 49 0
vertex 334 50 0
vertex 340 50 0
endloop
endfacet
facet normal 0 0 1
outer loop
vertex 334 49 1
vertex 340 49 1
vertex 340 50 1
endloop
endfacet
facet normal 0 0 1
outer loop
vertex 334 49 1
vertex 340 50 1
vertex 334 50 1
endloop
endfacet
facet normal 0 -1 0
outer loop
vertex 334 49 0
vertex 340 49 0
vertex 340 49 1
endloop
endfacet
facet normal 0 -1 0
outer loop
vertex 334 49 0
vertex 340 49 1
vertex 334 49 1
endloop
endfacet
facet normal 1 0 0
outer loop
vertex 340 49 0
vertex 340 50 0
vertex 340 50 1
endloop
endfacet
facet normal 1 0 0
outer loop
vertex 340 49 0
vertex 340 50 1
vertex 340 49 1
endloop
endfacet
facet normal 0 1 0
outer loop
vertex 340 50 0
vertex 334 50 0
vertex 334 50 1
endloop
endfacet
facet normal 0 1 0
outer loop
vertex 340 50 0
vertex 334 50 1
vertex 340 50 1
endloop
endfacet
facet normal -1 0 0
outer loop
vertex 334 50 0
vertex 334 49 0
vertex 334 49 1
endloop
endfacet
facet normal -1 0 0
outer loop
vertex 334 50 0
vertex 334 49 1
vertex 334 50 1
endloop
endfacet
facet normal 0 0 -1
outer loop
vertex 343 49 0
vertex 356 50 0
vertex 356 49 0
endloop
endfacet
facet normal 0 0 -1
outer loop
vertex 343 49 0
vertex 343 50 0
vertex 356 50 0
endloop
endfacet
facet normal 0 0 1
outer loop
vertex 343 49 1
vertex 356 49 1
vertex 356 50 1
endloop
endfacet
facet normal 0 0 1
outer loop
vertex 343 49 1
vertex 356 50 1
vertex 343 50 1
endloop
endfacet
facet normal 0 -1 0
outer loop
vertex 343 49 0
vertex 356 49 0
vertex 356 49 1
endloop
endfacet
facet normal 0 -1 0
outer loop
vertex 343 49 0
vertex 356 49 1
vertex 343 49 1
endloop
endfacet
facet normal 1 0 0
outer loop
vertex 356 49 0
vertex 356 50 0
vertex 356 50 1
endloop
endfacet
facet normal 1 0 0
outer loop
vertex 356 49 0
vertex 356 50 1
vertex 356 49 1
endloop
endfacet
facet normal 0 1 0
outer loop
vertex 356 50 0
vertex 343 50 0
vertex 343 50 1
endloop
endfacet
facet normal 0 1 0
outer loop
vertex 356 50 0
vertex 343 50 1
vertex 356 50 1
endloop
endfacet
facet normal -1 0 0
outer loop
vertex 343 50 0
vertex 343 49 0
vertex 343 49 1
endloop
endfacet
facet normal -1 0 0
outer loop
vertex 343 50 0
vertex 343 49 1
vertex 343 50 1
endloop
endfacet
facet normal 0 0 -1
outer loop
vertex 359 49 0
vertex 374 50 0
vertex 374 49 0
endloop
endfacet
facet normal 0 0 -1
outer loop
vertex 359 49 0
vertex 359 50 0
vertex 374 50 0
endloop
endfacet
facet normal 0 0 1
outer loop
vertex 359 49 1
vertex 374 49 1
vertex 374 50 1
endloop
endfacet
facet normal 0 0 1
outer loop
vertex 359 49 1
vertex 374 50 1
vertex 359 50 1
endloop
endfacet
facet normal 0 -1 0
outer loop
vertex 359 49 0
vertex 374 49 0
vertex 374 49 1
endloop
endfacet
facet normal 0 -1 0
outer loop
vertex 359 49 0
vertex 374 49 1
vertex 359 49 1
endloop
endfacet
facet normal 1 0 0
outer loop
vertex 374 49 0
vertex 374 50 0
vertex 374 50 1
endloop
endfacet
facet normal 1 0 0
outer loop
vertex 374 49 0
vertex 374 50 1
vertex 374 49 1
endloop
endfacet
facet normal 0 1 0
outer loop
vertex 374 50 0
vertex 359 50 0
vertex 359 50 1
endloop
endfacet
facet normal 0 1 0
outer loop
vertex 374 50 0
vertex 359 50 1
vertex 374 50 1
endloop
endfacet
facet normal -1 0 0
outer loop
vertex 359 50 0
vertex 359 49 0
vertex 359 49 1
endloop
endfacet
facet normal -1 0 0
outer loop
vertex 359 50 0
vertex 359 49 1
vertex 359 50 1
endloop
endfacet
facet normal 0 0 -1
outer loop
vertex 65 48 0
vertex 71 49 0
vertex 71 48 0
endloop
endfacet
facet normal 0 0 -1
outer loop
vertex 65 48 0
vertex 65 49 0
vertex 71 49 0
endloop
endfacet
facet normal 0 0 1
outer loop
vertex 65 48 1
vertex 71 48 1
vertex 71 49 1
endloop
endfacet
facet normal 0 0 1
outer loop
vertex 65 48 1
vertex 71 49 1
vertex 65 49 1
endloop
endfacet
facet normal 0 -1 0
outer loop
vertex 65 48 0
vertex 71 48 0
vertex 71 48 1
endloop
endfacet
facet normal 0 -1 0
outer loop
vertex 65 48 0
vertex 71 48 1
vertex 65 48 1
endloop
endfacet
facet normal 1 0 0
outer loop
vertex 71 48 0
vertex 71 49 0
vertex 71 49 1
endloop
endfacet
facet normal 1 0 0
outer loop
vertex 71 48 0
vertex 71 49 1
vertex 71 48 1
endloop
endfacet
facet normal 0 1 0
outer loop
vertex 71 49 0
vertex 65 49 0
vertex 65 49 1
endloop
endfacet
facet normal 0 1 0
outer loop
vertex 71 49 0
vertex 65 49 1
vertex 71 49 1
endloop
endfacet
facet normal -1 0 0
outer loop
vertex 65 49 0
vertex 65 48 0
vertex 65 48 1
endloop
endfacet
facet normal -1 0 0
outer loop
vertex 65 49 0
vertex 65 48 1
vertex 65 49 1
endloop
endfacet
facet normal 0 0 -1
outer loop
vertex 83 48 0
vertex 90 49 0
vertex 90 48 0
endloop
endfacet
facet normal 0 0 -1
outer loop
vertex 83 48 0
vertex 83 49 0
vertex 90 49 0
endloop
endfacet
facet normal 0 0 1
outer loop
vertex 83 48 1
vertex 90 48 1
vertex 90 49 1
endloop
endfacet
facet normal 0 0 1
outer loop
vertex 83 48 1
vertex 90 49 1
vertex 83 49 1
endloop
endfacet
facet normal 0 -1 0
outer loop
vertex 83 48 0
vertex 90 48 0
vertex 90 48 1
endloop
endfacet
facet normal 0 -1 0
outer loop
vertex 83 48 0
vertex 90 48 1
vertex 83 48 1
endloop
endfacet
facet normal 1 0 0
outer loop
vertex 90 48 0
vertex 90 49 0
vertex 90 49 1
endloop
endfacet
facet normal 1 0 0
outer loop
vertex 90 48 0
vertex 90 49 1
vertex 90 48 1
endloop
endfacet
facet normal 0 1 0
outer loop
vertex 90 49 0
vertex 83 49 0
vertex 83 49 1
endloop
endfacet
facet normal 0 1 0
outer loop
vertex 90 49 0
vertex 83 49 1
vertex 90 49 1
endloop
endfacet
facet normal -1 0 0
outer loop
vertex 83 49 0
vertex 83 48 0
vertex 83 48 1
endloop
endfacet
facet normal -1 0 0
outer loop
vertex 83 49 0
vertex 83 48 1
vertex 83 49 1
endloop
endfacet
facet normal 0 0 -1
outer loop
vertex 92 48 0
vertex 99 49 0
vertex 99 48 0
endloop
endfacet
facet normal 0 0 -1
outer loop
vertex 92 48 0
vertex 92 49 0
vertex 99 49 0
endloop
endfacet
facet normal 0 0 1
outer loop
vertex 92 48 1
vertex 99 48 1
vertex 99 49 1
endloop
endfacet
facet normal 0 0 1
outer loop
vertex 92 48 1
vertex 99 49 1
vertex 92 49 1
endloop
endfacet
facet normal 0 -1 0
outer loop
vertex 92 48 0
vertex 99 48 0
vertex 99 48 1
endloop
endfacet
facet normal 0 -1 0
outer loop
vertex 92 48 0
vertex 99 48 1
vertex 92 48 1
endloop
endfacet
facet normal 1 0 0
outer loop
vertex 99 48 0
vertex 99 49 0
vertex 99 49 1
endloop
endfacet
facet normal 1 0 0
outer loop
vertex 99 48 0
vertex 99 49 1
vertex 99 48 1
endloop
endfacet
facet normal 0 1 0
outer loop
vertex 99 49 0
vertex 92 49 0
vertex 92 49 1
endloop
endfacet
facet normal 0 1 0
outer loop
vertex 99 49 0
vertex 92 49 1
vertex 99 49 1
endloop
endfacet
facet normal -1 0 0
outer loop
vertex 92 49 0
vertex 92 48 0
vertex 92 48 1
endloop
endfacet
facet normal -1 0 0
outer loop
vertex 92 49 0
vertex 92 48 1
vertex 92 49 1
endloop
endfacet
facet normal 0 0 -1
outer loop
vertex 102 48 0
vertex 107 49 0
vertex 107 48 0
endloop
endfacet
facet normal 0 0 -1
outer loop
vertex 102 48 0
vertex 102 49 0
vertex 107 49 0
endloop
endfacet
facet normal 0 0 1
outer loop
vertex 102 48 1
vertex 107 48 1
vertex 107 49 1
endloop
endfacet
facet normal 0 0 1
outer loop
vertex 102 48 1
vertex 107 49 1
vertex 102 49 1
endloop
endfacet
facet normal 0 -1 0
outer loop
vertex 102 48 0
vertex 107 48 0
vertex 107 48 1
endloop
endfacet
facet normal 0 -1 0
outer loop
vertex 102 48 0
vertex 107 48 1
vertex 102 48 1
endloop
endfacet
facet normal 1 0 0
outer loop
vertex 107 48 0
vertex 107 49 0
vertex 107 49 1
endloop
endfacet
facet normal 1 0 0
outer loop
vertex 107 48 0
vertex 107 49 1
vertex 107 48 1
endloop
endfacet
facet normal 0 1 0
outer loop
vertex 107 49 0
vertex 102 49 0
vertex 102 49 1
endloop
endfacet
facet normal 0 1 0
outer loop
vertex 107 49 0
vertex 102 49 1
vertex 107 49 1
endloop
endfacet
facet normal -1 0 0
outer loop
vertex 102 49 0
vertex 102 48 0
vertex 102 48 1
endloop
endfacet
facet normal -1 0 0
outer loop
vertex 102 49 0
vertex 102 48 1
vertex 102 49 1
endloop
endfacet
facet normal 0 0 -1
outer loop
vertex 111 48 0
vertex 116 49 0
vertex 116 48 0
endloop
endfacet
facet normal 0 0 -1
outer loop
vertex 111 48 0
vertex 111 49 0
vertex 116 49 0
endloop
endfacet
facet normal 0 0 1
outer loop
vertex 111 48 1
vertex 116 48 1
vertex 116 49 1
endloop
endfacet
facet normal 0 0 1
outer loop
vertex 111 48 1
vertex 116 49 1
vertex 111 49 1
endloop
endfacet
facet normal 0 -1 0
outer loop
vertex 111 48 0
vertex 116 48 0
vertex 116 48 1
endloop
endfacet
facet normal 0 -1 0
outer loop
vertex 111 48 0
vertex 116 48 1
vertex 111 48 1
endloop
endfacet
facet normal 1 0 0
outer loop
vertex 116 48 0
vertex 116 49 0
vertex 116 49 1
endloop
endfacet
facet normal 1 0 0
outer loop
vertex 116 48 0
vertex 116 49 1
vertex 116 48 1
endloop
endfacet
facet normal 0 1 0
outer loop
vertex 116 49 0
vertex 111 49 0
vertex 111 49 1
endloop
endfacet
facet normal 0 1 0
outer loop
vertex 116 49 0
vertex 111 49 1
vertex 116 49 1
endloop
endfacet
facet normal -1 0 0
outer loop
vertex 111 49 0
vertex 111 48 0
vertex 111 48 1
endloop
endfacet
facet normal -1 0 0
outer loop
vertex 111 49 0
vertex 111 48 1
vertex 111 49 1
endloop
endfacet
facet normal 0 0 -1
outer loop
vertex 118 48 0
vertex 124 49 0
vertex 124 48 0
endloop
endfacet
facet normal 0 0 -1
outer loop
vertex 118 48 0
vertex 118 49 0
vertex 124 49 0
endloop
endfacet
facet normal 0 0 1
outer loop
vertex 118 48 1
vertex 124 48 1
vertex 124 49 1
endloop
endfacet
facet normal 0 0 1
outer loop
vertex 118 48 1
vertex 124 49 1
vertex 118 49 1
endloop
endfacet
facet normal 0 -1 0
outer loop
vertex 118 48 0
vertex 124 48 0
vertex 124 48 1
endloop
endfacet
facet normal 0 -1 0
outer loop
vertex 118 48 0
vertex 124 48 1
vertex 118 48 1
endloop
endfacet
facet normal 1 0 0
outer loop
vertex 124 48 0
vertex 124 49 0
vertex 124 49 1
endloop
endfacet
facet normal 1 0 0
outer loop
vertex 124 48 0
vertex 124 49 1
vertex 124 48 1
endloop
endfacet
facet normal 0 1 0
outer loop
vertex 124 49 0
vertex 118 49 0
vertex 118 49 1
endloop
endfacet
facet normal 0 1 0
outer loop
vertex 124 49 0
vertex 118 49 1
vertex 124 49 1
endloop
endfacet
facet normal -1 0 0
outer loop
vertex 118 49 0
vertex 118 48 0
vertex 118 48 1
endloop
endfacet
facet normal -1 0 0
outer loop
vertex 118 49 0
vertex 118 48 1
vertex 118 49 1
endloop
endfacet
facet normal 0 0 -1
outer loop
vertex 126 48 0
vertex 132 49 0
vertex 132 48 0
endloop
endfacet
facet normal 0 0 -1
outer loop
vertex 126 48 0
vertex 126 49 0
vertex 132 49 0
endloop
endfacet
facet normal 0 0 1
outer loop
vertex 126 48 1
vertex 132 48 1
vertex 132 49 1
endloop
endfacet
facet normal 0 0 1
outer loop
vertex 126 48 1
vertex 132 49 1
vertex 126 49 1
endloop
endfacet
facet normal 0 -1 0
outer loop
vertex 126 48 0
vertex 132 48 0
vertex 132 48 1
endloop
endfacet
facet normal 0 -1 0
outer loop
vertex 126 48 0
vertex 132 48 1
vertex 126 48 1
endloop
endfacet
facet normal 1 0 0
outer loop
vertex 132 48 0
vertex 132 49 0
vertex 132 49 1
endloop
endfacet
facet normal 1 0 0
outer loop
vertex 132 48 0
vertex 132 49 1
vertex 132 48 1
endloop
endfacet
facet normal 0 1 0
outer loop
vertex 132 49 0
vertex 126 49 0
vertex 126 49 1
endloop
endfacet
facet normal 0 1 0
outer loop
vertex 132 49 0
vertex 126 49 1
vertex 132 49 1
endloop
endfacet
facet normal -1 0 0
outer loop
vertex 126 49 0
vertex 126 48 0
vertex 126 48 1
endloop
endfacet
facet normal -1 0 0
outer loop
vertex 126 49 0
vertex 126 48 1
vertex 126 49 1
endloop
endfacet
facet normal 0 0 -1
outer loop
vertex 135 48 0
vertex 140 49 0
vertex 140 48 0
endloop
endfacet
facet normal 0 0 -1
outer loop
vertex 135 48 0
vertex 135 49 0
vertex 140 49 0
endloop
endfacet
facet normal 0 0 1
outer loop
vertex 135 48 1
vertex 140 48 1
vertex 140 49 1
endloop
endfacet
facet normal 0 0 1
outer loop
vertex 135 48 1
vertex 140 49 1
vertex 135 49 1
endloop
endfacet
facet normal 0 -1 0
outer loop
vertex 135 48 0
vertex 140 48 0
vertex 140 48 1
endloop
endfacet
facet normal 0 -1 0
outer loop
vertex 135 48 0
vertex 140 48 1
vertex 135 48 1
endloop
endfacet
facet normal 1 0 0
outer loop
vertex 140 48 0
vertex 140 49 0
vertex 140 49 1
endloop
endfacet
facet normal 1 0 0
outer loop
vertex 140 48 0
vertex 140 49 1
vertex 140 48 1
endloop
endfacet
facet normal 0 1 0
outer loop
vertex 140 49 0
vertex 135 49 0
vertex 135 49 1
endloop
endfacet
facet normal 0 1 0
outer loop
vertex 140 49 0
vertex 135 49 1
vertex 140 49 1
endloop
endfacet
facet normal -1 0 0
outer loop
vertex 135 49 0
vertex 135 48 0
vertex 135 48 1
endloop
endfacet
facet normal -1 0 0
outer loop
vertex 135 49 0
vertex 135 48 1
vertex 135 49 1
endloop
endfacet
facet normal 0 0 -1
outer loop
vertex 143 48 0
vertex 149 49 0
vertex 149 48 0
endloop
endfacet
facet normal 0 0 -1
outer loop
vertex 143 48 0
vertex 143 49 0
vertex 149 49 0
endloop
endfacet
facet normal 0 0 1
outer loop
vertex 143 48 1
vertex 149 48 1
vertex 149 49 1
endloop
endfacet
facet normal 0 0 1
outer loop
vertex 143 48 1
vertex 149 49 1
vertex 143 49 1
endloop
endfacet
facet normal 0 -1 0
outer loop
vertex 143 48 0
vertex 149 48 0
vertex 149 48 1
endloop
endfacet
facet normal 0 -1 0
outer loop
vertex 143 48 0
vertex 149 48 1
vertex 143 48 1
endloop
endfacet
facet normal 1 0 0
outer loop
vertex 149 48 0
vertex 149 49 0
vertex 149 49 1
endloop
endfacet
facet normal 1 0 0
outer loop
vertex 149 48 0
vertex 149 49 1
vertex 149 48 1
endloop
endfacet
facet normal 0 1 0
outer loop
vertex 149 49 0
vertex 143 49 0
vertex 143 49 1
endloop
endfacet
facet normal 0 1 0
outer loop
vertex 149 49 0
vertex 143 49 1
vertex 149 49 1
endloop
endfacet
facet normal -1 0 0
outer loop
vertex 143 49 0
vertex 143 48 0
vertex 143 48 1
endloop
endfacet
facet normal -1 0 0
outer loop
vertex 143 49 0
vertex 143 48 1
vertex 143 49 1
endloop
endfacet
facet normal 0 0 -1
outer loop
vertex 152 48 0
vertex 157 49 0
vertex 157 48 0
endloop
endfacet
facet normal 0 0 -1
outer loop
vertex 152 48 0
vertex 152 49 0
vertex 157 49 0
endloop
endfacet
facet normal 0 0 1
outer loop
vertex 152 48 1
vertex 157 48 1
vertex 157 49 1
endloop
endfacet
facet normal 0 0 1
outer loop
vertex 152 48 1
vertex 157 49 1
vertex 152 49 1
endloop
endfacet
facet normal 0 -1 0
outer loop
vertex 152 48 0
vertex 157 48 0
vertex 157 48 1
endloop
endfacet
facet normal 0 -1 0
outer loop
vertex 152 48 0
vertex 157 48 1
vertex 152 48 1
endloop
endfacet
facet normal 1 0 0
outer loop
vertex 157 48 0
vertex 157 49 0
vertex 157 49 1
endloop
endfacet
facet normal 1 0 0
outer loop
vertex 157 48 0
vertex 157 49 1
vertex 157 48 1
endloop
endfacet
facet normal 0 1 0
outer loop
vertex 157 49 0
vertex 152 49 0
vertex 152 49 1
endloop
endfacet
facet normal 0 1 0
outer loop
vertex 157 49 0
vertex 152 49 1
vertex 157 49 1
endloop
endfacet
facet normal -1 0 0
outer loop
vertex 152 49 0
vertex 152 48 0
vertex 152 48 1
endloop
endfacet
facet normal -1 0 0
outer loop
vertex 152 49 0
vertex 152 48 1
vertex 152 49 1
endloop
endfacet
facet normal 0 0 -1
outer loop
vertex 168 48 0
vertex 174 49 0
vertex 174 48 0
endloop
endfacet
facet normal 0 0 -1
outer loop
vertex 168 48 0
vertex 168 49 0
vertex 174 49 0
endloop
endfacet
facet normal 0 0 1
outer loop
vertex 168 48 1
vertex 174 48 1
vertex 174 49 1
endloop
endfacet
facet normal 0 0 1
outer loop
vertex 168 48 1
vertex 174 49 1
vertex 168 49 1
endloop
endfacet
facet normal 0 -1 0
outer loop
vertex 168 48 0
vertex 174 48 0
vertex 174 48 1
endloop
endfacet
facet normal 0 -1 0
outer loop
vertex 168 48 0
vertex 174 48 1
vertex 168 48 1
endloop
endfacet
facet normal 1 0 0
outer loop
vertex 174 48 0
vertex 174 49 0
vertex 174 49 1
endloop
endfacet
facet normal 1 0 0
outer loop
vertex 174 48 0
vertex 174 49 1
vertex 174 48 1
endloop
endfacet
facet normal 0 1 0
outer loop
vertex 174 49 0
vertex 168 49 0
vertex 168 49 1
endloop
endfacet
facet normal 0 1 0
outer loop
vertex 174 49 0
vertex 168 49 1
vertex 174 49 1
endloop
endfacet
facet normal -1 0 0
outer loop
vertex 168 49 0
vertex 168 48 0
vertex 168 48 1
endloop
endfacet
facet normal -1 0 0
outer loop
vertex 168 49 0
vertex 168 48 1
vertex 168 49 1
endloop
endfacet
facet normal 0 0 -1
outer loop
vertex 190 48 0
vertex 195 49 0
vertex 195 48 0
endloop
endfacet
facet normal 0 0 -1
outer loop
vertex 190 48 0
vertex 190 49 0
vertex 195 49 0
endloop
endfacet
facet normal 0 0 1
outer loop
vertex 190 48 1
vertex 195 48 1
vertex 195 49 1
endloop
endfacet
facet normal 0 0 1
outer loop
vertex 190 48 1
vertex 195 49 1
vertex 190 49 1
endloop
endfacet
facet normal 0 -1 0
outer loop
vertex 190 48 0
vertex 195 48 0
vertex 195 48 1
endloop
endfacet
facet normal 0 -1 0
outer loop
vertex 190 48 0
vertex 195 48 1
vertex 190 48 1
endloop
endfacet
facet normal 1 0 0
outer loop
vertex 195 48 0
vertex 195 49 0
vertex 195 49 1
endloop
endfacet
facet normal 1 0 0
outer loop
vertex 195 48 0
vertex 195 49 1
vertex 195 48 1
endloop
endfacet
facet normal 0 1 0
outer loop
vertex 195 49 0
vertex 190 49 0
vertex 190 49 1
endloop
endfacet
facet normal 0 1 0
outer loop
vertex 195 49 0
vertex 190 49 1
vertex 195 49 1
endloop
endfacet
facet normal -1 0 0
outer loop
vertex 190 49 0
vertex 190 48 0
vertex 190 48 1
endloop
endfacet
facet normal -1 0 0
outer loop
vertex 190 49 0
vertex 190 48 1
vertex 190 49 1
endloop
endfacet
facet normal 0 0 -1
outer loop
vertex 198 48 0
vertex 204 49 0
vertex 204 48 0
endloop
endfacet
facet normal 0 0 -1
outer loop
vertex 198 48 0
vertex 198 49 0
vertex 204 49 0
endloop
endfacet
facet normal 0 0 1
outer loop
vertex 198 48 1
vertex 204 48 1
vertex 204 49 1
endloop
endfacet
facet normal 0 0 1
outer loop
vertex 198 48 1
vertex 204 49 1
vertex 198 49 1
endloop
endfacet
facet normal 0 -1 0
outer loop
vertex 198 48 0
vertex 204 48 0
vertex 204 48 1
endloop
endfacet
facet normal 0 -1 0
outer loop
vertex 198 48 0
vertex 204 48 1
vertex 198 48 1
endloop
endfacet
facet normal 1 0 0
outer loop
vertex 204 48 0
vertex 204 49 0
vertex 204 49 1
endloop
endfacet
facet normal 1 0 0
outer loop
vertex 204 48 0
vertex 204 49 1
vertex 204 48 1
endloop
endfacet
facet normal 0 1 0
outer loop
vertex 204 49 0
vertex 198 49 0
vertex 198 49 1
endloop
endfacet
facet normal 0 1 0
outer loop
vertex 204 49 0
vertex 198 49 1
vertex 204 49 1
endloop
endfacet
facet normal -1 0 0
outer loop
vertex 198 49 0
vertex 198 48 0
vertex 198 48 1
endloop
endfacet
facet normal -1 0 0
outer loop
vertex 198 49 0
vertex 198 48 1
vertex 198 49 1
endloop
endfacet
facet normal 0 0 -1
outer loop
vertex 207 48 0
vertex 217 49 0
vertex 217 48 0
endloop
endfacet
facet normal 0 0 -1
outer loop
vertex 207 48 0
vertex 207 49 0
vertex 217 49 0
endloop
endfacet
facet normal 0 0 1
outer loop
vertex 207 48 1
vertex 217 48 1
vertex 217 49 1
endloop
endfacet
facet normal 0 0 1
outer loop
vertex 207 48 1
vertex 217 49 1
vertex 207 49 1
endloop
endfacet
facet normal 0 -1 0
outer loop
vertex 207 48 0
vertex 217 48 0
vertex 217 48 1
endloop
endfacet
facet normal 0 -1 0
outer loop
vertex 207 48 0
vertex 217 48 1
vertex 207 48 1
endloop
endfacet
facet normal 1 0 0
outer loop
vertex 217 48 0
vertex 217 49 0
vertex 217 49 1
endloop
endfacet
facet normal 1 0 0
outer loop
vertex 217 48 0
vertex 217 49 1
vertex 217 48 1
endloop
endfacet
facet normal 0 1 0
outer loop
vertex 217 49 0
vertex 207 49 0
vertex 207 49 1
endloop
endfacet
facet normal 0 1 0
outer loop
vertex 217 49 0
vertex 207 49 1
vertex 217 49 1
endloop
endfacet
facet normal -1 0 0
outer loop
vertex 207 49 0
vertex 207 48 0
vertex 207 48 1
endloop
endfacet
facet normal -1 0 0
outer loop
vertex 207 49 0
vertex 207 48 1
vertex 207 49 1
endloop
endfacet
facet normal 0 0 -1
outer loop
vertex 227 48 0
vertex 232 49 0
vertex 232 48 0
endloop
endfacet
facet normal 0 0 -1
outer loop
vertex 227 48 0
vertex 227 49 0
vertex 232 49 0
endloop
endfacet
facet normal 0 0 1
outer loop
vertex 227 48 1
vertex 232 48 1
vertex 232 49 1
endloop
endfacet
facet normal 0 0 1
outer loop
vertex 227 48 1
vertex 232 49 1
vertex 227 49 1
endloop
endfacet
facet normal 0 -1 0
outer loop
vertex 227 48 0
vertex 232 48 0
vertex 232 48 1
endloop
endfacet
facet normal 0 -1 0
outer loop
vertex 227 48 0
vertex 232 48 1
vertex 227 48 1
endloop
endfacet
facet normal 1 0 0
outer loop
vertex 232 48 0
vertex 232 49 0
vertex 232 49 1
endloop
endfacet
facet normal 1 0 0
outer loop
vertex 232 48 0
vertex 232 49 1
vertex 232 48 1
endloop
endfacet
facet normal 0 1 0
outer loop
vertex 232 49 0
vertex 227 49 0
vertex 227 49 1
endloop
endfacet
facet normal 0 1 0
outer loop
vertex 232 49 0
vertex 227 49 1
vertex 232 49 1
endloop
endfacet
facet normal -1 0 0
outer loop
vertex 227 49 0
vertex 227 48 0
vertex 227 48 1
endloop
endfacet
facet normal -1 0 0
outer loop
vertex 227 49 0
vertex 227 48 1
vertex 227 49 1
endloop
endfacet
facet normal 0 0 -1
outer loop
vertex 242 48 0
vertex 248 49 0
vertex 248 48 0
endloop
endfacet
facet normal 0 0 -1
outer loop
vertex 242 48 0
vertex 242 49 0
vertex 248 49 0
endloop
endfacet
facet normal 0 0 1
outer loop
vertex 242 48 1
vertex 248 48 1
vertex 248 49 1
endloop
endfacet
facet normal 0 0 1
outer loop
vertex 242 48 1
vertex 248 49 1
vertex 242 49 1
endloop
endfacet
facet normal 0 -1 0
outer loop
vertex 242 48 0
vertex 248 48 0
vertex 248 48 1
endloop
endfacet
facet normal 0 -1 0
outer loop
vertex 242 48 0
vertex 248 48 1
vertex 242 48 1
endloop
endfacet
facet normal 1 0 0
outer loop
vertex 248 48 0
vertex 248 49 0
vertex 248 49 1
endloop
endfacet
facet normal 1 0 0
outer loop
vertex 248 48 0
vertex 248 49 1
vertex 248 48 1
endloop
endfacet
facet normal 0 1 0
outer loop
vertex 248 49 0
vertex 242 49 0
vertex 242 49 1
endloop
endfacet
facet normal 0 1 0
outer loop
vertex 248 49 0
vertex 242 49 1
vertex 248 49 1
endloop
endfacet
facet normal -1 0 0
outer loop
vertex 242 49 0
vertex 242 48 0
vertex 242 48 1
endloop
endfacet
facet normal -1 0 0
outer loop
vertex 242 49 0
vertex 242 48 1
vertex 242 49 1
endloop
endfacet
facet normal 0 0 -1
outer loop
vertex 251 48 0
vertex 256 49 0
vertex 256 48 0
endloop
endfacet
facet normal 0 0 -1
outer loop
vertex 251 48 0
vertex 251 49 0
vertex 256 49 0
endloop
endfacet
facet normal 0 0 1
outer loop
vertex 251 48 1
vertex 256 48 1
vertex 256 49 1
endloop
endfacet
facet normal 0 0 1
outer loop
vertex 251 48 1
vertex 256 49 1
vertex 251 49 1
endloop
endfacet
facet normal 0 -1 0
outer loop
vertex 251 48 0
vertex 256 48 0
vertex 256 48 1
endloop
endfacet
facet normal 0 -1 0
outer loop
vertex 251 48 0
vertex 256 48 1
vertex 251 48 1
endloop
endfacet
facet normal 1 0 0
outer loop
vertex 256 48 0
vertex 256 49 0
vertex 256 49 1
endloop
endfacet
facet normal 1 0 0
outer loop
vertex 256 48 0
vertex 256 49 1
vertex 256 48 1
endloop
endfacet
facet normal 0 1 0
outer loop
vertex 256 49 0
vertex 251 49 0
vertex 251 49 1
endloop
endfacet
facet normal 0 1 0
outer loop
vertex 256 49 0
vertex 251 49 1
vertex 256 49 1
endloop
endfacet
facet normal -1 0 0
outer loop
vertex 251 49 0
vertex 251 48 0
vertex 251 48 1
endloop
endfacet
facet normal -1 0 0
outer loop
vertex 251 49 0
vertex 251 48 1
vertex 251 49 1
endloop
endfacet
facet normal 0 0 -1
outer loop
vertex 259 48 0
vertex 265 49 0
vertex 265 48 0
endloop
endfacet
facet normal 0 0 -1
outer loop
vertex 259 48 0
vertex 259 49 0
vertex 265 49 0
endloop
endfacet
facet normal 0 0 1
outer loop
vertex 259 48 1
vertex 265 48 1
vertex 265 49 1
endloop
endfacet
facet normal 0 0 1
outer loop
vertex 259 48 1
vertex 265 49 1
vertex 259 49 1
endloop
endfacet
facet normal 0 -1 0
outer loop
vertex 259 48 0
vertex 265 48 0
vertex 265 48 1
endloop
endfacet
facet normal 0 -1 0
outer loop
vertex 259 48 0
vertex 265 48 1
vertex 259 48 1
endloop
endfacet
facet normal 1 0 0
outer loop
vertex 265 48 0
vertex 265 49 0
vertex 265 49 1
endloop
endfacet
facet normal 1 0 0
outer loop
vertex 265 48 0
vertex 265 49 1
vertex 265 48 1
endloop
endfacet
facet normal 0 1 0
outer loop
vertex 265 49 0
vertex 259 49 0
vertex 259 49 1
endloop
endfacet
facet normal 0 1 0
outer loop
vertex 265 49 0
vertex 259 49 1
vertex 265 49 1
endloop
endfacet
facet normal -1 0 0
outer loop
vertex 259 49 0
vertex 259 48 0
vertex 259 48 1
endloop
endfacet
facet normal -1 0 0
outer loop
vertex 259 49 0
vertex 259 48 1
vertex 259 49 1
endloop
endfacet
facet normal 0 0 -1
outer loop
vertex 267 48 0
vertex 273 49 0
vertex 273 48 0
endloop
endfacet
facet normal 0 0 -1
outer loop
vertex 267 48 0
vertex 267 49 0
vertex 273 49 0
endloop
endfacet
facet normal 0 0 1
outer loop
vertex 267 48 1
vertex 273 48 1
vertex 273 49 1
endloop
endfacet
facet normal 0 0 1
outer loop
vertex 267 48 1
vertex 273 49 1
vertex 267 49 1
endloop
endfacet
facet normal 0 -1 0
outer loop
vertex 267 48 0
vertex 273 48 0
vertex 273 48 1
endloop
endfacet
facet normal 0 -1 0
outer loop
vertex 267 48 0
vertex 273 48 1
vertex 267 48 1
endloop
endfacet
facet normal 1 0 0
outer loop
vertex 273 48 0
vertex 273 49 0
vertex 273 49 1
endloop
endfacet
facet normal 1 0 0
outer loop
vertex 273 48 0
vertex 273 49 1
vertex 273 48 1
endloop
endfacet
facet normal 0 1 0
outer loop
vertex 273 49 0
vertex 267 49 0
vertex 267 49 1
endloop
endfacet
facet normal 0 1 0
outer loop
vertex 273 49 0
vertex 267 49 1
vertex 273 49 1
endloop
endfacet
facet normal -1 0 0
outer loop
vertex 267 49 0
vertex 267 48 0
vertex 267 48 1
endloop
endfacet
facet normal -1 0 0
outer loop
vertex 267 49 0
vertex 267 48 1
vertex 267 49 1
endloop
endfacet
facet normal 0 0 -1
outer loop
vertex 284 48 0
vertex 290 49 0
vertex 290 48 0
endloop
endfacet
facet normal 0 0 -1
outer loop
vertex 284 48 0
vertex 284 49 0
vertex 290 49 0
endloop
endfacet
facet normal 0 0 1
outer loop
vertex 284 48 1
vertex 290 48 1
vertex 290 49 1
endloop
endfacet
facet normal 0 0 1
outer loop
vertex 284 48 1
vertex 290 49 1
vertex 284 49 1
endloop
endfacet
facet normal 0 -1 0
outer loop
vertex 284 48 0
vertex 290 48 0
vertex 290 48 1
endloop
endfacet
facet normal 0 -1 0
outer loop
vertex 284 48 0
vertex 290 48 1
vertex 284 48 1
endloop
endfacet
facet normal 1 0 0
outer loop
vertex 290 48 0
vertex 290 49 0
vertex 290 49 1
endloop
endfacet
facet normal 1 0 0
outer loop
vertex 290 48 0
vertex 290 49 1
vertex 290 48 1
endloop
endfacet
facet normal 0 1 0
outer loop
vertex 290 49 0
vertex 284 49 0
vertex 284 49 1
endloop
endfacet
facet normal 0 1 0
outer loop
vertex 290 49 0
vertex 284 49 1
vertex 290 49 1
endloop
endfacet
facet normal -1 0 0
outer loop
vertex 284 49 0
vertex 284 48 0
vertex 284 48 1
endloop
endfacet
facet normal -1 0 0
outer loop
vertex 284 49 0
vertex 284 48 1
vertex 284 49 1
endloop
endfacet
facet normal 0 0 -1
outer loop
vertex 298 48 0
vertex 303 49 0
vertex 303 48 0
endloop
endfacet
facet normal 0 0 -1
outer loop
vertex 298 48 0
vertex 298 49 0
vertex 303 49 0
endloop
endfacet
facet normal 0 0 1
outer loop
vertex 298 48 1
vertex 303 48 1
vertex 303 49 1
endloop
endfacet
facet normal 0 0 1
outer loop
vertex 298 48 1
vertex 303 49 1
vertex 298 49 1
endloop
endfacet
facet normal 0 -1 0
outer loop
vertex 298 48 0
vertex 303 48 0
vertex 303 48 1
endloop
endfacet
facet normal 0 -1 0
outer loop
vertex 298 48 0
vertex 303 48 1
vertex 298 48 1
endloop
endfacet
facet normal 1 0 0
outer loop
vertex 303 48 0
vertex 303 49 0
vertex 303 49 1
endloop
endfacet
facet normal 1 0 0
outer loop
vertex 303 48 0
vertex 303 49 1
vertex 303 48 1
endloop
endfacet
facet normal 0 1 0
outer loop
vertex 303 49 0
vertex 298 49 0
vertex 298 49 1
endloop
endfacet
facet normal 0 1 0
outer loop
vertex 303 49 0
vertex 298 49 1
vertex 303 49 1
endloop
endfacet
facet normal -1 0 0
outer loop
vertex 298 49 0
vertex 298 48 0
vertex 298 48 1
endloop
endfacet
facet normal -1 0 0
outer loop
vertex 298 49 0
vertex 298 48 1
vertex 298 49 1
endloop
endfacet
facet normal 0 0 -1
outer loop
vertex 305 48 0
vertex 315 49 0
vertex 315 48 0
endloop
endfacet
facet normal 0 0 -1
outer loop
vertex 305 48 0
vertex 305 49 0
vertex 315 49 0
endloop
endfacet
facet normal 0 0 1
outer loop
vertex 305 48 1
vertex 315 48 1
vertex 315 49 1
endloop
endfacet
facet normal 0 0 1
outer loop
vertex 305 48 1
vertex 315 49 1
vertex 305 49 1
endloop
endfacet
facet normal 0 -1 0
outer loop
vertex 305 48 0
vertex 315 48 0
vertex 315 48 1
endloop
endfacet
facet normal 0 -1 0
outer loop
vertex 305 48 0
vertex 315 48 1
vertex 305 48 1
endloop
endfacet
facet normal 1 0 0
outer loop
vertex 315 48 0
vertex 315 49 0
vertex 315 49 1
endloop
endfacet
facet normal 1 0 0
outer loop
vertex 315 48 0
vertex 315 49 1
vertex 315 48 1
endloop
endfacet
facet normal 0 1 0
outer loop
vertex 315 49 0
vertex 305 49 0
vertex 305 49 1
endloop
endfacet
facet normal 0 1 0
outer loop
vertex 315 49 0
vertex 305 49 1
vertex 315 49 1
endloop
endfacet
facet normal -1 0 0
outer loop
vertex 305 49 0
vertex 305 48 0
vertex 305 48 1
endloop
endfacet
facet normal -1 0 0
outer loop
vertex 305 49 0
vertex 305 48 1
vertex 305 49 1
endloop
endfacet
facet normal 0 0 -1
outer loop
vertex 318 48 0
vertex 323 49 0
vertex 323 48 0
endloop
endfacet
facet normal 0 0 -1
outer loop
vertex 318 48 0
vertex 318 49 0
vertex 323 49 0
endloop
endfacet
facet normal 0 0 1
outer loop
vertex 318 48 1
vertex 323 48 1
vertex 323 49 1
endloop
endfacet
facet normal 0 0 1
outer loop
vertex 318 48 1
vertex 323 49 1
vertex 318 49 1
endloop
endfacet
facet normal 0 -1 0
outer loop
vertex 318 48 0
vertex 323 48 0
vertex 323 48 1
endloop
endfacet
facet normal 0 -1 0
outer loop
vertex 318 48 0
vertex 323 48 1
vertex 318 48 1
endloop
endfacet
facet normal 1 0 0
outer loop
vertex 323 48 0
vertex 323 49 0
vertex 323 49 1
endloop
endfacet
facet normal 1 0 0
outer loop
vertex 323 48 0
vertex 323 49 1
vertex 323 48 1
endloop
endfacet
facet normal 0 1 0
outer loop
vertex 323 49 0
vertex 318 49 0
vertex 318 49 1
endloop
endfacet
facet normal 0 1 0
outer loop
vertex 323 49 0
vertex 318 49 1
vertex 323 49 1
endloop
endfacet
facet normal -1 0 0
outer loop
vertex 318 49 0
vertex 318 48 0
vertex 318 48 1
endloop
endfacet
facet normal -1 0 0
outer loop
vertex 318 49 0
vertex 318 48 1
vertex 318 49 1
endloop
endfacet
facet normal 0 0 -1
outer loop
vertex 325 48 0
vertex 331 49 0
vertex 331 48 0
endloop
endfacet
facet normal 0 0 -1
outer loop
vertex 325 48 0
vertex 325 49 0
vertex 331 49 0
endloop
endfacet
facet normal 0 0 1
outer loop
vertex 325 48 1
vertex 331 48 1
vertex 331 49 1
endloop
endfacet
facet normal 0 0 1
outer loop
vertex 325 48 1
vertex 331 49 1
vertex 325 49 1
endloop
endfacet
facet normal 0 -1 0
outer loop
vertex 325 48 0
vertex 331 48 0
vertex 331 48 1
endloop
endfacet
facet normal 0 -1 0
outer loop
vertex 325 48 0
vertex 331 48 1
vertex 325 48 1
endloop
endfacet
facet normal 1 0 0
outer loop
vertex 331 48 0
vertex 331 49 0
vertex 331 49 1
endloop
endfacet
facet normal 1 0 0
outer loop
vertex 331 48 0
vertex 331 49 1
vertex 331 48 1
endloop
endfacet
facet normal 0 1 0
outer loop
vertex 331 49 0
vertex 325 49 0
vertex 325 49 1
endloop
endfacet
facet normal 0 1 0
outer loop
vertex 331 49 0
vertex 325 49 1
vertex 331 49 1
endloop
endfacet
facet normal -1 0 0
outer loop
vertex 325 49 0
vertex 325 48 0
vertex 325 48 1
endloop
endfacet
facet normal -1 0 0
outer loop
vertex 325 49 0
vertex 325 48 1
vertex 325 49 1
endloop
endfacet
facet normal 0 0 -1
outer loop
vertex 334 48 0
vertex 339 49 0
vertex 339 48 0
endloop
endfacet
facet normal 0 0 -1
outer loop
vertex 334 48 0
vertex 334 49 0
vertex 339 49 0
endloop
endfacet
facet normal 0 0 1
outer loop
vertex 334 48 1
vertex 339 48 1
vertex 339 49 1
endloop
endfacet
facet normal 0 0 1
outer loop
vertex 334 48 1
vertex 339 49 1
vertex 334 49 1
endloop
endfacet
facet normal 0 -1 0
outer loop
vertex 334 48 0
vertex 339 48 0
vertex 339 48 1
endloop
endfacet
facet normal 0 -1 0
outer loop
vertex 334 48 0
vertex 339 48 1
vertex 334 48 1
endloop
endfacet
facet normal 1 0 0
outer loop
vertex 339 48 0
vertex 339 49 0
vertex 339 49 1
endloop
endfacet
facet normal 1 0 0
outer loop
vertex 339 48 0
vertex 339 49 1
vertex 339 48 1
endloop
endfacet
facet normal 0 1 0
outer loop
vertex 339 49 0
vertex 334 49 0
vertex 334 49 1
endloop
endfacet
facet normal 0 1 0
outer loop
vertex 339 49 0
vertex 334 49 1
vertex 339 49 1
endloop
endfacet
facet normal -1 0 0
outer loop
vertex 334 49 0
vertex 334 48 0
vertex 334 48 1
endloop
endfacet
facet normal -1 0 0
outer loop
vertex 334 49 0
vertex 334 48 1
vertex 334 49 1
endloop
endfacet
facet normal 0 0 -1
outer loop
vertex 342 48 0
vertex 348 49 0
vertex 348 48 0
endloop
endfacet
facet normal 0 0 -1
outer loop
vertex 342 48 0
vertex 342 49 0
vertex 348 49 0
endloop
endfacet
facet normal 0 0 1
outer loop
vertex 342 48 1
vertex 348 48 1
vertex 348 49 1
endloop
endfacet
facet normal 0 0 1
outer loop
vertex 342 48 1
vertex 348 49 1
vertex 342 49 1
endloop
endfacet
facet normal 0 -1 0
outer loop
vertex 342 48 0
vertex 348 48 0
vertex 348 48 1
endloop
endfacet
facet normal 0 -1 0
outer loop
vertex 342 48 0
vertex 348 48 1
vertex 342 48 1
endloop
endfacet
facet normal 1 0 0
outer loop
vertex 348 48 0
vertex 348 49 0
vertex 348 49 1
endloop
endfacet
facet normal 1 0 0
outer loop
vertex 348 48 0
vertex 348 49 1
vertex 348 48 1
endloop
endfacet
facet normal 0 1 0
outer loop
vertex 348 49 0
vertex 342 49 0
vertex 342 49 1
endloop
endfacet
facet normal 0 1 0
outer loop
vertex 348 49 0
vertex 342 49 1
vertex 348 49 1
endloop
endfacet
facet normal -1 0 0
outer loop
vertex 342 49 0
vertex 342 48 0
vertex 342 48 1
endloop
endfacet
facet normal -1 0 0
outer loop
vertex 342 49 0
vertex 342 48 1
vertex 342 49 1
endloop
endfacet
facet normal 0 0 -1
outer loop
vertex 350 48 0
vertex 356 49 0
vertex 356 48 0
endloop
endfacet
facet normal 0 0 -1
outer loop
vertex 350 48 0
vertex 350 49 0
vertex 356 49 0
endloop
endfacet
facet normal 0 0 1
outer loop
vertex 350 48 1
vertex 356 48 1
vertex 356 49 1
endloop
endfacet
facet normal 0 0 1
outer loop
vertex 350 48 1
vertex 356 49 1
vertex 350 49 1
endloop
endfacet
facet normal 0 -1 0
outer loop
vertex 350 48 0
vertex 356 48 0
vertex 356 48 1
endloop
endfacet
facet normal 0 -1 0
outer loop
vertex 350 48 0
vertex 356 48 1
vertex 350 48 1
endloop
endfacet
facet normal 1 0 0
outer loop
vertex 356 48 0
vertex 356 49 0
vertex 356 49 1
endloop
endfacet
facet normal 1 0 0
outer loop
vertex 356 48 0
vertex 356 49 1
vertex 356 48 1
endloop
endfacet
facet normal 0 1 0
outer loop
vertex 356 49 0
vertex 350 49 0
vertex 350 49 1
endloop
endfacet
facet normal 0 1 0
outer loop
vertex 356 49 0
vertex 350 49 1
vertex 356 49 1
endloop
endfacet
facet normal -1 0 0
outer loop
vertex 350 49 0
vertex 350 48 0
vertex 350 48 1
endloop
endfacet
facet normal -1 0 0
outer loop
vertex 350 49 0
vertex 350 48 1
vertex 350 49 1
endloop
endfacet
facet normal 0 0 -1
outer loop
vertex 359 48 0
vertex 366 49 0
vertex 366 48 0
endloop
endfacet
facet normal 0 0 -1
outer loop
vertex 359 48 0
vertex 359 49 0
vertex 366 49 0
endloop
endfacet
facet normal 0 0 1
outer loop
vertex 359 48 1
vertex 366 48 1
vertex 366 49 1
endloop
endfacet
facet normal 0 0 1
outer loop
vertex 359 48 1
vertex 366 49 1
vertex 359 49 1
endloop
endfacet
facet normal 0 -1 0
outer loop
vertex 359 48 0
vertex 366 48 0
vertex 366 48 1
endloop
endfacet
facet normal 0 -1 0
outer loop
vertex 359 48 0
vertex 366 48 1
vertex 359 48 1
endloop
endfacet
facet normal 1 0 0
outer loop
vertex 366 48 0
vertex 366 49 0
vertex 366 49 1
endloop
endfacet
facet normal 1 0 0
outer loop
vertex 366 48 0
vertex 366 49 1
vertex 366 48 1
endloop
endfacet
facet normal 0 1 0
outer loop
vertex 366 49 0
vertex 359 49 0
vertex 359 49 1
endloop
endfacet
facet normal 0 1 0
outer loop
vertex 366 49 0
vertex 359 49 1
vertex 366 49 1
endloop
endfacet
facet normal -1 0 0
outer loop
vertex 359 49 0
vertex 359 48 0
vertex 359 48 1
endloop
endfacet
facet normal -1 0 0
outer loop
vertex 359 49 0
vertex 359 48 1
vertex 359 49 1
endloop
endfacet
facet normal 0 0 -1
outer loop
vertex 368 48 0
vertex 374 49 0
vertex 374 48 0
endloop
endfacet
facet normal 0 0 -1
outer loop
vertex 368 48 0
vertex 368 49 0
vertex 374 49 0
endloop
endfacet
facet normal 0 0 1
outer loop
vertex 368 48 1
vertex 374 48 1
vertex 374 49 1
endloop
endfacet
facet normal 0 0 1
outer loop
vertex 368 48 1
vertex 374 49 1
vertex 368 49 1
endloop
endfacet
facet normal 0 -1 0
outer loop
vertex 368 48 0
vertex 374 48 0
vertex 374 48 1
endloop
endfacet
facet normal 0 -1 0
outer loop
vertex 368 48 0
vertex 374 48 1
vertex 368 48 1
endloop
endfacet
facet normal 1 0 0
outer loop
vertex 374 48 0
vertex 374 49 0
vertex 374 49 1
endloop
endfacet
facet normal 1 0 0
outer loop
vertex 374 48 0
vertex 374 49 1
vertex 374 48 1
endloop
endfacet
facet normal 0 1 0
outer loop
vertex 374 49 0
vertex 368 49 0
vertex 368 49 1
endloop
endfacet
facet normal 0 1 0
outer loop
vertex 374 49 0
vertex 368 49 1
vertex 374 49 1
endloop
endfacet
facet normal -1 0 0
outer loop
vertex 368 49 0
vertex 368 48 0
vertex 368 48 1
endloop
endfacet
facet normal -1 0 0
outer loop
vertex 368 49 0
vertex 368 48 1
vertex 368 49 1
endloop
endfacet
facet normal 0 0 -1
outer loop
vertex 65 47 0
vertex 71 48 0
vertex 71 47 0
endloop
endfacet
facet normal 0 0 -1
outer loop
vertex 65 47 0
vertex 65 48 0
vertex 71 48 0
endloop
endfacet
facet normal 0 0 1
outer loop
vertex 65 47 1
vertex 71 47 1
vertex 71 48 1
endloop
endfacet
facet normal 0 0 1
outer loop
vertex 65 47 1
vertex 71 48 1
vertex 65 48 1
endloop
endfacet
facet normal 0 -1 0
outer loop
vertex 65 47 0
vertex 71 47 0
vertex 71 47 1
endloop
endfacet
facet normal 0 -1 0
outer loop
vertex 65 47 0
vertex 71 47 1
vertex 65 47 1
endloop
endfacet
facet normal 1 0 0
outer loop
vertex 71 47 0
vertex 71 48 0
vertex 71 48 1
endloop
endfacet
facet normal 1 0 0
outer loop
vertex 71 47 0
vertex 71 48 1
vertex 71 47 1
endloop
endfacet
facet normal 0 1 0
outer loop
vertex 71 48 0
vertex 65 48 0
vertex 65 48 1
endloop
endfacet
facet normal 0 1 0
outer loop
vertex 71 48 0
vertex 65 48 1
vertex 71 48 1
endloop
endfacet
facet normal -1 0 0
outer loop
vertex 65 48 0
vertex 65 47 0
vertex 65 47 1
endloop
endfacet
facet normal -1 0 0
outer loop
vertex 65 48 0
vertex 65 47 1
vertex 65 48 1
endloop
endfacet
facet normal 0 0 -1
outer loop
vertex 83 47 0
vertex 89 48 0
vertex 89 47 0
endloop
endfacet
facet normal 0 0 -1
outer loop
vertex 83 47 0
vertex 83 48 0
vertex 89 48 0
endloop
endfacet
facet normal 0 0 1
outer loop
vertex 83 47 1
vertex 89 47 1
vertex 89 48 1
endloop
endfacet
facet normal 0 0 1
outer loop
vertex 83 47 1
vertex 89 48 1
vertex 83 48 1
endloop
endfacet
facet normal 0 -1 0
outer loop
vertex 83 47 0
vertex 89 47 0
vertex 89 47 1
endloop
endfacet
facet normal 0 -1 0
outer loop
vertex 83 47 0
vertex 89 47 1
vertex 83 47 1
endloop
endfacet
facet normal 1 0 0
outer loop
vertex 89 47 0
vertex 89 48 0
vertex 89 48 1
endloop
endfacet
facet normal 1 0 0
outer loop
vertex 89 47 0
vertex 89 48 1
vertex 89 47 1
endloop
endfacet
facet normal 0 1 0
outer loop
vertex 89 48 0
vertex 83 48 0
vertex 83 48 1
endloop
endfacet
facet normal 0 1 0
outer loop
vertex 89 48 0
vertex 83 48 1
vertex 89 48 1
endloop
endfacet
facet normal -1 0 0
outer loop
vertex 83 48 0
vertex 83 47 0
vertex 83 47 1
endloop
endfacet
facet normal -1 0 0
outer loop
vertex 83 48 0
vertex 83 47 1
vertex 83 48 1
endloop
endfacet
facet normal 0 0 -1
outer loop
vertex 94 47 0
vertex 99 48 0
vertex 99 47 0
endloop
endfacet
facet normal 0 0 -1
outer loop
vertex 94 47 0
vertex 94 48 0
vertex 99 48 0
endloop
endfacet
facet normal 0 0 1
outer loop
vertex 94 47 1
vertex 99 47 1
vertex 99 48 1
endloop
endfacet
facet normal 0 0 1
outer loop
vertex 94 47 1
vertex 99 48 1
vertex 94 48 1
endloop
endfacet
facet normal 0 -1 0
outer loop
vertex 94 47 0
vertex 99 47 0
vertex 99 47 1
endloop
endfacet
facet normal 0 -1 0
outer loop
vertex 94 47 0
vertex 99 47 1
vertex 94 47 1
endloop
endfacet
facet normal 1 0 0
outer loop
vertex 99 47 0
vertex 99 48 0
vertex 99 48 1
endloop
endfacet
facet normal 1 0 0
outer loop
vertex 99 47 0
vertex 99 48 1
vertex 99 47 1
endloop
endfacet
facet normal 0 1 0
outer loop
vertex 99 48 0
vertex 94 48 0
vertex 94 48 1
endloop
endfacet
facet normal 0 1 0
outer loop
vertex 99 48 0
vertex 94 48 1
vertex 99 48 1
endloop
endfacet
facet normal -1 0 0
outer loop
vertex 94 48 0
vertex 94 47 0
vertex 94 47 1
endloop
endfacet
facet normal -1 0 0
outer loop
vertex 94 48 0
vertex 94 47 1
vertex 94 48 1
endloop
endfacet
facet normal 0 0 -1
outer loop
vertex 102 47 0
vertex 107 48 0
vertex 107 47 0
endloop
endfacet
facet normal 0 0 -1
outer loop
vertex 102 47 0
vertex 102 48 0
vertex 107 48 0
endloop
endfacet
facet normal 0 0 1
outer loop
vertex 102 47 1
vertex 107 47 1
vertex 107 48 1
endloop
endfacet
facet normal 0 0 1
outer loop
vertex 102 47 1
vertex 107 48 1
vertex 102 48 1
endloop
endfacet
facet normal 0 -1 0
outer loop
vertex 102 47 0
vertex 107 47 0
vertex 107 47 1
endloop
endfacet
facet normal 0 -1 0
outer loop
vertex 102 47 0
vertex 107 47 1
vertex 102 47 1
endloop
endfacet
facet normal 1 0 0
outer loop
vertex 107 47 0
vertex 107 48 0
vertex 107 48 1
endloop
endfacet
facet normal 1 0 0
outer loop
vertex 107 47 0
vertex 107 48 1
vertex 107 47 1
endloop
endfacet
facet normal 0 1 0
outer loop
vertex 107 48 0
vertex 102 48 0
vertex 102 48 1
endloop
endfacet
facet normal 0 1 0
outer loop
vertex 107 48 0
vertex 102 48 1
vertex 107 48 1
endloop
endfacet
facet normal -1 0 0
outer loop
vertex 102 48 0
vertex 102 47 0
vertex 102 47 1
endloop
endfacet
facet normal -1 0 0
outer loop
vertex 102 48 0
vertex 102 47 1
vertex 102 48 1
endloop
endfacet
facet normal 0 0 -1
outer loop
vertex 110 47 0
vertex 116 48 0
vertex 116 47 0
endloop
endfacet
facet normal 0 0 -1
outer loop
vertex 110 47 0
vertex 110 48 0
vertex 116 48 0
endloop
endfacet
facet normal 0 0 1
outer loop
vertex 110 47 1
vertex 116 47 1
vertex 116 48 1
endloop
endfacet
facet normal 0 0 1
outer loop
vertex 110 47 1
vertex 116 48 1
vertex 110 48 1
endloop
endfacet
facet normal 0 -1 0
outer loop
vertex 110 47 0
vertex 116 47 0
vertex 116 47 1
endloop
endfacet
facet normal 0 -1 0
outer loop
vertex 110 47 0
vertex 116 47 1
vertex 110 47 1
endloop
endfacet
facet normal 1 0 0
outer loop
vertex 116 47 0
vertex 116 48 0
vertex 116 48 1
endloop
endfacet
facet normal 1 0 0
outer loop
vertex 116 47 0
vertex 116 48 1
vertex 116 47 1
endloop
endfacet
facet normal 0 1 0
outer loop
vertex 116 48 0
vertex 110 48 0
vertex 110 48 1
endloop
endfacet
facet normal 0 1 0
outer loop
vertex 116 48 0
vertex 110 48 1
vertex 116 48 1
endloop
endfacet
facet normal -1 0 0
outer loop
vertex 110 48 0
vertex 110 47 0
vertex 110 47 1
endloop
endfacet
facet normal -1 0 0
outer loop
vertex 110 48 0
vertex 110 47 1
vertex 110 48 1
endloop
endfacet
facet normal 0 0 -1
outer loop
vertex 118 47 0
vertex 123 48 0
vertex 123 47 0
endloop
endfacet
facet normal 0 0 -1
outer loop
vertex 118 47 0
vertex 118 48 0
vertex 123 48 0
endloop
endfacet
facet normal 0 0 1
outer loop
vertex 118 47 1
vertex 123 47 1
vertex 123 48 1
endloop
endfacet
facet normal 0 0 1
outer loop
vertex 118 47 1
vertex 123 48 1
vertex 118 48 1
endloop
endfacet
facet normal 0 -1 0
outer loop
vertex 118 47 0
vertex 123 47 0
vertex 123 47 1
endloop
endfacet
facet normal 0 -1 0
outer loop
vertex 118 47 0
vertex 123 47 1
vertex 118 47 1
endloop
endfacet
facet normal 1 0 0
outer loop
vertex 123 47 0
vertex 123 48 0
vertex 123 48 1
endloop
endfacet
facet normal 1 0 0
outer loop
vertex 123 47 0
vertex 123 48 1
vertex 123 47 1
endloop
endfacet
facet normal 0 1 0
outer loop
vertex 123 48 0
vertex 118 48 0
vertex 118 48 1
endloop
endfacet
facet normal 0 1 0
outer loop
vertex 123 48 0
vertex 118 48 1
vertex 123 48 1
endloop
endfacet
facet normal -1 0 0
outer loop
vertex 118 48 0
vertex 118 47 0
vertex 118 47 1
endloop
endfacet
facet normal -1 0 0
outer loop
vertex 118 48 0
vertex 118 47 1
vertex 118 48 1
endloop
endfacet
facet normal 0 0 -1
outer loop
vertex 127 47 0
vertex 133 48 0
vertex 133 47 0
endloop
endfacet
facet normal 0 0 -1
outer loop
vertex 127 47 0
vertex 127 48 0
vertex 133 48 0
endloop
endfacet
facet normal 0 0 1
outer loop
vertex 127 47 1
vertex 133 47 1
vertex 133 48 1
endloop
endfacet
facet normal 0 0 1
outer loop
vertex 127 47 1
vertex 133 48 1
vertex 127 48 1
endloop
endfacet
facet normal 0 -1 0
outer loop
vertex 127 47 0
vertex 133 47 0
vertex 133 47 1
endloop
endfacet
facet normal 0 -1 0
outer loop
vertex 127 47 0
vertex 133 47 1
vertex 127 47 1
endloop
endfacet
facet normal 1 0 0
outer loop
vertex 133 47 0
vertex 133 48 0
vertex 133 48 1
endloop
endfacet
facet normal 1 0 0
outer loop
vertex 133 47 0
vertex 133 48 1
vertex 133 47 1
endloop
endfacet
facet normal 0 1 0
outer loop
vertex 133 48 0
vertex 127 48 0
vertex 127 48 1
endloop
endfacet
facet normal 0 1 0
outer loop
vertex 133 48 0
vertex 127 48 1
vertex 133 48 1
endloop
endfacet
facet normal -1 0 0
outer loop
vertex 127 48 0
vertex 127 47 0
vertex 127 47 1
endloop
endfacet
facet normal -1 0 0
outer loop
vertex 127 48 0
vertex 127 47 1
vertex 127 48 1
endloop
endfacet
facet normal 0 0 -1
outer loop
vertex 135 47 0
vertex 140 48 0
vertex 140 47 0
endloop
endfacet
facet normal 0 0 -1
outer loop
vertex 135 47 0
vertex 135 48 0
vertex 140 48 0
endloop
endfacet
facet normal 0 0 1
outer loop
vertex 135 47 1
vertex 140 47 1
vertex 140 48 1
endloop
endfacet
facet normal 0 0 1
outer loop
vertex 135 47 1
vertex 140 48 1
vertex 135 48 1
endloop
endfacet
facet normal 0 -1 0
outer loop
vertex 135 47 0
vertex 140 47 0
vertex 140 47 1
endloop
endfacet
facet normal 0 -1 0
outer loop
vertex 135 47 0
vertex 140 47 1
vertex 135 47 1
endloop
endfacet
facet normal 1 0 0
outer loop
vertex 140 47 0
vertex 140 48 0
vertex 140 48 1
endloop
endfacet
facet normal 1 0 0
outer loop
vertex 140 47 0
vertex 140 48 1
vertex 140 47 1
endloop
endfacet
facet normal 0 1 0
outer loop
vertex 140 48 0
vertex 135 48 0
vertex 135 48 1
endloop
endfacet
facet normal 0 1 0
outer loop
vertex 140 48 0
vertex 135 48 1
vertex 140 48 1
endloop
endfacet
facet normal -1 0 0
outer loop
vertex 135 48 0
vertex 135 47 0
vertex 135 47 1
endloop
endfacet
facet normal -1 0 0
outer loop
vertex 135 48 0
vertex 135 47 1
vertex 135 48 1
endloop
endfacet
facet normal 0 0 -1
outer loop
vertex 143 47 0
vertex 149 48 0
vertex 149 47 0
endloop
endfacet
facet normal 0 0 -1
outer loop
vertex 143 47 0
vertex 143 48 0
vertex 149 48 0
endloop
endfacet
facet normal 0 0 1
outer loop
vertex 143 47 1
vertex 149 47 1
vertex 149 48 1
endloop
endfacet
facet normal 0 0 1
outer loop
vertex 143 47 1
vertex 149 48 1
vertex 143 48 1
endloop
endfacet
facet normal 0 -1 0
outer loop
vertex 143 47 0
vertex 149 47 0
vertex 149 47 1
endloop
endfacet
facet normal 0 -1 0
outer loop
vertex 143 47 0
vertex 149 47 1
vertex 143 47 1
endloop
endfacet
facet normal 1 0 0
outer loop
vertex 149 47 0
vertex 149 48 0
vertex 149 48 1
endloop
endfacet
facet normal 1 0 0
outer loop
vertex 149 47 0
vertex 149 48 1
vertex 149 47 1
endloop
endfacet
facet normal 0 1 0
outer loop
vertex 149 48 0
vertex 143 48 0
vertex 143 48 1
endloop
endfacet
facet normal 0 1 0
outer loop
vertex 149 48 0
vertex 143 48 1
vertex 149 48 1
endloop
endfacet
facet normal -1 0 0
outer loop
vertex 143 48 0
vertex 143 47 0
vertex 143 47 1
endloop
endfacet
facet normal -1 0 0
outer loop
vertex 143 48 0
vertex 143 47 1
vertex 143 48 1
endloop
endfacet
facet normal 0 0 -1
outer loop
vertex 152 47 0
vertex 157 48 0
vertex 157 47 0
endloop
endfacet
facet normal 0 0 -1
outer loop
vertex 152 47 0
vertex 152 48 0
vertex 157 48 0
endloop
endfacet
facet normal 0 0 1
outer loop
vertex 152 47 1
vertex 157 47 1
vertex 157 48 1
endloop
endfacet
facet normal 0 0 1
outer loop
vertex 152 47 1
vertex 157 48 1
vertex 152 48 1
endloop
endfacet
facet normal 0 -1 0
outer loop
vertex 152 47 0
vertex 157 47 0
vertex 157 47 1
endloop
endfacet
facet normal 0 -1 0
outer loop
vertex 152 47 0
vertex 157 47 1
vertex 152 47 1
endloop
endfacet
facet normal 1 0 0
outer loop
vertex 157 47 0
vertex 157 48 0
vertex 157 48 1
endloop
endfacet
facet normal 1 0 0
outer loop
vertex 157 47 0
vertex 157 48 1
vertex 157 47 1
endloop
endfacet
facet normal 0 1 0
outer loop
vertex 157 48 0
vertex 152 48 0
vertex 152 48 1
endloop
endfacet
facet normal 0 1 0
outer loop
vertex 157 48 0
vertex 152 48 1
vertex 157 48 1
endloop
endfacet
facet normal -1 0 0
outer loop
vertex 152 48 0
vertex 152 47 0
vertex 152 47 1
endloop
endfacet
facet normal -1 0 0
outer loop
vertex 152 48 0
vertex 152 47 1
vertex 152 48 1
endloop
endfacet
facet normal 0 0 -1
outer loop
vertex 168 47 0
vertex 173 48 0
vertex 173 47 0
endloop
endfacet
facet normal 0 0 -1
outer loop
vertex 168 47 0
vertex 168 48 0
vertex 173 48 0
endloop
endfacet
facet normal 0 0 1
outer loop
vertex 168 47 1
vertex 173 47 1
vertex 173 48 1
endloop
endfacet
facet normal 0 0 1
outer loop
vertex 168 47 1
vertex 173 48 1
vertex 168 48 1
endloop
endfacet
facet normal 0 -1 0
outer loop
vertex 168 47 0
vertex 173 47 0
vertex 173 47 1
endloop
endfacet
facet normal 0 -1 0
outer loop
vertex 168 47 0
vertex 173 47 1
vertex 168 47 1
endloop
endfacet
facet normal 1 0 0
outer loop
vertex 173 47 0
vertex 173 48 0
vertex 173 48 1
endloop
endfacet
facet normal 1 0 0
outer loop
vertex 173 47 0
vertex 173 48 1
vertex 173 47 1
endloop
endfacet
facet normal 0 1 0
outer loop
vertex 173 48 0
vertex 168 48 0
vertex 168 48 1
endloop
endfacet
facet normal 0 1 0
outer loop
vertex 173 48 0
vertex 168 48 1
vertex 173 48 1
endloop
endfacet
facet normal -1 0 0
outer loop
vertex 168 48 0
vertex 168 47 0
vertex 168 47 1
endloop
endfacet
facet normal -1 0 0
outer loop
vertex 168 48 0
vertex 168 47 1
vertex 168 48 1
endloop
endfacet
facet normal 0 0 -1
outer loop
vertex 190 47 0
vertex 195 48 0
vertex 195 47 0
endloop
endfacet
facet normal 0 0 -1
outer loop
vertex 190 47 0
vertex 190 48 0
vertex 195 48 0
endloop
endfacet
facet normal 0 0 1
outer loop
vertex 190 47 1
vertex 195 47 1
vertex 195 48 1
endloop
endfacet
facet normal 0 0 1
outer loop
vertex 190 47 1
vertex 195 48 1
vertex 190 48 1
endloop
endfacet
facet normal 0 -1 0
outer loop
vertex 190 47 0
vertex 195 47 0
vertex 195 47 1
endloop
endfacet
facet normal 0 -1 0
outer loop
vertex 190 47 0
vertex 195 47 1
vertex 190 47 1
endloop
endfacet
facet normal 1 0 0
outer loop
vertex 195 47 0
vertex 195 48 0
vertex 195 48 1
endloop
endfacet
facet normal 1 0 0
outer loop
vertex 195 47 0
vertex 195 48 1
vertex 195 47 1
endloop
endfacet
facet normal 0 1 0
outer loop
vertex 195 48 0
vertex 190 48 0
vertex 190 48 1
endloop
endfacet
facet normal 0 1 0
outer loop
vertex 195 48 0
vertex 190 48 1
vertex 195 48 1
endloop
endfacet
facet normal -1 0 0
outer loop
vertex 190 48 0
vertex 190 47 0
vertex 190 47 1
endloop
endfacet
facet normal -1 0 0
outer loop
vertex 190 48 0
vertex 190 47 1
vertex 190 48 1
endloop
endfacet
facet normal 0 0 -1
outer loop
vertex 199 47 0
vertex 204 48 0
vertex 204 47 0
endloop
endfacet
facet normal 0 0 -1
outer loop
vertex 199 47 0
vertex 199 48 0
vertex 204 48 0
endloop
endfacet
facet normal 0 0 1
outer loop
vertex 199 47 1
vertex 204 47 1
vertex 204 48 1
endloop
endfacet
facet normal 0 0 1
outer loop
vertex 199 47 1
vertex 204 48 1
vertex 199 48 1
endloop
endfacet
facet normal 0 -1 0
outer loop
vertex 199 47 0
vertex 204 47 0
vertex 204 47 1
endloop
endfacet
facet normal 0 -1 0
outer loop
vertex 199 47 0
vertex 204 47 1
vertex 199 47 1
endloop
endfacet
facet normal 1 0 0
outer loop
vertex 204 47 0
vertex 204 48 0
vertex 204 48 1
endloop
endfacet
facet normal 1 0 0
outer loop
vertex 204 47 0
vertex 204 48 1
vertex 204 47 1
endloop
endfacet
facet normal 0 1 0
outer loop
vertex 204 48 0
vertex 199 48 0
vertex 199 48 1
endloop
endfacet
facet normal 0 1 0
outer loop
vertex 204 48 0
vertex 199 48 1
vertex 204 48 1
endloop
endfacet
facet normal -1 0 0
outer loop
vertex 199 48 0
vertex 199 47 0
vertex 199 47 1
endloop
endfacet
facet normal -1 0 0
outer loop
vertex 199 48 0
vertex 199 47 1
vertex 199 48 1
endloop
endfacet
facet normal 0 0 -1
outer loop
vertex 207 47 0
vertex 214 48 0
vertex 214 47 0
endloop
endfacet
facet normal 0 0 -1
outer loop
vertex 207 47 0
vertex 207 48 0
vertex 214 48 0
endloop
endfacet
facet normal 0 0 1
outer loop
vertex 207 47 1
vertex 214 47 1
vertex 214 48 1
endloop
endfacet
facet normal 0 0 1
outer loop
vertex 207 47 1
vertex 214 48 1
vertex 207 48 1
endloop
endfacet
facet normal 0 -1 0
outer loop
vertex 207 47 0
vertex 214 47 0
vertex 214 47 1
endloop
endfacet
facet normal 0 -1 0
outer loop
vertex 207 47 0
vertex 214 47 1
vertex 207 47 1
endloop
endfacet
facet normal 1 0 0
outer loop
vertex 214 47 0
vertex 214 48 0
vertex 214 48 1
endloop
endfacet
facet normal 1 0 0
outer loop
vertex 214 47 0
vertex 214 48 1
vertex 214 47 1
endloop
endfacet
facet normal 0 1 0
outer loop
vertex 214 48 0
vertex 207 48 0
vertex 207 48 1
endloop
endfacet
facet normal 0 1 0
outer loop
vertex 214 48 0
vertex 207 48 1
vertex 214 48 1
endloop
endfacet
facet normal -1 0 0
outer loop
vertex 207 48 0
vertex 207 47 0
vertex 207 47 1
endloop
endfacet
facet normal -1 0 0
outer loop
vertex 207 48 0
vertex 207 47 1
vertex 207 48 1
endloop
endfacet
facet normal 0 0 -1
outer loop
vertex 227 47 0
vertex 232 48 0
vertex 232 47 0
endloop
endfacet
facet normal 0 0 -1
outer loop
vertex 227 47 0
vertex 227 48 0
vertex 232 48 0
endloop
endfacet
facet normal 0 0 1
outer loop
vertex 227 47 1
vertex 232 47 1
vertex 232 48 1
endloop
endfacet
facet normal 0 0 1
outer loop
vertex 227 47 1
vertex 232 48 1
vertex 227 48 1
endloop
endfacet
facet normal 0 -1 0
outer loop
vertex 227 47 0
vertex 232 47 0
vertex 232 47 1
endloop
endfacet
facet normal 0 -1 0
outer loop
vertex 227 47 0
vertex 232 47 1
vertex 227 47 1
endloop
endfacet
facet normal 1 0 0
outer loop
vertex 232 47 0
vertex 232 48 0
vertex 232 48 1
endloop
endfacet
facet normal 1 0 0
outer loop
vertex 232 47 0
vertex 232 48 1
vertex 232 47 1
endloop
endfacet
facet normal 0 1 0
outer loop
vertex 232 48 0
vertex 227 48 0
vertex 227 48 1
endloop
endfacet
facet normal 0 1 0
outer loop
vertex 232 48 0
vertex 227 48 1
vertex 232 48 1
endloop
endfacet
facet normal -1 0 0
outer loop
vertex 227 48 0
vertex 227 47 0
vertex 227 47 1
endloop
endfacet
facet normal -1 0 0
outer loop
vertex 227 48 0
vertex 227 47 1
vertex 227 48 1
endloop
endfacet
facet normal 0 0 -1
outer loop
vertex 243 47 0
vertex 248 48 0
vertex 248 47 0
endloop
endfacet
facet normal 0 0 -1
outer loop
vertex 243 47 0
vertex 243 48 0
vertex 248 48 0
endloop
endfacet
facet normal 0 0 1
outer loop
vertex 243 47 1
vertex 248 47 1
vertex 248 48 1
endloop
endfacet
facet normal 0 0 1
outer loop
vertex 243 47 1
vertex 248 48 1
vertex 243 48 1
endloop
endfacet
facet normal 0 -1 0
outer loop
vertex 243 47 0
vertex 248 47 0
vertex 248 47 1
endloop
endfacet
facet normal 0 -1 0
outer loop
vertex 243 47 0
vertex 248 47 1
vertex 243 47 1
endloop
endfacet
facet normal 1 0 0
outer loop
vertex 248 47 0
vertex 248 48 0
vertex 248 48 1
endloop
endfacet
facet normal 1 0 0
outer loop
vertex 248 47 0
vertex 248 48 1
vertex 248 47 1
endloop
endfacet
facet normal 0 1 0
outer loop
vertex 248 48 0
vertex 243 48 0
vertex 243 48 1
endloop
endfacet
facet normal 0 1 0
outer loop
vertex 248 48 0
vertex 243 48 1
vertex 248 48 1
endloop
endfacet
facet normal -1 0 0
outer loop
vertex 243 48 0
vertex 243 47 0
vertex 243 47 1
endloop
endfacet
facet normal -1 0 0
outer loop
vertex 243 48 0
vertex 243 47 1
vertex 243 48 1
endloop
endfacet
facet normal 0 0 -1
outer loop
vertex 251 47 0
vertex 256 48 0
vertex 256 47 0
endloop
endfacet
facet normal 0 0 -1
outer loop
vertex 251 47 0
vertex 251 48 0
vertex 256 48 0
endloop
endfacet
facet normal 0 0 1
outer loop
vertex 251 47 1
vertex 256 47 1
vertex 256 48 1
endloop
endfacet
facet normal 0 0 1
outer loop
vertex 251 47 1
vertex 256 48 1
vertex 251 48 1
endloop
endfacet
facet normal 0 -1 0
outer loop
vertex 251 47 0
vertex 256 47 0
vertex 256 47 1
endloop
endfacet
facet normal 0 -1 0
outer loop
vertex 251 47 0
vertex 256 47 1
vertex 251 47 1
endloop
endfacet
facet normal 1 0 0
outer loop
vertex 256 47 0
vertex 256 48 0
vertex 256 48 1
endloop
endfacet
facet normal 1 0 0
outer loop
vertex 256 47 0
vertex 256 48 1
vertex 256 47 1
endloop
endfacet
facet normal 0 1 0
outer loop
vertex 256 48 0
vertex 251 48 0
vertex 251 48 1
endloop
endfacet
facet normal 0 1 0
outer loop
vertex 256 48 0
vertex 251 48 1
vertex 256 48 1
endloop
endfacet
facet normal -1 0 0
outer loop
vertex 251 48 0
vertex 251 47 0
vertex 251 47 1
endloop
endfacet
facet normal -1 0 0
outer loop
vertex 251 48 0
vertex 251 47 1
vertex 251 48 1
endloop
endfacet
facet normal 0 0 -1
outer loop
vertex 258 47 0
vertex 264 48 0
vertex 264 47 0
endloop
endfacet
facet normal 0 0 -1
outer loop
vertex 258 47 0
vertex 258 48 0
vertex 264 48 0
endloop
endfacet
facet normal 0 0 1
outer loop
vertex 258 47 1
vertex 264 47 1
vertex 264 48 1
endloop
endfacet
facet normal 0 0 1
outer loop
vertex 258 47 1
vertex 264 48 1
vertex 258 48 1
endloop
endfacet
facet normal 0 -1 0
outer loop
vertex 258 47 0
vertex 264 47 0
vertex 264 47 1
endloop
endfacet
facet normal 0 -1 0
outer loop
vertex 258 47 0
vertex 264 47 1
vertex 258 47 1
endloop
endfacet
facet normal 1 0 0
outer loop
vertex 264 47 0
vertex 264 48 0
vertex 264 48 1
endloop
endfacet
facet normal 1 0 0
outer loop
vertex 264 47 0
vertex 264 48 1
vertex 264 47 1
endloop
endfacet
facet normal 0 1 0
outer loop
vertex 264 48 0
vertex 258 48 0
vertex 258 48 1
endloop
endfacet
facet normal 0 1 0
outer loop
vertex 264 48 0
vertex 258 48 1
vertex 264 48 1
endloop
endfacet
facet normal -1 0 0
outer loop
vertex 258 48 0
vertex 258 47 0
vertex 258 47 1
endloop
endfacet
facet normal -1 0 0
outer loop
vertex 258 48 0
vertex 258 47 1
vertex 258 48 1
endloop
endfacet
facet normal 0 0 -1
outer loop
vertex 268 47 0
vertex 273 48 0
vertex 273 47 0
endloop
endfacet
facet normal 0 0 -1
outer loop
vertex 268 47 0
vertex 268 48 0
vertex 273 48 0
endloop
endfacet
facet normal 0 0 1
outer loop
vertex 268 47 1
vertex 273 47 1
vertex 273 48 1
endloop
endfacet
facet normal 0 0 1
outer loop
vertex 268 47 1
vertex 273 48 1
vertex 268 48 1
endloop
endfacet
facet normal 0 -1 0
outer loop
vertex 268 47 0
vertex 273 47 0
vertex 273 47 1
endloop
endfacet
facet normal 0 -1 0
outer loop
vertex 268 47 0
vertex 273 47 1
vertex 268 47 1
endloop
endfacet
facet normal 1 0 0
outer loop
vertex 273 47 0
vertex 273 48 0
vertex 273 48 1
endloop
endfacet
facet normal 1 0 0
outer loop
vertex 273 47 0
vertex 273 48 1
vertex 273 47 1
endloop
endfacet
facet normal 0 1 0
outer loop
vertex 273 48 0
vertex 268 48 0
vertex 268 48 1
endloop
endfacet
facet normal 0 1 0
outer loop
vertex 273 48 0
vertex 268 48 1
vertex 273 48 1
endloop
endfacet
facet normal -1 0 0
outer loop
vertex 268 48 0
vertex 268 47 0
vertex 268 47 1
endloop
endfacet
facet normal -1 0 0
outer loop
vertex 268 48 0
vertex 268 47 1
vertex 268 48 1
endloop
endfacet
facet normal 0 0 -1
outer loop
vertex 284 47 0
vertex 290 48 0
vertex 290 47 0
endloop
endfacet
facet normal 0 0 -1
outer loop
vertex 284 47 0
vertex 284 48 0
vertex 290 48 0
endloop
endfacet
facet normal 0 0 1
outer loop
vertex 284 47 1
vertex 290 47 1
vertex 290 48 1
endloop
endfacet
facet normal 0 0 1
outer loop
vertex 284 47 1
vertex 290 48 1
vertex 284 48 1
endloop
endfacet
facet normal 0 -1 0
outer loop
vertex 284 47 0
vertex 290 47 0
vertex 290 47 1
endloop
endfacet
facet normal 0 -1 0
outer loop
vertex 284 47 0
vertex 290 47 1
vertex 284 47 1
endloop
endfacet
facet normal 1 0 0
outer loop
vertex 290 47 0
vertex 290 48 0
vertex 290 48 1
endloop
endfacet
facet normal 1 0 0
outer loop
vertex 290 47 0
vertex 290 48 1
vertex 290 47 1
endloop
endfacet
facet normal 0 1 0
outer loop
vertex 290 48 0
vertex 284 48 0
vertex 284 48 1
endloop
endfacet
facet normal 0 1 0
outer loop
vertex 290 48 0
vertex 284 48 1
vertex 290 48 1
endloop
endfacet
facet normal -1 0 0
outer loop
vertex 284 48 0
vertex 284 47 0
vertex 284 47 1
endloop
endfacet
facet normal -1 0 0
outer loop
vertex 284 48 0
vertex 284 47 1
vertex 284 48 1
endloop
endfacet
facet normal 0 0 -1
outer loop
vertex 298 47 0
vertex 303 48 0
vertex 303 47 0
endloop
endfacet
facet normal 0 0 -1
outer loop
vertex 298 47 0
vertex 298 48 0
vertex 303 48 0
endloop
endfacet
facet normal 0 0 1
outer loop
vertex 298 47 1
vertex 303 47 1
vertex 303 48 1
endloop
endfacet
facet normal 0 0 1
outer loop
vertex 298 47 1
vertex 303 48 1
vertex 298 48 1
endloop
endfacet
facet normal 0 -1 0
outer loop
vertex 298 47 0
vertex 303 47 0
vertex 303 47 1
endloop
endfacet
facet normal 0 -1 0
outer loop
vertex 298 47 0
vertex 303 47 1
vertex 298 47 1
endloop
endfacet
facet normal 1 0 0
outer loop
vertex 303 47 0
vertex 303 48 0
vertex 303 48 1
endloop
endfacet
facet normal 1 0 0
outer loop
vertex 303 47 0
vertex 303 48 1
vertex 303 47 1
endloop
endfacet
facet normal 0 1 0
outer loop
vertex 303 48 0
vertex 298 48 0
vertex 298 48 1
endloop
endfacet
facet normal 0 1 0
outer loop
vertex 303 48 0
vertex 298 48 1
vertex 303 48 1
endloop
endfacet
facet normal -1 0 0
outer loop
vertex 298 48 0
vertex 298 47 0
vertex 298 47 1
endloop
endfacet
facet normal -1 0 0
outer loop
vertex 298 48 0
vertex 298 47 1
vertex 298 48 1
endloop
endfacet
facet normal 0 0 -1
outer loop
vertex 305 47 0
vertex 312 48 0
vertex 312 47 0
endloop
endfacet
facet normal 0 0 -1
outer loop
vertex 305 47 0
vertex 305 48 0
vertex 312 48 0
endloop
endfacet
facet normal 0 0 1
outer loop
vertex 305 47 1
vertex 312 47 1
vertex 312 48 1
endloop
endfacet
facet normal 0 0 1
outer loop
vertex 305 47 1
vertex 312 48 1
vertex 305 48 1
endloop
endfacet
facet normal 0 -1 0
outer loop
vertex 305 47 0
vertex 312 47 0
vertex 312 47 1
endloop
endfacet
facet normal 0 -1 0
outer loop
vertex 305 47 0
vertex 312 47 1
vertex 305 47 1
endloop
endfacet
facet normal 1 0 0
outer loop
vertex 312 47 0
vertex 312 48 0
vertex 312 48 1
endloop
endfacet
facet normal 1 0 0
outer loop
vertex 312 47 0
vertex 312 48 1
vertex 312 47 1
endloop
endfacet
facet normal 0 1 0
outer loop
vertex 312 48 0
vertex 305 48 0
vertex 305 48 1
endloop
endfacet
facet normal 0 1 0
outer loop
vertex 312 48 0
vertex 305 48 1
vertex 312 48 1
endloop
endfacet
facet normal -1 0 0
outer loop
vertex 305 48 0
vertex 305 47 0
vertex 305 47 1
endloop
endfacet
facet normal -1 0 0
outer loop
vertex 305 48 0
vertex 305 47 1
vertex 305 48 1
endloop
endfacet
facet normal 0 0 -1
outer loop
vertex 318 47 0
vertex 323 48 0
vertex 323 47 0
endloop
endfacet
facet normal 0 0 -1
outer loop
vertex 318 47 0
vertex 318 48 0
vertex 323 48 0
endloop
endfacet
facet normal 0 0 1
outer loop
vertex 318 47 1
vertex 323 47 1
vertex 323 48 1
endloop
endfacet
facet normal 0 0 1
outer loop
vertex 318 47 1
vertex 323 48 1
vertex 318 48 1
endloop
endfacet
facet normal 0 -1 0
outer loop
vertex 318 47 0
vertex 323 47 0
vertex 323 47 1
endloop
endfacet
facet normal 0 -1 0
outer loop
vertex 318 47 0
vertex 323 47 1
vertex 318 47 1
endloop
endfacet
facet normal 1 0 0
outer loop
vertex 323 47 0
vertex 323 48 0
vertex 323 48 1
endloop
endfacet
facet normal 1 0 0
outer loop
vertex 323 47 0
vertex 323 48 1
vertex 323 47 1
endloop
endfacet
facet normal 0 1 0
outer loop
vertex 323 48 0
vertex 318 48 0
vertex 318 48 1
endloop
endfacet
facet normal 0 1 0
outer loop
vertex 323 48 0
vertex 318 48 1
vertex 323 48 1
endloop
endfacet
facet normal -1 0 0
outer loop
vertex 318 48 0
vertex 318 47 0
vertex 318 47 1
endloop
endfacet
facet normal -1 0 0
outer loop
vertex 318 48 0
vertex 318 47 1
vertex 318 48 1
endloop
endfacet
facet normal 0 0 -1
outer loop
vertex 326 47 0
vertex 331 48 0
vertex 331 47 0
endloop
endfacet
facet normal 0 0 -1
outer loop
vertex 326 47 0
vertex 326 48 0
vertex 331 48 0
endloop
endfacet
facet normal 0 0 1
outer loop
vertex 326 47 1
vertex 331 47 1
vertex 331 48 1
endloop
endfacet
facet normal 0 0 1
outer loop
vertex 326 47 1
vertex 331 48 1
vertex 326 48 1
endloop
endfacet
facet normal 0 -1 0
outer loop
vertex 326 47 0
vertex 331 47 0
vertex 331 47 1
endloop
endfacet
facet normal 0 -1 0
outer loop
vertex 326 47 0
vertex 331 47 1
vertex 326 47 1
endloop
endfacet
facet normal 1 0 0
outer loop
vertex 331 47 0
vertex 331 48 0
vertex 331 48 1
endloop
endfacet
facet normal 1 0 0
outer loop
vertex 331 47 0
vertex 331 48 1
vertex 331 47 1
endloop
endfacet
facet normal 0 1 0
outer loop
vertex 331 48 0
vertex 326 48 0
vertex 326 48 1
endloop
endfacet
facet normal 0 1 0
outer loop
vertex 331 48 0
vertex 326 48 1
vertex 331 48 1
endloop
endfacet
facet normal -1 0 0
outer loop
vertex 326 48 0
vertex 326 47 0
vertex 326 47 1
endloop
endfacet
facet normal -1 0 0
outer loop
vertex 326 48 0
vertex 326 47 1
vertex 326 48 1
endloop
endfacet
facet normal 0 0 -1
outer loop
vertex 334 47 0
vertex 339 48 0
vertex 339 47 0
endloop
endfacet
facet normal 0 0 -1
outer loop
vertex 334 47 0
vertex 334 48 0
vertex 339 48 0
endloop
endfacet
facet normal 0 0 1
outer loop
vertex 334 47 1
vertex 339 47 1
vertex 339 48 1
endloop
endfacet
facet normal 0 0 1
outer loop
vertex 334 47 1
vertex 339 48 1
vertex 334 48 1
endloop
endfacet
facet normal 0 -1 0
outer loop
vertex 334 47 0
vertex 339 47 0
vertex 339 47 1
endloop
endfacet
facet normal 0 -1 0
outer loop
vertex 334 47 0
vertex 339 47 1
vertex 334 47 1
endloop
endfacet
facet normal 1 0 0
outer loop
vertex 339 47 0
vertex 339 48 0
vertex 339 48 1
endloop
endfacet
facet normal 1 0 0
outer loop
vertex 339 47 0
vertex 339 48 1
vertex 339 47 1
endloop
endfacet
facet normal 0 1 0
outer loop
vertex 339 48 0
vertex 334 48 0
vertex 334 48 1
endloop
endfacet
facet normal 0 1 0
outer loop
vertex 339 48 0
vertex 334 48 1
vertex 339 48 1
endloop
endfacet
facet normal -1 0 0
outer loop
vertex 334 48 0
vertex 334 47 0
vertex 334 47 1
endloop
endfacet
facet normal -1 0 0
outer loop
vertex 334 48 0
vertex 334 47 1
vertex 334 48 1
endloop
endfacet
facet normal 0 0 -1
outer loop
vertex 342 47 0
vertex 347 48 0
vertex 347 47 0
endloop
endfacet
facet normal 0 0 -1
outer loop
vertex 342 47 0
vertex 342 48 0
vertex 347 48 0
endloop
endfacet
facet normal 0 0 1
outer loop
vertex 342 47 1
vertex 347 47 1
vertex 347 48 1
endloop
endfacet
facet normal 0 0 1
outer loop
vertex 342 47 1
vertex 347 48 1
vertex 342 48 1
endloop
endfacet
facet normal 0 -1 0
outer loop
vertex 342 47 0
vertex 347 47 0
vertex 347 47 1
endloop
endfacet
facet normal 0 -1 0
outer loop
vertex 342 47 0
vertex 347 47 1
vertex 342 47 1
endloop
endfacet
facet normal 1 0 0
outer loop
vertex 347 47 0
vertex 347 48 0
vertex 347 48 1
endloop
endfacet
facet normal 1 0 0
outer loop
vertex 347 47 0
vertex 347 48 1
vertex 347 47 1
endloop
endfacet
facet normal 0 1 0
outer loop
vertex 347 48 0
vertex 342 48 0
vertex 342 48 1
endloop
endfacet
facet normal 0 1 0
outer loop
vertex 347 48 0
vertex 342 48 1
vertex 347 48 1
endloop
endfacet
facet normal -1 0 0
outer loop
vertex 342 48 0
vertex 342 47 0
vertex 342 47 1
endloop
endfacet
facet normal -1 0 0
outer loop
vertex 342 48 0
vertex 342 47 1
vertex 342 48 1
endloop
endfacet
facet normal 0 0 -1
outer loop
vertex 351 47 0
vertex 357 48 0
vertex 357 47 0
endloop
endfacet
facet normal 0 0 -1
outer loop
vertex 351 47 0
vertex 351 48 0
vertex 357 48 0
endloop
endfacet
facet normal 0 0 1
outer loop
vertex 351 47 1
vertex 357 47 1
vertex 357 48 1
endloop
endfacet
facet normal 0 0 1
outer loop
vertex 351 47 1
vertex 357 48 1
vertex 351 48 1
endloop
endfacet
facet normal 0 -1 0
outer loop
vertex 351 47 0
vertex 357 47 0
vertex 357 47 1
endloop
endfacet
facet normal 0 -1 0
outer loop
vertex 351 47 0
vertex 357 47 1
vertex 351 47 1
endloop
endfacet
facet normal 1 0 0
outer loop
vertex 357 47 0
vertex 357 48 0
vertex 357 48 1
endloop
endfacet
facet normal 1 0 0
outer loop
vertex 357 47 0
vertex 357 48 1
vertex 357 47 1
endloop
endfacet
facet normal 0 1 0
outer loop
vertex 357 48 0
vertex 351 48 0
vertex 351 48 1
endloop
endfacet
facet normal 0 1 0
outer loop
vertex 357 48 0
vertex 351 48 1
vertex 357 48 1
endloop
endfacet
facet normal -1 0 0
outer loop
vertex 351 48 0
vertex 351 47 0
vertex 351 47 1
endloop
endfacet
facet normal -1 0 0
outer loop
vertex 351 48 0
vertex 351 47 1
vertex 351 48 1
endloop
endfacet
facet normal 0 0 -1
outer loop
vertex 359 47 0
vertex 365 48 0
vertex 365 47 0
endloop
endfacet
facet normal 0 0 -1
outer loop
vertex 359 47 0
vertex 359 48 0
vertex 365 48 0
endloop
endfacet
facet normal 0 0 1
outer loop
vertex 359 47 1
vertex 365 47 1
vertex 365 48 1
endloop
endfacet
facet normal 0 0 1
outer loop
vertex 359 47 1
vertex 365 48 1
vertex 359 48 1
endloop
endfacet
facet normal 0 -1 0
outer loop
vertex 359 47 0
vertex 365 47 0
vertex 365 47 1
endloop
endfacet
facet normal 0 -1 0
outer loop
vertex 359 47 0
vertex 365 47 1
vertex 359 47 1
endloop
endfacet
facet normal 1 0 0
outer loop
vertex 365 47 0
vertex 365 48 0
vertex 365 48 1
endloop
endfacet
facet normal 1 0 0
outer loop
vertex 365 47 0
vertex 365 48 1
vertex 365 47 1
endloop
endfacet
facet normal 0 1 0
outer loop
vertex 365 48 0
vertex 359 48 0
vertex 359 48 1
endloop
endfacet
facet normal 0 1 0
outer loop
vertex 365 48 0
vertex 359 48 1
vertex 365 48 1
endloop
endfacet
facet normal -1 0 0
outer loop
vertex 359 48 0
vertex 359 47 0
vertex 359 47 1
endloop
endfacet
facet normal -1 0 0
outer loop
vertex 359 48 0
vertex 359 47 1
vertex 359 48 1
endloop
endfacet
facet normal 0 0 -1
outer loop
vertex 369 47 0
vertex 374 48 0
vertex 374 47 0
endloop
endfacet
facet normal 0 0 -1
outer loop
vertex 369 47 0
vertex 369 48 0
vertex 374 48 0
endloop
endfacet
facet normal 0 0 1
outer loop
vertex 369 47 1
vertex 374 47 1
vertex 374 48 1
endloop
endfacet
facet normal 0 0 1
outer loop
vertex 369 47 1
vertex 374 48 1
vertex 369 48 1
endloop
endfacet
facet normal 0 -1 0
outer loop
vertex 369 47 0
vertex 374 47 0
vertex 374 47 1
endloop
endfacet
facet normal 0 -1 0
outer loop
vertex 369 47 0
vertex 374 47 1
vertex 369 47 1
endloop
endfacet
facet normal 1 0 0
outer loop
vertex 374 47 0
vertex 374 48 0
vertex 374 48 1
endloop
endfacet
facet normal 1 0 0
outer loop
vertex 374 47 0
vertex 374 48 1
vertex 374 47 1
endloop
endfacet
facet normal 0 1 0
outer loop
vertex 374 48 0
vertex 369 48 0
vertex 369 48 1
endloop
endfacet
facet normal 0 1 0
outer loop
vertex 374 48 0
vertex 369 48 1
vertex 374 48 1
endloop
endfacet
facet normal -1 0 0
outer loop
vertex 369 48 0
vertex 369 47 0
vertex 369 47 1
endloop
endfacet
facet normal -1 0 0
outer loop
vertex 369 48 0
vertex 369 47 1
vertex 369 48 1
endloop
endfacet
facet normal 0 0 -1
outer loop
vertex 65 46 0
vertex 71 47 0
vertex 71 46 0
endloop
endfacet
facet normal 0 0 -1
outer loop
vertex 65 46 0
vertex 65 47 0
vertex 71 47 0
endloop
endfacet
facet normal 0 0 1
outer loop
vertex 65 46 1
vertex 71 46 1
vertex 71 47 1
endloop
endfacet
facet normal 0 0 1
outer loop
vertex 65 46 1
vertex 71 47 1
vertex 65 47 1
endloop
endfacet
facet normal 0 -1 0
outer loop
vertex 65 46 0
vertex 71 46 0
vertex 71 46 1
endloop
endfacet
facet normal 0 -1 0
outer loop
vertex 65 46 0
vertex 71 46 1
vertex 65 46 1
endloop
endfacet
facet normal 1 0 0
outer loop
vertex 71 46 0
vertex 71 47 0
vertex 71 47 1
endloop
endfacet
facet normal 1 0 0
outer loop
vertex 71 46 0
vertex 71 47 1
vertex 71 46 1
endloop
endfacet
facet normal 0 1 0
outer loop
vertex 71 47 0
vertex 65 47 0
vertex 65 47 1
endloop
endfacet
facet normal 0 1 0
outer loop
vertex 71 47 0
vertex 65 47 1
vertex 71 47 1
endloop
endfacet
facet normal -1 0 0
outer loop
vertex 65 47 0
vertex 65 46 0
vertex 65 46 1
endloop
endfacet
facet normal -1 0 0
outer loop
vertex 65 47 0
vertex 65 46 1
vertex 65 47 1
endloop
endfacet
facet normal 0 0 -1
outer loop
vertex 83 46 0
vertex 88 47 0
vertex 88 46 0
endloop
endfacet
facet normal 0 0 -1
outer loop
vertex 83 46 0
vertex 83 47 0
vertex 88 47 0
endloop
endfacet
facet normal 0 0 1
outer loop
vertex 83 46 1
vertex 88 46 1
vertex 88 47 1
endloop
endfacet
facet normal 0 0 1
outer loop
vertex 83 46 1
vertex 88 47 1
vertex 83 47 1
endloop
endfacet
facet normal 0 -1 0
outer loop
vertex 83 46 0
vertex 88 46 0
vertex 88 46 1
endloop
endfacet
facet normal 0 -1 0
outer loop
vertex 83 46 0
vertex 88 46 1
vertex 83 46 1
endloop
endfacet
facet normal 1 0 0
outer loop
vertex 88 46 0
vertex 88 47 0
vertex 88 47 1
endloop
endfacet
facet normal 1 0 0
outer loop
vertex 88 46 0
vertex 88 47 1
vertex 88 46 1
endloop
endfacet
facet normal 0 1 0
outer loop
vertex 88 47 0
vertex 83 47 0
vertex 83 47 1
endloop
endfacet
facet normal 0 1 0
outer loop
vertex 88 47 0
vertex 83 47 1
vertex 88 47 1
endloop
endfacet
facet normal -1 0 0
outer loop
vertex 83 47 0
vertex 83 46 0
vertex 83 46 1
endloop
endfacet
facet normal -1 0 0
outer loop
vertex 83 47 0
vertex 83 46 1
vertex 83 47 1
endloop
endfacet
facet normal 0 0 -1
outer loop
vertex 94 46 0
vertex 99 47 0
vertex 99 46 0
endloop
endfacet
facet normal 0 0 -1
outer loop
vertex 94 46 0
vertex 94 47 0
vertex 99 47 0
endloop
endfacet
facet normal 0 0 1
outer loop
vertex 94 46 1
vertex 99 46 1
vertex 99 47 1
endloop
endfacet
facet normal 0 0 1
outer loop
vertex 94 46 1
vertex 99 47 1
vertex 94 47 1
endloop
endfacet
facet normal 0 -1 0
outer loop
vertex 94 46 0
vertex 99 46 0
vertex 99 46 1
endloop
endfacet
facet normal 0 -1 0
outer loop
vertex 94 46 0
vertex 99 46 1
vertex 94 46 1
endloop
endfacet
facet normal 1 0 0
outer loop
vertex 99 46 0
vertex 99 47 0
vertex 99 47 1
endloop
endfacet
facet normal 1 0 0
outer loop
vertex 99 46 0
vertex 99 47 1
vertex 99 46 1
endloop
endfacet
facet normal 0 1 0
outer loop
vertex 99 47 0
vertex 94 47 0
vertex 94 47 1
endloop
endfacet
facet normal 0 1 0
outer loop
vertex 99 47 0
vertex 94 47 1
vertex 99 47 1
endloop
endfacet
facet normal -1 0 0
outer loop
vertex 94 47 0
vertex 94 46 0
vertex 94 46 1
endloop
endfacet
facet normal -1 0 0
outer loop
vertex 94 47 0
vertex 94 46 1
vertex 94 47 1
endloop
endfacet
facet normal 0 0 -1
outer loop
vertex 102 46 0
vertex 108 47 0
vertex 108 46 0
endloop
endfacet
facet normal 0 0 -1
outer loop
vertex 102 46 0
vertex 102 47 0
vertex 108 47 0
endloop
endfacet
facet normal 0 0 1
outer loop
vertex 102 46 1
vertex 108 46 1
vertex 108 47 1
endloop
endfacet
facet normal 0 0 1
outer loop
vertex 102 46 1
vertex 108 47 1
vertex 102 47 1
endloop
endfacet
facet normal 0 -1 0
outer loop
vertex 102 46 0
vertex 108 46 0
vertex 108 46 1
endloop
endfacet
facet normal 0 -1 0
outer loop
vertex 102 46 0
vertex 108 46 1
vertex 102 46 1
endloop
endfacet
facet normal 1 0 0
outer loop
vertex 108 46 0
vertex 108 47 0
vertex 108 47 1
endloop
endfacet
facet normal 1 0 0
outer loop
vertex 108 46 0
vertex 108 47 1
vertex 108 46 1
endloop
endfacet
facet normal 0 1 0
outer loop
vertex 108 47 0
vertex 102 47 0
vertex 102 47 1
endloop
endfacet
facet normal 0 1 0
outer loop
vertex 108 47 0
vertex 102 47 1
vertex 108 47 1
endloop
endfacet
facet normal -1 0 0
outer loop
vertex 102 47 0
vertex 102 46 0
vertex 102 46 1
endloop
endfacet
facet normal -1 0 0
outer loop
vertex 102 47 0
vertex 102 46 1
vertex 102 47 1
endloop
endfacet
facet normal 0 0 -1
outer loop
vertex 110 46 0
vertex 115 47 0
vertex 115 46 0
endloop
endfacet
facet normal 0 0 -1
outer loop
vertex 110 46 0
vertex 110 47 0
vertex 115 47 0
endloop
endfacet
facet normal 0 0 1
outer loop
vertex 110 46 1
vertex 115 46 1
vertex 115 47 1
endloop
endfacet
facet normal 0 0 1
outer loop
vertex 110 46 1
vertex 115 47 1
vertex 110 47 1
endloop
endfacet
facet normal 0 -1 0
outer loop
vertex 110 46 0
vertex 115 46 0
vertex 115 46 1
endloop
endfacet
facet normal 0 -1 0
outer loop
vertex 110 46 0
vertex 115 46 1
vertex 110 46 1
endloop
endfacet
facet normal 1 0 0
outer loop
vertex 115 46 0
vertex 115 47 0
vertex 115 47 1
endloop
endfacet
facet normal 1 0 0
outer loop
vertex 115 46 0
vertex 115 47 1
vertex 115 46 1
endloop
endfacet
facet normal 0 1 0
outer loop
vertex 115 47 0
vertex 110 47 0
vertex 110 47 1
endloop
endfacet
facet normal 0 1 0
outer loop
vertex 115 47 0
vertex 110 47 1
vertex 115 47 1
endloop
endfacet
facet normal -1 0 0
outer loop
vertex 110 47 0
vertex 110 46 0
vertex 110 46 1
endloop
endfacet
facet normal -1 0 0
outer loop
vertex 110 47 0
vertex 110 46 1
vertex 110 47 1
endloop
endfacet
facet normal 0 0 -1
outer loop
vertex 118 46 0
vertex 123 47 0
vertex 123 46 0
endloop
endfacet
facet normal 0 0 -1
outer loop
vertex 118 46 0
vertex 118 47 0
vertex 123 47 0
endloop
endfacet
facet normal 0 0 1
outer loop
vertex 118 46 1
vertex 123 46 1
vertex 123 47 1
endloop
endfacet
facet normal 0 0 1
outer loop
vertex 118 46 1
vertex 123 47 1
vertex 118 47 1
endloop
endfacet
facet normal 0 -1 0
outer loop
vertex 118 46 0
vertex 123 46 0
vertex 123 46 1
endloop
endfacet
facet normal 0 -1 0
outer loop
vertex 118 46 0
vertex 123 46 1
vertex 118 46 1
endloop
endfacet
facet normal 1 0 0
outer loop
vertex 123 46 0
vertex 123 47 0
vertex 123 47 1
endloop
endfacet
facet normal 1 0 0
outer loop
vertex 123 46 0
vertex 123 47 1
vertex 123 46 1
endloop
endfacet
facet normal 0 1 0
outer loop
vertex 123 47 0
vertex 118 47 0
vertex 118 47 1
endloop
endfacet
facet normal 0 1 0
outer loop
vertex 123 47 0
vertex 118 47 1
vertex 123 47 1
endloop
endfacet
facet normal -1 0 0
outer loop
vertex 118 47 0
vertex 118 46 0
vertex 118 46 1
endloop
endfacet
facet normal -1 0 0
outer loop
vertex 118 47 0
vertex 118 46 1
vertex 118 47 1
endloop
endfacet
facet normal 0 0 -1
outer loop
vertex 128 46 0
vertex 133 47 0
vertex 133 46 0
endloop
endfacet
facet normal 0 0 -1
outer loop
vertex 128 46 0
vertex 128 47 0
vertex 133 47 0
endloop
endfacet
facet normal 0 0 1
outer loop
vertex 128 46 1
vertex 133 46 1
vertex 133 47 1
endloop
endfacet
facet normal 0 0 1
outer loop
vertex 128 46 1
vertex 133 47 1
vertex 128 47 1
endloop
endfacet
facet normal 0 -1 0
outer loop
vertex 128 46 0
vertex 133 46 0
vertex 133 46 1
endloop
endfacet
facet normal 0 -1 0
outer loop
vertex 128 46 0
vertex 133 46 1
vertex 128 46 1
endloop
endfacet
facet normal 1 0 0
outer loop
vertex 133 46 0
vertex 133 47 0
vertex 133 47 1
endloop
endfacet
facet normal 1 0 0
outer loop
vertex 133 46 0
vertex 133 47 1
vertex 133 46 1
endloop
endfacet
facet normal 0 1 0
outer loop
vertex 133 47 0
vertex 128 47 0
vertex 128 47 1
endloop
endfacet
facet normal 0 1 0
outer loop
vertex 133 47 0
vertex 128 47 1
vertex 133 47 1
endloop
endfacet
facet normal -1 0 0
outer loop
vertex 128 47 0
vertex 128 46 0
vertex 128 46 1
endloop
endfacet
facet normal -1 0 0
outer loop
vertex 128 47 0
vertex 128 46 1
vertex 128 47 1
endloop
endfacet
facet normal 0 0 -1
outer loop
vertex 135 46 0
vertex 140 47 0
vertex 140 46 0
endloop
endfacet
facet normal 0 0 -1
outer loop
vertex 135 46 0
vertex 135 47 0
vertex 140 47 0
endloop
endfacet
facet normal 0 0 1
outer loop
vertex 135 46 1
vertex 140 46 1
vertex 140 47 1
endloop
endfacet
facet normal 0 0 1
outer loop
vertex 135 46 1
vertex 140 47 1
vertex 135 47 1
endloop
endfacet
facet normal 0 -1 0
outer loop
vertex 135 46 0
vertex 140 46 0
vertex 140 46 1
endloop
endfacet
facet normal 0 -1 0
outer loop
vertex 135 46 0
vertex 140 46 1
vertex 135 46 1
endloop
endfacet
facet normal 1 0 0
outer loop
vertex 140 46 0
vertex 140 47 0
vertex 140 47 1
endloop
endfacet
facet normal 1 0 0
outer loop
vertex 140 46 0
vertex 140 47 1
vertex 140 46 1
endloop
endfacet
facet normal 0 1 0
outer loop
vertex 140 47 0
vertex 135 47 0
vertex 135 47 1
endloop
endfacet
facet normal 0 1 0
outer loop
vertex 140 47 0
vertex 135 47 1
vertex 140 47 1
endloop
endfacet
facet normal -1 0 0
outer loop
vertex 135 47 0
vertex 135 46 0
vertex 135 46 1
endloop
endfacet
facet normal -1 0 0
outer loop
vertex 135 47 0
vertex 135 46 1
vertex 135 47 1
endloop
endfacet
facet normal 0 0 -1
outer loop
vertex 144 46 0
vertex 149 47 0
vertex 149 46 0
endloop
endfacet
facet normal 0 0 -1
outer loop
vertex 144 46 0
vertex 144 47 0
vertex 149 47 0
endloop
endfacet
facet normal 0 0 1
outer loop
vertex 144 46 1
vertex 149 46 1
vertex 149 47 1
endloop
endfacet
facet normal 0 0 1
outer loop
vertex 144 46 1
vertex 149 47 1
vertex 144 47 1
endloop
endfacet
facet normal 0 -1 0
outer loop
vertex 144 46 0
vertex 149 46 0
vertex 149 46 1
endloop
endfacet
facet normal 0 -1 0
outer loop
vertex 144 46 0
vertex 149 46 1
vertex 144 46 1
endloop
endfacet
facet normal 1 0 0
outer loop
vertex 149 46 0
vertex 149 47 0
vertex 149 47 1
endloop
endfacet
facet normal 1 0 0
outer loop
vertex 149 46 0
vertex 149 47 1
vertex 149 46 1
endloop
endfacet
facet normal 0 1 0
outer loop
vertex 149 47 0
vertex 144 47 0
vertex 144 47 1
endloop
endfacet
facet normal 0 1 0
outer loop
vertex 149 47 0
vertex 144 47 1
vertex 149 47 1
endloop
endfacet
facet normal -1 0 0
outer loop
vertex 144 47 0
vertex 144 46 0
vertex 144 46 1
endloop
endfacet
facet normal -1 0 0
outer loop
vertex 144 47 0
vertex 144 46 1
vertex 144 47 1
endloop
endfacet
facet normal 0 0 -1
outer loop
vertex 152 46 0
vertex 157 47 0
vertex 157 46 0
endloop
endfacet
facet normal 0 0 -1
outer loop
vertex 152 46 0
vertex 152 47 0
vertex 157 47 0
endloop
endfacet
facet normal 0 0 1
outer loop
vertex 152 46 1
vertex 157 46 1
vertex 157 47 1
endloop
endfacet
facet normal 0 0 1
outer loop
vertex 152 46 1
vertex 157 47 1
vertex 152 47 1
endloop
endfacet
facet normal 0 -1 0
outer loop
vertex 152 46 0
vertex 157 46 0
vertex 157 46 1
endloop
endfacet
facet normal 0 -1 0
outer loop
vertex 152 46 0
vertex 157 46 1
vertex 152 46 1
endloop
endfacet
facet normal 1 0 0
outer loop
vertex 157 46 0
vertex 157 47 0
vertex 157 47 1
endloop
endfacet
facet normal 1 0 0
outer loop
vertex 157 46 0
vertex 157 47 1
vertex 157 46 1
endloop
endfacet
facet normal 0 1 0
outer loop
vertex 157 47 0
vertex 152 47 0
vertex 152 47 1
endloop
endfacet
facet normal 0 1 0
outer loop
vertex 157 47 0
vertex 152 47 1
vertex 157 47 1
endloop
endfacet
facet normal -1 0 0
outer loop
vertex 152 47 0
vertex 152 46 0
vertex 152 46 1
endloop
endfacet
facet normal -1 0 0
outer loop
vertex 152 47 0
vertex 152 46 1
vertex 152 47 1
endloop
endfacet
facet normal 0 0 -1
outer loop
vertex 168 46 0
vertex 173 47 0
vertex 173 46 0
endloop
endfacet
facet normal 0 0 -1
outer loop
vertex 168 46 0
vertex 168 47 0
vertex 173 47 0
endloop
endfacet
facet normal 0 0 1
outer loop
vertex 168 46 1
vertex 173 46 1
vertex 173 47 1
endloop
endfacet
facet normal 0 0 1
outer loop
vertex 168 46 1
vertex 173 47 1
vertex 168 47 1
endloop
endfacet
facet normal 0 -1 0
outer loop
vertex 168 46 0
vertex 173 46 0
vertex 173 46 1
endloop
endfacet
facet normal 0 -1 0
outer loop
vertex 168 46 0
vertex 173 46 1
vertex 168 46 1
endloop
endfacet
facet normal 1 0 0
outer loop
vertex 173 46 0
vertex 173 47 0
vertex 173 47 1
endloop
endfacet
facet normal 1 0 0
outer loop
vertex 173 46 0
vertex 173 47 1
vertex 173 46 1
endloop
endfacet
facet normal 0 1 0
outer loop
vertex 173 47 0
vertex 168 47 0
vertex 168 47 1
endloop
endfacet
facet normal 0 1 0
outer loop
vertex 173 47 0
vertex 168 47 1
vertex 173 47 1
endloop
endfacet
facet normal -1 0 0
outer loop
vertex 168 47 0
vertex 168 46 0
vertex 168 46 1
endloop
endfacet
facet normal -1 0 0
outer loop
vertex 168 47 0
vertex 168 46 1
vertex 168 47 1
endloop
endfacet
facet normal 0 0 -1
outer loop
vertex 197 46 0
vertex 204 47 0
vertex 204 46 0
endloop
endfacet
facet normal 0 0 -1
outer loop
vertex 197 46 0
vertex 197 47 0
vertex 204 47 0
endloop
endfacet
facet normal 0 0 1
outer loop
vertex 197 46 1
vertex 204 46 1
vertex 204 47 1
endloop
endfacet
facet normal 0 0 1
outer loop
vertex 197 46 1
vertex 204 47 1
vertex 197 47 1
endloop
endfacet
facet normal 0 -1 0
outer loop
vertex 197 46 0
vertex 204 46 0
vertex 204 46 1
endloop
endfacet
facet normal 0 -1 0
outer loop
vertex 197 46 0
vertex 204 46 1
vertex 197 46 1
endloop
endfacet
facet normal 1 0 0
outer loop
vertex 204 46 0
vertex 204 47 0
vertex 204 47 1
endloop
endfacet
facet normal 1 0 0
outer loop
vertex 204 46 0
vertex 204 47 1
vertex 204 46 1
endloop
endfacet
facet normal 0 1 0
outer loop
vertex 204 47 0
vertex 197 47 0
vertex 197 47 1
endloop
endfacet
facet normal 0 1 0
outer loop
vertex 204 47 0
vertex 197 47 1
vertex 204 47 1
endloop
endfacet
facet normal -1 0 0
outer loop
vertex 197 47 0
vertex 197 46 0
vertex 197 46 1
endloop
endfacet
facet normal -1 0 0
outer loop
vertex 197 47 0
vertex 197 46 1
vertex 197 47 1
endloop
endfacet
facet normal 0 0 -1
outer loop
vertex 207 46 0
vertex 213 47 0
vertex 213 46 0
endloop
endfacet
facet normal 0 0 -1
outer loop
vertex 207 46 0
vertex 207 47 0
vertex 213 47 0
endloop
endfacet
facet normal 0 0 1
outer loop
vertex 207 46 1
vertex 213 46 1
vertex 213 47 1
endloop
endfacet
facet normal 0 0 1
outer loop
vertex 207 46 1
vertex 213 47 1
vertex 207 47 1
endloop
endfacet
facet normal 0 -1 0
outer loop
vertex 207 46 0
vertex 213 46 0
vertex 213 46 1
endloop
endfacet
facet normal 0 -1 0
outer loop
vertex 207 46 0
vertex 213 46 1
vertex 207 46 1
endloop
endfacet
facet normal 1 0 0
outer loop
vertex 213 46 0
vertex 213 47 0
vertex 213 47 1
endloop
endfacet
facet normal 1 0 0
outer loop
vertex 213 46 0
vertex 213 47 1
vertex 213 46 1
endloop
endfacet
facet normal 0 1 0
outer loop
vertex 213 47 0
vertex 207 47 0
vertex 207 47 1
endloop
endfacet
facet normal 0 1 0
outer loop
vertex 213 47 0
vertex 207 47 1
vertex 213 47 1
endloop
endfacet
facet normal -1 0 0
outer loop
vertex 207 47 0
vertex 207 46 0
vertex 207 46 1
endloop
endfacet
facet normal -1 0 0
outer loop
vertex 207 47 0
vertex 207 46 1
vertex 207 47 1
endloop
endfacet
facet normal 0 0 -1
outer loop
vertex 227 46 0
vertex 232 47 0
vertex 232 46 0
endloop
endfacet
facet normal 0 0 -1
outer loop
vertex 227 46 0
vertex 227 47 0
vertex 232 47 0
endloop
endfacet
facet normal 0 0 1
outer loop
vertex 227 46 1
vertex 232 46 1
vertex 232 47 1
endloop
endfacet
facet normal 0 0 1
outer loop
vertex 227 46 1
vertex 232 47 1
vertex 227 47 1
endloop
endfacet
facet normal 0 -1 0
outer loop
vertex 227 46 0
vertex 232 46 0
vertex 232 46 1
endloop
endfacet
facet normal 0 -1 0
outer loop
vertex 227 46 0
vertex 232 46 1
vertex 227 46 1
endloop
endfacet
facet normal 1 0 0
outer loop
vertex 232 46 0
vertex 232 47 0
vertex 232 47 1
endloop
endfacet
facet normal 1 0 0
outer loop
vertex 232 46 0
vertex 232 47 1
vertex 232 46 1
endloop
endfacet
facet normal 0 1 0
outer loop
vertex 232 47 0
vertex 227 47 0
vertex 227 47 1
endloop
endfacet
facet normal 0 1 0
outer loop
vertex 232 47 0
vertex 227 47 1
vertex 232 47 1
endloop
endfacet
facet normal -1 0 0
outer loop
vertex 227 47 0
vertex 227 46 0
vertex 227 46 1
endloop
endfacet
facet normal -1 0 0
outer loop
vertex 227 47 0
vertex 227 46 1
vertex 227 47 1
endloop
endfacet
facet normal 0 0 -1
outer loop
vertex 243 46 0
vertex 248 47 0
vertex 248 46 0
endloop
endfacet
facet normal 0 0 -1
outer loop
vertex 243 46 0
vertex 243 47 0
vertex 248 47 0
endloop
endfacet
facet normal 0 0 1
outer loop
vertex 243 46 1
vertex 248 46 1
vertex 248 47 1
endloop
endfacet
facet normal 0 0 1
outer loop
vertex 243 46 1
vertex 248 47 1
vertex 243 47 1
endloop
endfacet
facet normal 0 -1 0
outer loop
vertex 243 46 0
vertex 248 46 0
vertex 248 46 1
endloop
endfacet
facet normal 0 -1 0
outer loop
vertex 243 46 0
vertex 248 46 1
vertex 243 46 1
endloop
endfacet
facet normal 1 0 0
outer loop
vertex 248 46 0
vertex 248 47 0
vertex 248 47 1
endloop
endfacet
facet normal 1 0 0
outer loop
vertex 248 46 0
vertex 248 47 1
vertex 248 46 1
endloop
endfacet
facet normal 0 1 0
outer loop
vertex 248 47 0
vertex 243 47 0
vertex 243 47 1
endloop
endfacet
facet normal 0 1 0
outer loop
vertex 248 47 0
vertex 243 47 1
vertex 248 47 1
endloop
endfacet
facet normal -1 0 0
outer loop
vertex 243 47 0
vertex 243 46 0
vertex 243 46 1
endloop
endfacet
facet normal -1 0 0
outer loop
vertex 243 47 0
vertex 243 46 1
vertex 243 47 1
endloop
endfacet
facet normal 0 0 -1
outer loop
vertex 251 46 0
vertex 256 47 0
vertex 256 46 0
endloop
endfacet
facet normal 0 0 -1
outer loop
vertex 251 46 0
vertex 251 47 0
vertex 256 47 0
endloop
endfacet
facet normal 0 0 1
outer loop
vertex 251 46 1
vertex 256 46 1
vertex 256 47 1
endloop
endfacet
facet normal 0 0 1
outer loop
vertex 251 46 1
vertex 256 47 1
vertex 251 47 1
endloop
endfacet
facet normal 0 -1 0
outer loop
vertex 251 46 0
vertex 256 46 0
vertex 256 46 1
endloop
endfacet
facet normal 0 -1 0
outer loop
vertex 251 46 0
vertex 256 46 1
vertex 251 46 1
endloop
endfacet
facet normal 1 0 0
outer loop
vertex 256 46 0
vertex 256 47 0
vertex 256 47 1
endloop
endfacet
facet normal 1 0 0
outer loop
vertex 256 46 0
vertex 256 47 1
vertex 256 46 1
endloop
endfacet
facet normal 0 1 0
outer loop
vertex 256 47 0
vertex 251 47 0
vertex 251 47 1
endloop
endfacet
facet normal 0 1 0
outer loop
vertex 256 47 0
vertex 251 47 1
vertex 256 47 1
endloop
endfacet
facet normal -1 0 0
outer loop
vertex 251 47 0
vertex 251 46 0
vertex 251 46 1
endloop
endfacet
facet normal -1 0 0
outer loop
vertex 251 47 0
vertex 251 46 1
vertex 251 47 1
endloop
endfacet
facet normal 0 0 -1
outer loop
vertex 258 46 0
vertex 263 47 0
vertex 263 46 0
endloop
endfacet
facet normal 0 0 -1
outer loop
vertex 258 46 0
vertex 258 47 0
vertex 263 47 0
endloop
endfacet
facet normal 0 0 1
outer loop
vertex 258 46 1
vertex 263 46 1
vertex 263 47 1
endloop
endfacet
facet normal 0 0 1
outer loop
vertex 258 46 1
vertex 263 47 1
vertex 258 47 1
endloop
endfacet
facet normal 0 -1 0
outer loop
vertex 258 46 0
vertex 263 46 0
vertex 263 46 1
endloop
endfacet
facet normal 0 -1 0
outer loop
vertex 258 46 0
vertex 263 46 1
vertex 258 46 1
endloop
endfacet
facet normal 1 0 0
outer loop
vertex 263 46 0
vertex 263 47 0
vertex 263 47 1
endloop
endfacet
facet normal 1 0 0
outer loop
vertex 263 46 0
vertex 263 47 1
vertex 263 46 1
endloop
endfacet
facet normal 0 1 0
outer loop
vertex 263 47 0
vertex 258 47 0
vertex 258 47 1
endloop
endfacet
facet normal 0 1 0
outer loop
vertex 263 47 0
vertex 258 47 1
vertex 263 47 1
endloop
endfacet
facet normal -1 0 0
outer loop
vertex 258 47 0
vertex 258 46 0
vertex 258 46 1
endloop
endfacet
facet normal -1 0 0
outer loop
vertex 258 47 0
vertex 258 46 1
vertex 258 47 1
endloop
endfacet
facet normal 0 0 -1
outer loop
vertex 268 46 0
vertex 274 47 0
vertex 274 46 0
endloop
endfacet
facet normal 0 0 -1
outer loop
vertex 268 46 0
vertex 268 47 0
vertex 274 47 0
endloop
endfacet
facet normal 0 0 1
outer loop
vertex 268 46 1
vertex 274 46 1
vertex 274 47 1
endloop
endfacet
facet normal 0 0 1
outer loop
vertex 268 46 1
vertex 274 47 1
vertex 268 47 1
endloop
endfacet
facet normal 0 -1 0
outer loop
vertex 268 46 0
vertex 274 46 0
vertex 274 46 1
endloop
endfacet
facet normal 0 -1 0
outer loop
vertex 268 46 0
vertex 274 46 1
vertex 268 46 1
endloop
endfacet
facet normal 1 0 0
outer loop
vertex 274 46 0
vertex 274 47 0
vertex 274 47 1
endloop
endfacet
facet normal 1 0 0
outer loop
vertex 274 46 0
vertex 274 47 1
vertex 274 46 1
endloop
endfacet
facet normal 0 1 0
outer loop
vertex 274 47 0
vertex 268 47 0
vertex 268 47 1
endloop
endfacet
facet normal 0 1 0
outer loop
vertex 274 47 0
vertex 268 47 1
vertex 274 47 1
endloop
endfacet
facet normal -1 0 0
outer loop
vertex 268 47 0
vertex 268 46 0
vertex 268 46 1
endloop
endfacet
facet normal -1 0 0
outer loop
vertex 268 47 0
vertex 268 46 1
vertex 268 47 1
endloop
endfacet
facet normal 0 0 -1
outer loop
vertex 284 46 0
vertex 290 47 0
vertex 290 46 0
endloop
endfacet
facet normal 0 0 -1
outer loop
vertex 284 46 0
vertex 284 47 0
vertex 290 47 0
endloop
endfacet
facet normal 0 0 1
outer loop
vertex 284 46 1
vertex 290 46 1
vertex 290 47 1
endloop
endfacet
facet normal 0 0 1
outer loop
vertex 284 46 1
vertex 290 47 1
vertex 284 47 1
endloop
endfacet
facet normal 0 -1 0
outer loop
vertex 284 46 0
vertex 290 46 0
vertex 290 46 1
endloop
endfacet
facet normal 0 -1 0
outer loop
vertex 284 46 0
vertex 290 46 1
vertex 284 46 1
endloop
endfacet
facet normal 1 0 0
outer loop
vertex 290 46 0
vertex 290 47 0
vertex 290 47 1
endloop
endfacet
facet normal 1 0 0
outer loop
vertex 290 46 0
vertex 290 47 1
vertex 290 46 1
endloop
endfacet
facet normal 0 1 0
outer loop
vertex 290 47 0
vertex 284 47 0
vertex 284 47 1
endloop
endfacet
facet normal 0 1 0
outer loop
vertex 290 47 0
vertex 284 47 1
vertex 290 47 1
endloop
endfacet
facet normal -1 0 0
outer loop
vertex 284 47 0
vertex 284 46 0
vertex 284 46 1
endloop
endfacet
facet normal -1 0 0
outer loop
vertex 284 47 0
vertex 284 46 1
vertex 284 47 1
endloop
endfacet
facet normal 0 0 -1
outer loop
vertex 298 46 0
vertex 303 47 0
vertex 303 46 0
endloop
endfacet
facet normal 0 0 -1
outer loop
vertex 298 46 0
vertex 298 47 0
vertex 303 47 0
endloop
endfacet
facet normal 0 0 1
outer loop
vertex 298 46 1
vertex 303 46 1
vertex 303 47 1
endloop
endfacet
facet normal 0 0 1
outer loop
vertex 298 46 1
vertex 303 47 1
vertex 298 47 1
endloop
endfacet
facet normal 0 -1 0
outer loop
vertex 298 46 0
vertex 303 46 0
vertex 303 46 1
endloop
endfacet
facet normal 0 -1 0
outer loop
vertex 298 46 0
vertex 303 46 1
vertex 298 46 1
endloop
endfacet
facet normal 1 0 0
outer loop
vertex 303 46 0
vertex 303 47 0
vertex 303 47 1
endloop
endfacet
facet normal 1 0 0
outer loop
vertex 303 46 0
vertex 303 47 1
vertex 303 46 1
endloop
endfacet
facet normal 0 1 0
outer loop
vertex 303 47 0
vertex 298 47 0
vertex 298 47 1
endloop
endfacet
facet normal 0 1 0
outer loop
vertex 303 47 0
vertex 298 47 1
vertex 303 47 1
endloop
endfacet
facet normal -1 0 0
outer loop
vertex 298 47 0
vertex 298 46 0
vertex 298 46 1
endloop
endfacet
facet normal -1 0 0
outer loop
vertex 298 47 0
vertex 298 46 1
vertex 298 47 1
endloop
endfacet
facet normal 0 0 -1
outer loop
vertex 305 46 0
vertex 311 47 0
vertex 311 46 0
endloop
endfacet
facet normal 0 0 -1
outer loop
vertex 305 46 0
vertex 305 47 0
vertex 311 47 0
endloop
endfacet
facet normal 0 0 1
outer loop
vertex 305 46 1
vertex 311 46 1
vertex 311 47 1
endloop
endfacet
facet normal 0 0 1
outer loop
vertex 305 46 1
vertex 311 47 1
vertex 305 47 1
endloop
endfacet
facet normal 0 -1 0
outer loop
vertex 305 46 0
vertex 311 46 0
vertex 311 46 1
endloop
endfacet
facet normal 0 -1 0
outer loop
vertex 305 46 0
vertex 311 46 1
vertex 305 46 1
endloop
endfacet
facet normal 1 0 0
outer loop
vertex 311 46 0
vertex 311 47 0
vertex 311 47 1
endloop
endfacet
facet normal 1 0 0
outer loop
vertex 311 46 0
vertex 311 47 1
vertex 311 46 1
endloop
endfacet
facet normal 0 1 0
outer loop
vertex 311 47 0
vertex 305 47 0
vertex 305 47 1
endloop
endfacet
facet normal 0 1 0
outer loop
vertex 311 47 0
vertex 305 47 1
vertex 311 47 1
endloop
endfacet
facet normal -1 0 0
outer loop
vertex 305 47 0
vertex 305 46 0
vertex 305 46 1
endloop
endfacet
facet normal -1 0 0
outer loop
vertex 305 47 0
vertex 305 46 1
vertex 305 47 1
endloop
endfacet
facet normal 0 0 -1
outer loop
vertex 318 46 0
vertex 323 47 0
vertex 323 46 0
endloop
endfacet
facet normal 0 0 -1
outer loop
vertex 318 46 0
vertex 318 47 0
vertex 323 47 0
endloop
endfacet
facet normal 0 0 1
outer loop
vertex 318 46 1
vertex 323 46 1
vertex 323 47 1
endloop
endfacet
facet normal 0 0 1
outer loop
vertex 318 46 1
vertex 323 47 1
vertex 318 47 1
endloop
endfacet
facet normal 0 -1 0
outer loop
vertex 318 46 0
vertex 323 46 0
vertex 323 46 1
endloop
endfacet
facet normal 0 -1 0
outer loop
vertex 318 46 0
vertex 323 46 1
vertex 318 46 1
endloop
endfacet
facet normal 1 0 0
outer loop
vertex 323 46 0
vertex 323 47 0
vertex 323 47 1
endloop
endfacet
facet normal 1 0 0
outer loop
vertex 323 46 0
vertex 323 47 1
vertex 323 46 1
endloop
endfacet
facet normal 0 1 0
outer loop
vertex 323 47 0
vertex 318 47 0
vertex 318 47 1
endloop
endfacet
facet normal 0 1 0
outer loop
vertex 323 47 0
vertex 318 47 1
vertex 323 47 1
endloop
endfacet
facet normal -1 0 0
outer loop
vertex 318 47 0
vertex 318 46 0
vertex 318 46 1
endloop
endfacet
facet normal -1 0 0
outer loop
vertex 318 47 0
vertex 318 46 1
vertex 318 47 1
endloop
endfacet
facet normal 0 0 -1
outer loop
vertex 326 46 0
vertex 331 47 0
vertex 331 46 0
endloop
endfacet
facet normal 0 0 -1
outer loop
vertex 326 46 0
vertex 326 47 0
vertex 331 47 0
endloop
endfacet
facet normal 0 0 1
outer loop
vertex 326 46 1
vertex 331 46 1
vertex 331 47 1
endloop
endfacet
facet normal 0 0 1
outer loop
vertex 326 46 1
vertex 331 47 1
vertex 326 47 1
endloop
endfacet
facet normal 0 -1 0
outer loop
vertex 326 46 0
vertex 331 46 0
vertex 331 46 1
endloop
endfacet
facet normal 0 -1 0
outer loop
vertex 326 46 0
vertex 331 46 1
vertex 326 46 1
endloop
endfacet
facet normal 1 0 0
outer loop
vertex 331 46 0
vertex 331 47 0
vertex 331 47 1
endloop
endfacet
facet normal 1 0 0
outer loop
vertex 331 46 0
vertex 331 47 1
vertex 331 46 1
endloop
endfacet
facet normal 0 1 0
outer loop
vertex 331 47 0
vertex 326 47 0
vertex 326 47 1
endloop
endfacet
facet normal 0 1 0
outer loop
vertex 331 47 0
vertex 326 47 1
vertex 331 47 1
endloop
endfacet
facet normal -1 0 0
outer loop
vertex 326 47 0
vertex 326 46 0
vertex 326 46 1
endloop
endfacet
facet normal -1 0 0
outer loop
vertex 326 47 0
vertex 326 46 1
vertex 326 47 1
endloop
endfacet
facet normal 0 0 -1
outer loop
vertex 334 46 0
vertex 339 47 0
vertex 339 46 0
endloop
endfacet
facet normal 0 0 -1
outer loop
vertex 334 46 0
vertex 334 47 0
vertex 339 47 0
endloop
endfacet
facet normal 0 0 1
outer loop
vertex 334 46 1
vertex 339 46 1
vertex 339 47 1
endloop
endfacet
facet normal 0 0 1
outer loop
vertex 334 46 1
vertex 339 47 1
vertex 334 47 1
endloop
endfacet
facet normal 0 -1 0
outer loop
vertex 334 46 0
vertex 339 46 0
vertex 339 46 1
endloop
endfacet
facet normal 0 -1 0
outer loop
vertex 334 46 0
vertex 339 46 1
vertex 334 46 1
endloop
endfacet
facet normal 1 0 0
outer loop
vertex 339 46 0
vertex 339 47 0
vertex 339 47 1
endloop
endfacet
facet normal 1 0 0
outer loop
vertex 339 46 0
vertex 339 47 1
vertex 339 46 1
endloop
endfacet
facet normal 0 1 0
outer loop
vertex 339 47 0
vertex 334 47 0
vertex 334 47 1
endloop
endfacet
facet normal 0 1 0
outer loop
vertex 339 47 0
vertex 334 47 1
vertex 339 47 1
endloop
endfacet
facet normal -1 0 0
outer loop
vertex 334 47 0
vertex 334 46 0
vertex 334 46 1
endloop
endfacet
facet normal -1 0 0
outer loop
vertex 334 47 0
vertex 334 46 1
vertex 334 47 1
endloop
endfacet
facet normal 0 0 -1
outer loop
vertex 342 46 0
vertex 347 47 0
vertex 347 46 0
endloop
endfacet
facet normal 0 0 -1
outer loop
vertex 342 46 0
vertex 342 47 0
vertex 347 47 0
endloop
endfacet
facet normal 0 0 1
outer loop
vertex 342 46 1
vertex 347 46 1
vertex 347 47 1
endloop
endfacet
facet normal 0 0 1
outer loop
vertex 342 46 1
vertex 347 47 1
vertex 342 47 1
endloop
endfacet
facet normal 0 -1 0
outer loop
vertex 342 46 0
vertex 347 46 0
vertex 347 46 1
endloop
endfacet
facet normal 0 -1 0
outer loop
vertex 342 46 0
vertex 347 46 1
vertex 342 46 1
endloop
endfacet
facet normal 1 0 0
outer loop
vertex 347 46 0
vertex 347 47 0
vertex 347 47 1
endloop
endfacet
facet normal 1 0 0
outer loop
vertex 347 46 0
vertex 347 47 1
vertex 347 46 1
endloop
endfacet
facet normal 0 1 0
outer loop
vertex 347 47 0
vertex 342 47 0
vertex 342 47 1
endloop
endfacet
facet normal 0 1 0
outer loop
vertex 347 47 0
vertex 342 47 1
vertex 347 47 1
endloop
endfacet
facet normal -1 0 0
outer loop
vertex 342 47 0
vertex 342 46 0
vertex 342 46 1
endloop
endfacet
facet normal -1 0 0
outer loop
vertex 342 47 0
vertex 342 46 1
vertex 342 47 1
endloop
endfacet
facet normal 0 0 -1
outer loop
vertex 352 46 0
vertex 357 47 0
vertex 357 46 0
endloop
endfacet
facet normal 0 0 -1
outer loop
vertex 352 46 0
vertex 352 47 0
vertex 357 47 0
endloop
endfacet
facet normal 0 0 1
outer loop
vertex 352 46 1
vertex 357 46 1
vertex 357 47 1
endloop
endfacet
facet normal 0 0 1
outer loop
vertex 352 46 1
vertex 357 47 1
vertex 352 47 1
endloop
endfacet
facet normal 0 -1 0
outer loop
vertex 352 46 0
vertex 357 46 0
vertex 357 46 1
endloop
endfacet
facet normal 0 -1 0
outer loop
vertex 352 46 0
vertex 357 46 1
vertex 352 46 1
endloop
endfacet
facet normal 1 0 0
outer loop
vertex 357 46 0
vertex 357 47 0
vertex 357 47 1
endloop
endfacet
facet normal 1 0 0
outer loop
vertex 357 46 0
vertex 357 47 1
vertex 357 46 1
endloop
endfacet
facet normal 0 1 0
outer loop
vertex 357 47 0
vertex 352 47 0
vertex 352 47 1
endloop
endfacet
facet normal 0 1 0
outer loop
vertex 357 47 0
vertex 352 47 1
vertex 357 47 1
endloop
endfacet
facet normal -1 0 0
outer loop
vertex 352 47 0
vertex 352 46 0
vertex 352 46 1
endloop
endfacet
facet normal -1 0 0
outer loop
vertex 352 47 0
vertex 352 46 1
vertex 352 47 1
endloop
endfacet
facet normal 0 0 -1
outer loop
vertex 359 46 0
vertex 364 47 0
vertex 364 46 0
endloop
endfacet
facet normal 0 0 -1
outer loop
vertex 359 46 0
vertex 359 47 0
vertex 364 47 0
endloop
endfacet
facet normal 0 0 1
outer loop
vertex 359 46 1
vertex 364 46 1
vertex 364 47 1
endloop
endfacet
facet normal 0 0 1
outer loop
vertex 359 46 1
vertex 364 47 1
vertex 359 47 1
endloop
endfacet
facet normal 0 -1 0
outer loop
vertex 359 46 0
vertex 364 46 0
vertex 364 46 1
endloop
endfacet
facet normal 0 -1 0
outer loop
vertex 359 46 0
vertex 364 46 1
vertex 359 46 1
endloop
endfacet
facet normal 1 0 0
outer loop
vertex 364 46 0
vertex 364 47 0
vertex 364 47 1
endloop
endfacet
facet normal 1 0 0
outer loop
vertex 364 46 0
vertex 364 47 1
vertex 364 46 1
endloop
endfacet
facet normal 0 1 0
outer loop
vertex 364 47 0
vertex 359 47 0
vertex 359 47 1
endloop
endfacet
facet normal 0 1 0
outer loop
vertex 364 47 0
vertex 359 47 1
vertex 364 47 1
endloop
endfacet
facet normal -1 0 0
outer loop
vertex 359 47 0
vertex 359 46 0
vertex 359 46 1
endloop
endfacet
facet normal -1 0 0
outer loop
vertex 359 47 0
vertex 359 46 1
vertex 359 47 1
endloop
endfacet
facet normal 0 0 -1
outer loop
vertex 369 46 0
vertex 374 47 0
vertex 374 46 0
endloop
endfacet
facet normal 0 0 -1
outer loop
vertex 369 46 0
vertex 369 47 0
vertex 374 47 0
endloop
endfacet
facet normal 0 0 1
outer loop
vertex 369 46 1
vertex 374 46 1
vertex 374 47 1
endloop
endfacet
facet normal 0 0 1
outer loop
vertex 369 46 1
vertex 374 47 1
vertex 369 47 1
endloop
endfacet
facet normal 0 -1 0
outer loop
vertex 369 46 0
vertex 374 46 0
vertex 374 46 1
endloop
endfacet
facet normal 0 -1 0
outer loop
vertex 369 46 0
vertex 374 46 1
vertex 369 46 1
endloop
endfacet
facet normal 1 0 0
outer loop
vertex 374 46 0
vertex 374 47 0
vertex 374 47 1
endloop
endfacet
facet normal 1 0 0
outer loop
vertex 374 46 0
vertex 374 47 1
vertex 374 46 1
endloop
endfacet
facet normal 0 1 0
outer loop
vertex 374 47 0
vertex 369 47 0
vertex 369 47 1
endloop
endfacet
facet normal 0 1 0
outer loop
vertex 374 47 0
vertex 369 47 1
vertex 374 47 1
endloop
endfacet
facet normal -1 0 0
outer loop
vertex 369 47 0
vertex 369 46 0
vertex 369 46 1
endloop
endfacet
facet normal -1 0 0
outer loop
vertex 369 47 0
vertex 369 46 1
vertex 369 47 1
endloop
endfacet
facet normal 0 0 -1
outer loop
vertex 65 45 0
vertex 71 46 0
vertex 71 45 0
endloop
endfacet
facet normal 0 0 -1
outer loop
vertex 65 45 0
vertex 65 46 0
vertex 71 46 0
endloop
endfacet
facet normal 0 0 1
outer loop
vertex 65 45 1
vertex 71 45 1
vertex 71 46 1
endloop
endfacet
facet normal 0 0 1
outer loop
vertex 65 45 1
vertex 71 46 1
vertex 65 46 1
endloop
endfacet
facet normal 0 -1 0
outer loop
vertex 65 45 0
vertex 71 45 0
vertex 71 45 1
endloop
endfacet
facet normal 0 -1 0
outer loop
vertex 65 45 0
vertex 71 45 1
vertex 65 45 1
endloop
endfacet
facet normal 1 0 0
outer loop
vertex 71 45 0
vertex 71 46 0
vertex 71 46 1
endloop
endfacet
facet normal 1 0 0
outer loop
vertex 71 45 0
vertex 71 46 1
vertex 71 45 1
endloop
endfacet
facet normal 0 1 0
outer loop
vertex 71 46 0
vertex 65 46 0
vertex 65 46 1
endloop
endfacet
facet normal 0 1 0
outer loop
vertex 71 46 0
vertex 65 46 1
vertex 71 46 1
endloop
endfacet
facet normal -1 0 0
outer loop
vertex 65 46 0
vertex 65 45 0
vertex 65 45 1
endloop
endfacet
facet normal -1 0 0
outer loop
vertex 65 46 0
vertex 65 45 1
vertex 65 46 1
endloop
endfacet
facet normal 0 0 -1
outer loop
vertex 83 45 0
vertex 88 46 0
vertex 88 45 0
endloop
endfacet
facet normal 0 0 -1
outer loop
vertex 83 45 0
vertex 83 46 0
vertex 88 46 0
endloop
endfacet
facet normal 0 0 1
outer loop
vertex 83 45 1
vertex 88 45 1
vertex 88 46 1
endloop
endfacet
facet normal 0 0 1
outer loop
vertex 83 45 1
vertex 88 46 1
vertex 83 46 1
endloop
endfacet
facet normal 0 -1 0
outer loop
vertex 83 45 0
vertex 88 45 0
vertex 88 45 1
endloop
endfacet
facet normal 0 -1 0
outer loop
vertex 83 45 0
vertex 88 45 1
vertex 83 45 1
endloop
endfacet
facet normal 1 0 0
outer loop
vertex 88 45 0
vertex 88 46 0
vertex 88 46 1
endloop
endfacet
facet normal 1 0 0
outer loop
vertex 88 45 0
vertex 88 46 1
vertex 88 45 1
endloop
endfacet
facet normal 0 1 0
outer loop
vertex 88 46 0
vertex 83 46 0
vertex 83 46 1
endloop
endfacet
facet normal 0 1 0
outer loop
vertex 88 46 0
vertex 83 46 1
vertex 88 46 1
endloop
endfacet
facet normal -1 0 0
outer loop
vertex 83 46 0
vertex 83 45 0
vertex 83 45 1
endloop
endfacet
facet normal -1 0 0
outer loop
vertex 83 46 0
vertex 83 45 1
vertex 83 46 1
endloop
endfacet
facet normal 0 0 -1
outer loop
vertex 94 45 0
vertex 100 46 0
vertex 100 45 0
endloop
endfacet
facet normal 0 0 -1
outer loop
vertex 94 45 0
vertex 94 46 0
vertex 100 46 0
endloop
endfacet
facet normal 0 0 1
outer loop
vertex 94 45 1
vertex 100 45 1
vertex 100 46 1
endloop
endfacet
facet normal 0 0 1
outer loop
vertex 94 45 1
vertex 100 46 1
vertex 94 46 1
endloop
endfacet
facet normal 0 -1 0
outer loop
vertex 94 45 0
vertex 100 45 0
vertex 100 45 1
endloop
endfacet
facet normal 0 -1 0
outer loop
vertex 94 45 0
vertex 100 45 1
vertex 94 45 1
endloop
endfacet
facet normal 1 0 0
outer loop
vertex 100 45 0
vertex 100 46 0
vertex 100 46 1
endloop
endfacet
facet normal 1 0 0
outer loop
vertex 100 45 0
vertex 100 46 1
vertex 100 45 1
endloop
endfacet
facet normal 0 1 0
outer loop
vertex 100 46 0
vertex 94 46 0
vertex 94 46 1
endloop
endfacet
facet normal 0 1 0
outer loop
vertex 100 46 0
vertex 94 46 1
vertex 100 46 1
endloop
endfacet
facet normal -1 0 0
outer loop
vertex 94 46 0
vertex 94 45 0
vertex 94 45 1
endloop
endfacet
facet normal -1 0 0
outer loop
vertex 94 46 0
vertex 94 45 1
vertex 94 46 1
endloop
endfacet
facet normal 0 0 -1
outer loop
vertex 103 45 0
vertex 108 46 0
vertex 108 45 0
endloop
endfacet
facet normal 0 0 -1
outer loop
vertex 103 45 0
vertex 103 46 0
vertex 108 46 0
endloop
endfacet
facet normal 0 0 1
outer loop
vertex 103 45 1
vertex 108 45 1
vertex 108 46 1
endloop
endfacet
facet normal 0 0 1
outer loop
vertex 103 45 1
vertex 108 46 1
vertex 103 46 1
endloop
endfacet
facet normal 0 -1 0
outer loop
vertex 103 45 0
vertex 108 45 0
vertex 108 45 1
endloop
endfacet
facet normal 0 -1 0
outer loop
vertex 103 45 0
vertex 108 45 1
vertex 103 45 1
endloop
endfacet
facet normal 1 0 0
outer loop
vertex 108 45 0
vertex 108 46 0
vertex 108 46 1
endloop
endfacet
facet normal 1 0 0
outer loop
vertex 108 45 0
vertex 108 46 1
vertex 108 45 1
endloop
endfacet
facet normal 0 1 0
outer loop
vertex 108 46 0
vertex 103 46 0
vertex 103 46 1
endloop
endfacet
facet normal 0 1 0
outer loop
vertex 108 46 0
vertex 103 46 1
vertex 108 46 1
endloop
endfacet
facet normal -1 0 0
outer loop
vertex 103 46 0
vertex 103 45 0
vertex 103 45 1
endloop
endfacet
facet normal -1 0 0
outer loop
vertex 103 46 0
vertex 103 45 1
vertex 103 46 1
endloop
endfacet
facet normal 0 0 -1
outer loop
vertex 110 45 0
vertex 115 46 0
vertex 115 45 0
endloop
endfacet
facet normal 0 0 -1
outer loop
vertex 110 45 0
vertex 110 46 0
vertex 115 46 0
endloop
endfacet
facet normal 0 0 1
outer loop
vertex 110 45 1
vertex 115 45 1
vertex 115 46 1
endloop
endfacet
facet normal 0 0 1
outer loop
vertex 110 45 1
vertex 115 46 1
vertex 110 46 1
endloop
endfacet
facet normal 0 -1 0
outer loop
vertex 110 45 0
vertex 115 45 0
vertex 115 45 1
endloop
endfacet
facet normal 0 -1 0
outer loop
vertex 110 45 0
vertex 115 45 1
vertex 110 45 1
endloop
endfacet
facet normal 1 0 0
outer loop
vertex 115 45 0
vertex 115 46 0
vertex 115 46 1
endloop
endfacet
facet normal 1 0 0
outer loop
vertex 115 45 0
vertex 115 46 1
vertex 115 45 1
endloop
endfacet
facet normal 0 1 0
outer loop
vertex 115 46 0
vertex 110 46 0
vertex 110 46 1
endloop
endfacet
facet normal 0 1 0
outer loop
vertex 115 46 0
vertex 110 46 1
vertex 115 46 1
endloop
endfacet
facet normal -1 0 0
outer loop
vertex 110 46 0
vertex 110 45 0
vertex 110 45 1
endloop
endfacet
facet normal -1 0 0
outer loop
vertex 110 46 0
vertex 110 45 1
vertex 110 46 1
endloop
endfacet
facet normal 0 0 -1
outer loop
vertex 117 45 0
vertex 133 46 0
vertex 133 45 0
endloop
endfacet
facet normal 0 0 -1
outer loop
vertex 117 45 0
vertex 117 46 0
vertex 133 46 0
endloop
endfacet
facet normal 0 0 1
outer loop
vertex 117 45 1
vertex 133 45 1
vertex 133 46 1
endloop
endfacet
facet normal 0 0 1
outer loop
vertex 117 45 1
vertex 133 46 1
vertex 117 46 1
endloop
endfacet
facet normal 0 -1 0
outer loop
vertex 117 45 0
vertex 133 45 0
vertex 133 45 1
endloop
endfacet
facet normal 0 -1 0
outer loop
vertex 117 45 0
vertex 133 45 1
vertex 117 45 1
endloop
endfacet
facet normal 1 0 0
outer loop
vertex 133 45 0
vertex 133 46 0
vertex 133 46 1
endloop
endfacet
facet normal 1 0 0
outer loop
vertex 133 45 0
vertex 133 46 1
vertex 133 45 1
endloop
endfacet
facet normal 0 1 0
outer loop
vertex 133 46 0
vertex 117 46 0
vertex 117 46 1
endloop
endfacet
facet normal 0 1 0
outer loop
vertex 133 46 0
vertex 117 46 1
vertex 133 46 1
endloop
endfacet
facet normal -1 0 0
outer loop
vertex 117 46 0
vertex 117 45 0
vertex 117 45 1
endloop
endfacet
facet normal -1 0 0
outer loop
vertex 117 46 0
vertex 117 45 1
vertex 117 46 1
endloop
endfacet
facet normal 0 0 -1
outer loop
vertex 135 45 0
vertex 140 46 0
vertex 140 45 0
endloop
endfacet
facet normal 0 0 -1
outer loop
vertex 135 45 0
vertex 135 46 0
vertex 140 46 0
endloop
endfacet
facet normal 0 0 1
outer loop
vertex 135 45 1
vertex 140 45 1
vertex 140 46 1
endloop
endfacet
facet normal 0 0 1
outer loop
vertex 135 45 1
vertex 140 46 1
vertex 135 46 1
endloop
endfacet
facet normal 0 -1 0
outer loop
vertex 135 45 0
vertex 140 45 0
vertex 140 45 1
endloop
endfacet
facet normal 0 -1 0
outer loop
vertex 135 45 0
vertex 140 45 1
vertex 135 45 1
endloop
endfacet
facet normal 1 0 0
outer loop
vertex 140 45 0
vertex 140 46 0
vertex 140 46 1
endloop
endfacet
facet normal 1 0 0
outer loop
vertex 140 45 0
vertex 140 46 1
vertex 140 45 1
endloop
endfacet
facet normal 0 1 0
outer loop
vertex 140 46 0
vertex 135 46 0
vertex 135 46 1
endloop
endfacet
facet normal 0 1 0
outer loop
vertex 140 46 0
vertex 135 46 1
vertex 140 46 1
endloop
endfacet
facet normal -1 0 0
outer loop
vertex 135 46 0
vertex 135 45 0
vertex 135 45 1
endloop
endfacet
facet normal -1 0 0
outer loop
vertex 135 46 0
vertex 135 45 1
vertex 135 46 1
endloop
endfacet
facet normal 0 0 -1
outer loop
vertex 144 45 0
vertex 149 46 0
vertex 149 45 0
endloop
endfacet
facet normal 0 0 -1
outer loop
vertex 144 45 0
vertex 144 46 0
vertex 149 46 0
endloop
endfacet
facet normal 0 0 1
outer loop
vertex 144 45 1
vertex 149 45 1
vertex 149 46 1
endloop
endfacet
facet normal 0 0 1
outer loop
vertex 144 45 1
vertex 149 46 1
vertex 144 46 1
endloop
endfacet
facet normal 0 -1 0
outer loop
vertex 144 45 0
vertex 149 45 0
vertex 149 45 1
endloop
endfacet
facet normal 0 -1 0
outer loop
vertex 144 45 0
vertex 149 45 1
vertex 144 45 1
endloop
endfacet
facet normal 1 0 0
outer loop
vertex 149 45 0
vertex 149 46 0
vertex 149 46 1
endloop
endfacet
facet normal 1 0 0
outer loop
vertex 149 45 0
vertex 149 46 1
vertex 149 45 1
endloop
endfacet
facet normal 0 1 0
outer loop
vertex 149 46 0
vertex 144 46 0
vertex 144 46 1
endloop
endfacet
facet normal 0 1 0
outer loop
vertex 149 46 0
vertex 144 46 1
vertex 149 46 1
endloop
endfacet
facet normal -1 0 0
outer loop
vertex 144 46 0
vertex 144 45 0
vertex 144 45 1
endloop
endfacet
facet normal -1 0 0
outer loop
vertex 144 46 0
vertex 144 45 1
vertex 144 46 1
endloop
endfacet
facet normal 0 0 -1
outer loop
vertex 151 45 0
vertex 156 46 0
vertex 156 45 0
endloop
endfacet
facet normal 0 0 -1
outer loop
vertex 151 45 0
vertex 151 46 0
vertex 156 46 0
endloop
endfacet
facet normal 0 0 1
outer loop
vertex 151 45 1
vertex 156 45 1
vertex 156 46 1
endloop
endfacet
facet normal 0 0 1
outer loop
vertex 151 45 1
vertex 156 46 1
vertex 151 46 1
endloop
endfacet
facet normal 0 -1 0
outer loop
vertex 151 45 0
vertex 156 45 0
vertex 156 45 1
endloop
endfacet
facet normal 0 -1 0
outer loop
vertex 151 45 0
vertex 156 45 1
vertex 151 45 1
endloop
endfacet
facet normal 1 0 0
outer loop
vertex 156 45 0
vertex 156 46 0
vertex 156 46 1
endloop
endfacet
facet normal 1 0 0
outer loop
vertex 156 45 0
vertex 156 46 1
vertex 156 45 1
endloop
endfacet
facet normal 0 1 0
outer loop
vertex 156 46 0
vertex 151 46 0
vertex 151 46 1
endloop
endfacet
facet normal 0 1 0
outer loop
vertex 156 46 0
vertex 151 46 1
vertex 156 46 1
endloop
endfacet
facet normal -1 0 0
outer loop
vertex 151 46 0
vertex 151 45 0
vertex 151 45 1
endloop
endfacet
facet normal -1 0 0
outer loop
vertex 151 46 0
vertex 151 45 1
vertex 151 46 1
endloop
endfacet
facet normal 0 0 -1
outer loop
vertex 168 45 0
vertex 174 46 0
vertex 174 45 0
endloop
endfacet
facet normal 0 0 -1
outer loop
vertex 168 45 0
vertex 168 46 0
vertex 174 46 0
endloop
endfacet
facet normal 0 0 1
outer loop
vertex 168 45 1
vertex 174 45 1
vertex 174 46 1
endloop
endfacet
facet normal 0 0 1
outer loop
vertex 168 45 1
vertex 174 46 1
vertex 168 46 1
endloop
endfacet
facet normal 0 -1 0
outer loop
vertex 168 45 0
vertex 174 45 0
vertex 174 45 1
endloop
endfacet
facet normal 0 -1 0
outer loop
vertex 168 45 0
vertex 174 45 1
vertex 168 45 1
endloop
endfacet
facet normal 1 0 0
outer loop
vertex 174 45 0
vertex 174 46 0
vertex 174 46 1
endloop
endfacet
facet normal 1 0 0
outer loop
vertex 174 45 0
vertex 174 46 1
vertex 174 45 1
endloop
endfacet
facet normal 0 1 0
outer loop
vertex 174 46 0
vertex 168 46 0
vertex 168 46 1
endloop
endfacet
facet normal 0 1 0
outer loop
vertex 174 46 0
vertex 168 46 1
vertex 174 46 1
endloop
endfacet
facet normal -1 0 0
outer loop
vertex 168 46 0
vertex 168 45 0
vertex 168 45 1
endloop
endfacet
facet normal -1 0 0
outer loop
vertex 168 46 0
vertex 168 45 1
vertex 168 46 1
endloop
endfacet
facet normal 0 0 -1
outer loop
vertex 192 45 0
vertex 204 46 0
vertex 204 45 0
endloop
endfacet
facet normal 0 0 -1
outer loop
vertex 192 45 0
vertex 192 46 0
vertex 204 46 0
endloop
endfacet
facet normal 0 0 1
outer loop
vertex 192 45 1
vertex 204 45 1
vertex 204 46 1
endloop
endfacet
facet normal 0 0 1
outer loop
vertex 192 45 1
vertex 204 46 1
vertex 192 46 1
endloop
endfacet
facet normal 0 -1 0
outer loop
vertex 192 45 0
vertex 204 45 0
vertex 204 45 1
endloop
endfacet
facet normal 0 -1 0
outer loop
vertex 192 45 0
vertex 204 45 1
vertex 192 45 1
endloop
endfacet
facet normal 1 0 0
outer loop
vertex 204 45 0
vertex 204 46 0
vertex 204 46 1
endloop
endfacet
facet normal 1 0 0
outer loop
vertex 204 45 0
vertex 204 46 1
vertex 204 45 1
endloop
endfacet
facet normal 0 1 0
outer loop
vertex 204 46 0
vertex 192 46 0
vertex 192 46 1
endloop
endfacet
facet normal 0 1 0
outer loop
vertex 204 46 0
vertex 192 46 1
vertex 204 46 1
endloop
endfacet
facet normal -1 0 0
outer loop
vertex 192 46 0
vertex 192 45 0
vertex 192 45 1
endloop
endfacet
facet normal -1 0 0
outer loop
vertex 192 46 0
vertex 192 45 1
vertex 192 46 1
endloop
endfacet
facet normal 0 0 -1
outer loop
vertex 207 45 0
vertex 212 46 0
vertex 212 45 0
endloop
endfacet
facet normal 0 0 -1
outer loop
vertex 207 45 0
vertex 207 46 0
vertex 212 46 0
endloop
endfacet
facet normal 0 0 1
outer loop
vertex 207 45 1
vertex 212 45 1
vertex 212 46 1
endloop
endfacet
facet normal 0 0 1
outer loop
vertex 207 45 1
vertex 212 46 1
vertex 207 46 1
endloop
endfacet
facet normal 0 -1 0
outer loop
vertex 207 45 0
vertex 212 45 0
vertex 212 45 1
endloop
endfacet
facet normal 0 -1 0
outer loop
vertex 207 45 0
vertex 212 45 1
vertex 207 45 1
endloop
endfacet
facet normal 1 0 0
outer loop
vertex 212 45 0
vertex 212 46 0
vertex 212 46 1
endloop
endfacet
facet normal 1 0 0
outer loop
vertex 212 45 0
vertex 212 46 1
vertex 212 45 1
endloop
endfacet
facet normal 0 1 0
outer loop
vertex 212 46 0
vertex 207 46 0
vertex 207 46 1
endloop
endfacet
facet normal 0 1 0
outer loop
vertex 212 46 0
vertex 207 46 1
vertex 212 46 1
endloop
endfacet
facet normal -1 0 0
outer loop
vertex 207 46 0
vertex 207 45 0
vertex 207 45 1
endloop
endfacet
facet normal -1 0 0
outer loop
vertex 207 46 0
vertex 207 45 1
vertex 207 46 1
endloop
endfacet
facet normal 0 0 -1
outer loop
vertex 227 45 0
vertex 232 46 0
vertex 232 45 0
endloop
endfacet
facet normal 0 0 -1
outer loop
vertex 227 45 0
vertex 227 46 0
vertex 232 46 0
endloop
endfacet
facet normal 0 0 1
outer loop
vertex 227 45 1
vertex 232 45 1
vertex 232 46 1
endloop
endfacet
facet normal 0 0 1
outer loop
vertex 227 45 1
vertex 232 46 1
vertex 227 46 1
endloop
endfacet
facet normal 0 -1 0
outer loop
vertex 227 45 0
vertex 232 45 0
vertex 232 45 1
endloop
endfacet
facet normal 0 -1 0
outer loop
vertex 227 45 0
vertex 232 45 1
vertex 227 45 1
endloop
endfacet
facet normal 1 0 0
outer loop
vertex 232 45 0
vertex 232 46 0
vertex 232 46 1
endloop
endfacet
facet normal 1 0 0
outer loop
vertex 232 45 0
vertex 232 46 1
vertex 232 45 1
endloop
endfacet
facet normal 0 1 0
outer loop
vertex 232 46 0
vertex 227 46 0
vertex 227 46 1
endloop
endfacet
facet normal 0 1 0
outer loop
vertex 232 46 0
vertex 227 46 1
vertex 232 46 1
endloop
endfacet
facet normal -1 0 0
outer loop
vertex 227 46 0
vertex 227 45 0
vertex 227 45 1
endloop
endfacet
facet normal -1 0 0
outer loop
vertex 227 46 0
vertex 227 45 1
vertex 227 46 1
endloop
endfacet
facet normal 0 0 -1
outer loop
vertex 243 45 0
vertex 248 46 0
vertex 248 45 0
endloop
endfacet
facet normal 0 0 -1
outer loop
vertex 243 45 0
vertex 243 46 0
vertex 248 46 0
endloop
endfacet
facet normal 0 0 1
outer loop
vertex 243 45 1
vertex 248 45 1
vertex 248 46 1
endloop
endfacet
facet normal 0 0 1
outer loop
vertex 243 45 1
vertex 248 46 1
vertex 243 46 1
endloop
endfacet
facet normal 0 -1 0
outer loop
vertex 243 45 0
vertex 248 45 0
vertex 248 45 1
endloop
endfacet
facet normal 0 -1 0
outer loop
vertex 243 45 0
vertex 248 45 1
vertex 243 45 1
endloop
endfacet
facet normal 1 0 0
outer loop
vertex 248 45 0
vertex 248 46 0
vertex 248 46 1
endloop
endfacet
facet normal 1 0 0
outer loop
vertex 248 45 0
vertex 248 46 1
vertex 248 45 1
endloop
endfacet
facet normal 0 1 0
outer loop
vertex 248 46 0
vertex 243 46 0
vertex 243 46 1
endloop
endfacet
facet normal 0 1 0
outer loop
vertex 248 46 0
vertex 243 46 1
vertex 248 46 1
endloop
endfacet
facet normal -1 0 0
outer loop
vertex 243 46 0
vertex 243 45 0
vertex 243 45 1
endloop
endfacet
facet normal -1 0 0
outer loop
vertex 243 46 0
vertex 243 45 1
vertex 243 46 1
endloop
endfacet
facet normal 0 0 -1
outer loop
vertex 250 45 0
vertex 255 46 0
vertex 255 45 0
endloop
endfacet
facet normal 0 0 -1
outer loop
vertex 250 45 0
vertex 250 46 0
vertex 255 46 0
endloop
endfacet
facet normal 0 0 1
outer loop
vertex 250 45 1
vertex 255 45 1
vertex 255 46 1
endloop
endfacet
facet normal 0 0 1
outer loop
vertex 250 45 1
vertex 255 46 1
vertex 250 46 1
endloop
endfacet
facet normal 0 -1 0
outer loop
vertex 250 45 0
vertex 255 45 0
vertex 255 45 1
endloop
endfacet
facet normal 0 -1 0
outer loop
vertex 250 45 0
vertex 255 45 1
vertex 250 45 1
endloop
endfacet
facet normal 1 0 0
outer loop
vertex 255 45 0
vertex 255 46 0
vertex 255 46 1
endloop
endfacet
facet normal 1 0 0
outer loop
vertex 255 45 0
vertex 255 46 1
vertex 255 45 1
endloop
endfacet
facet normal 0 1 0
outer loop
vertex 255 46 0
vertex 250 46 0
vertex 250 46 1
endloop
endfacet
facet normal 0 1 0
outer loop
vertex 255 46 0
vertex 250 46 1
vertex 255 46 1
endloop
endfacet
facet normal -1 0 0
outer loop
vertex 250 46 0
vertex 250 45 0
vertex 250 45 1
endloop
endfacet
facet normal -1 0 0
outer loop
vertex 250 46 0
vertex 250 45 1
vertex 250 46 1
endloop
endfacet
facet normal 0 0 -1
outer loop
vertex 258 45 0
vertex 274 46 0
vertex 274 45 0
endloop
endfacet
facet normal 0 0 -1
outer loop
vertex 258 45 0
vertex 258 46 0
vertex 274 46 0
endloop
endfacet
facet normal 0 0 1
outer loop
vertex 258 45 1
vertex 274 45 1
vertex 274 46 1
endloop
endfacet
facet normal 0 0 1
outer loop
vertex 258 45 1
vertex 274 46 1
vertex 258 46 1
endloop
endfacet
facet normal 0 -1 0
outer loop
vertex 258 45 0
vertex 274 45 0
vertex 274 45 1
endloop
endfacet
facet normal 0 -1 0
outer loop
vertex 258 45 0
vertex 274 45 1
vertex 258 45 1
endloop
endfacet
facet normal 1 0 0
outer loop
vertex 274 45 0
vertex 274 46 0
vertex 274 46 1
endloop
endfacet
facet normal 1 0 0
outer loop
vertex 274 45 0
vertex 274 46 1
vertex 274 45 1
endloop
endfacet
facet normal 0 1 0
outer loop
vertex 274 46 0
vertex 258 46 0
vertex 258 46 1
endloop
endfacet
facet normal 0 1 0
outer loop
vertex 274 46 0
vertex 258 46 1
vertex 274 46 1
endloop
endfacet
facet normal -1 0 0
outer loop
vertex 258 46 0
vertex 258 45 0
vertex 258 45 1
endloop
endfacet
facet normal -1 0 0
outer loop
vertex 258 46 0
vertex 258 45 1
vertex 258 46 1
endloop
endfacet
facet normal 0 0 -1
outer loop
vertex 284 45 0
vertex 290 46 0
vertex 290 45 0
endloop
endfacet
facet normal 0 0 -1
outer loop
vertex 284 45 0
vertex 284 46 0
vertex 290 46 0
endloop
endfacet
facet normal 0 0 1
outer loop
vertex 284 45 1
vertex 290 45 1
vertex 290 46 1
endloop
endfacet
facet normal 0 0 1
outer loop
vertex 284 45 1
vertex 290 46 1
vertex 284 46 1
endloop
endfacet
facet normal 0 -1 0
outer loop
vertex 284 45 0
vertex 290 45 0
vertex 290 45 1
endloop
endfacet
facet normal 0 -1 0
outer loop
vertex 284 45 0
vertex 290 45 1
vertex 284 45 1
endloop
endfacet
facet normal 1 0 0
outer loop
vertex 290 45 0
vertex 290 46 0
vertex 290 46 1
endloop
endfacet
facet normal 1 0 0
outer loop
vertex 290 45 0
vertex 290 46 1
vertex 290 45 1
endloop
endfacet
facet normal 0 1 0
outer loop
vertex 290 46 0
vertex 284 46 0
vertex 284 46 1
endloop
endfacet
facet normal 0 1 0
outer loop
vertex 290 46 0
vertex 284 46 1
vertex 290 46 1
endloop
endfacet
facet normal -1 0 0
outer loop
vertex 284 46 0
vertex 284 45 0
vertex 284 45 1
endloop
endfacet
facet normal -1 0 0
outer loop
vertex 284 46 0
vertex 284 45 1
vertex 284 46 1
endloop
endfacet
facet normal 0 0 -1
outer loop
vertex 298 45 0
vertex 303 46 0
vertex 303 45 0
endloop
endfacet
facet normal 0 0 -1
outer loop
vertex 298 45 0
vertex 298 46 0
vertex 303 46 0
endloop
endfacet
facet normal 0 0 1
outer loop
vertex 298 45 1
vertex 303 45 1
vertex 303 46 1
endloop
endfacet
facet normal 0 0 1
outer loop
vertex 298 45 1
vertex 303 46 1
vertex 298 46 1
endloop
endfacet
facet normal 0 -1 0
outer loop
vertex 298 45 0
vertex 303 45 0
vertex 303 45 1
endloop
endfacet
facet normal 0 -1 0
outer loop
vertex 298 45 0
vertex 303 45 1
vertex 298 45 1
endloop
endfacet
facet normal 1 0 0
outer loop
vertex 303 45 0
vertex 303 46 0
vertex 303 46 1
endloop
endfacet
facet normal 1 0 0
outer loop
vertex 303 45 0
vertex 303 46 1
vertex 303 45 1
endloop
endfacet
facet normal 0 1 0
outer loop
vertex 303 46 0
vertex 298 46 0
vertex 298 46 1
endloop
endfacet
facet normal 0 1 0
outer loop
vertex 303 46 0
vertex 298 46 1
vertex 303 46 1
endloop
endfacet
facet normal -1 0 0
outer loop
vertex 298 46 0
vertex 298 45 0
vertex 298 45 1
endloop
endfacet
facet normal -1 0 0
outer loop
vertex 298 46 0
vertex 298 45 1
vertex 298 46 1
endloop
endfacet
facet normal 0 0 -1
outer loop
vertex 305 45 0
vertex 311 46 0
vertex 311 45 0
endloop
endfacet
facet normal 0 0 -1
outer loop
vertex 305 45 0
vertex 305 46 0
vertex 311 46 0
endloop
endfacet
facet normal 0 0 1
outer loop
vertex 305 45 1
vertex 311 45 1
vertex 311 46 1
endloop
endfacet
facet normal 0 0 1
outer loop
vertex 305 45 1
vertex 311 46 1
vertex 305 46 1
endloop
endfacet
facet normal 0 -1 0
outer loop
vertex 305 45 0
vertex 311 45 0
vertex 311 45 1
endloop
endfacet
facet normal 0 -1 0
outer loop
vertex 305 45 0
vertex 311 45 1
vertex 305 45 1
endloop
endfacet
facet normal 1 0 0
outer loop
vertex 311 45 0
vertex 311 46 0
vertex 311 46 1
endloop
endfacet
facet normal 1 0 0
outer loop
vertex 311 45 0
vertex 311 46 1
vertex 311 45 1
endloop
endfacet
facet normal 0 1 0
outer loop
vertex 311 46 0
vertex 305 46 0
vertex 305 46 1
endloop
endfacet
facet normal 0 1 0
outer loop
vertex 311 46 0
vertex 305 46 1
vertex 311 46 1
endloop
endfacet
facet normal -1 0 0
outer loop
vertex 305 46 0
vertex 305 45 0
vertex 305 45 1
endloop
endfacet
facet normal -1 0 0
outer loop
vertex 305 46 0
vertex 305 45 1
vertex 305 46 1
endloop
endfacet
facet normal 0 0 -1
outer loop
vertex 318 45 0
vertex 323 46 0
vertex 323 45 0
endloop
endfacet
facet normal 0 0 -1
outer loop
vertex 318 45 0
vertex 318 46 0
vertex 323 46 0
endloop
endfacet
facet normal 0 0 1
outer loop
vertex 318 45 1
vertex 323 45 1
vertex 323 46 1
endloop
endfacet
facet normal 0 0 1
outer loop
vertex 318 45 1
vertex 323 46 1
vertex 318 46 1
endloop
endfacet
facet normal 0 -1 0
outer loop
vertex 318 45 0
vertex 323 45 0
vertex 323 45 1
endloop
endfacet
facet normal 0 -1 0
outer loop
vertex 318 45 0
vertex 323 45 1
vertex 318 45 1
endloop
endfacet
facet normal 1 0 0
outer loop
vertex 323 45 0
vertex 323 46 0
vertex 323 46 1
endloop
endfacet
facet normal 1 0 0
outer loop
vertex 323 45 0
vertex 323 46 1
vertex 323 45 1
endloop
endfacet
facet normal 0 1 0
outer loop
vertex 323 46 0
vertex 318 46 0
vertex 318 46 1
endloop
endfacet
facet normal 0 1 0
outer loop
vertex 323 46 0
vertex 318 46 1
vertex 323 46 1
endloop
endfacet
facet normal -1 0 0
outer loop
vertex 318 46 0
vertex 318 45 0
vertex 318 45 1
endloop
endfacet
facet normal -1 0 0
outer loop
vertex 318 46 0
vertex 318 45 1
vertex 318 46 1
endloop
endfacet
facet normal 0 0 -1
outer loop
vertex 326 45 0
vertex 331 46 0
vertex 331 45 0
endloop
endfacet
facet normal 0 0 -1
outer loop
vertex 326 45 0
vertex 326 46 0
vertex 331 46 0
endloop
endfacet
facet normal 0 0 1
outer loop
vertex 326 45 1
vertex 331 45 1
vertex 331 46 1
endloop
endfacet
facet normal 0 0 1
outer loop
vertex 326 45 1
vertex 331 46 1
vertex 326 46 1
endloop
endfacet
facet normal 0 -1 0
outer loop
vertex 326 45 0
vertex 331 45 0
vertex 331 45 1
endloop
endfacet
facet normal 0 -1 0
outer loop
vertex 326 45 0
vertex 331 45 1
vertex 326 45 1
endloop
endfacet
facet normal 1 0 0
outer loop
vertex 331 45 0
vertex 331 46 0
vertex 331 46 1
endloop
endfacet
facet normal 1 0 0
outer loop
vertex 331 45 0
vertex 331 46 1
vertex 331 45 1
endloop
endfacet
facet normal 0 1 0
outer loop
vertex 331 46 0
vertex 326 46 0
vertex 326 46 1
endloop
endfacet
facet normal 0 1 0
outer loop
vertex 331 46 0
vertex 326 46 1
vertex 331 46 1
endloop
endfacet
facet normal -1 0 0
outer loop
vertex 326 46 0
vertex 326 45 0
vertex 326 45 1
endloop
endfacet
facet normal -1 0 0
outer loop
vertex 326 46 0
vertex 326 45 1
vertex 326 46 1
endloop
endfacet
facet normal 0 0 -1
outer loop
vertex 333 45 0
vertex 338 46 0
vertex 338 45 0
endloop
endfacet
facet normal 0 0 -1
outer loop
vertex 333 45 0
vertex 333 46 0
vertex 338 46 0
endloop
endfacet
facet normal 0 0 1
outer loop
vertex 333 45 1
vertex 338 45 1
vertex 338 46 1
endloop
endfacet
facet normal 0 0 1
outer loop
vertex 333 45 1
vertex 338 46 1
vertex 333 46 1
endloop
endfacet
facet normal 0 -1 0
outer loop
vertex 333 45 0
vertex 338 45 0
vertex 338 45 1
endloop
endfacet
facet normal 0 -1 0
outer loop
vertex 333 45 0
vertex 338 45 1
vertex 333 45 1
endloop
endfacet
facet normal 1 0 0
outer loop
vertex 338 45 0
vertex 338 46 0
vertex 338 46 1
endloop
endfacet
facet normal 1 0 0
outer loop
vertex 338 45 0
vertex 338 46 1
vertex 338 45 1
endloop
endfacet
facet normal 0 1 0
outer loop
vertex 338 46 0
vertex 333 46 0
vertex 333 46 1
endloop
endfacet
facet normal 0 1 0
outer loop
vertex 338 46 0
vertex 333 46 1
vertex 338 46 1
endloop
endfacet
facet normal -1 0 0
outer loop
vertex 333 46 0
vertex 333 45 0
vertex 333 45 1
endloop
endfacet
facet normal -1 0 0
outer loop
vertex 333 46 0
vertex 333 45 1
vertex 333 46 1
endloop
endfacet
facet normal 0 0 -1
outer loop
vertex 341 45 0
vertex 357 46 0
vertex 357 45 0
endloop
endfacet
facet normal 0 0 -1
outer loop
vertex 341 45 0
vertex 341 46 0
vertex 357 46 0
endloop
endfacet
facet normal 0 0 1
outer loop
vertex 341 45 1
vertex 357 45 1
vertex 357 46 1
endloop
endfacet
facet normal 0 0 1
outer loop
vertex 341 45 1
vertex 357 46 1
vertex 341 46 1
endloop
endfacet
facet normal 0 -1 0
outer loop
vertex 341 45 0
vertex 357 45 0
vertex 357 45 1
endloop
endfacet
facet normal 0 -1 0
outer loop
vertex 341 45 0
vertex 357 45 1
vertex 341 45 1
endloop
endfacet
facet normal 1 0 0
outer loop
vertex 357 45 0
vertex 357 46 0
vertex 357 46 1
endloop
endfacet
facet normal 1 0 0
outer loop
vertex 357 45 0
vertex 357 46 1
vertex 357 45 1
endloop
endfacet
facet normal 0 1 0
outer loop
vertex 357 46 0
vertex 341 46 0
vertex 341 46 1
endloop
endfacet
facet normal 0 1 0
outer loop
vertex 357 46 0
vertex 341 46 1
vertex 357 46 1
endloop
endfacet
facet normal -1 0 0
outer loop
vertex 341 46 0
vertex 341 45 0
vertex 341 45 1
endloop
endfacet
facet normal -1 0 0
outer loop
vertex 341 46 0
vertex 341 45 1
vertex 341 46 1
endloop
endfacet
facet normal 0 0 -1
outer loop
vertex 359 45 0
vertex 364 46 0
vertex 364 45 0
endloop
endfacet
facet normal 0 0 -1
outer loop
vertex 359 45 0
vertex 359 46 0
vertex 364 46 0
endloop
endfacet
facet normal 0 0 1
outer loop
vertex 359 45 1
vertex 364 45 1
vertex 364 46 1
endloop
endfacet
facet normal 0 0 1
outer loop
vertex 359 45 1
vertex 364 46 1
vertex 359 46 1
endloop
endfacet
facet normal 0 -1 0
outer loop
vertex 359 45 0
vertex 364 45 0
vertex 364 45 1
endloop
endfacet
facet normal 0 -1 0
outer loop
vertex 359 45 0
vertex 364 45 1
vertex 359 45 1
endloop
endfacet
facet normal 1 0 0
outer loop
vertex 364 45 0
vertex 364 46 0
vertex 364 46 1
endloop
endfacet
facet normal 1 0 0
outer loop
vertex 364 45 0
vertex 364 46 1
vertex 364 45 1
endloop
endfacet
facet normal 0 1 0
outer loop
vertex 364 46 0
vertex 359 46 0
vertex 359 46 1
endloop
endfacet
facet normal 0 1 0
outer loop
vertex 364 46 0
vertex 359 46 1
vertex 364 46 1
endloop
endfacet
facet normal -1 0 0
outer loop
vertex 359 46 0
vertex 359 45 0
vertex 359 45 1
endloop
endfacet
facet normal -1 0 0
outer loop
vertex 359 46 0
vertex 359 45 1
vertex 359 46 1
endloop
endfacet
facet normal 0 0 -1
outer loop
vertex 369 45 0
vertex 374 46 0
vertex 374 45 0
endloop
endfacet
facet normal 0 0 -1
outer loop
vertex 369 45 0
vertex 369 46 0
vertex 374 46 0
endloop
endfacet
facet normal 0 0 1
outer loop
vertex 369 45 1
vertex 374 45 1
vertex 374 46 1
endloop
endfacet
facet normal 0 0 1
outer loop
vertex 369 45 1
vertex 374 46 1
vertex 369 46 1
endloop
endfacet
facet normal 0 -1 0
outer loop
vertex 369 45 0
vertex 374 45 0
vertex 374 45 1
endloop
endfacet
facet normal 0 -1 0
outer loop
vertex 369 45 0
vertex 374 45 1
vertex 369 45 1
endloop
endfacet
facet normal 1 0 0
outer loop
vertex 374 45 0
vertex 374 46 0
vertex 374 46 1
endloop
endfacet
facet normal 1 0 0
outer loop
vertex 374 45 0
vertex 374 46 1
vertex 374 45 1
endloop
endfacet
facet normal 0 1 0
outer loop
vertex 374 46 0
vertex 369 46 0
vertex 369 46 1
endloop
endfacet
facet normal 0 1 0
outer loop
vertex 374 46 0
vertex 369 46 1
vertex 374 46 1
endloop
endfacet
facet normal -1 0 0
outer loop
vertex 369 46 0
vertex 369 45 0
vertex 369 45 1
endloop
endfacet
facet normal -1 0 0
outer loop
vertex 369 46 0
vertex 369 45 1
vertex 369 46 1
endloop
endfacet
facet normal 0 0 -1
outer loop
vertex 65 44 0
vertex 71 45 0
vertex 71 44 0
endloop
endfacet
facet normal 0 0 -1
outer loop
vertex 65 44 0
vertex 65 45 0
vertex 71 45 0
endloop
endfacet
facet normal 0 0 1
outer loop
vertex 65 44 1
vertex 71 44 1
vertex 71 45 1
endloop
endfacet
facet normal 0 0 1
outer loop
vertex 65 44 1
vertex 71 45 1
vertex 65 45 1
endloop
endfacet
facet normal 0 -1 0
outer loop
vertex 65 44 0
vertex 71 44 0
vertex 71 44 1
endloop
endfacet
facet normal 0 -1 0
outer loop
vertex 65 44 0
vertex 71 44 1
vertex 65 44 1
endloop
endfacet
facet normal 1 0 0
outer loop
vertex 71 44 0
vertex 71 45 0
vertex 71 45 1
endloop
endfacet
facet normal 1 0 0
outer loop
vertex 71 44 0
vertex 71 45 1
vertex 71 44 1
endloop
endfacet
facet normal 0 1 0
outer loop
vertex 71 45 0
vertex 65 45 0
vertex 65 45 1
endloop
endfacet
facet normal 0 1 0
outer loop
vertex 71 45 0
vertex 65 45 1
vertex 71 45 1
endloop
endfacet
facet normal -1 0 0
outer loop
vertex 65 45 0
vertex 65 44 0
vertex 65 44 1
endloop
endfacet
facet normal -1 0 0
outer loop
vertex 65 45 0
vertex 65 44 1
vertex 65 45 1
endloop
endfacet
facet normal 0 0 -1
outer loop
vertex 83 44 0
vertex 88 45 0
vertex 88 44 0
endloop
endfacet
facet normal 0 0 -1
outer loop
vertex 83 44 0
vertex 83 45 0
vertex 88 45 0
endloop
endfacet
facet normal 0 0 1
outer loop
vertex 83 44 1
vertex 88 44 1
vertex 88 45 1
endloop
endfacet
facet normal 0 0 1
outer loop
vertex 83 44 1
vertex 88 45 1
vertex 83 45 1
endloop
endfacet
facet normal 0 -1 0
outer loop
vertex 83 44 0
vertex 88 44 0
vertex 88 44 1
endloop
endfacet
facet normal 0 -1 0
outer loop
vertex 83 44 0
vertex 88 44 1
vertex 83 44 1
endloop
endfacet
facet normal 1 0 0
outer loop
vertex 88 44 0
vertex 88 45 0
vertex 88 45 1
endloop
endfacet
facet normal 1 0 0
outer loop
vertex 88 44 0
vertex 88 45 1
vertex 88 44 1
endloop
endfacet
facet normal 0 1 0
outer loop
vertex 88 45 0
vertex 83 45 0
vertex 83 45 1
endloop
endfacet
facet normal 0 1 0
outer loop
vertex 88 45 0
vertex 83 45 1
vertex 88 45 1
endloop
endfacet
facet normal -1 0 0
outer loop
vertex 83 45 0
vertex 83 44 0
vertex 83 44 1
endloop
endfacet
facet normal -1 0 0
outer loop
vertex 83 45 0
vertex 83 44 1
vertex 83 45 1
endloop
endfacet
facet normal 0 0 -1
outer loop
vertex 94 44 0
vertex 100 45 0
vertex 100 44 0
endloop
endfacet
facet normal 0 0 -1
outer loop
vertex 94 44 0
vertex 94 45 0
vertex 100 45 0
endloop
endfacet
facet normal 0 0 1
outer loop
vertex 94 44 1
vertex 100 44 1
vertex 100 45 1
endloop
endfacet
facet normal 0 0 1
outer loop
vertex 94 44 1
vertex 100 45 1
vertex 94 45 1
endloop
endfacet
facet normal 0 -1 0
outer loop
vertex 94 44 0
vertex 100 44 0
vertex 100 44 1
endloop
endfacet
facet normal 0 -1 0
outer loop
vertex 94 44 0
vertex 100 44 1
vertex 94 44 1
endloop
endfacet
facet normal 1 0 0
outer loop
vertex 100 44 0
vertex 100 45 0
vertex 100 45 1
endloop
endfacet
facet normal 1 0 0
outer loop
vertex 100 44 0
vertex 100 45 1
vertex 100 44 1
endloop
endfacet
facet normal 0 1 0
outer loop
vertex 100 45 0
vertex 94 45 0
vertex 94 45 1
endloop
endfacet
facet normal 0 1 0
outer loop
vertex 100 45 0
vertex 94 45 1
vertex 100 45 1
endloop
endfacet
facet normal -1 0 0
outer loop
vertex 94 45 0
vertex 94 44 0
vertex 94 44 1
endloop
endfacet
facet normal -1 0 0
outer loop
vertex 94 45 0
vertex 94 44 1
vertex 94 45 1
endloop
endfacet
facet normal 0 0 -1
outer loop
vertex 103 44 0
vertex 108 45 0
vertex 108 44 0
endloop
endfacet
facet normal 0 0 -1
outer loop
vertex 103 44 0
vertex 103 45 0
vertex 108 45 0
endloop
endfacet
facet normal 0 0 1
outer loop
vertex 103 44 1
vertex 108 44 1
vertex 108 45 1
endloop
endfacet
facet normal 0 0 1
outer loop
vertex 103 44 1
vertex 108 45 1
vertex 103 45 1
endloop
endfacet
facet normal 0 -1 0
outer loop
vertex 103 44 0
vertex 108 44 0
vertex 108 44 1
endloop
endfacet
facet normal 0 -1 0
outer loop
vertex 103 44 0
vertex 108 44 1
vertex 103 44 1
endloop
endfacet
facet normal 1 0 0
outer loop
vertex 108 44 0
vertex 108 45 0
vertex 108 45 1
endloop
endfacet
facet normal 1 0 0
outer loop
vertex 108 44 0
vertex 108 45 1
vertex 108 44 1
endloop
endfacet
facet normal 0 1 0
outer loop
vertex 108 45 0
vertex 103 45 0
vertex 103 45 1
endloop
endfacet
facet normal 0 1 0
outer loop
vertex 108 45 0
vertex 103 45 1
vertex 108 45 1
endloop
endfacet
facet normal -1 0 0
outer loop
vertex 103 45 0
vertex 103 44 0
vertex 103 44 1
endloop
endfacet
facet normal -1 0 0
outer loop
vertex 103 45 0
vertex 103 44 1
vertex 103 45 1
endloop
endfacet
facet normal 0 0 -1
outer loop
vertex 110 44 0
vertex 115 45 0
vertex 115 44 0
endloop
endfacet
facet normal 0 0 -1
outer loop
vertex 110 44 0
vertex 110 45 0
vertex 115 45 0
endloop
endfacet
facet normal 0 0 1
outer loop
vertex 110 44 1
vertex 115 44 1
vertex 115 45 1
endloop
endfacet
facet normal 0 0 1
outer loop
vertex 110 44 1
vertex 115 45 1
vertex 110 45 1
endloop
endfacet
facet normal 0 -1 0
outer loop
vertex 110 44 0
vertex 115 44 0
vertex 115 44 1
endloop
endfacet
facet normal 0 -1 0
outer loop
vertex 110 44 0
vertex 115 44 1
vertex 110 44 1
endloop
endfacet
facet normal 1 0 0
outer loop
vertex 115 44 0
vertex 115 45 0
vertex 115 45 1
endloop
endfacet
facet normal 1 0 0
outer loop
vertex 115 44 0
vertex 115 45 1
vertex 115 44 1
endloop
endfacet
facet normal 0 1 0
outer loop
vertex 115 45 0
vertex 110 45 0
vertex 110 45 1
endloop
endfacet
facet normal 0 1 0
outer loop
vertex 115 45 0
vertex 110 45 1
vertex 115 45 1
endloop
endfacet
facet normal -1 0 0
outer loop
vertex 110 45 0
vertex 110 44 0
vertex 110 44 1
endloop
endfacet
facet normal -1 0 0
outer loop
vertex 110 45 0
vertex 110 44 1
vertex 110 45 1
endloop
endfacet
facet normal 0 0 -1
outer loop
vertex 117 44 0
vertex 133 45 0
vertex 133 44 0
endloop
endfacet
facet normal 0 0 -1
outer loop
vertex 117 44 0
vertex 117 45 0
vertex 133 45 0
endloop
endfacet
facet normal 0 0 1
outer loop
vertex 117 44 1
vertex 133 44 1
vertex 133 45 1
endloop
endfacet
facet normal 0 0 1
outer loop
vertex 117 44 1
vertex 133 45 1
vertex 117 45 1
endloop
endfacet
facet normal 0 -1 0
outer loop
vertex 117 44 0
vertex 133 44 0
vertex 133 44 1
endloop
endfacet
facet normal 0 -1 0
outer loop
vertex 117 44 0
vertex 133 44 1
vertex 117 44 1
endloop
endfacet
facet normal 1 0 0
outer loop
vertex 133 44 0
vertex 133 45 0
vertex 133 45 1
endloop
endfacet
facet normal 1 0 0
outer loop
vertex 133 44 0
vertex 133 45 1
vertex 133 44 1
endloop
endfacet
facet normal 0 1 0
outer loop
vertex 133 45 0
vertex 117 45 0
vertex 117 45 1
endloop
endfacet
facet normal 0 1 0
outer loop
vertex 133 45 0
vertex 117 45 1
vertex 133 45 1
endloop
endfacet
facet normal -1 0 0
outer loop
vertex 117 45 0
vertex 117 44 0
vertex 117 44 1
endloop
endfacet
facet normal -1 0 0
outer loop
vertex 117 45 0
vertex 117 44 1
vertex 117 45 1
endloop
endfacet
facet normal 0 0 -1
outer loop
vertex 135 44 0
vertex 140 45 0
vertex 140 44 0
endloop
endfacet
facet normal 0 0 -1
outer loop
vertex 135 44 0
vertex 135 45 0
vertex 140 45 0
endloop
endfacet
facet normal 0 0 1
outer loop
vertex 135 44 1
vertex 140 44 1
vertex 140 45 1
endloop
endfacet
facet normal 0 0 1
outer loop
vertex 135 44 1
vertex 140 45 1
vertex 135 45 1
endloop
endfacet
facet normal 0 -1 0
outer loop
vertex 135 44 0
vertex 140 44 0
vertex 140 44 1
endloop
endfacet
facet normal 0 -1 0
outer loop
vertex 135 44 0
vertex 140 44 1
vertex 135 44 1
endloop
endfacet
facet normal 1 0 0
outer loop
vertex 140 44 0
vertex 140 45 0
vertex 140 45 1
endloop
endfacet
facet normal 1 0 0
outer loop
vertex 140 44 0
vertex 140 45 1
vertex 140 44 1
endloop
endfacet
facet normal 0 1 0
outer loop
vertex 140 45 0
vertex 135 45 0
vertex 135 45 1
endloop
endfacet
facet normal 0 1 0
outer loop
vertex 140 45 0
vertex 135 45 1
vertex 140 45 1
endloop
endfacet
facet normal -1 0 0
outer loop
vertex 135 45 0
vertex 135 44 0
vertex 135 44 1
endloop
endfacet
facet normal -1 0 0
outer loop
vertex 135 45 0
vertex 135 44 1
vertex 135 45 1
endloop
endfacet
facet normal 0 0 -1
outer loop
vertex 145 44 0
vertex 150 45 0
vertex 150 44 0
endloop
endfacet
facet normal 0 0 -1
outer loop
vertex 145 44 0
vertex 145 45 0
vertex 150 45 0
endloop
endfacet
facet normal 0 0 1
outer loop
vertex 145 44 1
vertex 150 44 1
vertex 150 45 1
endloop
endfacet
facet normal 0 0 1
outer loop
vertex 145 44 1
vertex 150 45 1
vertex 145 45 1
endloop
endfacet
facet normal 0 -1 0
outer loop
vertex 145 44 0
vertex 150 44 0
vertex 150 44 1
endloop
endfacet
facet normal 0 -1 0
outer loop
vertex 145 44 0
vertex 150 44 1
vertex 145 44 1
endloop
endfacet
facet normal 1 0 0
outer loop
vertex 150 44 0
vertex 150 45 0
vertex 150 45 1
endloop
endfacet
facet normal 1 0 0
outer loop
vertex 150 44 0
vertex 150 45 1
vertex 150 44 1
endloop
endfacet
facet normal 0 1 0
outer loop
vertex 150 45 0
vertex 145 45 0
vertex 145 45 1
endloop
endfacet
facet normal 0 1 0
outer loop
vertex 150 45 0
vertex 145 45 1
vertex 150 45 1
endloop
endfacet
facet normal -1 0 0
outer loop
vertex 145 45 0
vertex 145 44 0
vertex 145 44 1
endloop
endfacet
facet normal -1 0 0
outer loop
vertex 145 45 0
vertex 145 44 1
vertex 145 45 1
endloop
endfacet
facet normal 0 0 -1
outer loop
vertex 151 44 0
vertex 156 45 0
vertex 156 44 0
endloop
endfacet
facet normal 0 0 -1
outer loop
vertex 151 44 0
vertex 151 45 0
vertex 156 45 0
endloop
endfacet
facet normal 0 0 1
outer loop
vertex 151 44 1
vertex 156 44 1
vertex 156 45 1
endloop
endfacet
facet normal 0 0 1
outer loop
vertex 151 44 1
vertex 156 45 1
vertex 151 45 1
endloop
endfacet
facet normal 0 -1 0
outer loop
vertex 151 44 0
vertex 156 44 0
vertex 156 44 1
endloop
endfacet
facet normal 0 -1 0
outer loop
vertex 151 44 0
vertex 156 44 1
vertex 151 44 1
endloop
endfacet
facet normal 1 0 0
outer loop
vertex 156 44 0
vertex 156 45 0
vertex 156 45 1
endloop
endfacet
facet normal 1 0 0
outer loop
vertex 156 44 0
vertex 156 45 1
vertex 156 44 1
endloop
endfacet
facet normal 0 1 0
outer loop
vertex 156 45 0
vertex 151 45 0
vertex 151 45 1
endloop
endfacet
facet normal 0 1 0
outer loop
vertex 156 45 0
vertex 151 45 1
vertex 156 45 1
endloop
endfacet
facet normal -1 0 0
outer loop
vertex 151 45 0
vertex 151 44 0
vertex 151 44 1
endloop
endfacet
facet normal -1 0 0
outer loop
vertex 151 45 0
vertex 151 44 1
vertex 151 45 1
endloop
endfacet
facet normal 0 0 -1
outer loop
vertex 168 44 0
vertex 174 45 0
vertex 174 44 0
endloop
endfacet
facet normal 0 0 -1
outer loop
vertex 168 44 0
vertex 168 45 0
vertex 174 45 0
endloop
endfacet
facet normal 0 0 1
outer loop
vertex 168 44 1
vertex 174 44 1
vertex 174 45 1
endloop
endfacet
facet normal 0 0 1
outer loop
vertex 168 44 1
vertex 174 45 1
vertex 168 45 1
endloop
endfacet
facet normal 0 -1 0
outer loop
vertex 168 44 0
vertex 174 44 0
vertex 174 44 1
endloop
endfacet
facet normal 0 -1 0
outer loop
vertex 168 44 0
vertex 174 44 1
vertex 168 44 1
endloop
endfacet
facet normal 1 0 0
outer loop
vertex 174 44 0
vertex 174 45 0
vertex 174 45 1
endloop
endfacet
facet normal 1 0 0
outer loop
vertex 174 44 0
vertex 174 45 1
vertex 174 44 1
endloop
endfacet
facet normal 0 1 0
outer loop
vertex 174 45 0
vertex 168 45 0
vertex 168 45 1
endloop
endfacet
facet normal 0 1 0
outer loop
vertex 174 45 0
vertex 168 45 1
vertex 174 45 1
endloop
endfacet
facet normal -1 0 0
outer loop
vertex 168 45 0
vertex 168 44 0
vertex 168 44 1
endloop
endfacet
facet normal -1 0 0
outer loop
vertex 168 45 0
vertex 168 44 1
vertex 168 45 1
endloop
endfacet
facet normal 0 0 -1
outer loop
vertex 191 44 0
vertex 204 45 0
vertex 204 44 0
endloop
endfacet
facet normal 0 0 -1
outer loop
vertex 191 44 0
vertex 191 45 0
vertex 204 45 0
endloop
endfacet
facet normal 0 0 1
outer loop
vertex 191 44 1
vertex 204 44 1
vertex 204 45 1
endloop
endfacet
facet normal 0 0 1
outer loop
vertex 191 44 1
vertex 204 45 1
vertex 191 45 1
endloop
endfacet
facet normal 0 -1 0
outer loop
vertex 191 44 0
vertex 204 44 0
vertex 204 44 1
endloop
endfacet
facet normal 0 -1 0
outer loop
vertex 191 44 0
vertex 204 44 1
vertex 191 44 1
endloop
endfacet
facet normal 1 0 0
outer loop
vertex 204 44 0
vertex 204 45 0
vertex 204 45 1
endloop
endfacet
facet normal 1 0 0
outer loop
vertex 204 44 0
vertex 204 45 1
vertex 204 44 1
endloop
endfacet
facet normal 0 1 0
outer loop
vertex 204 45 0
vertex 191 45 0
vertex 191 45 1
endloop
endfacet
facet normal 0 1 0
outer loop
vertex 204 45 0
vertex 191 45 1
vertex 204 45 1
endloop
endfacet
facet normal -1 0 0
outer loop
vertex 191 45 0
vertex 191 44 0
vertex 191 44 1
endloop
endfacet
facet normal -1 0 0
outer loop
vertex 191 45 0
vertex 191 44 1
vertex 191 45 1
endloop
endfacet
facet normal 0 0 -1
outer loop
vertex 207 44 0
vertex 212 45 0
vertex 212 44 0
endloop
endfacet
facet normal 0 0 -1
outer loop
vertex 207 44 0
vertex 207 45 0
vertex 212 45 0
endloop
endfacet
facet normal 0 0 1
outer loop
vertex 207 44 1
vertex 212 44 1
vertex 212 45 1
endloop
endfacet
facet normal 0 0 1
outer loop
vertex 207 44 1
vertex 212 45 1
vertex 207 45 1
endloop
endfacet
facet normal 0 -1 0
outer loop
vertex 207 44 0
vertex 212 44 0
vertex 212 44 1
endloop
endfacet
facet normal 0 -1 0
outer loop
vertex 207 44 0
vertex 212 44 1
vertex 207 44 1
endloop
endfacet
facet normal 1 0 0
outer loop
vertex 212 44 0
vertex 212 45 0
vertex 212 45 1
endloop
endfacet
facet normal 1 0 0
outer loop
vertex 212 44 0
vertex 212 45 1
vertex 212 44 1
endloop
endfacet
facet normal 0 1 0
outer loop
vertex 212 45 0
vertex 207 45 0
vertex 207 45 1
endloop
endfacet
facet normal 0 1 0
outer loop
vertex 212 45 0
vertex 207 45 1
vertex 212 45 1
endloop
endfacet
facet normal -1 0 0
outer loop
vertex 207 45 0
vertex 207 44 0
vertex 207 44 1
endloop
endfacet
facet normal -1 0 0
outer loop
vertex 207 45 0
vertex 207 44 1
vertex 207 45 1
endloop
endfacet
facet normal 0 0 -1
outer loop
vertex 227 44 0
vertex 232 45 0
vertex 232 44 0
endloop
endfacet
facet normal 0 0 -1
outer loop
vertex 227 44 0
vertex 227 45 0
vertex 232 45 0
endloop
endfacet
facet normal 0 0 1
outer loop
vertex 227 44 1
vertex 232 44 1
vertex 232 45 1
endloop
endfacet
facet normal 0 0 1
outer loop
vertex 227 44 1
vertex 232 45 1
vertex 227 45 1
endloop
endfacet
facet normal 0 -1 0
outer loop
vertex 227 44 0
vertex 232 44 0
vertex 232 44 1
endloop
endfacet
facet normal 0 -1 0
outer loop
vertex 227 44 0
vertex 232 44 1
vertex 227 44 1
endloop
endfacet
facet normal 1 0 0
outer loop
vertex 232 44 0
vertex 232 45 0
vertex 232 45 1
endloop
endfacet
facet normal 1 0 0
outer loop
vertex 232 44 0
vertex 232 45 1
vertex 232 44 1
endloop
endfacet
facet normal 0 1 0
outer loop
vertex 232 45 0
vertex 227 45 0
vertex 227 45 1
endloop
endfacet
facet normal 0 1 0
outer loop
vertex 232 45 0
vertex 227 45 1
vertex 232 45 1
endloop
endfacet
facet normal -1 0 0
outer loop
vertex 227 45 0
vertex 227 44 0
vertex 227 44 1
endloop
endfacet
facet normal -1 0 0
outer loop
vertex 227 45 0
vertex 227 44 1
vertex 227 45 1
endloop
endfacet
facet normal 0 0 -1
outer loop
vertex 244 44 0
vertex 249 45 0
vertex 249 44 0
endloop
endfacet
facet normal 0 0 -1
outer loop
vertex 244 44 0
vertex 244 45 0
vertex 249 45 0
endloop
endfacet
facet normal 0 0 1
outer loop
vertex 244 44 1
vertex 249 44 1
vertex 249 45 1
endloop
endfacet
facet normal 0 0 1
outer loop
vertex 244 44 1
vertex 249 45 1
vertex 244 45 1
endloop
endfacet
facet normal 0 -1 0
outer loop
vertex 244 44 0
vertex 249 44 0
vertex 249 44 1
endloop
endfacet
facet normal 0 -1 0
outer loop
vertex 244 44 0
vertex 249 44 1
vertex 244 44 1
endloop
endfacet
facet normal 1 0 0
outer loop
vertex 249 44 0
vertex 249 45 0
vertex 249 45 1
endloop
endfacet
facet normal 1 0 0
outer loop
vertex 249 44 0
vertex 249 45 1
vertex 249 44 1
endloop
endfacet
facet normal 0 1 0
outer loop
vertex 249 45 0
vertex 244 45 0
vertex 244 45 1
endloop
endfacet
facet normal 0 1 0
outer loop
vertex 249 45 0
vertex 244 45 1
vertex 249 45 1
endloop
endfacet
facet normal -1 0 0
outer loop
vertex 244 45 0
vertex 244 44 0
vertex 244 44 1
endloop
endfacet
facet normal -1 0 0
outer loop
vertex 244 45 0
vertex 244 44 1
vertex 244 45 1
endloop
endfacet
facet normal 0 0 -1
outer loop
vertex 250 44 0
vertex 255 45 0
vertex 255 44 0
endloop
endfacet
facet normal 0 0 -1
outer loop
vertex 250 44 0
vertex 250 45 0
vertex 255 45 0
endloop
endfacet
facet normal 0 0 1
outer loop
vertex 250 44 1
vertex 255 44 1
vertex 255 45 1
endloop
endfacet
facet normal 0 0 1
outer loop
vertex 250 44 1
vertex 255 45 1
vertex 250 45 1
endloop
endfacet
facet normal 0 -1 0
outer loop
vertex 250 44 0
vertex 255 44 0
vertex 255 44 1
endloop
endfacet
facet normal 0 -1 0
outer loop
vertex 250 44 0
vertex 255 44 1
vertex 250 44 1
endloop
endfacet
facet normal 1 0 0
outer loop
vertex 255 44 0
vertex 255 45 0
vertex 255 45 1
endloop
endfacet
facet normal 1 0 0
outer loop
vertex 255 44 0
vertex 255 45 1
vertex 255 44 1
endloop
endfacet
facet normal 0 1 0
outer loop
vertex 255 45 0
vertex 250 45 0
vertex 250 45 1
endloop
endfacet
facet normal 0 1 0
outer loop
vertex 255 45 0
vertex 250 45 1
vertex 255 45 1
endloop
endfacet
facet normal -1 0 0
outer loop
vertex 250 45 0
vertex 250 44 0
vertex 250 44 1
endloop
endfacet
facet normal -1 0 0
outer loop
vertex 250 45 0
vertex 250 44 1
vertex 250 45 1
endloop
endfacet
facet normal 0 0 -1
outer loop
vertex 258 44 0
vertex 274 45 0
vertex 274 44 0
endloop
endfacet
facet normal 0 0 -1
outer loop
vertex 258 44 0
vertex 258 45 0
vertex 274 45 0
endloop
endfacet
facet normal 0 0 1
outer loop
vertex 258 44 1
vertex 274 44 1
vertex 274 45 1
endloop
endfacet
facet normal 0 0 1
outer loop
vertex 258 44 1
vertex 274 45 1
vertex 258 45 1
endloop
endfacet
facet normal 0 -1 0
outer loop
vertex 258 44 0
vertex 274 44 0
vertex 274 44 1
endloop
endfacet
facet normal 0 -1 0
outer loop
vertex 258 44 0
vertex 274 44 1
vertex 258 44 1
endloop
endfacet
facet normal 1 0 0
outer loop
vertex 274 44 0
vertex 274 45 0
vertex 274 45 1
endloop
endfacet
facet normal 1 0 0
outer loop
vertex 274 44 0
vertex 274 45 1
vertex 274 44 1
endloop
endfacet
facet normal 0 1 0
outer loop
vertex 274 45 0
vertex 258 45 0
vertex 258 45 1
endloop
endfacet
facet normal 0 1 0
outer loop
vertex 274 45 0
vertex 258 45 1
vertex 274 45 1
endloop
endfacet
facet normal -1 0 0
outer loop
vertex 258 45 0
vertex 258 44 0
vertex 258 44 1
endloop
endfacet
facet normal -1 0 0
outer loop
vertex 258 45 0
vertex 258 44 1
vertex 258 45 1
endloop
endfacet
facet normal 0 0 -1
outer loop
vertex 284 44 0
vertex 290 45 0
vertex 290 44 0
endloop
endfacet
facet normal 0 0 -1
outer loop
vertex 284 44 0
vertex 284 45 0
vertex 290 45 0
endloop
endfacet
facet normal 0 0 1
outer loop
vertex 284 44 1
vertex 290 44 1
vertex 290 45 1
endloop
endfacet
facet normal 0 0 1
outer loop
vertex 284 44 1
vertex 290 45 1
vertex 284 45 1
endloop
endfacet
facet normal 0 -1 0
outer loop
vertex 284 44 0
vertex 290 44 0
vertex 290 44 1
endloop
endfacet
facet normal 0 -1 0
outer loop
vertex 284 44 0
vertex 290 44 1
vertex 284 44 1
endloop
endfacet
facet normal 1 0 0
outer loop
vertex 290 44 0
vertex 290 45 0
vertex 290 45 1
endloop
endfacet
facet normal 1 0 0
outer loop
vertex 290 44 0
vertex 290 45 1
vertex 290 44 1
endloop
endfacet
facet normal 0 1 0
outer loop
vertex 290 45 0
vertex 284 45 0
vertex 284 45 1
endloop
endfacet
facet normal 0 1 0
outer loop
vertex 290 45 0
vertex 284 45 1
vertex 290 45 1
endloop
endfacet
facet normal -1 0 0
outer loop
vertex 284 45 0
vertex 284 44 0
vertex 284 44 1
endloop
endfacet
facet normal -1 0 0
outer loop
vertex 284 45 0
vertex 284 44 1
vertex 284 45 1
endloop
endfacet
facet normal 0 0 -1
outer loop
vertex 298 44 0
vertex 303 45 0
vertex 303 44 0
endloop
endfacet
facet normal 0 0 -1
outer loop
vertex 298 44 0
vertex 298 45 0
vertex 303 45 0
endloop
endfacet
facet normal 0 0 1
outer loop
vertex 298 44 1
vertex 303 44 1
vertex 303 45 1
endloop
endfacet
facet normal 0 0 1
outer loop
vertex 298 44 1
vertex 303 45 1
vertex 298 45 1
endloop
endfacet
facet normal 0 -1 0
outer loop
vertex 298 44 0
vertex 303 44 0
vertex 303 44 1
endloop
endfacet
facet normal 0 -1 0
outer loop
vertex 298 44 0
vertex 303 44 1
vertex 298 44 1
endloop
endfacet
facet normal 1 0 0
outer loop
vertex 303 44 0
vertex 303 45 0
vertex 303 45 1
endloop
endfacet
facet normal 1 0 0
outer loop
vertex 303 44 0
vertex 303 45 1
vertex 303 44 1
endloop
endfacet
facet normal 0 1 0
outer loop
vertex 303 45 0
vertex 298 45 0
vertex 298 45 1
endloop
endfacet
facet normal 0 1 0
outer loop
vertex 303 45 0
vertex 298 45 1
vertex 303 45 1
endloop
endfacet
facet normal -1 0 0
outer loop
vertex 298 45 0
vertex 298 44 0
vertex 298 44 1
endloop
endfacet
facet normal -1 0 0
outer loop
vertex 298 45 0
vertex 298 44 1
vertex 298 45 1
endloop
endfacet
facet normal 0 0 -1
outer loop
vertex 305 44 0
vertex 311 45 0
vertex 311 44 0
endloop
endfacet
facet normal 0 0 -1
outer loop
vertex 305 44 0
vertex 305 45 0
vertex 311 45 0
endloop
endfacet
facet normal 0 0 1
outer loop
vertex 305 44 1
vertex 311 44 1
vertex 311 45 1
endloop
endfacet
facet normal 0 0 1
outer loop
vertex 305 44 1
vertex 311 45 1
vertex 305 45 1
endloop
endfacet
facet normal 0 -1 0
outer loop
vertex 305 44 0
vertex 311 44 0
vertex 311 44 1
endloop
endfacet
facet normal 0 -1 0
outer loop
vertex 305 44 0
vertex 311 44 1
vertex 305 44 1
endloop
endfacet
facet normal 1 0 0
outer loop
vertex 311 44 0
vertex 311 45 0
vertex 311 45 1
endloop
endfacet
facet normal 1 0 0
outer loop
vertex 311 44 0
vertex 311 45 1
vertex 311 44 1
endloop
endfacet
facet normal 0 1 0
outer loop
vertex 311 45 0
vertex 305 45 0
vertex 305 45 1
endloop
endfacet
facet normal 0 1 0
outer loop
vertex 311 45 0
vertex 305 45 1
vertex 311 45 1
endloop
endfacet
facet normal -1 0 0
outer loop
vertex 305 45 0
vertex 305 44 0
vertex 305 44 1
endloop
endfacet
facet normal -1 0 0
outer loop
vertex 305 45 0
vertex 305 44 1
vertex 305 45 1
endloop
endfacet
facet normal 0 0 -1
outer loop
vertex 318 44 0
vertex 323 45 0
vertex 323 44 0
endloop
endfacet
facet normal 0 0 -1
outer loop
vertex 318 44 0
vertex 318 45 0
vertex 323 45 0
endloop
endfacet
facet normal 0 0 1
outer loop
vertex 318 44 1
vertex 323 44 1
vertex 323 45 1
endloop
endfacet
facet normal 0 0 1
outer loop
vertex 318 44 1
vertex 323 45 1
vertex 318 45 1
endloop
endfacet
facet normal 0 -1 0
outer loop
vertex 318 44 0
vertex 323 44 0
vertex 323 44 1
endloop
endfacet
facet normal 0 -1 0
outer loop
vertex 318 44 0
vertex 323 44 1
vertex 318 44 1
endloop
endfacet
facet normal 1 0 0
outer loop
vertex 323 44 0
vertex 323 45 0
vertex 323 45 1
endloop
endfacet
facet normal 1 0 0
outer loop
vertex 323 44 0
vertex 323 45 1
vertex 323 44 1
endloop
endfacet
facet normal 0 1 0
outer loop
vertex 323 45 0
vertex 318 45 0
vertex 318 45 1
endloop
endfacet
facet normal 0 1 0
outer loop
vertex 323 45 0
vertex 318 45 1
vertex 323 45 1
endloop
endfacet
facet normal -1 0 0
outer loop
vertex 318 45 0
vertex 318 44 0
vertex 318 44 1
endloop
endfacet
facet normal -1 0 0
outer loop
vertex 318 45 0
vertex 318 44 1
vertex 318 45 1
endloop
endfacet
facet normal 0 0 -1
outer loop
vertex 327 44 0
vertex 332 45 0
vertex 332 44 0
endloop
endfacet
facet normal 0 0 -1
outer loop
vertex 327 44 0
vertex 327 45 0
vertex 332 45 0
endloop
endfacet
facet normal 0 0 1
outer loop
vertex 327 44 1
vertex 332 44 1
vertex 332 45 1
endloop
endfacet
facet normal 0 0 1
outer loop
vertex 327 44 1
vertex 332 45 1
vertex 327 45 1
endloop
endfacet
facet normal 0 -1 0
outer loop
vertex 327 44 0
vertex 332 44 0
vertex 332 44 1
endloop
endfacet
facet normal 0 -1 0
outer loop
vertex 327 44 0
vertex 332 44 1
vertex 327 44 1
endloop
endfacet
facet normal 1 0 0
outer loop
vertex 332 44 0
vertex 332 45 0
vertex 332 45 1
endloop
endfacet
facet normal 1 0 0
outer loop
vertex 332 44 0
vertex 332 45 1
vertex 332 44 1
endloop
endfacet
facet normal 0 1 0
outer loop
vertex 332 45 0
vertex 327 45 0
vertex 327 45 1
endloop
endfacet
facet normal 0 1 0
outer loop
vertex 332 45 0
vertex 327 45 1
vertex 332 45 1
endloop
endfacet
facet normal -1 0 0
outer loop
vertex 327 45 0
vertex 327 44 0
vertex 327 44 1
endloop
endfacet
facet normal -1 0 0
outer loop
vertex 327 45 0
vertex 327 44 1
vertex 327 45 1
endloop
endfacet
facet normal 0 0 -1
outer loop
vertex 333 44 0
vertex 338 45 0
vertex 338 44 0
endloop
endfacet
facet normal 0 0 -1
outer loop
vertex 333 44 0
vertex 333 45 0
vertex 338 45 0
endloop
endfacet
facet normal 0 0 1
outer loop
vertex 333 44 1
vertex 338 44 1
vertex 338 45 1
endloop
endfacet
facet normal 0 0 1
outer loop
vertex 333 44 1
vertex 338 45 1
vertex 333 45 1
endloop
endfacet
facet normal 0 -1 0
outer loop
vertex 333 44 0
vertex 338 44 0
vertex 338 44 1
endloop
endfacet
facet normal 0 -1 0
outer loop
vertex 333 44 0
vertex 338 44 1
vertex 333 44 1
endloop
endfacet
facet normal 1 0 0
outer loop
vertex 338 44 0
vertex 338 45 0
vertex 338 45 1
endloop
endfacet
facet normal 1 0 0
outer loop
vertex 338 44 0
vertex 338 45 1
vertex 338 44 1
endloop
endfacet
facet normal 0 1 0
outer loop
vertex 338 45 0
vertex 333 45 0
vertex 333 45 1
endloop
endfacet
facet normal 0 1 0
outer loop
vertex 338 45 0
vertex 333 45 1
vertex 338 45 1
endloop
endfacet
facet normal -1 0 0
outer loop
vertex 333 45 0
vertex 333 44 0
vertex 333 44 1
endloop
endfacet
facet normal -1 0 0
outer loop
vertex 333 45 0
vertex 333 44 1
vertex 333 45 1
endloop
endfacet
facet normal 0 0 -1
outer loop
vertex 341 44 0
vertex 357 45 0
vertex 357 44 0
endloop
endfacet
facet normal 0 0 -1
outer loop
vertex 341 44 0
vertex 341 45 0
vertex 357 45 0
endloop
endfacet
facet normal 0 0 1
outer loop
vertex 341 44 1
vertex 357 44 1
vertex 357 45 1
endloop
endfacet
facet normal 0 0 1
outer loop
vertex 341 44 1
vertex 357 45 1
vertex 341 45 1
endloop
endfacet
facet normal 0 -1 0
outer loop
vertex 341 44 0
vertex 357 44 0
vertex 357 44 1
endloop
endfacet
facet normal 0 -1 0
outer loop
vertex 341 44 0
vertex 357 44 1
vertex 341 44 1
endloop
endfacet
facet normal 1 0 0
outer loop
vertex 357 44 0
vertex 357 45 0
vertex 357 45 1
endloop
endfacet
facet normal 1 0 0
outer loop
vertex 357 44 0
vertex 357 45 1
vertex 357 44 1
endloop
endfacet
facet normal 0 1 0
outer loop
vertex 357 45 0
vertex 341 45 0
vertex 341 45 1
endloop
endfacet
facet normal 0 1 0
outer loop
vertex 357 45 0
vertex 341 45 1
vertex 357 45 1
endloop
endfacet
facet normal -1 0 0
outer loop
vertex 341 45 0
vertex 341 44 0
vertex 341 44 1
endloop
endfacet
facet normal -1 0 0
outer loop
vertex 341 45 0
vertex 341 44 1
vertex 341 45 1
endloop
endfacet
facet normal 0 0 -1
outer loop
vertex 359 44 0
vertex 364 45 0
vertex 364 44 0
endloop
endfacet
facet normal 0 0 -1
outer loop
vertex 359 44 0
vertex 359 45 0
vertex 364 45 0
endloop
endfacet
facet normal 0 0 1
outer loop
vertex 359 44 1
vertex 364 44 1
vertex 364 45 1
endloop
endfacet
facet normal 0 0 1
outer loop
vertex 359 44 1
vertex 364 45 1
vertex 359 45 1
endloop
endfacet
facet normal 0 -1 0
outer loop
vertex 359 44 0
vertex 364 44 0
vertex 364 44 1
endloop
endfacet
facet normal 0 -1 0
outer loop
vertex 359 44 0
vertex 364 44 1
vertex 359 44 1
endloop
endfacet
facet normal 1 0 0
outer loop
vertex 364 44 0
vertex 364 45 0
vertex 364 45 1
endloop
endfacet
facet normal 1 0 0
outer loop
vertex 364 44 0
vertex 364 45 1
vertex 364 44 1
endloop
endfacet
facet normal 0 1 0
outer loop
vertex 364 45 0
vertex 359 45 0
vertex 359 45 1
endloop
endfacet
facet normal 0 1 0
outer loop
vertex 364 45 0
vertex 359 45 1
vertex 364 45 1
endloop
endfacet
facet normal -1 0 0
outer loop
vertex 359 45 0
vertex 359 44 0
vertex 359 44 1
endloop
endfacet
facet normal -1 0 0
outer loop
vertex 359 45 0
vertex 359 44 1
vertex 359 45 1
endloop
endfacet
facet normal 0 0 -1
outer loop
vertex 369 44 0
vertex 374 45 0
vertex 374 44 0
endloop
endfacet
facet normal 0 0 -1
outer loop
vertex 369 44 0
vertex 369 45 0
vertex 374 45 0
endloop
endfacet
facet normal 0 0 1
outer loop
vertex 369 44 1
vertex 374 44 1
vertex 374 45 1
endloop
endfacet
facet normal 0 0 1
outer loop
vertex 369 44 1
vertex 374 45 1
vertex 369 45 1
endloop
endfacet
facet normal 0 -1 0
outer loop
vertex 369 44 0
vertex 374 44 0
vertex 374 44 1
endloop
endfacet
facet normal 0 -1 0
outer loop
vertex 369 44 0
vertex 374 44 1
vertex 369 44 1
endloop
endfacet
facet normal 1 0 0
outer loop
vertex 374 44 0
vertex 374 45 0
vertex 374 45 1
endloop
endfacet
facet normal 1 0 0
outer loop
vertex 374 44 0
vertex 374 45 1
vertex 374 44 1
endloop
endfacet
facet normal 0 1 0
outer loop
vertex 374 45 0
vertex 369 45 0
vertex 369 45 1
endloop
endfacet
facet normal 0 1 0
outer loop
vertex 374 45 0
vertex 369 45 1
vertex 374 45 1
endloop
endfacet
facet normal -1 0 0
outer loop
vertex 369 45 0
vertex 369 44 0
vertex 369 44 1
endloop
endfacet
facet normal -1 0 0
outer loop
vertex 369 45 0
vertex 369 44 1
vertex 369 45 1
endloop
endfacet
facet normal 0 0 -1
outer loop
vertex 65 43 0
vertex 71 44 0
vertex 71 43 0
endloop
endfacet
facet normal 0 0 -1
outer loop
vertex 65 43 0
vertex 65 44 0
vertex 71 44 0
endloop
endfacet
facet normal 0 0 1
outer loop
vertex 65 43 1
vertex 71 43 1
vertex 71 44 1
endloop
endfacet
facet normal 0 0 1
outer loop
vertex 65 43 1
vertex 71 44 1
vertex 65 44 1
endloop
endfacet
facet normal 0 -1 0
outer loop
vertex 65 43 0
vertex 71 43 0
vertex 71 43 1
endloop
endfacet
facet normal 0 -1 0
outer loop
vertex 65 43 0
vertex 71 43 1
vertex 65 43 1
endloop
endfacet
facet normal 1 0 0
outer loop
vertex 71 43 0
vertex 71 44 0
vertex 71 44 1
endloop
endfacet
facet normal 1 0 0
outer loop
vertex 71 43 0
vertex 71 44 1
vertex 71 43 1
endloop
endfacet
facet normal 0 1 0
outer loop
vertex 71 44 0
vertex 65 44 0
vertex 65 44 1
endloop
endfacet
facet normal 0 1 0
outer loop
vertex 71 44 0
vertex 65 44 1
vertex 71 44 1
endloop
endfacet
facet normal -1 0 0
outer loop
vertex 65 44 0
vertex 65 43 0
vertex 65 43 1
endloop
endfacet
facet normal -1 0 0
outer loop
vertex 65 44 0
vertex 65 43 1
vertex 65 44 1
endloop
endfacet
facet normal 0 0 -1
outer loop
vertex 83 43 0
vertex 88 44 0
vertex 88 43 0
endloop
endfacet
facet normal 0 0 -1
outer loop
vertex 83 43 0
vertex 83 44 0
vertex 88 44 0
endloop
endfacet
facet normal 0 0 1
outer loop
vertex 83 43 1
vertex 88 43 1
vertex 88 44 1
endloop
endfacet
facet normal 0 0 1
outer loop
vertex 83 43 1
vertex 88 44 1
vertex 83 44 1
endloop
endfacet
facet normal 0 -1 0
outer loop
vertex 83 43 0
vertex 88 43 0
vertex 88 43 1
endloop
endfacet
facet normal 0 -1 0
outer loop
vertex 83 43 0
vertex 88 43 1
vertex 83 43 1
endloop
endfacet
facet normal 1 0 0
outer loop
vertex 88 43 0
vertex 88 44 0
vertex 88 44 1
endloop
endfacet
facet normal 1 0 0
outer loop
vertex 88 43 0
vertex 88 44 1
vertex 88 43 1
endloop
endfacet
facet normal 0 1 0
outer loop
vertex 88 44 0
vertex 83 44 0
vertex 83 44 1
endloop
endfacet
facet normal 0 1 0
outer loop
vertex 88 44 0
vertex 83 44 1
vertex 88 44 1
endloop
endfacet
facet normal -1 0 0
outer loop
vertex 83 44 0
vertex 83 43 0
vertex 83 43 1
endloop
endfacet
facet normal -1 0 0
outer loop
vertex 83 44 0
vertex 83 43 1
vertex 83 44 1
endloop
endfacet
facet normal 0 0 -1
outer loop
vertex 94 43 0
vertex 100 44 0
vertex 100 43 0
endloop
endfacet
facet normal 0 0 -1
outer loop
vertex 94 43 0
vertex 94 44 0
vertex 100 44 0
endloop
endfacet
facet normal 0 0 1
outer loop
vertex 94 43 1
vertex 100 43 1
vertex 100 44 1
endloop
endfacet
facet normal 0 0 1
outer loop
vertex 94 43 1
vertex 100 44 1
vertex 94 44 1
endloop
endfacet
facet normal 0 -1 0
outer loop
vertex 94 43 0
vertex 100 43 0
vertex 100 43 1
endloop
endfacet
facet normal 0 -1 0
outer loop
vertex 94 43 0
vertex 100 43 1
vertex 94 43 1
endloop
endfacet
facet normal 1 0 0
outer loop
vertex 100 43 0
vertex 100 44 0
vertex 100 44 1
endloop
endfacet
facet normal 1 0 0
outer loop
vertex 100 43 0
vertex 100 44 1
vertex 100 43 1
endloop
endfacet
facet normal 0 1 0
outer loop
vertex 100 44 0
vertex 94 44 0
vertex 94 44 1
endloop
endfacet
facet normal 0 1 0
outer loop
vertex 100 44 0
vertex 94 44 1
vertex 100 44 1
endloop
endfacet
facet normal -1 0 0
outer loop
vertex 94 44 0
vertex 94 43 0
vertex 94 43 1
endloop
endfacet
facet normal -1 0 0
outer loop
vertex 94 44 0
vertex 94 43 1
vertex 94 44 1
endloop
endfacet
facet normal 0 0 -1
outer loop
vertex 103 43 0
vertex 114 44 0
vertex 114 43 0
endloop
endfacet
facet normal 0 0 -1
outer loop
vertex 103 43 0
vertex 103 44 0
vertex 114 44 0
endloop
endfacet
facet normal 0 0 1
outer loop
vertex 103 43 1
vertex 114 43 1
vertex 114 44 1
endloop
endfacet
facet normal 0 0 1
outer loop
vertex 103 43 1
vertex 114 44 1
vertex 103 44 1
endloop
endfacet
facet normal 0 -1 0
outer loop
vertex 103 43 0
vertex 114 43 0
vertex 114 43 1
endloop
endfacet
facet normal 0 -1 0
outer loop
vertex 103 43 0
vertex 114 43 1
vertex 103 43 1
endloop
endfacet
facet normal 1 0 0
outer loop
vertex 114 43 0
vertex 114 44 0
vertex 114 44 1
endloop
endfacet
facet normal 1 0 0
outer loop
vertex 114 43 0
vertex 114 44 1
vertex 114 43 1
endloop
endfacet
facet normal 0 1 0
outer loop
vertex 114 44 0
vertex 103 44 0
vertex 103 44 1
endloop
endfacet
facet normal 0 1 0
outer loop
vertex 114 44 0
vertex 103 44 1
vertex 114 44 1
endloop
endfacet
facet normal -1 0 0
outer loop
vertex 103 44 0
vertex 103 43 0
vertex 103 43 1
endloop
endfacet
facet normal -1 0 0
outer loop
vertex 103 44 0
vertex 103 43 1
vertex 103 44 1
endloop
endfacet
facet normal 0 0 -1
outer loop
vertex 117 43 0
vertex 133 44 0
vertex 133 43 0
endloop
endfacet
facet normal 0 0 -1
outer loop
vertex 117 43 0
vertex 117 44 0
vertex 133 44 0
endloop
endfacet
facet normal 0 0 1
outer loop
vertex 117 43 1
vertex 133 43 1
vertex 133 44 1
endloop
endfacet
facet normal 0 0 1
outer loop
vertex 117 43 1
vertex 133 44 1
vertex 117 44 1
endloop
endfacet
facet normal 0 -1 0
outer loop
vertex 117 43 0
vertex 133 43 0
vertex 133 43 1
endloop
endfacet
facet normal 0 -1 0
outer loop
vertex 117 43 0
vertex 133 43 1
vertex 117 43 1
endloop
endfacet
facet normal 1 0 0
outer loop
vertex 133 43 0
vertex 133 44 0
vertex 133 44 1
endloop
endfacet
facet normal 1 0 0
outer loop
vertex 133 43 0
vertex 133 44 1
vertex 133 43 1
endloop
endfacet
facet normal 0 1 0
outer loop
vertex 133 44 0
vertex 117 44 0
vertex 117 44 1
endloop
endfacet
facet normal 0 1 0
outer loop
vertex 133 44 0
vertex 117 44 1
vertex 133 44 1
endloop
endfacet
facet normal -1 0 0
outer loop
vertex 117 44 0
vertex 117 43 0
vertex 117 43 1
endloop
endfacet
facet normal -1 0 0
outer loop
vertex 117 44 0
vertex 117 43 1
vertex 117 44 1
endloop
endfacet
facet normal 0 0 -1
outer loop
vertex 135 43 0
vertex 140 44 0
vertex 140 43 0
endloop
endfacet
facet normal 0 0 -1
outer loop
vertex 135 43 0
vertex 135 44 0
vertex 140 44 0
endloop
endfacet
facet normal 0 0 1
outer loop
vertex 135 43 1
vertex 140 43 1
vertex 140 44 1
endloop
endfacet
facet normal 0 0 1
outer loop
vertex 135 43 1
vertex 140 44 1
vertex 135 44 1
endloop
endfacet
facet normal 0 -1 0
outer loop
vertex 135 43 0
vertex 140 43 0
vertex 140 43 1
endloop
endfacet
facet normal 0 -1 0
outer loop
vertex 135 43 0
vertex 140 43 1
vertex 135 43 1
endloop
endfacet
facet normal 1 0 0
outer loop
vertex 140 43 0
vertex 140 44 0
vertex 140 44 1
endloop
endfacet
facet normal 1 0 0
outer loop
vertex 140 43 0
vertex 140 44 1
vertex 140 43 1
endloop
endfacet
facet normal 0 1 0
outer loop
vertex 140 44 0
vertex 135 44 0
vertex 135 44 1
endloop
endfacet
facet normal 0 1 0
outer loop
vertex 140 44 0
vertex 135 44 1
vertex 140 44 1
endloop
endfacet
facet normal -1 0 0
outer loop
vertex 135 44 0
vertex 135 43 0
vertex 135 43 1
endloop
endfacet
facet normal -1 0 0
outer loop
vertex 135 44 0
vertex 135 43 1
vertex 135 44 1
endloop
endfacet
facet normal 0 0 -1
outer loop
vertex 145 43 0
vertex 150 44 0
vertex 150 43 0
endloop
endfacet
facet normal 0 0 -1
outer loop
vertex 145 43 0
vertex 145 44 0
vertex 150 44 0
endloop
endfacet
facet normal 0 0 1
outer loop
vertex 145 43 1
vertex 150 43 1
vertex 150 44 1
endloop
endfacet
facet normal 0 0 1
outer loop
vertex 145 43 1
vertex 150 44 1
vertex 145 44 1
endloop
endfacet
facet normal 0 -1 0
outer loop
vertex 145 43 0
vertex 150 43 0
vertex 150 43 1
endloop
endfacet
facet normal 0 -1 0
outer loop
vertex 145 43 0
vertex 150 43 1
vertex 145 43 1
endloop
endfacet
facet normal 1 0 0
outer loop
vertex 150 43 0
vertex 150 44 0
vertex 150 44 1
endloop
endfacet
facet normal 1 0 0
outer loop
vertex 150 43 0
vertex 150 44 1
vertex 150 43 1
endloop
endfacet
facet normal 0 1 0
outer loop
vertex 150 44 0
vertex 145 44 0
vertex 145 44 1
endloop
endfacet
facet normal 0 1 0
outer loop
vertex 150 44 0
vertex 145 44 1
vertex 150 44 1
endloop
endfacet
facet normal -1 0 0
outer loop
vertex 145 44 0
vertex 145 43 0
vertex 145 43 1
endloop
endfacet
facet normal -1 0 0
outer loop
vertex 145 44 0
vertex 145 43 1
vertex 145 44 1
endloop
endfacet
facet normal 0 0 -1
outer loop
vertex 151 43 0
vertex 156 44 0
vertex 156 43 0
endloop
endfacet
facet normal 0 0 -1
outer loop
vertex 151 43 0
vertex 151 44 0
vertex 156 44 0
endloop
endfacet
facet normal 0 0 1
outer loop
vertex 151 43 1
vertex 156 43 1
vertex 156 44 1
endloop
endfacet
facet normal 0 0 1
outer loop
vertex 151 43 1
vertex 156 44 1
vertex 151 44 1
endloop
endfacet
facet normal 0 -1 0
outer loop
vertex 151 43 0
vertex 156 43 0
vertex 156 43 1
endloop
endfacet
facet normal 0 -1 0
outer loop
vertex 151 43 0
vertex 156 43 1
vertex 151 43 1
endloop
endfacet
facet normal 1 0 0
outer loop
vertex 156 43 0
vertex 156 44 0
vertex 156 44 1
endloop
endfacet
facet normal 1 0 0
outer loop
vertex 156 43 0
vertex 156 44 1
vertex 156 43 1
endloop
endfacet
facet normal 0 1 0
outer loop
vertex 156 44 0
vertex 151 44 0
vertex 151 44 1
endloop
endfacet
facet normal 0 1 0
outer loop
vertex 156 44 0
vertex 151 44 1
vertex 156 44 1
endloop
endfacet
facet normal -1 0 0
outer loop
vertex 151 44 0
vertex 151 43 0
vertex 151 43 1
endloop
endfacet
facet normal -1 0 0
outer loop
vertex 151 44 0
vertex 151 43 1
vertex 151 44 1
endloop
endfacet
facet normal 0 0 -1
outer loop
vertex 168 43 0
vertex 174 44 0
vertex 174 43 0
endloop
endfacet
facet normal 0 0 -1
outer loop
vertex 168 43 0
vertex 168 44 0
vertex 174 44 0
endloop
endfacet
facet normal 0 0 1
outer loop
vertex 168 43 1
vertex 174 43 1
vertex 174 44 1
endloop
endfacet
facet normal 0 0 1
outer loop
vertex 168 43 1
vertex 174 44 1
vertex 168 44 1
endloop
endfacet
facet normal 0 -1 0
outer loop
vertex 168 43 0
vertex 174 43 0
vertex 174 43 1
endloop
endfacet
facet normal 0 -1 0
outer loop
vertex 168 43 0
vertex 174 43 1
vertex 168 43 1
endloop
endfacet
facet normal 1 0 0
outer loop
vertex 174 43 0
vertex 174 44 0
vertex 174 44 1
endloop
endfacet
facet normal 1 0 0
outer loop
vertex 174 43 0
vertex 174 44 1
vertex 174 43 1
endloop
endfacet
facet normal 0 1 0
outer loop
vertex 174 44 0
vertex 168 44 0
vertex 168 44 1
endloop
endfacet
facet normal 0 1 0
outer loop
vertex 174 44 0
vertex 168 44 1
vertex 174 44 1
endloop
endfacet
facet normal -1 0 0
outer loop
vertex 168 44 0
vertex 168 43 0
vertex 168 43 1
endloop
endfacet
facet normal -1 0 0
outer loop
vertex 168 44 0
vertex 168 43 1
vertex 168 44 1
endloop
endfacet
facet normal 0 0 -1
outer loop
vertex 182 43 0
vertex 188 44 0
vertex 188 43 0
endloop
endfacet
facet normal 0 0 -1
outer loop
vertex 182 43 0
vertex 182 44 0
vertex 188 44 0
endloop
endfacet
facet normal 0 0 1
outer loop
vertex 182 43 1
vertex 188 43 1
vertex 188 44 1
endloop
endfacet
facet normal 0 0 1
outer loop
vertex 182 43 1
vertex 188 44 1
vertex 182 44 1
endloop
endfacet
facet normal 0 -1 0
outer loop
vertex 182 43 0
vertex 188 43 0
vertex 188 43 1
endloop
endfacet
facet normal 0 -1 0
outer loop
vertex 182 43 0
vertex 188 43 1
vertex 182 43 1
endloop
endfacet
facet normal 1 0 0
outer loop
vertex 188 43 0
vertex 188 44 0
vertex 188 44 1
endloop
endfacet
facet normal 1 0 0
outer loop
vertex 188 43 0
vertex 188 44 1
vertex 188 43 1
endloop
endfacet
facet normal 0 1 0
outer loop
vertex 188 44 0
vertex 182 44 0
vertex 182 44 1
endloop
endfacet
facet normal 0 1 0
outer loop
vertex 188 44 0
vertex 182 44 1
vertex 188 44 1
endloop
endfacet
facet normal -1 0 0
outer loop
vertex 182 44 0
vertex 182 43 0
vertex 182 43 1
endloop
endfacet
facet normal -1 0 0
outer loop
vertex 182 44 0
vertex 182 43 1
vertex 182 44 1
endloop
endfacet
facet normal 0 0 -1
outer loop
vertex 190 43 0
vertex 204 44 0
vertex 204 43 0
endloop
endfacet
facet normal 0 0 -1
outer loop
vertex 190 43 0
vertex 190 44 0
vertex 204 44 0
endloop
endfacet
facet normal 0 0 1
outer loop
vertex 190 43 1
vertex 204 43 1
vertex 204 44 1
endloop
endfacet
facet normal 0 0 1
outer loop
vertex 190 43 1
vertex 204 44 1
vertex 190 44 1
endloop
endfacet
facet normal 0 -1 0
outer loop
vertex 190 43 0
vertex 204 43 0
vertex 204 43 1
endloop
endfacet
facet normal 0 -1 0
outer loop
vertex 190 43 0
vertex 204 43 1
vertex 190 43 1
endloop
endfacet
facet normal 1 0 0
outer loop
vertex 204 43 0
vertex 204 44 0
vertex 204 44 1
endloop
endfacet
facet normal 1 0 0
outer loop
vertex 204 43 0
vertex 204 44 1
vertex 204 43 1
endloop
endfacet
facet normal 0 1 0
outer loop
vertex 204 44 0
vertex 190 44 0
vertex 190 44 1
endloop
endfacet
facet normal 0 1 0
outer loop
vertex 204 44 0
vertex 190 44 1
vertex 204 44 1
endloop
endfacet
facet normal -1 0 0
outer loop
vertex 190 44 0
vertex 190 43 0
vertex 190 43 1
endloop
endfacet
facet normal -1 0 0
outer loop
vertex 190 44 0
vertex 190 43 1
vertex 190 44 1
endloop
endfacet
facet normal 0 0 -1
outer loop
vertex 207 43 0
vertex 212 44 0
vertex 212 43 0
endloop
endfacet
facet normal 0 0 -1
outer loop
vertex 207 43 0
vertex 207 44 0
vertex 212 44 0
endloop
endfacet
facet normal 0 0 1
outer loop
vertex 207 43 1
vertex 212 43 1
vertex 212 44 1
endloop
endfacet
facet normal 0 0 1
outer loop
vertex 207 43 1
vertex 212 44 1
vertex 207 44 1
endloop
endfacet
facet normal 0 -1 0
outer loop
vertex 207 43 0
vertex 212 43 0
vertex 212 43 1
endloop
endfacet
facet normal 0 -1 0
outer loop
vertex 207 43 0
vertex 212 43 1
vertex 207 43 1
endloop
endfacet
facet normal 1 0 0
outer loop
vertex 212 43 0
vertex 212 44 0
vertex 212 44 1
endloop
endfacet
facet normal 1 0 0
outer loop
vertex 212 43 0
vertex 212 44 1
vertex 212 43 1
endloop
endfacet
facet normal 0 1 0
outer loop
vertex 212 44 0
vertex 207 44 0
vertex 207 44 1
endloop
endfacet
facet normal 0 1 0
outer loop
vertex 212 44 0
vertex 207 44 1
vertex 212 44 1
endloop
endfacet
facet normal -1 0 0
outer loop
vertex 207 44 0
vertex 207 43 0
vertex 207 43 1
endloop
endfacet
facet normal -1 0 0
outer loop
vertex 207 44 0
vertex 207 43 1
vertex 207 44 1
endloop
endfacet
facet normal 0 0 -1
outer loop
vertex 227 43 0
vertex 232 44 0
vertex 232 43 0
endloop
endfacet
facet normal 0 0 -1
outer loop
vertex 227 43 0
vertex 227 44 0
vertex 232 44 0
endloop
endfacet
facet normal 0 0 1
outer loop
vertex 227 43 1
vertex 232 43 1
vertex 232 44 1
endloop
endfacet
facet normal 0 0 1
outer loop
vertex 227 43 1
vertex 232 44 1
vertex 227 44 1
endloop
endfacet
facet normal 0 -1 0
outer loop
vertex 227 43 0
vertex 232 43 0
vertex 232 43 1
endloop
endfacet
facet normal 0 -1 0
outer loop
vertex 227 43 0
vertex 232 43 1
vertex 227 43 1
endloop
endfacet
facet normal 1 0 0
outer loop
vertex 232 43 0
vertex 232 44 0
vertex 232 44 1
endloop
endfacet
facet normal 1 0 0
outer loop
vertex 232 43 0
vertex 232 44 1
vertex 232 43 1
endloop
endfacet
facet normal 0 1 0
outer loop
vertex 232 44 0
vertex 227 44 0
vertex 227 44 1
endloop
endfacet
facet normal 0 1 0
outer loop
vertex 232 44 0
vertex 227 44 1
vertex 232 44 1
endloop
endfacet
facet normal -1 0 0
outer loop
vertex 227 44 0
vertex 227 43 0
vertex 227 43 1
endloop
endfacet
facet normal -1 0 0
outer loop
vertex 227 44 0
vertex 227 43 1
vertex 227 44 1
endloop
endfacet
facet normal 0 0 -1
outer loop
vertex 244 43 0
vertex 249 44 0
vertex 249 43 0
endloop
endfacet
facet normal 0 0 -1
outer loop
vertex 244 43 0
vertex 244 44 0
vertex 249 44 0
endloop
endfacet
facet normal 0 0 1
outer loop
vertex 244 43 1
vertex 249 43 1
vertex 249 44 1
endloop
endfacet
facet normal 0 0 1
outer loop
vertex 244 43 1
vertex 249 44 1
vertex 244 44 1
endloop
endfacet
facet normal 0 -1 0
outer loop
vertex 244 43 0
vertex 249 43 0
vertex 249 43 1
endloop
endfacet
facet normal 0 -1 0
outer loop
vertex 244 43 0
vertex 249 43 1
vertex 244 43 1
endloop
endfacet
facet normal 1 0 0
outer loop
vertex 249 43 0
vertex 249 44 0
vertex 249 44 1
endloop
endfacet
facet normal 1 0 0
outer loop
vertex 249 43 0
vertex 249 44 1
vertex 249 43 1
endloop
endfacet
facet normal 0 1 0
outer loop
vertex 249 44 0
vertex 244 44 0
vertex 244 44 1
endloop
endfacet
facet normal 0 1 0
outer loop
vertex 249 44 0
vertex 244 44 1
vertex 249 44 1
endloop
endfacet
facet normal -1 0 0
outer loop
vertex 244 44 0
vertex 244 43 0
vertex 244 43 1
endloop
endfacet
facet normal -1 0 0
outer loop
vertex 244 44 0
vertex 244 43 1
vertex 244 44 1
endloop
endfacet
facet normal 0 0 -1
outer loop
vertex 250 43 0
vertex 255 44 0
vertex 255 43 0
endloop
endfacet
facet normal 0 0 -1
outer loop
vertex 250 43 0
vertex 250 44 0
vertex 255 44 0
endloop
endfacet
facet normal 0 0 1
outer loop
vertex 250 43 1
vertex 255 43 1
vertex 255 44 1
endloop
endfacet
facet normal 0 0 1
outer loop
vertex 250 43 1
vertex 255 44 1
vertex 250 44 1
endloop
endfacet
facet normal 0 -1 0
outer loop
vertex 250 43 0
vertex 255 43 0
vertex 255 43 1
endloop
endfacet
facet normal 0 -1 0
outer loop
vertex 250 43 0
vertex 255 43 1
vertex 250 43 1
endloop
endfacet
facet normal 1 0 0
outer loop
vertex 255 43 0
vertex 255 44 0
vertex 255 44 1
endloop
endfacet
facet normal 1 0 0
outer loop
vertex 255 43 0
vertex 255 44 1
vertex 255 43 1
endloop
endfacet
facet normal 0 1 0
outer loop
vertex 255 44 0
vertex 250 44 0
vertex 250 44 1
endloop
endfacet
facet normal 0 1 0
outer loop
vertex 255 44 0
vertex 250 44 1
vertex 255 44 1
endloop
endfacet
facet normal -1 0 0
outer loop
vertex 250 44 0
vertex 250 43 0
vertex 250 43 1
endloop
endfacet
facet normal -1 0 0
outer loop
vertex 250 44 0
vertex 250 43 1
vertex 250 44 1
endloop
endfacet
facet normal 0 0 -1
outer loop
vertex 258 43 0
vertex 274 44 0
vertex 274 43 0
endloop
endfacet
facet normal 0 0 -1
outer loop
vertex 258 43 0
vertex 258 44 0
vertex 274 44 0
endloop
endfacet
facet normal 0 0 1
outer loop
vertex 258 43 1
vertex 274 43 1
vertex 274 44 1
endloop
endfacet
facet normal 0 0 1
outer loop
vertex 258 43 1
vertex 274 44 1
vertex 258 44 1
endloop
endfacet
facet normal 0 -1 0
outer loop
vertex 258 43 0
vertex 274 43 0
vertex 274 43 1
endloop
endfacet
facet normal 0 -1 0
outer loop
vertex 258 43 0
vertex 274 43 1
vertex 258 43 1
endloop
endfacet
facet normal 1 0 0
outer loop
vertex 274 43 0
vertex 274 44 0
vertex 274 44 1
endloop
endfacet
facet normal 1 0 0
outer loop
vertex 274 43 0
vertex 274 44 1
vertex 274 43 1
endloop
endfacet
facet normal 0 1 0
outer loop
vertex 274 44 0
vertex 258 44 0
vertex 258 44 1
endloop
endfacet
facet normal 0 1 0
outer loop
vertex 274 44 0
vertex 258 44 1
vertex 274 44 1
endloop
endfacet
facet normal -1 0 0
outer loop
vertex 258 44 0
vertex 258 43 0
vertex 258 43 1
endloop
endfacet
facet normal -1 0 0
outer loop
vertex 258 44 0
vertex 258 43 1
vertex 258 44 1
endloop
endfacet
facet normal 0 0 -1
outer loop
vertex 284 43 0
vertex 290 44 0
vertex 290 43 0
endloop
endfacet
facet normal 0 0 -1
outer loop
vertex 284 43 0
vertex 284 44 0
vertex 290 44 0
endloop
endfacet
facet normal 0 0 1
outer loop
vertex 284 43 1
vertex 290 43 1
vertex 290 44 1
endloop
endfacet
facet normal 0 0 1
outer loop
vertex 284 43 1
vertex 290 44 1
vertex 284 44 1
endloop
endfacet
facet normal 0 -1 0
outer loop
vertex 284 43 0
vertex 290 43 0
vertex 290 43 1
endloop
endfacet
facet normal 0 -1 0
outer loop
vertex 284 43 0
vertex 290 43 1
vertex 284 43 1
endloop
endfacet
facet normal 1 0 0
outer loop
vertex 290 43 0
vertex 290 44 0
vertex 290 44 1
endloop
endfacet
facet normal 1 0 0
outer loop
vertex 290 43 0
vertex 290 44 1
vertex 290 43 1
endloop
endfacet
facet normal 0 1 0
outer loop
vertex 290 44 0
vertex 284 44 0
vertex 284 44 1
endloop
endfacet
facet normal 0 1 0
outer loop
vertex 290 44 0
vertex 284 44 1
vertex 290 44 1
endloop
endfacet
facet normal -1 0 0
outer loop
vertex 284 44 0
vertex 284 43 0
vertex 284 43 1
endloop
endfacet
facet normal -1 0 0
outer loop
vertex 284 44 0
vertex 284 43 1
vertex 284 44 1
endloop
endfacet
facet normal 0 0 -1
outer loop
vertex 297 43 0
vertex 303 44 0
vertex 303 43 0
endloop
endfacet
facet normal 0 0 -1
outer loop
vertex 297 43 0
vertex 297 44 0
vertex 303 44 0
endloop
endfacet
facet normal 0 0 1
outer loop
vertex 297 43 1
vertex 303 43 1
vertex 303 44 1
endloop
endfacet
facet normal 0 0 1
outer loop
vertex 297 43 1
vertex 303 44 1
vertex 297 44 1
endloop
endfacet
facet normal 0 -1 0
outer loop
vertex 297 43 0
vertex 303 43 0
vertex 303 43 1
endloop
endfacet
facet normal 0 -1 0
outer loop
vertex 297 43 0
vertex 303 43 1
vertex 297 43 1
endloop
endfacet
facet normal 1 0 0
outer loop
vertex 303 43 0
vertex 303 44 0
vertex 303 44 1
endloop
endfacet
facet normal 1 0 0
outer loop
vertex 303 43 0
vertex 303 44 1
vertex 303 43 1
endloop
endfacet
facet normal 0 1 0
outer loop
vertex 303 44 0
vertex 297 44 0
vertex 297 44 1
endloop
endfacet
facet normal 0 1 0
outer loop
vertex 303 44 0
vertex 297 44 1
vertex 303 44 1
endloop
endfacet
facet normal -1 0 0
outer loop
vertex 297 44 0
vertex 297 43 0
vertex 297 43 1
endloop
endfacet
facet normal -1 0 0
outer loop
vertex 297 44 0
vertex 297 43 1
vertex 297 44 1
endloop
endfacet
facet normal 0 0 -1
outer loop
vertex 305 43 0
vertex 311 44 0
vertex 311 43 0
endloop
endfacet
facet normal 0 0 -1
outer loop
vertex 305 43 0
vertex 305 44 0
vertex 311 44 0
endloop
endfacet
facet normal 0 0 1
outer loop
vertex 305 43 1
vertex 311 43 1
vertex 311 44 1
endloop
endfacet
facet normal 0 0 1
outer loop
vertex 305 43 1
vertex 311 44 1
vertex 305 44 1
endloop
endfacet
facet normal 0 -1 0
outer loop
vertex 305 43 0
vertex 311 43 0
vertex 311 43 1
endloop
endfacet
facet normal 0 -1 0
outer loop
vertex 305 43 0
vertex 311 43 1
vertex 305 43 1
endloop
endfacet
facet normal 1 0 0
outer loop
vertex 311 43 0
vertex 311 44 0
vertex 311 44 1
endloop
endfacet
facet normal 1 0 0
outer loop
vertex 311 43 0
vertex 311 44 1
vertex 311 43 1
endloop
endfacet
facet normal 0 1 0
outer loop
vertex 311 44 0
vertex 305 44 0
vertex 305 44 1
endloop
endfacet
facet normal 0 1 0
outer loop
vertex 311 44 0
vertex 305 44 1
vertex 311 44 1
endloop
endfacet
facet normal -1 0 0
outer loop
vertex 305 44 0
vertex 305 43 0
vertex 305 43 1
endloop
endfacet
facet normal -1 0 0
outer loop
vertex 305 44 0
vertex 305 43 1
vertex 305 44 1
endloop
endfacet
facet normal 0 0 -1
outer loop
vertex 318 43 0
vertex 323 44 0
vertex 323 43 0
endloop
endfacet
facet normal 0 0 -1
outer loop
vertex 318 43 0
vertex 318 44 0
vertex 323 44 0
endloop
endfacet
facet normal 0 0 1
outer loop
vertex 318 43 1
vertex 323 43 1
vertex 323 44 1
endloop
endfacet
facet normal 0 0 1
outer loop
vertex 318 43 1
vertex 323 44 1
vertex 318 44 1
endloop
endfacet
facet normal 0 -1 0
outer loop
vertex 318 43 0
vertex 323 43 0
vertex 323 43 1
endloop
endfacet
facet normal 0 -1 0
outer loop
vertex 318 43 0
vertex 323 43 1
vertex 318 43 1
endloop
endfacet
facet normal 1 0 0
outer loop
vertex 323 43 0
vertex 323 44 0
vertex 323 44 1
endloop
endfacet
facet normal 1 0 0
outer loop
vertex 323 43 0
vertex 323 44 1
vertex 323 43 1
endloop
endfacet
facet normal 0 1 0
outer loop
vertex 323 44 0
vertex 318 44 0
vertex 318 44 1
endloop
endfacet
facet normal 0 1 0
outer loop
vertex 323 44 0
vertex 318 44 1
vertex 323 44 1
endloop
endfacet
facet normal -1 0 0
outer loop
vertex 318 44 0
vertex 318 43 0
vertex 318 43 1
endloop
endfacet
facet normal -1 0 0
outer loop
vertex 318 44 0
vertex 318 43 1
vertex 318 44 1
endloop
endfacet
facet normal 0 0 -1
outer loop
vertex 327 43 0
vertex 332 44 0
vertex 332 43 0
endloop
endfacet
facet normal 0 0 -1
outer loop
vertex 327 43 0
vertex 327 44 0
vertex 332 44 0
endloop
endfacet
facet normal 0 0 1
outer loop
vertex 327 43 1
vertex 332 43 1
vertex 332 44 1
endloop
endfacet
facet normal 0 0 1
outer loop
vertex 327 43 1
vertex 332 44 1
vertex 327 44 1
endloop
endfacet
facet normal 0 -1 0
outer loop
vertex 327 43 0
vertex 332 43 0
vertex 332 43 1
endloop
endfacet
facet normal 0 -1 0
outer loop
vertex 327 43 0
vertex 332 43 1
vertex 327 43 1
endloop
endfacet
facet normal 1 0 0
outer loop
vertex 332 43 0
vertex 332 44 0
vertex 332 44 1
endloop
endfacet
facet normal 1 0 0
outer loop
vertex 332 43 0
vertex 332 44 1
vertex 332 43 1
endloop
endfacet
facet normal 0 1 0
outer loop
vertex 332 44 0
vertex 327 44 0
vertex 327 44 1
endloop
endfacet
facet normal 0 1 0
outer loop
vertex 332 44 0
vertex 327 44 1
vertex 332 44 1
endloop
endfacet
facet normal -1 0 0
outer loop
vertex 327 44 0
vertex 327 43 0
vertex 327 43 1
endloop
endfacet
facet normal -1 0 0
outer loop
vertex 327 44 0
vertex 327 43 1
vertex 327 44 1
endloop
endfacet
facet normal 0 0 -1
outer loop
vertex 333 43 0
vertex 338 44 0
vertex 338 43 0
endloop
endfacet
facet normal 0 0 -1
outer loop
vertex 333 43 0
vertex 333 44 0
vertex 338 44 0
endloop
endfacet
facet normal 0 0 1
outer loop
vertex 333 43 1
vertex 338 43 1
vertex 338 44 1
endloop
endfacet
facet normal 0 0 1
outer loop
vertex 333 43 1
vertex 338 44 1
vertex 333 44 1
endloop
endfacet
facet normal 0 -1 0
outer loop
vertex 333 43 0
vertex 338 43 0
vertex 338 43 1
endloop
endfacet
facet normal 0 -1 0
outer loop
vertex 333 43 0
vertex 338 43 1
vertex 333 43 1
endloop
endfacet
facet normal 1 0 0
outer loop
vertex 338 43 0
vertex 338 44 0
vertex 338 44 1
endloop
endfacet
facet normal 1 0 0
outer loop
vertex 338 43 0
vertex 338 44 1
vertex 338 43 1
endloop
endfacet
facet normal 0 1 0
outer loop
vertex 338 44 0
vertex 333 44 0
vertex 333 44 1
endloop
endfacet
facet normal 0 1 0
outer loop
vertex 338 44 0
vertex 333 44 1
vertex 338 44 1
endloop
endfacet
facet normal -1 0 0
outer loop
vertex 333 44 0
vertex 333 43 0
vertex 333 43 1
endloop
endfacet
facet normal -1 0 0
outer loop
vertex 333 44 0
vertex 333 43 1
vertex 333 44 1
endloop
endfacet
facet normal 0 0 -1
outer loop
vertex 341 43 0
vertex 357 44 0
vertex 357 43 0
endloop
endfacet
facet normal 0 0 -1
outer loop
vertex 341 43 0
vertex 341 44 0
vertex 357 44 0
endloop
endfacet
facet normal 0 0 1
outer loop
vertex 341 43 1
vertex 357 43 1
vertex 357 44 1
endloop
endfacet
facet normal 0 0 1
outer loop
vertex 341 43 1
vertex 357 44 1
vertex 341 44 1
endloop
endfacet
facet normal 0 -1 0
outer loop
vertex 341 43 0
vertex 357 43 0
vertex 357 43 1
endloop
endfacet
facet normal 0 -1 0
outer loop
vertex 341 43 0
vertex 357 43 1
vertex 341 43 1
endloop
endfacet
facet normal 1 0 0
outer loop
vertex 357 43 0
vertex 357 44 0
vertex 357 44 1
endloop
endfacet
facet normal 1 0 0
outer loop
vertex 357 43 0
vertex 357 44 1
vertex 357 43 1
endloop
endfacet
facet normal 0 1 0
outer loop
vertex 357 44 0
vertex 341 44 0
vertex 341 44 1
endloop
endfacet
facet normal 0 1 0
outer loop
vertex 357 44 0
vertex 341 44 1
vertex 357 44 1
endloop
endfacet
facet normal -1 0 0
outer loop
vertex 341 44 0
vertex 341 43 0
vertex 341 43 1
endloop
endfacet
facet normal -1 0 0
outer loop
vertex 341 44 0
vertex 341 43 1
vertex 341 44 1
endloop
endfacet
facet normal 0 0 -1
outer loop
vertex 359 43 0
vertex 364 44 0
vertex 364 43 0
endloop
endfacet
facet normal 0 0 -1
outer loop
vertex 359 43 0
vertex 359 44 0
vertex 364 44 0
endloop
endfacet
facet normal 0 0 1
outer loop
vertex 359 43 1
vertex 364 43 1
vertex 364 44 1
endloop
endfacet
facet normal 0 0 1
outer loop
vertex 359 43 1
vertex 364 44 1
vertex 359 44 1
endloop
endfacet
facet normal 0 -1 0
outer loop
vertex 359 43 0
vertex 364 43 0
vertex 364 43 1
endloop
endfacet
facet normal 0 -1 0
outer loop
vertex 359 43 0
vertex 364 43 1
vertex 359 43 1
endloop
endfacet
facet normal 1 0 0
outer loop
vertex 364 43 0
vertex 364 44 0
vertex 364 44 1
endloop
endfacet
facet normal 1 0 0
outer loop
vertex 364 43 0
vertex 364 44 1
vertex 364 43 1
endloop
endfacet
facet normal 0 1 0
outer loop
vertex 364 44 0
vertex 359 44 0
vertex 359 44 1
endloop
endfacet
facet normal 0 1 0
outer loop
vertex 364 44 0
vertex 359 44 1
vertex 364 44 1
endloop
endfacet
facet normal -1 0 0
outer loop
vertex 359 44 0
vertex 359 43 0
vertex 359 43 1
endloop
endfacet
facet normal -1 0 0
outer loop
vertex 359 44 0
vertex 359 43 1
vertex 359 44 1
endloop
endfacet
facet normal 0 0 -1
outer loop
vertex 369 43 0
vertex 374 44 0
vertex 374 43 0
endloop
endfacet
facet normal 0 0 -1
outer loop
vertex 369 43 0
vertex 369 44 0
vertex 374 44 0
endloop
endfacet
facet normal 0 0 1
outer loop
vertex 369 43 1
vertex 374 43 1
vertex 374 44 1
endloop
endfacet
facet normal 0 0 1
outer loop
vertex 369 43 1
vertex 374 44 1
vertex 369 44 1
endloop
endfacet
facet normal 0 -1 0
outer loop
vertex 369 43 0
vertex 374 43 0
vertex 374 43 1
endloop
endfacet
facet normal 0 -1 0
outer loop
vertex 369 43 0
vertex 374 43 1
vertex 369 43 1
endloop
endfacet
facet normal 1 0 0
outer loop
vertex 374 43 0
vertex 374 44 0
vertex 374 44 1
endloop
endfacet
facet normal 1 0 0
outer loop
vertex 374 43 0
vertex 374 44 1
vertex 374 43 1
endloop
endfacet
facet normal 0 1 0
outer loop
vertex 374 44 0
vertex 369 44 0
vertex 369 44 1
endloop
endfacet
facet normal 0 1 0
outer loop
vertex 374 44 0
vertex 369 44 1
vertex 374 44 1
endloop
endfacet
facet normal -1 0 0
outer loop
vertex 369 44 0
vertex 369 43 0
vertex 369 43 1
endloop
endfacet
facet normal -1 0 0
outer loop
vertex 369 44 0
vertex 369 43 1
vertex 369 44 1
endloop
endfacet
facet normal 0 0 -1
outer loop
vertex 65 42 0
vertex 71 43 0
vertex 71 42 0
endloop
endfacet
facet normal 0 0 -1
outer loop
vertex 65 42 0
vertex 65 43 0
vertex 71 43 0
endloop
endfacet
facet normal 0 0 1
outer loop
vertex 65 42 1
vertex 71 42 1
vertex 71 43 1
endloop
endfacet
facet normal 0 0 1
outer loop
vertex 65 42 1
vertex 71 43 1
vertex 65 43 1
endloop
endfacet
facet normal 0 -1 0
outer loop
vertex 65 42 0
vertex 71 42 0
vertex 71 42 1
endloop
endfacet
facet normal 0 -1 0
outer loop
vertex 65 42 0
vertex 71 42 1
vertex 65 42 1
endloop
endfacet
facet normal 1 0 0
outer loop
vertex 71 42 0
vertex 71 43 0
vertex 71 43 1
endloop
endfacet
facet normal 1 0 0
outer loop
vertex 71 42 0
vertex 71 43 1
vertex 71 42 1
endloop
endfacet
facet normal 0 1 0
outer loop
vertex 71 43 0
vertex 65 43 0
vertex 65 43 1
endloop
endfacet
facet normal 0 1 0
outer loop
vertex 71 43 0
vertex 65 43 1
vertex 71 43 1
endloop
endfacet
facet normal -1 0 0
outer loop
vertex 65 43 0
vertex 65 42 0
vertex 65 42 1
endloop
endfacet
facet normal -1 0 0
outer loop
vertex 65 43 0
vertex 65 42 1
vertex 65 43 1
endloop
endfacet
facet normal 0 0 -1
outer loop
vertex 83 42 0
vertex 88 43 0
vertex 88 42 0
endloop
endfacet
facet normal 0 0 -1
outer loop
vertex 83 42 0
vertex 83 43 0
vertex 88 43 0
endloop
endfacet
facet normal 0 0 1
outer loop
vertex 83 42 1
vertex 88 42 1
vertex 88 43 1
endloop
endfacet
facet normal 0 0 1
outer loop
vertex 83 42 1
vertex 88 43 1
vertex 83 43 1
endloop
endfacet
facet normal 0 -1 0
outer loop
vertex 83 42 0
vertex 88 42 0
vertex 88 42 1
endloop
endfacet
facet normal 0 -1 0
outer loop
vertex 83 42 0
vertex 88 42 1
vertex 83 42 1
endloop
endfacet
facet normal 1 0 0
outer loop
vertex 88 42 0
vertex 88 43 0
vertex 88 43 1
endloop
endfacet
facet normal 1 0 0
outer loop
vertex 88 42 0
vertex 88 43 1
vertex 88 42 1
endloop
endfacet
facet normal 0 1 0
outer loop
vertex 88 43 0
vertex 83 43 0
vertex 83 43 1
endloop
endfacet
facet normal 0 1 0
outer loop
vertex 88 43 0
vertex 83 43 1
vertex 88 43 1
endloop
endfacet
facet normal -1 0 0
outer loop
vertex 83 43 0
vertex 83 42 0
vertex 83 42 1
endloop
endfacet
facet normal -1 0 0
outer loop
vertex 83 43 0
vertex 83 42 1
vertex 83 43 1
endloop
endfacet
facet normal 0 0 -1
outer loop
vertex 94 42 0
vertex 99 43 0
vertex 99 42 0
endloop
endfacet
facet normal 0 0 -1
outer loop
vertex 94 42 0
vertex 94 43 0
vertex 99 43 0
endloop
endfacet
facet normal 0 0 1
outer loop
vertex 94 42 1
vertex 99 42 1
vertex 99 43 1
endloop
endfacet
facet normal 0 0 1
outer loop
vertex 94 42 1
vertex 99 43 1
vertex 94 43 1
endloop
endfacet
facet normal 0 -1 0
outer loop
vertex 94 42 0
vertex 99 42 0
vertex 99 42 1
endloop
endfacet
facet normal 0 -1 0
outer loop
vertex 94 42 0
vertex 99 42 1
vertex 94 42 1
endloop
endfacet
facet normal 1 0 0
outer loop
vertex 99 42 0
vertex 99 43 0
vertex 99 43 1
endloop
endfacet
facet normal 1 0 0
outer loop
vertex 99 42 0
vertex 99 43 1
vertex 99 42 1
endloop
endfacet
facet normal 0 1 0
outer loop
vertex 99 43 0
vertex 94 43 0
vertex 94 43 1
endloop
endfacet
facet normal 0 1 0
outer loop
vertex 99 43 0
vertex 94 43 1
vertex 99 43 1
endloop
endfacet
facet normal -1 0 0
outer loop
vertex 94 43 0
vertex 94 42 0
vertex 94 42 1
endloop
endfacet
facet normal -1 0 0
outer loop
vertex 94 43 0
vertex 94 42 1
vertex 94 43 1
endloop
endfacet
facet normal 0 0 -1
outer loop
vertex 104 42 0
vertex 114 43 0
vertex 114 42 0
endloop
endfacet
facet normal 0 0 -1
outer loop
vertex 104 42 0
vertex 104 43 0
vertex 114 43 0
endloop
endfacet
facet normal 0 0 1
outer loop
vertex 104 42 1
vertex 114 42 1
vertex 114 43 1
endloop
endfacet
facet normal 0 0 1
outer loop
vertex 104 42 1
vertex 114 43 1
vertex 104 43 1
endloop
endfacet
facet normal 0 -1 0
outer loop
vertex 104 42 0
vertex 114 42 0
vertex 114 42 1
endloop
endfacet
facet normal 0 -1 0
outer loop
vertex 104 42 0
vertex 114 42 1
vertex 104 42 1
endloop
endfacet
facet normal 1 0 0
outer loop
vertex 114 42 0
vertex 114 43 0
vertex 114 43 1
endloop
endfacet
facet normal 1 0 0
outer loop
vertex 114 42 0
vertex 114 43 1
vertex 114 42 1
endloop
endfacet
facet normal 0 1 0
outer loop
vertex 114 43 0
vertex 104 43 0
vertex 104 43 1
endloop
endfacet
facet normal 0 1 0
outer loop
vertex 114 43 0
vertex 104 43 1
vertex 114 43 1
endloop
endfacet
facet normal -1 0 0
outer loop
vertex 104 43 0
vertex 104 42 0
vertex 104 42 1
endloop
endfacet
facet normal -1 0 0
outer loop
vertex 104 43 0
vertex 104 42 1
vertex 104 43 1
endloop
endfacet
facet normal 0 0 -1
outer loop
vertex 117 42 0
vertex 123 43 0
vertex 123 42 0
endloop
endfacet
facet normal 0 0 -1
outer loop
vertex 117 42 0
vertex 117 43 0
vertex 123 43 0
endloop
endfacet
facet normal 0 0 1
outer loop
vertex 117 42 1
vertex 123 42 1
vertex 123 43 1
endloop
endfacet
facet normal 0 0 1
outer loop
vertex 117 42 1
vertex 123 43 1
vertex 117 43 1
endloop
endfacet
facet normal 0 -1 0
outer loop
vertex 117 42 0
vertex 123 42 0
vertex 123 42 1
endloop
endfacet
facet normal 0 -1 0
outer loop
vertex 117 42 0
vertex 123 42 1
vertex 117 42 1
endloop
endfacet
facet normal 1 0 0
outer loop
vertex 123 42 0
vertex 123 43 0
vertex 123 43 1
endloop
endfacet
facet normal 1 0 0
outer loop
vertex 123 42 0
vertex 123 43 1
vertex 123 42 1
endloop
endfacet
facet normal 0 1 0
outer loop
vertex 123 43 0
vertex 117 43 0
vertex 117 43 1
endloop
endfacet
facet normal 0 1 0
outer loop
vertex 123 43 0
vertex 117 43 1
vertex 123 43 1
endloop
endfacet
facet normal -1 0 0
outer loop
vertex 117 43 0
vertex 117 42 0
vertex 117 42 1
endloop
endfacet
facet normal -1 0 0
outer loop
vertex 117 43 0
vertex 117 42 1
vertex 117 43 1
endloop
endfacet
facet normal 0 0 -1
outer loop
vertex 135 42 0
vertex 140 43 0
vertex 140 42 0
endloop
endfacet
facet normal 0 0 -1
outer loop
vertex 135 42 0
vertex 135 43 0
vertex 140 43 0
endloop
endfacet
facet normal 0 0 1
outer loop
vertex 135 42 1
vertex 140 42 1
vertex 140 43 1
endloop
endfacet
facet normal 0 0 1
outer loop
vertex 135 42 1
vertex 140 43 1
vertex 135 43 1
endloop
endfacet
facet normal 0 -1 0
outer loop
vertex 135 42 0
vertex 140 42 0
vertex 140 42 1
endloop
endfacet
facet normal 0 -1 0
outer loop
vertex 135 42 0
vertex 140 42 1
vertex 135 42 1
endloop
endfacet
facet normal 1 0 0
outer loop
vertex 140 42 0
vertex 140 43 0
vertex 140 43 1
endloop
endfacet
facet normal 1 0 0
outer loop
vertex 140 42 0
vertex 140 43 1
vertex 140 42 1
endloop
endfacet
facet normal 0 1 0
outer loop
vertex 140 43 0
vertex 135 43 0
vertex 135 43 1
endloop
endfacet
facet normal 0 1 0
outer loop
vertex 140 43 0
vertex 135 43 1
vertex 140 43 1
endloop
endfacet
facet normal -1 0 0
outer loop
vertex 135 43 0
vertex 135 42 0
vertex 135 42 1
endloop
endfacet
facet normal -1 0 0
outer loop
vertex 135 43 0
vertex 135 42 1
vertex 135 43 1
endloop
endfacet
facet normal 0 0 -1
outer loop
vertex 145 42 0
vertex 155 43 0
vertex 155 42 0
endloop
endfacet
facet normal 0 0 -1
outer loop
vertex 145 42 0
vertex 145 43 0
vertex 155 43 0
endloop
endfacet
facet normal 0 0 1
outer loop
vertex 145 42 1
vertex 155 42 1
vertex 155 43 1
endloop
endfacet
facet normal 0 0 1
outer loop
vertex 145 42 1
vertex 155 43 1
vertex 145 43 1
endloop
endfacet
facet normal 0 -1 0
outer loop
vertex 145 42 0
vertex 155 42 0
vertex 155 42 1
endloop
endfacet
facet normal 0 -1 0
outer loop
vertex 145 42 0
vertex 155 42 1
vertex 145 42 1
endloop
endfacet
facet normal 1 0 0
outer loop
vertex 155 42 0
vertex 155 43 0
vertex 155 43 1
endloop
endfacet
facet normal 1 0 0
outer loop
vertex 155 42 0
vertex 155 43 1
vertex 155 42 1
endloop
endfacet
facet normal 0 1 0
outer loop
vertex 155 43 0
vertex 145 43 0
vertex 145 43 1
endloop
endfacet
facet normal 0 1 0
outer loop
vertex 155 43 0
vertex 145 43 1
vertex 155 43 1
endloop
endfacet
facet normal -1 0 0
outer loop
vertex 145 43 0
vertex 145 42 0
vertex 145 42 1
endloop
endfacet
facet normal -1 0 0
outer loop
vertex 145 43 0
vertex 145 42 1
vertex 145 43 1
endloop
endfacet
facet normal 0 0 -1
outer loop
vertex 169 42 0
vertex 174 43 0
vertex 174 42 0
endloop
endfacet
facet normal 0 0 -1
outer loop
vertex 169 42 0
vertex 169 43 0
vertex 174 43 0
endloop
endfacet
facet normal 0 0 1
outer loop
vertex 169 42 1
vertex 174 42 1
vertex 174 43 1
endloop
endfacet
facet normal 0 0 1
outer loop
vertex 169 42 1
vertex 174 43 1
vertex 169 43 1
endloop
endfacet
facet normal 0 -1 0
outer loop
vertex 169 42 0
vertex 174 42 0
vertex 174 42 1
endloop
endfacet
facet normal 0 -1 0
outer loop
vertex 169 42 0
vertex 174 42 1
vertex 169 42 1
endloop
endfacet
facet normal 1 0 0
outer loop
vertex 174 42 0
vertex 174 43 0
vertex 174 43 1
endloop
endfacet
facet normal 1 0 0
outer loop
vertex 174 42 0
vertex 174 43 1
vertex 174 42 1
endloop
endfacet
facet normal 0 1 0
outer loop
vertex 174 43 0
vertex 169 43 0
vertex 169 43 1
endloop
endfacet
facet normal 0 1 0
outer loop
vertex 174 43 0
vertex 169 43 1
vertex 174 43 1
endloop
endfacet
facet normal -1 0 0
outer loop
vertex 169 43 0
vertex 169 42 0
vertex 169 42 1
endloop
endfacet
facet normal -1 0 0
outer loop
vertex 169 43 0
vertex 169 42 1
vertex 169 43 1
endloop
endfacet
facet normal 0 0 -1
outer loop
vertex 182 42 0
vertex 188 43 0
vertex 188 42 0
endloop
endfacet
facet normal 0 0 -1
outer loop
vertex 182 42 0
vertex 182 43 0
vertex 188 43 0
endloop
endfacet
facet normal 0 0 1
outer loop
vertex 182 42 1
vertex 188 42 1
vertex 188 43 1
endloop
endfacet
facet normal 0 0 1
outer loop
vertex 182 42 1
vertex 188 43 1
vertex 182 43 1
endloop
endfacet
facet normal 0 -1 0
outer loop
vertex 182 42 0
vertex 188 42 0
vertex 188 42 1
endloop
endfacet
facet normal 0 -1 0
outer loop
vertex 182 42 0
vertex 188 42 1
vertex 182 42 1
endloop
endfacet
facet normal 1 0 0
outer loop
vertex 188 42 0
vertex 188 43 0
vertex 188 43 1
endloop
endfacet
facet normal 1 0 0
outer loop
vertex 188 42 0
vertex 188 43 1
vertex 188 42 1
endloop
endfacet
facet normal 0 1 0
outer loop
vertex 188 43 0
vertex 182 43 0
vertex 182 43 1
endloop
endfacet
facet normal 0 1 0
outer loop
vertex 188 43 0
vertex 182 43 1
vertex 188 43 1
endloop
endfacet
facet normal -1 0 0
outer loop
vertex 182 43 0
vertex 182 42 0
vertex 182 42 1
endloop
endfacet
facet normal -1 0 0
outer loop
vertex 182 43 0
vertex 182 42 1
vertex 182 43 1
endloop
endfacet
facet normal 0 0 -1
outer loop
vertex 189 42 0
vertex 196 43 0
vertex 196 42 0
endloop
endfacet
facet normal 0 0 -1
outer loop
vertex 189 42 0
vertex 189 43 0
vertex 196 43 0
endloop
endfacet
facet normal 0 0 1
outer loop
vertex 189 42 1
vertex 196 42 1
vertex 196 43 1
endloop
endfacet
facet normal 0 0 1
outer loop
vertex 189 42 1
vertex 196 43 1
vertex 189 43 1
endloop
endfacet
facet normal 0 -1 0
outer loop
vertex 189 42 0
vertex 196 42 0
vertex 196 42 1
endloop
endfacet
facet normal 0 -1 0
outer loop
vertex 189 42 0
vertex 196 42 1
vertex 189 42 1
endloop
endfacet
facet normal 1 0 0
outer loop
vertex 196 42 0
vertex 196 43 0
vertex 196 43 1
endloop
endfacet
facet normal 1 0 0
outer loop
vertex 196 42 0
vertex 196 43 1
vertex 196 42 1
endloop
endfacet
facet normal 0 1 0
outer loop
vertex 196 43 0
vertex 189 43 0
vertex 189 43 1
endloop
endfacet
facet normal 0 1 0
outer loop
vertex 196 43 0
vertex 189 43 1
vertex 196 43 1
endloop
endfacet
facet normal -1 0 0
outer loop
vertex 189 43 0
vertex 189 42 0
vertex 189 42 1
endloop
endfacet
facet normal -1 0 0
outer loop
vertex 189 43 0
vertex 189 42 1
vertex 189 43 1
endloop
endfacet
facet normal 0 0 -1
outer loop
vertex 199 42 0
vertex 204 43 0
vertex 204 42 0
endloop
endfacet
facet normal 0 0 -1
outer loop
vertex 199 42 0
vertex 199 43 0
vertex 204 43 0
endloop
endfacet
facet normal 0 0 1
outer loop
vertex 199 42 1
vertex 204 42 1
vertex 204 43 1
endloop
endfacet
facet normal 0 0 1
outer loop
vertex 199 42 1
vertex 204 43 1
vertex 199 43 1
endloop
endfacet
facet normal 0 -1 0
outer loop
vertex 199 42 0
vertex 204 42 0
vertex 204 42 1
endloop
endfacet
facet normal 0 -1 0
outer loop
vertex 199 42 0
vertex 204 42 1
vertex 199 42 1
endloop
endfacet
facet normal 1 0 0
outer loop
vertex 204 42 0
vertex 204 43 0
vertex 204 43 1
endloop
endfacet
facet normal 1 0 0
outer loop
vertex 204 42 0
vertex 204 43 1
vertex 204 42 1
endloop
endfacet
facet normal 0 1 0
outer loop
vertex 204 43 0
vertex 199 43 0
vertex 199 43 1
endloop
endfacet
facet normal 0 1 0
outer loop
vertex 204 43 0
vertex 199 43 1
vertex 204 43 1
endloop
endfacet
facet normal -1 0 0
outer loop
vertex 199 43 0
vertex 199 42 0
vertex 199 42 1
endloop
endfacet
facet normal -1 0 0
outer loop
vertex 199 43 0
vertex 199 42 1
vertex 199 43 1
endloop
endfacet
facet normal 0 0 -1
outer loop
vertex 207 42 0
vertex 212 43 0
vertex 212 42 0
endloop
endfacet
facet normal 0 0 -1
outer loop
vertex 207 42 0
vertex 207 43 0
vertex 212 43 0
endloop
endfacet
facet normal 0 0 1
outer loop
vertex 207 42 1
vertex 212 42 1
vertex 212 43 1
endloop
endfacet
facet normal 0 0 1
outer loop
vertex 207 42 1
vertex 212 43 1
vertex 207 43 1
endloop
endfacet
facet normal 0 -1 0
outer loop
vertex 207 42 0
vertex 212 42 0
vertex 212 42 1
endloop
endfacet
facet normal 0 -1 0
outer loop
vertex 207 42 0
vertex 212 42 1
vertex 207 42 1
endloop
endfacet
facet normal 1 0 0
outer loop
vertex 212 42 0
vertex 212 43 0
vertex 212 43 1
endloop
endfacet
facet normal 1 0 0
outer loop
vertex 212 42 0
vertex 212 43 1
vertex 212 42 1
endloop
endfacet
facet normal 0 1 0
outer loop
vertex 212 43 0
vertex 207 43 0
vertex 207 43 1
endloop
endfacet
facet normal 0 1 0
outer loop
vertex 212 43 0
vertex 207 43 1
vertex 212 43 1
endloop
endfacet
facet normal -1 0 0
outer loop
vertex 207 43 0
vertex 207 42 0
vertex 207 42 1
endloop
endfacet
facet normal -1 0 0
outer loop
vertex 207 43 0
vertex 207 42 1
vertex 207 43 1
endloop
endfacet
facet normal 0 0 -1
outer loop
vertex 227 42 0
vertex 232 43 0
vertex 232 42 0
endloop
endfacet
facet normal 0 0 -1
outer loop
vertex 227 42 0
vertex 227 43 0
vertex 232 43 0
endloop
endfacet
facet normal 0 0 1
outer loop
vertex 227 42 1
vertex 232 42 1
vertex 232 43 1
endloop
endfacet
facet normal 0 0 1
outer loop
vertex 227 42 1
vertex 232 43 1
vertex 227 43 1
endloop
endfacet
facet normal 0 -1 0
outer loop
vertex 227 42 0
vertex 232 42 0
vertex 232 42 1
endloop
endfacet
facet normal 0 -1 0
outer loop
vertex 227 42 0
vertex 232 42 1
vertex 227 42 1
endloop
endfacet
facet normal 1 0 0
outer loop
vertex 232 42 0
vertex 232 43 0
vertex 232 43 1
endloop
endfacet
facet normal 1 0 0
outer loop
vertex 232 42 0
vertex 232 43 1
vertex 232 42 1
endloop
endfacet
facet normal 0 1 0
outer loop
vertex 232 43 0
vertex 227 43 0
vertex 227 43 1
endloop
endfacet
facet normal 0 1 0
outer loop
vertex 232 43 0
vertex 227 43 1
vertex 232 43 1
endloop
endfacet
facet normal -1 0 0
outer loop
vertex 227 43 0
vertex 227 42 0
vertex 227 42 1
endloop
endfacet
facet normal -1 0 0
outer loop
vertex 227 43 0
vertex 227 42 1
vertex 227 43 1
endloop
endfacet
facet normal 0 0 -1
outer loop
vertex 244 42 0
vertex 254 43 0
vertex 254 42 0
endloop
endfacet
facet normal 0 0 -1
outer loop
vertex 244 42 0
vertex 244 43 0
vertex 254 43 0
endloop
endfacet
facet normal 0 0 1
outer loop
vertex 244 42 1
vertex 254 42 1
vertex 254 43 1
endloop
endfacet
facet normal 0 0 1
outer loop
vertex 244 42 1
vertex 254 43 1
vertex 244 43 1
endloop
endfacet
facet normal 0 -1 0
outer loop
vertex 244 42 0
vertex 254 42 0
vertex 254 42 1
endloop
endfacet
facet normal 0 -1 0
outer loop
vertex 244 42 0
vertex 254 42 1
vertex 244 42 1
endloop
endfacet
facet normal 1 0 0
outer loop
vertex 254 42 0
vertex 254 43 0
vertex 254 43 1
endloop
endfacet
facet normal 1 0 0
outer loop
vertex 254 42 0
vertex 254 43 1
vertex 254 42 1
endloop
endfacet
facet normal 0 1 0
outer loop
vertex 254 43 0
vertex 244 43 0
vertex 244 43 1
endloop
endfacet
facet normal 0 1 0
outer loop
vertex 254 43 0
vertex 244 43 1
vertex 254 43 1
endloop
endfacet
facet normal -1 0 0
outer loop
vertex 244 43 0
vertex 244 42 0
vertex 244 42 1
endloop
endfacet
facet normal -1 0 0
outer loop
vertex 244 43 0
vertex 244 42 1
vertex 244 43 1
endloop
endfacet
facet normal 0 0 -1
outer loop
vertex 258 42 0
vertex 263 43 0
vertex 263 42 0
endloop
endfacet
facet normal 0 0 -1
outer loop
vertex 258 42 0
vertex 258 43 0
vertex 263 43 0
endloop
endfacet
facet normal 0 0 1
outer loop
vertex 258 42 1
vertex 263 42 1
vertex 263 43 1
endloop
endfacet
facet normal 0 0 1
outer loop
vertex 258 42 1
vertex 263 43 1
vertex 258 43 1
endloop
endfacet
facet normal 0 -1 0
outer loop
vertex 258 42 0
vertex 263 42 0
vertex 263 42 1
endloop
endfacet
facet normal 0 -1 0
outer loop
vertex 258 42 0
vertex 263 42 1
vertex 258 42 1
endloop
endfacet
facet normal 1 0 0
outer loop
vertex 263 42 0
vertex 263 43 0
vertex 263 43 1
endloop
endfacet
facet normal 1 0 0
outer loop
vertex 263 42 0
vertex 263 43 1
vertex 263 42 1
endloop
endfacet
facet normal 0 1 0
outer loop
vertex 263 43 0
vertex 258 43 0
vertex 258 43 1
endloop
endfacet
facet normal 0 1 0
outer loop
vertex 263 43 0
vertex 258 43 1
vertex 263 43 1
endloop
endfacet
facet normal -1 0 0
outer loop
vertex 258 43 0
vertex 258 42 0
vertex 258 42 1
endloop
endfacet
facet normal -1 0 0
outer loop
vertex 258 43 0
vertex 258 42 1
vertex 258 43 1
endloop
endfacet
facet normal 0 0 -1
outer loop
vertex 284 42 0
vertex 290 43 0
vertex 290 42 0
endloop
endfacet
facet normal 0 0 -1
outer loop
vertex 284 42 0
vertex 284 43 0
vertex 290 43 0
endloop
endfacet
facet normal 0 0 1
outer loop
vertex 284 42 1
vertex 290 42 1
vertex 290 43 1
endloop
endfacet
facet normal 0 0 1
outer loop
vertex 284 42 1
vertex 290 43 1
vertex 284 43 1
endloop
endfacet
facet normal 0 -1 0
outer loop
vertex 284 42 0
vertex 290 42 0
vertex 290 42 1
endloop
endfacet
facet normal 0 -1 0
outer loop
vertex 284 42 0
vertex 290 42 1
vertex 284 42 1
endloop
endfacet
facet normal 1 0 0
outer loop
vertex 290 42 0
vertex 290 43 0
vertex 290 43 1
endloop
endfacet
facet normal 1 0 0
outer loop
vertex 290 42 0
vertex 290 43 1
vertex 290 42 1
endloop
endfacet
facet normal 0 1 0
outer loop
vertex 290 43 0
vertex 284 43 0
vertex 284 43 1
endloop
endfacet
facet normal 0 1 0
outer loop
vertex 290 43 0
vertex 284 43 1
vertex 290 43 1
endloop
endfacet
facet normal -1 0 0
outer loop
vertex 284 43 0
vertex 284 42 0
vertex 284 42 1
endloop
endfacet
facet normal -1 0 0
outer loop
vertex 284 43 0
vertex 284 42 1
vertex 284 43 1
endloop
endfacet
facet normal 0 0 -1
outer loop
vertex 297 42 0
vertex 303 43 0
vertex 303 42 0
endloop
endfacet
facet normal 0 0 -1
outer loop
vertex 297 42 0
vertex 297 43 0
vertex 303 43 0
endloop
endfacet
facet normal 0 0 1
outer loop
vertex 297 42 1
vertex 303 42 1
vertex 303 43 1
endloop
endfacet
facet normal 0 0 1
outer loop
vertex 297 42 1
vertex 303 43 1
vertex 297 43 1
endloop
endfacet
facet normal 0 -1 0
outer loop
vertex 297 42 0
vertex 303 42 0
vertex 303 42 1
endloop
endfacet
facet normal 0 -1 0
outer loop
vertex 297 42 0
vertex 303 42 1
vertex 297 42 1
endloop
endfacet
facet normal 1 0 0
outer loop
vertex 303 42 0
vertex 303 43 0
vertex 303 43 1
endloop
endfacet
facet normal 1 0 0
outer loop
vertex 303 42 0
vertex 303 43 1
vertex 303 42 1
endloop
endfacet
facet normal 0 1 0
outer loop
vertex 303 43 0
vertex 297 43 0
vertex 297 43 1
endloop
endfacet
facet normal 0 1 0
outer loop
vertex 303 43 0
vertex 297 43 1
vertex 303 43 1
endloop
endfacet
facet normal -1 0 0
outer loop
vertex 297 43 0
vertex 297 42 0
vertex 297 42 1
endloop
endfacet
facet normal -1 0 0
outer loop
vertex 297 43 0
vertex 297 42 1
vertex 297 43 1
endloop
endfacet
facet normal 0 0 -1
outer loop
vertex 305 42 0
vertex 311 43 0
vertex 311 42 0
endloop
endfacet
facet normal 0 0 -1
outer loop
vertex 305 42 0
vertex 305 43 0
vertex 311 43 0
endloop
endfacet
facet normal 0 0 1
outer loop
vertex 305 42 1
vertex 311 42 1
vertex 311 43 1
endloop
endfacet
facet normal 0 0 1
outer loop
vertex 305 42 1
vertex 311 43 1
vertex 305 43 1
endloop
endfacet
facet normal 0 -1 0
outer loop
vertex 305 42 0
vertex 311 42 0
vertex 311 42 1
endloop
endfacet
facet normal 0 -1 0
outer loop
vertex 305 42 0
vertex 311 42 1
vertex 305 42 1
endloop
endfacet
facet normal 1 0 0
outer loop
vertex 311 42 0
vertex 311 43 0
vertex 311 43 1
endloop
endfacet
facet normal 1 0 0
outer loop
vertex 311 42 0
vertex 311 43 1
vertex 311 42 1
endloop
endfacet
facet normal 0 1 0
outer loop
vertex 311 43 0
vertex 305 43 0
vertex 305 43 1
endloop
endfacet
facet normal 0 1 0
outer loop
vertex 311 43 0
vertex 305 43 1
vertex 311 43 1
endloop
endfacet
facet normal -1 0 0
outer loop
vertex 305 43 0
vertex 305 42 0
vertex 305 42 1
endloop
endfacet
facet normal -1 0 0
outer loop
vertex 305 43 0
vertex 305 42 1
vertex 305 43 1
endloop
endfacet
facet normal 0 0 -1
outer loop
vertex 318 42 0
vertex 323 43 0
vertex 323 42 0
endloop
endfacet
facet normal 0 0 -1
outer loop
vertex 318 42 0
vertex 318 43 0
vertex 323 43 0
endloop
endfacet
facet normal 0 0 1
outer loop
vertex 318 42 1
vertex 323 42 1
vertex 323 43 1
endloop
endfacet
facet normal 0 0 1
outer loop
vertex 318 42 1
vertex 323 43 1
vertex 318 43 1
endloop
endfacet
facet normal 0 -1 0
outer loop
vertex 318 42 0
vertex 323 42 0
vertex 323 42 1
endloop
endfacet
facet normal 0 -1 0
outer loop
vertex 318 42 0
vertex 323 42 1
vertex 318 42 1
endloop
endfacet
facet normal 1 0 0
outer loop
vertex 323 42 0
vertex 323 43 0
vertex 323 43 1
endloop
endfacet
facet normal 1 0 0
outer loop
vertex 323 42 0
vertex 323 43 1
vertex 323 42 1
endloop
endfacet
facet normal 0 1 0
outer loop
vertex 323 43 0
vertex 318 43 0
vertex 318 43 1
endloop
endfacet
facet normal 0 1 0
outer loop
vertex 323 43 0
vertex 318 43 1
vertex 323 43 1
endloop
endfacet
facet normal -1 0 0
outer loop
vertex 318 43 0
vertex 318 42 0
vertex 318 42 1
endloop
endfacet
facet normal -1 0 0
outer loop
vertex 318 43 0
vertex 318 42 1
vertex 318 43 1
endloop
endfacet
facet normal 0 0 -1
outer loop
vertex 327 42 0
vertex 337 43 0
vertex 337 42 0
endloop
endfacet
facet normal 0 0 -1
outer loop
vertex 327 42 0
vertex 327 43 0
vertex 337 43 0
endloop
endfacet
facet normal 0 0 1
outer loop
vertex 327 42 1
vertex 337 42 1
vertex 337 43 1
endloop
endfacet
facet normal 0 0 1
outer loop
vertex 327 42 1
vertex 337 43 1
vertex 327 43 1
endloop
endfacet
facet normal 0 -1 0
outer loop
vertex 327 42 0
vertex 337 42 0
vertex 337 42 1
endloop
endfacet
facet normal 0 -1 0
outer loop
vertex 327 42 0
vertex 337 42 1
vertex 327 42 1
endloop
endfacet
facet normal 1 0 0
outer loop
vertex 337 42 0
vertex 337 43 0
vertex 337 43 1
endloop
endfacet
facet normal 1 0 0
outer loop
vertex 337 42 0
vertex 337 43 1
vertex 337 42 1
endloop
endfacet
facet normal 0 1 0
outer loop
vertex 337 43 0
vertex 327 43 0
vertex 327 43 1
endloop
endfacet
facet normal 0 1 0
outer loop
vertex 337 43 0
vertex 327 43 1
vertex 337 43 1
endloop
endfacet
facet normal -1 0 0
outer loop
vertex 327 43 0
vertex 327 42 0
vertex 327 42 1
endloop
endfacet
facet normal -1 0 0
outer loop
vertex 327 43 0
vertex 327 42 1
vertex 327 43 1
endloop
endfacet
facet normal 0 0 -1
outer loop
vertex 341 42 0
vertex 347 43 0
vertex 347 42 0
endloop
endfacet
facet normal 0 0 -1
outer loop
vertex 341 42 0
vertex 341 43 0
vertex 347 43 0
endloop
endfacet
facet normal 0 0 1
outer loop
vertex 341 42 1
vertex 347 42 1
vertex 347 43 1
endloop
endfacet
facet normal 0 0 1
outer loop
vertex 341 42 1
vertex 347 43 1
vertex 341 43 1
endloop
endfacet
facet normal 0 -1 0
outer loop
vertex 341 42 0
vertex 347 42 0
vertex 347 42 1
endloop
endfacet
facet normal 0 -1 0
outer loop
vertex 341 42 0
vertex 347 42 1
vertex 341 42 1
endloop
endfacet
facet normal 1 0 0
outer loop
vertex 347 42 0
vertex 347 43 0
vertex 347 43 1
endloop
endfacet
facet normal 1 0 0
outer loop
vertex 347 42 0
vertex 347 43 1
vertex 347 42 1
endloop
endfacet
facet normal 0 1 0
outer loop
vertex 347 43 0
vertex 341 43 0
vertex 341 43 1
endloop
endfacet
facet normal 0 1 0
outer loop
vertex 347 43 0
vertex 341 43 1
vertex 347 43 1
endloop
endfacet
facet normal -1 0 0
outer loop
vertex 341 43 0
vertex 341 42 0
vertex 341 42 1
endloop
endfacet
facet normal -1 0 0
outer loop
vertex 341 43 0
vertex 341 42 1
vertex 341 43 1
endloop
endfacet
facet normal 0 0 -1
outer loop
vertex 359 42 0
vertex 364 43 0
vertex 364 42 0
endloop
endfacet
facet normal 0 0 -1
outer loop
vertex 359 42 0
vertex 359 43 0
vertex 364 43 0
endloop
endfacet
facet normal 0 0 1
outer loop
vertex 359 42 1
vertex 364 42 1
vertex 364 43 1
endloop
endfacet
facet normal 0 0 1
outer loop
vertex 359 42 1
vertex 364 43 1
vertex 359 43 1
endloop
endfacet
facet normal 0 -1 0
outer loop
vertex 359 42 0
vertex 364 42 0
vertex 364 42 1
endloop
endfacet
facet normal 0 -1 0
outer loop
vertex 359 42 0
vertex 364 42 1
vertex 359 42 1
endloop
endfacet
facet normal 1 0 0
outer loop
vertex 364 42 0
vertex 364 43 0
vertex 364 43 1
endloop
endfacet
facet normal 1 0 0
outer loop
vertex 364 42 0
vertex 364 43 1
vertex 364 42 1
endloop
endfacet
facet normal 0 1 0
outer loop
vertex 364 43 0
vertex 359 43 0
vertex 359 43 1
endloop
endfacet
facet normal 0 1 0
outer loop
vertex 364 43 0
vertex 359 43 1
vertex 364 43 1
endloop
endfacet
facet normal -1 0 0
outer loop
vertex 359 43 0
vertex 359 42 0
vertex 359 42 1
endloop
endfacet
facet normal -1 0 0
outer loop
vertex 359 43 0
vertex 359 42 1
vertex 359 43 1
endloop
endfacet
facet normal 0 0 -1
outer loop
vertex 369 42 0
vertex 374 43 0
vertex 374 42 0
endloop
endfacet
facet normal 0 0 -1
outer loop
vertex 369 42 0
vertex 369 43 0
vertex 374 43 0
endloop
endfacet
facet normal 0 0 1
outer loop
vertex 369 42 1
vertex 374 42 1
vertex 374 43 1
endloop
endfacet
facet normal 0 0 1
outer loop
vertex 369 42 1
vertex 374 43 1
vertex 369 43 1
endloop
endfacet
facet normal 0 -1 0
outer loop
vertex 369 42 0
vertex 374 42 0
vertex 374 42 1
endloop
endfacet
facet normal 0 -1 0
outer loop
vertex 369 42 0
vertex 374 42 1
vertex 369 42 1
endloop
endfacet
facet normal 1 0 0
outer loop
vertex 374 42 0
vertex 374 43 0
vertex 374 43 1
endloop
endfacet
facet normal 1 0 0
outer loop
vertex 374 42 0
vertex 374 43 1
vertex 374 42 1
endloop
endfacet
facet normal 0 1 0
outer loop
vertex 374 43 0
vertex 369 43 0
vertex 369 43 1
endloop
endfacet
facet normal 0 1 0
outer loop
vertex 374 43 0
vertex 369 43 1
vertex 374 43 1
endloop
endfacet
facet normal -1 0 0
outer loop
vertex 369 43 0
vertex 369 42 0
vertex 369 42 1
endloop
endfacet
facet normal -1 0 0
outer loop
vertex 369 43 0
vertex 369 42 1
vertex 369 43 1
endloop
endfacet
facet normal 0 0 -1
outer loop
vertex 65 41 0
vertex 71 42 0
vertex 71 41 0
endloop
endfacet
facet normal 0 0 -1
outer loop
vertex 65 41 0
vertex 65 42 0
vertex 71 42 0
endloop
endfacet
facet normal 0 0 1
outer loop
vertex 65 41 1
vertex 71 41 1
vertex 71 42 1
endloop
endfacet
facet normal 0 0 1
outer loop
vertex 65 41 1
vertex 71 42 1
vertex 65 42 1
endloop
endfacet
facet normal 0 -1 0
outer loop
vertex 65 41 0
vertex 71 41 0
vertex 71 41 1
endloop
endfacet
facet normal 0 -1 0
outer loop
vertex 65 41 0
vertex 71 41 1
vertex 65 41 1
endloop
endfacet
facet normal 1 0 0
outer loop
vertex 71 41 0
vertex 71 42 0
vertex 71 42 1
endloop
endfacet
facet normal 1 0 0
outer loop
vertex 71 41 0
vertex 71 42 1
vertex 71 41 1
endloop
endfacet
facet normal 0 1 0
outer loop
vertex 71 42 0
vertex 65 42 0
vertex 65 42 1
endloop
endfacet
facet normal 0 1 0
outer loop
vertex 71 42 0
vertex 65 42 1
vertex 71 42 1
endloop
endfacet
facet normal -1 0 0
outer loop
vertex 65 42 0
vertex 65 41 0
vertex 65 41 1
endloop
endfacet
facet normal -1 0 0
outer loop
vertex 65 42 0
vertex 65 41 1
vertex 65 42 1
endloop
endfacet
facet normal 0 0 -1
outer loop
vertex 83 41 0
vertex 88 42 0
vertex 88 41 0
endloop
endfacet
facet normal 0 0 -1
outer loop
vertex 83 41 0
vertex 83 42 0
vertex 88 42 0
endloop
endfacet
facet normal 0 0 1
outer loop
vertex 83 41 1
vertex 88 41 1
vertex 88 42 1
endloop
endfacet
facet normal 0 0 1
outer loop
vertex 83 41 1
vertex 88 42 1
vertex 83 42 1
endloop
endfacet
facet normal 0 -1 0
outer loop
vertex 83 41 0
vertex 88 41 0
vertex 88 41 1
endloop
endfacet
facet normal 0 -1 0
outer loop
vertex 83 41 0
vertex 88 41 1
vertex 83 41 1
endloop
endfacet
facet normal 1 0 0
outer loop
vertex 88 41 0
vertex 88 42 0
vertex 88 42 1
endloop
endfacet
facet normal 1 0 0
outer loop
vertex 88 41 0
vertex 88 42 1
vertex 88 41 1
endloop
endfacet
facet normal 0 1 0
outer loop
vertex 88 42 0
vertex 83 42 0
vertex 83 42 1
endloop
endfacet
facet normal 0 1 0
outer loop
vertex 88 42 0
vertex 83 42 1
vertex 88 42 1
endloop
endfacet
facet normal -1 0 0
outer loop
vertex 83 42 0
vertex 83 41 0
vertex 83 41 1
endloop
endfacet
facet normal -1 0 0
outer loop
vertex 83 42 0
vertex 83 41 1
vertex 83 42 1
endloop
endfacet
facet normal 0 0 -1
outer loop
vertex 94 41 0
vertex 99 42 0
vertex 99 41 0
endloop
endfacet
facet normal 0 0 -1
outer loop
vertex 94 41 0
vertex 94 42 0
vertex 99 42 0
endloop
endfacet
facet normal 0 0 1
outer loop
vertex 94 41 1
vertex 99 41 1
vertex 99 42 1
endloop
endfacet
facet normal 0 0 1
outer loop
vertex 94 41 1
vertex 99 42 1
vertex 94 42 1
endloop
endfacet
facet normal 0 -1 0
outer loop
vertex 94 41 0
vertex 99 41 0
vertex 99 41 1
endloop
endfacet
facet normal 0 -1 0
outer loop
vertex 94 41 0
vertex 99 41 1
vertex 94 41 1
endloop
endfacet
facet normal 1 0 0
outer loop
vertex 99 41 0
vertex 99 42 0
vertex 99 42 1
endloop
endfacet
facet normal 1 0 0
outer loop
vertex 99 41 0
vertex 99 42 1
vertex 99 41 1
endloop
endfacet
facet normal 0 1 0
outer loop
vertex 99 42 0
vertex 94 42 0
vertex 94 42 1
endloop
endfacet
facet normal 0 1 0
outer loop
vertex 99 42 0
vertex 94 42 1
vertex 99 42 1
endloop
endfacet
facet normal -1 0 0
outer loop
vertex 94 42 0
vertex 94 41 0
vertex 94 41 1
endloop
endfacet
facet normal -1 0 0
outer loop
vertex 94 42 0
vertex 94 41 1
vertex 94 42 1
endloop
endfacet
facet normal 0 0 -1
outer loop
vertex 104 41 0
vertex 113 42 0
vertex 113 41 0
endloop
endfacet
facet normal 0 0 -1
outer loop
vertex 104 41 0
vertex 104 42 0
vertex 113 42 0
endloop
endfacet
facet normal 0 0 1
outer loop
vertex 104 41 1
vertex 113 41 1
vertex 113 42 1
endloop
endfacet
facet normal 0 0 1
outer loop
vertex 104 41 1
vertex 113 42 1
vertex 104 42 1
endloop
endfacet
facet normal 0 -1 0
outer loop
vertex 104 41 0
vertex 113 41 0
vertex 113 41 1
endloop
endfacet
facet normal 0 -1 0
outer loop
vertex 104 41 0
vertex 113 41 1
vertex 104 41 1
endloop
endfacet
facet normal 1 0 0
outer loop
vertex 113 41 0
vertex 113 42 0
vertex 113 42 1
endloop
endfacet
facet normal 1 0 0
outer loop
vertex 113 41 0
vertex 113 42 1
vertex 113 41 1
endloop
endfacet
facet normal 0 1 0
outer loop
vertex 113 42 0
vertex 104 42 0
vertex 104 42 1
endloop
endfacet
facet normal 0 1 0
outer loop
vertex 113 42 0
vertex 104 42 1
vertex 113 42 1
endloop
endfacet
facet normal -1 0 0
outer loop
vertex 104 42 0
vertex 104 41 0
vertex 104 41 1
endloop
endfacet
facet normal -1 0 0
outer loop
vertex 104 42 0
vertex 104 41 1
vertex 104 42 1
endloop
endfacet
facet normal 0 0 -1
outer loop
vertex 118 41 0
vertex 123 42 0
vertex 123 41 0
endloop
endfacet
facet normal 0 0 -1
outer loop
vertex 118 41 0
vertex 118 42 0
vertex 123 42 0
endloop
endfacet
facet normal 0 0 1
outer loop
vertex 118 41 1
vertex 123 41 1
vertex 123 42 1
endloop
endfacet
facet normal 0 0 1
outer loop
vertex 118 41 1
vertex 123 42 1
vertex 118 42 1
endloop
endfacet
facet normal 0 -1 0
outer loop
vertex 118 41 0
vertex 123 41 0
vertex 123 41 1
endloop
endfacet
facet normal 0 -1 0
outer loop
vertex 118 41 0
vertex 123 41 1
vertex 118 41 1
endloop
endfacet
facet normal 1 0 0
outer loop
vertex 123 41 0
vertex 123 42 0
vertex 123 42 1
endloop
endfacet
facet normal 1 0 0
outer loop
vertex 123 41 0
vertex 123 42 1
vertex 123 41 1
endloop
endfacet
facet normal 0 1 0
outer loop
vertex 123 42 0
vertex 118 42 0
vertex 118 42 1
endloop
endfacet
facet normal 0 1 0
outer loop
vertex 123 42 0
vertex 118 42 1
vertex 123 42 1
endloop
endfacet
facet normal -1 0 0
outer loop
vertex 118 42 0
vertex 118 41 0
vertex 118 41 1
endloop
endfacet
facet normal -1 0 0
outer loop
vertex 118 42 0
vertex 118 41 1
vertex 118 42 1
endloop
endfacet
facet normal 0 0 -1
outer loop
vertex 135 41 0
vertex 140 42 0
vertex 140 41 0
endloop
endfacet
facet normal 0 0 -1
outer loop
vertex 135 41 0
vertex 135 42 0
vertex 140 42 0
endloop
endfacet
facet normal 0 0 1
outer loop
vertex 135 41 1
vertex 140 41 1
vertex 140 42 1
endloop
endfacet
facet normal 0 0 1
outer loop
vertex 135 41 1
vertex 140 42 1
vertex 135 42 1
endloop
endfacet
facet normal 0 -1 0
outer loop
vertex 135 41 0
vertex 140 41 0
vertex 140 41 1
endloop
endfacet
facet normal 0 -1 0
outer loop
vertex 135 41 0
vertex 140 41 1
vertex 135 41 1
endloop
endfacet
facet normal 1 0 0
outer loop
vertex 140 41 0
vertex 140 42 0
vertex 140 42 1
endloop
endfacet
facet normal 1 0 0
outer loop
vertex 140 41 0
vertex 140 42 1
vertex 140 41 1
endloop
endfacet
facet normal 0 1 0
outer loop
vertex 140 42 0
vertex 135 42 0
vertex 135 42 1
endloop
endfacet
facet normal 0 1 0
outer loop
vertex 140 42 0
vertex 135 42 1
vertex 140 42 1
endloop
endfacet
facet normal -1 0 0
outer loop
vertex 135 42 0
vertex 135 41 0
vertex 135 41 1
endloop
endfacet
facet normal -1 0 0
outer loop
vertex 135 42 0
vertex 135 41 1
vertex 135 42 1
endloop
endfacet
facet normal 0 0 -1
outer loop
vertex 146 41 0
vertex 155 42 0
vertex 155 41 0
endloop
endfacet
facet normal 0 0 -1
outer loop
vertex 146 41 0
vertex 146 42 0
vertex 155 42 0
endloop
endfacet
facet normal 0 0 1
outer loop
vertex 146 41 1
vertex 155 41 1
vertex 155 42 1
endloop
endfacet
facet normal 0 0 1
outer loop
vertex 146 41 1
vertex 155 42 1
vertex 146 42 1
endloop
endfacet
facet normal 0 -1 0
outer loop
vertex 146 41 0
vertex 155 41 0
vertex 155 41 1
endloop
endfacet
facet normal 0 -1 0
outer loop
vertex 146 41 0
vertex 155 41 1
vertex 146 41 1
endloop
endfacet
facet normal 1 0 0
outer loop
vertex 155 41 0
vertex 155 42 0
vertex 155 42 1
endloop
endfacet
facet normal 1 0 0
outer loop
vertex 155 41 0
vertex 155 42 1
vertex 155 41 1
endloop
endfacet
facet normal 0 1 0
outer loop
vertex 155 42 0
vertex 146 42 0
vertex 146 42 1
endloop
endfacet
facet normal 0 1 0
outer loop
vertex 155 42 0
vertex 146 42 1
vertex 155 42 1
endloop
endfacet
facet normal -1 0 0
outer loop
vertex 146 42 0
vertex 146 41 0
vertex 146 41 1
endloop
endfacet
facet normal -1 0 0
outer loop
vertex 146 42 0
vertex 146 41 1
vertex 146 42 1
endloop
endfacet
facet normal 0 0 -1
outer loop
vertex 169 41 0
vertex 175 42 0
vertex 175 41 0
endloop
endfacet
facet normal 0 0 -1
outer loop
vertex 169 41 0
vertex 169 42 0
vertex 175 42 0
endloop
endfacet
facet normal 0 0 1
outer loop
vertex 169 41 1
vertex 175 41 1
vertex 175 42 1
endloop
endfacet
facet normal 0 0 1
outer loop
vertex 169 41 1
vertex 175 42 1
vertex 169 42 1
endloop
endfacet
facet normal 0 -1 0
outer loop
vertex 169 41 0
vertex 175 41 0
vertex 175 41 1
endloop
endfacet
facet normal 0 -1 0
outer loop
vertex 169 41 0
vertex 175 41 1
vertex 169 41 1
endloop
endfacet
facet normal 1 0 0
outer loop
vertex 175 41 0
vertex 175 42 0
vertex 175 42 1
endloop
endfacet
facet normal 1 0 0
outer loop
vertex 175 41 0
vertex 175 42 1
vertex 175 41 1
endloop
endfacet
facet normal 0 1 0
outer loop
vertex 175 42 0
vertex 169 42 0
vertex 169 42 1
endloop
endfacet
facet normal 0 1 0
outer loop
vertex 175 42 0
vertex 169 42 1
vertex 175 42 1
endloop
endfacet
facet normal -1 0 0
outer loop
vertex 169 42 0
vertex 169 41 0
vertex 169 41 1
endloop
endfacet
facet normal -1 0 0
outer loop
vertex 169 42 0
vertex 169 41 1
vertex 169 42 1
endloop
endfacet
facet normal 0 0 -1
outer loop
vertex 181 41 0
vertex 187 42 0
vertex 187 41 0
endloop
endfacet
facet normal 0 0 -1
outer loop
vertex 181 41 0
vertex 181 42 0
vertex 187 42 0
endloop
endfacet
facet normal 0 0 1
outer loop
vertex 181 41 1
vertex 187 41 1
vertex 187 42 1
endloop
endfacet
facet normal 0 0 1
outer loop
vertex 181 41 1
vertex 187 42 1
vertex 181 42 1
endloop
endfacet
facet normal 0 -1 0
outer loop
vertex 181 41 0
vertex 187 41 0
vertex 187 41 1
endloop
endfacet
facet normal 0 -1 0
outer loop
vertex 181 41 0
vertex 187 41 1
vertex 181 41 1
endloop
endfacet
facet normal 1 0 0
outer loop
vertex 187 41 0
vertex 187 42 0
vertex 187 42 1
endloop
endfacet
facet normal 1 0 0
outer loop
vertex 187 41 0
vertex 187 42 1
vertex 187 41 1
endloop
endfacet
facet normal 0 1 0
outer loop
vertex 187 42 0
vertex 181 42 0
vertex 181 42 1
endloop
endfacet
facet normal 0 1 0
outer loop
vertex 187 42 0
vertex 181 42 1
vertex 187 42 1
endloop
endfacet
facet normal -1 0 0
outer loop
vertex 181 42 0
vertex 181 41 0
vertex 181 41 1
endloop
endfacet
facet normal -1 0 0
outer loop
vertex 181 42 0
vertex 181 41 1
vertex 181 42 1
endloop
endfacet
facet normal 0 0 -1
outer loop
vertex 189 41 0
vertex 194 42 0
vertex 194 41 0
endloop
endfacet
facet normal 0 0 -1
outer loop
vertex 189 41 0
vertex 189 42 0
vertex 194 42 0
endloop
endfacet
facet normal 0 0 1
outer loop
vertex 189 41 1
vertex 194 41 1
vertex 194 42 1
endloop
endfacet
facet normal 0 0 1
outer loop
vertex 189 41 1
vertex 194 42 1
vertex 189 42 1
endloop
endfacet
facet normal 0 -1 0
outer loop
vertex 189 41 0
vertex 194 41 0
vertex 194 41 1
endloop
endfacet
facet normal 0 -1 0
outer loop
vertex 189 41 0
vertex 194 41 1
vertex 189 41 1
endloop
endfacet
facet normal 1 0 0
outer loop
vertex 194 41 0
vertex 194 42 0
vertex 194 42 1
endloop
endfacet
facet normal 1 0 0
outer loop
vertex 194 41 0
vertex 194 42 1
vertex 194 41 1
endloop
endfacet
facet normal 0 1 0
outer loop
vertex 194 42 0
vertex 189 42 0
vertex 189 42 1
endloop
endfacet
facet normal 0 1 0
outer loop
vertex 194 42 0
vertex 189 42 1
vertex 194 42 1
endloop
endfacet
facet normal -1 0 0
outer loop
vertex 189 42 0
vertex 189 41 0
vertex 189 41 1
endloop
endfacet
facet normal -1 0 0
outer loop
vertex 189 42 0
vertex 189 41 1
vertex 189 42 1
endloop
endfacet
facet normal 0 0 -1
outer loop
vertex 199 41 0
vertex 204 42 0
vertex 204 41 0
endloop
endfacet
facet normal 0 0 -1
outer loop
vertex 199 41 0
vertex 199 42 0
vertex 204 42 0
endloop
endfacet
facet normal 0 0 1
outer loop
vertex 199 41 1
vertex 204 41 1
vertex 204 42 1
endloop
endfacet
facet normal 0 0 1
outer loop
vertex 199 41 1
vertex 204 42 1
vertex 199 42 1
endloop
endfacet
facet normal 0 -1 0
outer loop
vertex 199 41 0
vertex 204 41 0
vertex 204 41 1
endloop
endfacet
facet normal 0 -1 0
outer loop
vertex 199 41 0
vertex 204 41 1
vertex 199 41 1
endloop
endfacet
facet normal 1 0 0
outer loop
vertex 204 41 0
vertex 204 42 0
vertex 204 42 1
endloop
endfacet
facet normal 1 0 0
outer loop
vertex 204 41 0
vertex 204 42 1
vertex 204 41 1
endloop
endfacet
facet normal 0 1 0
outer loop
vertex 204 42 0
vertex 199 42 0
vertex 199 42 1
endloop
endfacet
facet normal 0 1 0
outer loop
vertex 204 42 0
vertex 199 42 1
vertex 204 42 1
endloop
endfacet
facet normal -1 0 0
outer loop
vertex 199 42 0
vertex 199 41 0
vertex 199 41 1
endloop
endfacet
facet normal -1 0 0
outer loop
vertex 199 42 0
vertex 199 41 1
vertex 199 42 1
endloop
endfacet
facet normal 0 0 -1
outer loop
vertex 207 41 0
vertex 212 42 0
vertex 212 41 0
endloop
endfacet
facet normal 0 0 -1
outer loop
vertex 207 41 0
vertex 207 42 0
vertex 212 42 0
endloop
endfacet
facet normal 0 0 1
outer loop
vertex 207 41 1
vertex 212 41 1
vertex 212 42 1
endloop
endfacet
facet normal 0 0 1
outer loop
vertex 207 41 1
vertex 212 42 1
vertex 207 42 1
endloop
endfacet
facet normal 0 -1 0
outer loop
vertex 207 41 0
vertex 212 41 0
vertex 212 41 1
endloop
endfacet
facet normal 0 -1 0
outer loop
vertex 207 41 0
vertex 212 41 1
vertex 207 41 1
endloop
endfacet
facet normal 1 0 0
outer loop
vertex 212 41 0
vertex 212 42 0
vertex 212 42 1
endloop
endfacet
facet normal 1 0 0
outer loop
vertex 212 41 0
vertex 212 42 1
vertex 212 41 1
endloop
endfacet
facet normal 0 1 0
outer loop
vertex 212 42 0
vertex 207 42 0
vertex 207 42 1
endloop
endfacet
facet normal 0 1 0
outer loop
vertex 212 42 0
vertex 207 42 1
vertex 212 42 1
endloop
endfacet
facet normal -1 0 0
outer loop
vertex 207 42 0
vertex 207 41 0
vertex 207 41 1
endloop
endfacet
facet normal -1 0 0
outer loop
vertex 207 42 0
vertex 207 41 1
vertex 207 42 1
endloop
endfacet
facet normal 0 0 -1
outer loop
vertex 227 41 0
vertex 232 42 0
vertex 232 41 0
endloop
endfacet
facet normal 0 0 -1
outer loop
vertex 227 41 0
vertex 227 42 0
vertex 232 42 0
endloop
endfacet
facet normal 0 0 1
outer loop
vertex 227 41 1
vertex 232 41 1
vertex 232 42 1
endloop
endfacet
facet normal 0 0 1
outer loop
vertex 227 41 1
vertex 232 42 1
vertex 227 42 1
endloop
endfacet
facet normal 0 -1 0
outer loop
vertex 227 41 0
vertex 232 41 0
vertex 232 41 1
endloop
endfacet
facet normal 0 -1 0
outer loop
vertex 227 41 0
vertex 232 41 1
vertex 227 41 1
endloop
endfacet
facet normal 1 0 0
outer loop
vertex 232 41 0
vertex 232 42 0
vertex 232 42 1
endloop
endfacet
facet normal 1 0 0
outer loop
vertex 232 41 0
vertex 232 42 1
vertex 232 41 1
endloop
endfacet
facet normal 0 1 0
outer loop
vertex 232 42 0
vertex 227 42 0
vertex 227 42 1
endloop
endfacet
facet normal 0 1 0
outer loop
vertex 232 42 0
vertex 227 42 1
vertex 232 42 1
endloop
endfacet
facet normal -1 0 0
outer loop
vertex 227 42 0
vertex 227 41 0
vertex 227 41 1
endloop
endfacet
facet normal -1 0 0
outer loop
vertex 227 42 0
vertex 227 41 1
vertex 227 42 1
endloop
endfacet
facet normal 0 0 -1
outer loop
vertex 245 41 0
vertex 254 42 0
vertex 254 41 0
endloop
endfacet
facet normal 0 0 -1
outer loop
vertex 245 41 0
vertex 245 42 0
vertex 254 42 0
endloop
endfacet
facet normal 0 0 1
outer loop
vertex 245 41 1
vertex 254 41 1
vertex 254 42 1
endloop
endfacet
facet normal 0 0 1
outer loop
vertex 245 41 1
vertex 254 42 1
vertex 245 42 1
endloop
endfacet
facet normal 0 -1 0
outer loop
vertex 245 41 0
vertex 254 41 0
vertex 254 41 1
endloop
endfacet
facet normal 0 -1 0
outer loop
vertex 245 41 0
vertex 254 41 1
vertex 245 41 1
endloop
endfacet
facet normal 1 0 0
outer loop
vertex 254 41 0
vertex 254 42 0
vertex 254 42 1
endloop
endfacet
facet normal 1 0 0
outer loop
vertex 254 41 0
vertex 254 42 1
vertex 254 41 1
endloop
endfacet
facet normal 0 1 0
outer loop
vertex 254 42 0
vertex 245 42 0
vertex 245 42 1
endloop
endfacet
facet normal 0 1 0
outer loop
vertex 254 42 0
vertex 245 42 1
vertex 254 42 1
endloop
endfacet
facet normal -1 0 0
outer loop
vertex 245 42 0
vertex 245 41 0
vertex 245 41 1
endloop
endfacet
facet normal -1 0 0
outer loop
vertex 245 42 0
vertex 245 41 1
vertex 245 42 1
endloop
endfacet
facet normal 0 0 -1
outer loop
vertex 258 41 0
vertex 263 42 0
vertex 263 41 0
endloop
endfacet
facet normal 0 0 -1
outer loop
vertex 258 41 0
vertex 258 42 0
vertex 263 42 0
endloop
endfacet
facet normal 0 0 1
outer loop
vertex 258 41 1
vertex 263 41 1
vertex 263 42 1
endloop
endfacet
facet normal 0 0 1
outer loop
vertex 258 41 1
vertex 263 42 1
vertex 258 42 1
endloop
endfacet
facet normal 0 -1 0
outer loop
vertex 258 41 0
vertex 263 41 0
vertex 263 41 1
endloop
endfacet
facet normal 0 -1 0
outer loop
vertex 258 41 0
vertex 263 41 1
vertex 258 41 1
endloop
endfacet
facet normal 1 0 0
outer loop
vertex 263 41 0
vertex 263 42 0
vertex 263 42 1
endloop
endfacet
facet normal 1 0 0
outer loop
vertex 263 41 0
vertex 263 42 1
vertex 263 41 1
endloop
endfacet
facet normal 0 1 0
outer loop
vertex 263 42 0
vertex 258 42 0
vertex 258 42 1
endloop
endfacet
facet normal 0 1 0
outer loop
vertex 263 42 0
vertex 258 42 1
vertex 263 42 1
endloop
endfacet
facet normal -1 0 0
outer loop
vertex 258 42 0
vertex 258 41 0
vertex 258 41 1
endloop
endfacet
facet normal -1 0 0
outer loop
vertex 258 42 0
vertex 258 41 1
vertex 258 42 1
endloop
endfacet
facet normal 0 0 -1
outer loop
vertex 284 41 0
vertex 290 42 0
vertex 290 41 0
endloop
endfacet
facet normal 0 0 -1
outer loop
vertex 284 41 0
vertex 284 42 0
vertex 290 42 0
endloop
endfacet
facet normal 0 0 1
outer loop
vertex 284 41 1
vertex 290 41 1
vertex 290 42 1
endloop
endfacet
facet normal 0 0 1
outer loop
vertex 284 41 1
vertex 290 42 1
vertex 284 42 1
endloop
endfacet
facet normal 0 -1 0
outer loop
vertex 284 41 0
vertex 290 41 0
vertex 290 41 1
endloop
endfacet
facet normal 0 -1 0
outer loop
vertex 284 41 0
vertex 290 41 1
vertex 284 41 1
endloop
endfacet
facet normal 1 0 0
outer loop
vertex 290 41 0
vertex 290 42 0
vertex 290 42 1
endloop
endfacet
facet normal 1 0 0
outer loop
vertex 290 41 0
vertex 290 42 1
vertex 290 41 1
endloop
endfacet
facet normal 0 1 0
outer loop
vertex 290 42 0
vertex 284 42 0
vertex 284 42 1
endloop
endfacet
facet normal 0 1 0
outer loop
vertex 290 42 0
vertex 284 42 1
vertex 290 42 1
endloop
endfacet
facet normal -1 0 0
outer loop
vertex 284 42 0
vertex 284 41 0
vertex 284 41 1
endloop
endfacet
facet normal -1 0 0
outer loop
vertex 284 42 0
vertex 284 41 1
vertex 284 42 1
endloop
endfacet
facet normal 0 0 -1
outer loop
vertex 296 41 0
vertex 302 42 0
vertex 302 41 0
endloop
endfacet
facet normal 0 0 -1
outer loop
vertex 296 41 0
vertex 296 42 0
vertex 302 42 0
endloop
endfacet
facet normal 0 0 1
outer loop
vertex 296 41 1
vertex 302 41 1
vertex 302 42 1
endloop
endfacet
facet normal 0 0 1
outer loop
vertex 296 41 1
vertex 302 42 1
vertex 296 42 1
endloop
endfacet
facet normal 0 -1 0
outer loop
vertex 296 41 0
vertex 302 41 0
vertex 302 41 1
endloop
endfacet
facet normal 0 -1 0
outer loop
vertex 296 41 0
vertex 302 41 1
vertex 296 41 1
endloop
endfacet
facet normal 1 0 0
outer loop
vertex 302 41 0
vertex 302 42 0
vertex 302 42 1
endloop
endfacet
facet normal 1 0 0
outer loop
vertex 302 41 0
vertex 302 42 1
vertex 302 41 1
endloop
endfacet
facet normal 0 1 0
outer loop
vertex 302 42 0
vertex 296 42 0
vertex 296 42 1
endloop
endfacet
facet normal 0 1 0
outer loop
vertex 302 42 0
vertex 296 42 1
vertex 302 42 1
endloop
endfacet
facet normal -1 0 0
outer loop
vertex 296 42 0
vertex 296 41 0
vertex 296 41 1
endloop
endfacet
facet normal -1 0 0
outer loop
vertex 296 42 0
vertex 296 41 1
vertex 296 42 1
endloop
endfacet
facet normal 0 0 -1
outer loop
vertex 305 41 0
vertex 311 42 0
vertex 311 41 0
endloop
endfacet
facet normal 0 0 -1
outer loop
vertex 305 41 0
vertex 305 42 0
vertex 311 42 0
endloop
endfacet
facet normal 0 0 1
outer loop
vertex 305 41 1
vertex 311 41 1
vertex 311 42 1
endloop
endfacet
facet normal 0 0 1
outer loop
vertex 305 41 1
vertex 311 42 1
vertex 305 42 1
endloop
endfacet
facet normal 0 -1 0
outer loop
vertex 305 41 0
vertex 311 41 0
vertex 311 41 1
endloop
endfacet
facet normal 0 -1 0
outer loop
vertex 305 41 0
vertex 311 41 1
vertex 305 41 1
endloop
endfacet
facet normal 1 0 0
outer loop
vertex 311 41 0
vertex 311 42 0
vertex 311 42 1
endloop
endfacet
facet normal 1 0 0
outer loop
vertex 311 41 0
vertex 311 42 1
vertex 311 41 1
endloop
endfacet
facet normal 0 1 0
outer loop
vertex 311 42 0
vertex 305 42 0
vertex 305 42 1
endloop
endfacet
facet normal 0 1 0
outer loop
vertex 311 42 0
vertex 305 42 1
vertex 311 42 1
endloop
endfacet
facet normal -1 0 0
outer loop
vertex 305 42 0
vertex 305 41 0
vertex 305 41 1
endloop
endfacet
facet normal -1 0 0
outer loop
vertex 305 42 0
vertex 305 41 1
vertex 305 42 1
endloop
endfacet
facet normal 0 0 -1
outer loop
vertex 318 41 0
vertex 323 42 0
vertex 323 41 0
endloop
endfacet
facet normal 0 0 -1
outer loop
vertex 318 41 0
vertex 318 42 0
vertex 323 42 0
endloop
endfacet
facet normal 0 0 1
outer loop
vertex 318 41 1
vertex 323 41 1
vertex 323 42 1
endloop
endfacet
facet normal 0 0 1
outer loop
vertex 318 41 1
vertex 323 42 1
vertex 318 42 1
endloop
endfacet
facet normal 0 -1 0
outer loop
vertex 318 41 0
vertex 323 41 0
vertex 323 41 1
endloop
endfacet
facet normal 0 -1 0
outer loop
vertex 318 41 0
vertex 323 41 1
vertex 318 41 1
endloop
endfacet
facet normal 1 0 0
outer loop
vertex 323 41 0
vertex 323 42 0
vertex 323 42 1
endloop
endfacet
facet normal 1 0 0
outer loop
vertex 323 41 0
vertex 323 42 1
vertex 323 41 1
endloop
endfacet
facet normal 0 1 0
outer loop
vertex 323 42 0
vertex 318 42 0
vertex 318 42 1
endloop
endfacet
facet normal 0 1 0
outer loop
vertex 323 42 0
vertex 318 42 1
vertex 323 42 1
endloop
endfacet
facet normal -1 0 0
outer loop
vertex 318 42 0
vertex 318 41 0
vertex 318 41 1
endloop
endfacet
facet normal -1 0 0
outer loop
vertex 318 42 0
vertex 318 41 1
vertex 318 42 1
endloop
endfacet
facet normal 0 0 -1
outer loop
vertex 328 41 0
vertex 337 42 0
vertex 337 41 0
endloop
endfacet
facet normal 0 0 -1
outer loop
vertex 328 41 0
vertex 328 42 0
vertex 337 42 0
endloop
endfacet
facet normal 0 0 1
outer loop
vertex 328 41 1
vertex 337 41 1
vertex 337 42 1
endloop
endfacet
facet normal 0 0 1
outer loop
vertex 328 41 1
vertex 337 42 1
vertex 328 42 1
endloop
endfacet
facet normal 0 -1 0
outer loop
vertex 328 41 0
vertex 337 41 0
vertex 337 41 1
endloop
endfacet
facet normal 0 -1 0
outer loop
vertex 328 41 0
vertex 337 41 1
vertex 328 41 1
endloop
endfacet
facet normal 1 0 0
outer loop
vertex 337 41 0
vertex 337 42 0
vertex 337 42 1
endloop
endfacet
facet normal 1 0 0
outer loop
vertex 337 41 0
vertex 337 42 1
vertex 337 41 1
endloop
endfacet
facet normal 0 1 0
outer loop
vertex 337 42 0
vertex 328 42 0
vertex 328 42 1
endloop
endfacet
facet normal 0 1 0
outer loop
vertex 337 42 0
vertex 328 42 1
vertex 337 42 1
endloop
endfacet
facet normal -1 0 0
outer loop
vertex 328 42 0
vertex 328 41 0
vertex 328 41 1
endloop
endfacet
facet normal -1 0 0
outer loop
vertex 328 42 0
vertex 328 41 1
vertex 328 42 1
endloop
endfacet
facet normal 0 0 -1
outer loop
vertex 342 41 0
vertex 347 42 0
vertex 347 41 0
endloop
endfacet
facet normal 0 0 -1
outer loop
vertex 342 41 0
vertex 342 42 0
vertex 347 42 0
endloop
endfacet
facet normal 0 0 1
outer loop
vertex 342 41 1
vertex 347 41 1
vertex 347 42 1
endloop
endfacet
facet normal 0 0 1
outer loop
vertex 342 41 1
vertex 347 42 1
vertex 342 42 1
endloop
endfacet
facet normal 0 -1 0
outer loop
vertex 342 41 0
vertex 347 41 0
vertex 347 41 1
endloop
endfacet
facet normal 0 -1 0
outer loop
vertex 342 41 0
vertex 347 41 1
vertex 342 41 1
endloop
endfacet
facet normal 1 0 0
outer loop
vertex 347 41 0
vertex 347 42 0
vertex 347 42 1
endloop
endfacet
facet normal 1 0 0
outer loop
vertex 347 41 0
vertex 347 42 1
vertex 347 41 1
endloop
endfacet
facet normal 0 1 0
outer loop
vertex 347 42 0
vertex 342 42 0
vertex 342 42 1
endloop
endfacet
facet normal 0 1 0
outer loop
vertex 347 42 0
vertex 342 42 1
vertex 347 42 1
endloop
endfacet
facet normal -1 0 0
outer loop
vertex 342 42 0
vertex 342 41 0
vertex 342 41 1
endloop
endfacet
facet normal -1 0 0
outer loop
vertex 342 42 0
vertex 342 41 1
vertex 342 42 1
endloop
endfacet
facet normal 0 0 -1
outer loop
vertex 359 41 0
vertex 364 42 0
vertex 364 41 0
endloop
endfacet
facet normal 0 0 -1
outer loop
vertex 359 41 0
vertex 359 42 0
vertex 364 42 0
endloop
endfacet
facet normal 0 0 1
outer loop
vertex 359 41 1
vertex 364 41 1
vertex 364 42 1
endloop
endfacet
facet normal 0 0 1
outer loop
vertex 359 41 1
vertex 364 42 1
vertex 359 42 1
endloop
endfacet
facet normal 0 -1 0
outer loop
vertex 359 41 0
vertex 364 41 0
vertex 364 41 1
endloop
endfacet
facet normal 0 -1 0
outer loop
vertex 359 41 0
vertex 364 41 1
vertex 359 41 1
endloop
endfacet
facet normal 1 0 0
outer loop
vertex 364 41 0
vertex 364 42 0
vertex 364 42 1
endloop
endfacet
facet normal 1 0 0
outer loop
vertex 364 41 0
vertex 364 42 1
vertex 364 41 1
endloop
endfacet
facet normal 0 1 0
outer loop
vertex 364 42 0
vertex 359 42 0
vertex 359 42 1
endloop
endfacet
facet normal 0 1 0
outer loop
vertex 364 42 0
vertex 359 42 1
vertex 364 42 1
endloop
endfacet
facet normal -1 0 0
outer loop
vertex 359 42 0
vertex 359 41 0
vertex 359 41 1
endloop
endfacet
facet normal -1 0 0
outer loop
vertex 359 42 0
vertex 359 41 1
vertex 359 42 1
endloop
endfacet
facet normal 0 0 -1
outer loop
vertex 369 41 0
vertex 374 42 0
vertex 374 41 0
endloop
endfacet
facet normal 0 0 -1
outer loop
vertex 369 41 0
vertex 369 42 0
vertex 374 42 0
endloop
endfacet
facet normal 0 0 1
outer loop
vertex 369 41 1
vertex 374 41 1
vertex 374 42 1
endloop
endfacet
facet normal 0 0 1
outer loop
vertex 369 41 1
vertex 374 42 1
vertex 369 42 1
endloop
endfacet
facet normal 0 -1 0
outer loop
vertex 369 41 0
vertex 374 41 0
vertex 374 41 1
endloop
endfacet
facet normal 0 -1 0
outer loop
vertex 369 41 0
vertex 374 41 1
vertex 369 41 1
endloop
endfacet
facet normal 1 0 0
outer loop
vertex 374 41 0
vertex 374 42 0
vertex 374 42 1
endloop
endfacet
facet normal 1 0 0
outer loop
vertex 374 41 0
vertex 374 42 1
vertex 374 41 1
endloop
endfacet
facet normal 0 1 0
outer loop
vertex 374 42 0
vertex 369 42 0
vertex 369 42 1
endloop
endfacet
facet normal 0 1 0
outer loop
vertex 374 42 0
vertex 369 42 1
vertex 374 42 1
endloop
endfacet
facet normal -1 0 0
outer loop
vertex 369 42 0
vertex 369 41 0
vertex 369 41 1
endloop
endfacet
facet normal -1 0 0
outer loop
vertex 369 42 0
vertex 369 41 1
vertex 369 42 1
endloop
endfacet
facet normal 0 0 -1
outer loop
vertex 65 40 0
vertex 81 41 0
vertex 81 40 0
endloop
endfacet
facet normal 0 0 -1
outer loop
vertex 65 40 0
vertex 65 41 0
vertex 81 41 0
endloop
endfacet
facet normal 0 0 1
outer loop
vertex 65 40 1
vertex 81 40 1
vertex 81 41 1
endloop
endfacet
facet normal 0 0 1
outer loop
vertex 65 40 1
vertex 81 41 1
vertex 65 41 1
endloop
endfacet
facet normal 0 -1 0
outer loop
vertex 65 40 0
vertex 81 40 0
vertex 81 40 1
endloop
endfacet
facet normal 0 -1 0
outer loop
vertex 65 40 0
vertex 81 40 1
vertex 65 40 1
endloop
endfacet
facet normal 1 0 0
outer loop
vertex 81 40 0
vertex 81 41 0
vertex 81 41 1
endloop
endfacet
facet normal 1 0 0
outer loop
vertex 81 40 0
vertex 81 41 1
vertex 81 40 1
endloop
endfacet
facet normal 0 1 0
outer loop
vertex 81 41 0
vertex 65 41 0
vertex 65 41 1
endloop
endfacet
facet normal 0 1 0
outer loop
vertex 81 41 0
vertex 65 41 1
vertex 81 41 1
endloop
endfacet
facet normal -1 0 0
outer loop
vertex 65 41 0
vertex 65 40 0
vertex 65 40 1
endloop
endfacet
facet normal -1 0 0
outer loop
vertex 65 41 0
vertex 65 40 1
vertex 65 41 1
endloop
endfacet
facet normal 0 0 -1
outer loop
vertex 83 40 0
vertex 89 41 0
vertex 89 40 0
endloop
endfacet
facet normal 0 0 -1
outer loop
vertex 83 40 0
vertex 83 41 0
vertex 89 41 0
endloop
endfacet
facet normal 0 0 1
outer loop
vertex 83 40 1
vertex 89 40 1
vertex 89 41 1
endloop
endfacet
facet normal 0 0 1
outer loop
vertex 83 40 1
vertex 89 41 1
vertex 83 41 1
endloop
endfacet
facet normal 0 -1 0
outer loop
vertex 83 40 0
vertex 89 40 0
vertex 89 40 1
endloop
endfacet
facet normal 0 -1 0
outer loop
vertex 83 40 0
vertex 89 40 1
vertex 83 40 1
endloop
endfacet
facet normal 1 0 0
outer loop
vertex 89 40 0
vertex 89 41 0
vertex 89 41 1
endloop
endfacet
facet normal 1 0 0
outer loop
vertex 89 40 0
vertex 89 41 1
vertex 89 40 1
endloop
endfacet
facet normal 0 1 0
outer loop
vertex 89 41 0
vertex 83 41 0
vertex 83 41 1
endloop
endfacet
facet normal 0 1 0
outer loop
vertex 89 41 0
vertex 83 41 1
vertex 89 41 1
endloop
endfacet
facet normal -1 0 0
outer loop
vertex 83 41 0
vertex 83 40 0
vertex 83 40 1
endloop
endfacet
facet normal -1 0 0
outer loop
vertex 83 41 0
vertex 83 40 1
vertex 83 41 1
endloop
endfacet
facet normal 0 0 -1
outer loop
vertex 93 40 0
vertex 99 41 0
vertex 99 40 0
endloop
endfacet
facet normal 0 0 -1
outer loop
vertex 93 40 0
vertex 93 41 0
vertex 99 41 0
endloop
endfacet
facet normal 0 0 1
outer loop
vertex 93 40 1
vertex 99 40 1
vertex 99 41 1
endloop
endfacet
facet normal 0 0 1
outer loop
vertex 93 40 1
vertex 99 41 1
vertex 93 41 1
endloop
endfacet
facet normal 0 -1 0
outer loop
vertex 93 40 0
vertex 99 40 0
vertex 99 40 1
endloop
endfacet
facet normal 0 -1 0
outer loop
vertex 93 40 0
vertex 99 40 1
vertex 93 40 1
endloop
endfacet
facet normal 1 0 0
outer loop
vertex 99 40 0
vertex 99 41 0
vertex 99 41 1
endloop
endfacet
facet normal 1 0 0
outer loop
vertex 99 40 0
vertex 99 41 1
vertex 99 40 1
endloop
endfacet
facet normal 0 1 0
outer loop
vertex 99 41 0
vertex 93 41 0
vertex 93 41 1
endloop
endfacet
facet normal 0 1 0
outer loop
vertex 99 41 0
vertex 93 41 1
vertex 99 41 1
endloop
endfacet
facet normal -1 0 0
outer loop
vertex 93 41 0
vertex 93 40 0
vertex 93 40 1
endloop
endfacet
facet normal -1 0 0
outer loop
vertex 93 41 0
vertex 93 40 1
vertex 93 41 1
endloop
endfacet
facet normal 0 0 -1
outer loop
vertex 105 40 0
vertex 113 41 0
vertex 113 40 0
endloop
endfacet
facet normal 0 0 -1
outer loop
vertex 105 40 0
vertex 105 41 0
vertex 113 41 0
endloop
endfacet
facet normal 0 0 1
outer loop
vertex 105 40 1
vertex 113 40 1
vertex 113 41 1
endloop
endfacet
facet normal 0 0 1
outer loop
vertex 105 40 1
vertex 113 41 1
vertex 105 41 1
endloop
endfacet
facet normal 0 -1 0
outer loop
vertex 105 40 0
vertex 113 40 0
vertex 113 40 1
endloop
endfacet
facet normal 0 -1 0
outer loop
vertex 105 40 0
vertex 113 40 1
vertex 105 40 1
endloop
endfacet
facet normal 1 0 0
outer loop
vertex 113 40 0
vertex 113 41 0
vertex 113 41 1
endloop
endfacet
facet normal 1 0 0
outer loop
vertex 113 40 0
vertex 113 41 1
vertex 113 40 1
endloop
endfacet
facet normal 0 1 0
outer loop
vertex 113 41 0
vertex 105 41 0
vertex 105 41 1
endloop
endfacet
facet normal 0 1 0
outer loop
vertex 113 41 0
vertex 105 41 1
vertex 113 41 1
endloop
endfacet
facet normal -1 0 0
outer loop
vertex 105 41 0
vertex 105 40 0
vertex 105 40 1
endloop
endfacet
facet normal -1 0 0
outer loop
vertex 105 41 0
vertex 105 40 1
vertex 105 41 1
endloop
endfacet
facet normal 0 0 -1
outer loop
vertex 118 40 0
vertex 123 41 0
vertex 123 40 0
endloop
endfacet
facet normal 0 0 -1
outer loop
vertex 118 40 0
vertex 118 41 0
vertex 123 41 0
endloop
endfacet
facet normal 0 0 1
outer loop
vertex 118 40 1
vertex 123 40 1
vertex 123 41 1
endloop
endfacet
facet normal 0 0 1
outer loop
vertex 118 40 1
vertex 123 41 1
vertex 118 41 1
endloop
endfacet
facet normal 0 -1 0
outer loop
vertex 118 40 0
vertex 123 40 0
vertex 123 40 1
endloop
endfacet
facet normal 0 -1 0
outer loop
vertex 118 40 0
vertex 123 40 1
vertex 118 40 1
endloop
endfacet
facet normal 1 0 0
outer loop
vertex 123 40 0
vertex 123 41 0
vertex 123 41 1
endloop
endfacet
facet normal 1 0 0
outer loop
vertex 123 40 0
vertex 123 41 1
vertex 123 40 1
endloop
endfacet
facet normal 0 1 0
outer loop
vertex 123 41 0
vertex 118 41 0
vertex 118 41 1
endloop
endfacet
facet normal 0 1 0
outer loop
vertex 123 41 0
vertex 118 41 1
vertex 123 41 1
endloop
endfacet
facet normal -1 0 0
outer loop
vertex 118 41 0
vertex 118 40 0
vertex 118 40 1
endloop
endfacet
facet normal -1 0 0
outer loop
vertex 118 41 0
vertex 118 40 1
vertex 118 41 1
endloop
endfacet
facet normal 0 0 -1
outer loop
vertex 127 40 0
vertex 133 41 0
vertex 133 40 0
endloop
endfacet
facet normal 0 0 -1
outer loop
vertex 127 40 0
vertex 127 41 0
vertex 133 41 0
endloop
endfacet
facet normal 0 0 1
outer loop
vertex 127 40 1
vertex 133 40 1
vertex 133 41 1
endloop
endfacet
facet normal 0 0 1
outer loop
vertex 127 40 1
vertex 133 41 1
vertex 127 41 1
endloop
endfacet
facet normal 0 -1 0
outer loop
vertex 127 40 0
vertex 133 40 0
vertex 133 40 1
endloop
endfacet
facet normal 0 -1 0
outer loop
vertex 127 40 0
vertex 133 40 1
vertex 127 40 1
endloop
endfacet
facet normal 1 0 0
outer loop
vertex 133 40 0
vertex 133 41 0
vertex 133 41 1
endloop
endfacet
facet normal 1 0 0
outer loop
vertex 133 40 0
vertex 133 41 1
vertex 133 40 1
endloop
endfacet
facet normal 0 1 0
outer loop
vertex 133 41 0
vertex 127 41 0
vertex 127 41 1
endloop
endfacet
facet normal 0 1 0
outer loop
vertex 133 41 0
vertex 127 41 1
vertex 133 41 1
endloop
endfacet
facet normal -1 0 0
outer loop
vertex 127 41 0
vertex 127 40 0
vertex 127 40 1
endloop
endfacet
facet normal -1 0 0
outer loop
vertex 127 41 0
vertex 127 40 1
vertex 127 41 1
endloop
endfacet
facet normal 0 0 -1
outer loop
vertex 135 40 0
vertex 140 41 0
vertex 140 40 0
endloop
endfacet
facet normal 0 0 -1
outer loop
vertex 135 40 0
vertex 135 41 0
vertex 140 41 0
endloop
endfacet
facet normal 0 0 1
outer loop
vertex 135 40 1
vertex 140 40 1
vertex 140 41 1
endloop
endfacet
facet normal 0 0 1
outer loop
vertex 135 40 1
vertex 140 41 1
vertex 135 41 1
endloop
endfacet
facet normal 0 -1 0
outer loop
vertex 135 40 0
vertex 140 40 0
vertex 140 40 1
endloop
endfacet
facet normal 0 -1 0
outer loop
vertex 135 40 0
vertex 140 40 1
vertex 135 40 1
endloop
endfacet
facet normal 1 0 0
outer loop
vertex 140 40 0
vertex 140 41 0
vertex 140 41 1
endloop
endfacet
facet normal 1 0 0
outer loop
vertex 140 40 0
vertex 140 41 1
vertex 140 40 1
endloop
endfacet
facet normal 0 1 0
outer loop
vertex 140 41 0
vertex 135 41 0
vertex 135 41 1
endloop
endfacet
facet normal 0 1 0
outer loop
vertex 140 41 0
vertex 135 41 1
vertex 140 41 1
endloop
endfacet
facet normal -1 0 0
outer loop
vertex 135 41 0
vertex 135 40 0
vertex 135 40 1
endloop
endfacet
facet normal -1 0 0
outer loop
vertex 135 41 0
vertex 135 40 1
vertex 135 41 1
endloop
endfacet
facet normal 0 0 -1
outer loop
vertex 146 40 0
vertex 155 41 0
vertex 155 40 0
endloop
endfacet
facet normal 0 0 -1
outer loop
vertex 146 40 0
vertex 146 41 0
vertex 155 41 0
endloop
endfacet
facet normal 0 0 1
outer loop
vertex 146 40 1
vertex 155 40 1
vertex 155 41 1
endloop
endfacet
facet normal 0 0 1
outer loop
vertex 146 40 1
vertex 155 41 1
vertex 146 41 1
endloop
endfacet
facet normal 0 -1 0
outer loop
vertex 146 40 0
vertex 155 40 0
vertex 155 40 1
endloop
endfacet
facet normal 0 -1 0
outer loop
vertex 146 40 0
vertex 155 40 1
vertex 146 40 1
endloop
endfacet
facet normal 1 0 0
outer loop
vertex 155 40 0
vertex 155 41 0
vertex 155 41 1
endloop
endfacet
facet normal 1 0 0
outer loop
vertex 155 40 0
vertex 155 41 1
vertex 155 40 1
endloop
endfacet
facet normal 0 1 0
outer loop
vertex 155 41 0
vertex 146 41 0
vertex 146 41 1
endloop
endfacet
facet normal 0 1 0
outer loop
vertex 155 41 0
vertex 146 41 1
vertex 155 41 1
endloop
endfacet
facet normal -1 0 0
outer loop
vertex 146 41 0
vertex 146 40 0
vertex 146 40 1
endloop
endfacet
facet normal -1 0 0
outer loop
vertex 146 41 0
vertex 146 40 1
vertex 146 41 1
endloop
endfacet
facet normal 0 0 -1
outer loop
vertex 169 40 0
vertex 177 41 0
vertex 177 40 0
endloop
endfacet
facet normal 0 0 -1
outer loop
vertex 169 40 0
vertex 169 41 0
vertex 177 41 0
endloop
endfacet
facet normal 0 0 1
outer loop
vertex 169 40 1
vertex 177 40 1
vertex 177 41 1
endloop
endfacet
facet normal 0 0 1
outer loop
vertex 169 40 1
vertex 177 41 1
vertex 169 41 1
endloop
endfacet
facet normal 0 -1 0
outer loop
vertex 169 40 0
vertex 177 40 0
vertex 177 40 1
endloop
endfacet
facet normal 0 -1 0
outer loop
vertex 169 40 0
vertex 177 40 1
vertex 169 40 1
endloop
endfacet
facet normal 1 0 0
outer loop
vertex 177 40 0
vertex 177 41 0
vertex 177 41 1
endloop
endfacet
facet normal 1 0 0
outer loop
vertex 177 40 0
vertex 177 41 1
vertex 177 40 1
endloop
endfacet
facet normal 0 1 0
outer loop
vertex 177 41 0
vertex 169 41 0
vertex 169 41 1
endloop
endfacet
facet normal 0 1 0
outer loop
vertex 177 41 0
vertex 169 41 1
vertex 177 41 1
endloop
endfacet
facet normal -1 0 0
outer loop
vertex 169 41 0
vertex 169 40 0
vertex 169 40 1
endloop
endfacet
facet normal -1 0 0
outer loop
vertex 169 41 0
vertex 169 40 1
vertex 169 41 1
endloop
endfacet
facet normal 0 0 -1
outer loop
vertex 180 40 0
vertex 187 41 0
vertex 187 40 0
endloop
endfacet
facet normal 0 0 -1
outer loop
vertex 180 40 0
vertex 180 41 0
vertex 187 41 0
endloop
endfacet
facet normal 0 0 1
outer loop
vertex 180 40 1
vertex 187 40 1
vertex 187 41 1
endloop
endfacet
facet normal 0 0 1
outer loop
vertex 180 40 1
vertex 187 41 1
vertex 180 41 1
endloop
endfacet
facet normal 0 -1 0
outer loop
vertex 180 40 0
vertex 187 40 0
vertex 187 40 1
endloop
endfacet
facet normal 0 -1 0
outer loop
vertex 180 40 0
vertex 187 40 1
vertex 180 40 1
endloop
endfacet
facet normal 1 0 0
outer loop
vertex 187 40 0
vertex 187 41 0
vertex 187 41 1
endloop
endfacet
facet normal 1 0 0
outer loop
vertex 187 40 0
vertex 187 41 1
vertex 187 40 1
endloop
endfacet
facet normal 0 1 0
outer loop
vertex 187 41 0
vertex 180 41 0
vertex 180 41 1
endloop
endfacet
facet normal 0 1 0
outer loop
vertex 187 41 0
vertex 180 41 1
vertex 187 41 1
endloop
endfacet
facet normal -1 0 0
outer loop
vertex 180 41 0
vertex 180 40 0
vertex 180 40 1
endloop
endfacet
facet normal -1 0 0
outer loop
vertex 180 41 0
vertex 180 40 1
vertex 180 41 1
endloop
endfacet
facet normal 0 0 -1
outer loop
vertex 189 40 0
vertex 194 41 0
vertex 194 40 0
endloop
endfacet
facet normal 0 0 -1
outer loop
vertex 189 40 0
vertex 189 41 0
vertex 194 41 0
endloop
endfacet
facet normal 0 0 1
outer loop
vertex 189 40 1
vertex 194 40 1
vertex 194 41 1
endloop
endfacet
facet normal 0 0 1
outer loop
vertex 189 40 1
vertex 194 41 1
vertex 189 41 1
endloop
endfacet
facet normal 0 -1 0
outer loop
vertex 189 40 0
vertex 194 40 0
vertex 194 40 1
endloop
endfacet
facet normal 0 -1 0
outer loop
vertex 189 40 0
vertex 194 40 1
vertex 189 40 1
endloop
endfacet
facet normal 1 0 0
outer loop
vertex 194 40 0
vertex 194 41 0
vertex 194 41 1
endloop
endfacet
facet normal 1 0 0
outer loop
vertex 194 40 0
vertex 194 41 1
vertex 194 40 1
endloop
endfacet
facet normal 0 1 0
outer loop
vertex 194 41 0
vertex 189 41 0
vertex 189 41 1
endloop
endfacet
facet normal 0 1 0
outer loop
vertex 194 41 0
vertex 189 41 1
vertex 194 41 1
endloop
endfacet
facet normal -1 0 0
outer loop
vertex 189 41 0
vertex 189 40 0
vertex 189 40 1
endloop
endfacet
facet normal -1 0 0
outer loop
vertex 189 41 0
vertex 189 40 1
vertex 189 41 1
endloop
endfacet
facet normal 0 0 -1
outer loop
vertex 198 40 0
vertex 204 41 0
vertex 204 40 0
endloop
endfacet
facet normal 0 0 -1
outer loop
vertex 198 40 0
vertex 198 41 0
vertex 204 41 0
endloop
endfacet
facet normal 0 0 1
outer loop
vertex 198 40 1
vertex 204 40 1
vertex 204 41 1
endloop
endfacet
facet normal 0 0 1
outer loop
vertex 198 40 1
vertex 204 41 1
vertex 198 41 1
endloop
endfacet
facet normal 0 -1 0
outer loop
vertex 198 40 0
vertex 204 40 0
vertex 204 40 1
endloop
endfacet
facet normal 0 -1 0
outer loop
vertex 198 40 0
vertex 204 40 1
vertex 198 40 1
endloop
endfacet
facet normal 1 0 0
outer loop
vertex 204 40 0
vertex 204 41 0
vertex 204 41 1
endloop
endfacet
facet normal 1 0 0
outer loop
vertex 204 40 0
vertex 204 41 1
vertex 204 40 1
endloop
endfacet
facet normal 0 1 0
outer loop
vertex 204 41 0
vertex 198 41 0
vertex 198 41 1
endloop
endfacet
facet normal 0 1 0
outer loop
vertex 204 41 0
vertex 198 41 1
vertex 204 41 1
endloop
endfacet
facet normal -1 0 0
outer loop
vertex 198 41 0
vertex 198 40 0
vertex 198 40 1
endloop
endfacet
facet normal -1 0 0
outer loop
vertex 198 41 0
vertex 198 40 1
vertex 198 41 1
endloop
endfacet
facet normal 0 0 -1
outer loop
vertex 207 40 0
vertex 212 41 0
vertex 212 40 0
endloop
endfacet
facet normal 0 0 -1
outer loop
vertex 207 40 0
vertex 207 41 0
vertex 212 41 0
endloop
endfacet
facet normal 0 0 1
outer loop
vertex 207 40 1
vertex 212 40 1
vertex 212 41 1
endloop
endfacet
facet normal 0 0 1
outer loop
vertex 207 40 1
vertex 212 41 1
vertex 207 41 1
endloop
endfacet
facet normal 0 -1 0
outer loop
vertex 207 40 0
vertex 212 40 0
vertex 212 40 1
endloop
endfacet
facet normal 0 -1 0
outer loop
vertex 207 40 0
vertex 212 40 1
vertex 207 40 1
endloop
endfacet
facet normal 1 0 0
outer loop
vertex 212 40 0
vertex 212 41 0
vertex 212 41 1
endloop
endfacet
facet normal 1 0 0
outer loop
vertex 212 40 0
vertex 212 41 1
vertex 212 40 1
endloop
endfacet
facet normal 0 1 0
outer loop
vertex 212 41 0
vertex 207 41 0
vertex 207 41 1
endloop
endfacet
facet normal 0 1 0
outer loop
vertex 212 41 0
vertex 207 41 1
vertex 212 41 1
endloop
endfacet
facet normal -1 0 0
outer loop
vertex 207 41 0
vertex 207 40 0
vertex 207 40 1
endloop
endfacet
facet normal -1 0 0
outer loop
vertex 207 41 0
vertex 207 40 1
vertex 207 41 1
endloop
endfacet
facet normal 0 0 -1
outer loop
vertex 227 40 0
vertex 232 41 0
vertex 232 40 0
endloop
endfacet
facet normal 0 0 -1
outer loop
vertex 227 40 0
vertex 227 41 0
vertex 232 41 0
endloop
endfacet
facet normal 0 0 1
outer loop
vertex 227 40 1
vertex 232 40 1
vertex 232 41 1
endloop
endfacet
facet normal 0 0 1
outer loop
vertex 227 40 1
vertex 232 41 1
vertex 227 41 1
endloop
endfacet
facet normal 0 -1 0
outer loop
vertex 227 40 0
vertex 232 40 0
vertex 232 40 1
endloop
endfacet
facet normal 0 -1 0
outer loop
vertex 227 40 0
vertex 232 40 1
vertex 227 40 1
endloop
endfacet
facet normal 1 0 0
outer loop
vertex 232 40 0
vertex 232 41 0
vertex 232 41 1
endloop
endfacet
facet normal 1 0 0
outer loop
vertex 232 40 0
vertex 232 41 1
vertex 232 40 1
endloop
endfacet
facet normal 0 1 0
outer loop
vertex 232 41 0
vertex 227 41 0
vertex 227 41 1
endloop
endfacet
facet normal 0 1 0
outer loop
vertex 232 41 0
vertex 227 41 1
vertex 232 41 1
endloop
endfacet
facet normal -1 0 0
outer loop
vertex 227 41 0
vertex 227 40 0
vertex 227 40 1
endloop
endfacet
facet normal -1 0 0
outer loop
vertex 227 41 0
vertex 227 40 1
vertex 227 41 1
endloop
endfacet
facet normal 0 0 -1
outer loop
vertex 245 40 0
vertex 254 41 0
vertex 254 40 0
endloop
endfacet
facet normal 0 0 -1
outer loop
vertex 245 40 0
vertex 245 41 0
vertex 254 41 0
endloop
endfacet
facet normal 0 0 1
outer loop
vertex 245 40 1
vertex 254 40 1
vertex 254 41 1
endloop
endfacet
facet normal 0 0 1
outer loop
vertex 245 40 1
vertex 254 41 1
vertex 245 41 1
endloop
endfacet
facet normal 0 -1 0
outer loop
vertex 245 40 0
vertex 254 40 0
vertex 254 40 1
endloop
endfacet
facet normal 0 -1 0
outer loop
vertex 245 40 0
vertex 254 40 1
vertex 245 40 1
endloop
endfacet
facet normal 1 0 0
outer loop
vertex 254 40 0
vertex 254 41 0
vertex 254 41 1
endloop
endfacet
facet normal 1 0 0
outer loop
vertex 254 40 0
vertex 254 41 1
vertex 254 40 1
endloop
endfacet
facet normal 0 1 0
outer loop
vertex 254 41 0
vertex 245 41 0
vertex 245 41 1
endloop
endfacet
facet normal 0 1 0
outer loop
vertex 254 41 0
vertex 245 41 1
vertex 254 41 1
endloop
endfacet
facet normal -1 0 0
outer loop
vertex 245 41 0
vertex 245 40 0
vertex 245 40 1
endloop
endfacet
facet normal -1 0 0
outer loop
vertex 245 41 0
vertex 245 40 1
vertex 245 41 1
endloop
endfacet
facet normal 0 0 -1
outer loop
vertex 258 40 0
vertex 264 41 0
vertex 264 40 0
endloop
endfacet
facet normal 0 0 -1
outer loop
vertex 258 40 0
vertex 258 41 0
vertex 264 41 0
endloop
endfacet
facet normal 0 0 1
outer loop
vertex 258 40 1
vertex 264 40 1
vertex 264 41 1
endloop
endfacet
facet normal 0 0 1
outer loop
vertex 258 40 1
vertex 264 41 1
vertex 258 41 1
endloop
endfacet
facet normal 0 -1 0
outer loop
vertex 258 40 0
vertex 264 40 0
vertex 264 40 1
endloop
endfacet
facet normal 0 -1 0
outer loop
vertex 258 40 0
vertex 264 40 1
vertex 258 40 1
endloop
endfacet
facet normal 1 0 0
outer loop
vertex 264 40 0
vertex 264 41 0
vertex 264 41 1
endloop
endfacet
facet normal 1 0 0
outer loop
vertex 264 40 0
vertex 264 41 1
vertex 264 40 1
endloop
endfacet
facet normal 0 1 0
outer loop
vertex 264 41 0
vertex 258 41 0
vertex 258 41 1
endloop
endfacet
facet normal 0 1 0
outer loop
vertex 264 41 0
vertex 258 41 1
vertex 264 41 1
endloop
endfacet
facet normal -1 0 0
outer loop
vertex 258 41 0
vertex 258 40 0
vertex 258 40 1
endloop
endfacet
facet normal -1 0 0
outer loop
vertex 258 41 0
vertex 258 40 1
vertex 258 41 1
endloop
endfacet
facet normal 0 0 -1
outer loop
vertex 268 40 0
vertex 273 41 0
vertex 273 40 0
endloop
endfacet
facet normal 0 0 -1
outer loop
vertex 268 40 0
vertex 268 41 0
vertex 273 41 0
endloop
endfacet
facet normal 0 0 1
outer loop
vertex 268 40 1
vertex 273 40 1
vertex 273 41 1
endloop
endfacet
facet normal 0 0 1
outer loop
vertex 268 40 1
vertex 273 41 1
vertex 268 41 1
endloop
endfacet
facet normal 0 -1 0
outer loop
vertex 268 40 0
vertex 273 40 0
vertex 273 40 1
endloop
endfacet
facet normal 0 -1 0
outer loop
vertex 268 40 0
vertex 273 40 1
vertex 268 40 1
endloop
endfacet
facet normal 1 0 0
outer loop
vertex 273 40 0
vertex 273 41 0
vertex 273 41 1
endloop
endfacet
facet normal 1 0 0
outer loop
vertex 273 40 0
vertex 273 41 1
vertex 273 40 1
endloop
endfacet
facet normal 0 1 0
outer loop
vertex 273 41 0
vertex 268 41 0
vertex 268 41 1
endloop
endfacet
facet normal 0 1 0
outer loop
vertex 273 41 0
vertex 268 41 1
vertex 273 41 1
endloop
endfacet
facet normal -1 0 0
outer loop
vertex 268 41 0
vertex 268 40 0
vertex 268 40 1
endloop
endfacet
facet normal -1 0 0
outer loop
vertex 268 41 0
vertex 268 40 1
vertex 268 41 1
endloop
endfacet
facet normal 0 0 -1
outer loop
vertex 284 40 0
vertex 290 41 0
vertex 290 40 0
endloop
endfacet
facet normal 0 0 -1
outer loop
vertex 284 40 0
vertex 284 41 0
vertex 290 41 0
endloop
endfacet
facet normal 0 0 1
outer loop
vertex 284 40 1
vertex 290 40 1
vertex 290 41 1
endloop
endfacet
facet normal 0 0 1
outer loop
vertex 284 40 1
vertex 290 41 1
vertex 284 41 1
endloop
endfacet
facet normal 0 -1 0
outer loop
vertex 284 40 0
vertex 290 40 0
vertex 290 40 1
endloop
endfacet
facet normal 0 -1 0
outer loop
vertex 284 40 0
vertex 290 40 1
vertex 284 40 1
endloop
endfacet
facet normal 1 0 0
outer loop
vertex 290 40 0
vertex 290 41 0
vertex 290 41 1
endloop
endfacet
facet normal 1 0 0
outer loop
vertex 290 40 0
vertex 290 41 1
vertex 290 40 1
endloop
endfacet
facet normal 0 1 0
outer loop
vertex 290 41 0
vertex 284 41 0
vertex 284 41 1
endloop
endfacet
facet normal 0 1 0
outer loop
vertex 290 41 0
vertex 284 41 1
vertex 290 41 1
endloop
endfacet
facet normal -1 0 0
outer loop
vertex 284 41 0
vertex 284 40 0
vertex 284 40 1
endloop
endfacet
facet normal -1 0 0
outer loop
vertex 284 41 0
vertex 284 40 1
vertex 284 41 1
endloop
endfacet
facet normal 0 0 -1
outer loop
vertex 293 40 0
vertex 302 41 0
vertex 302 40 0
endloop
endfacet
facet normal 0 0 -1
outer loop
vertex 293 40 0
vertex 293 41 0
vertex 302 41 0
endloop
endfacet
facet normal 0 0 1
outer loop
vertex 293 40 1
vertex 302 40 1
vertex 302 41 1
endloop
endfacet
facet normal 0 0 1
outer loop
vertex 293 40 1
vertex 302 41 1
vertex 293 41 1
endloop
endfacet
facet normal 0 -1 0
outer loop
vertex 293 40 0
vertex 302 40 0
vertex 302 40 1
endloop
endfacet
facet normal 0 -1 0
outer loop
vertex 293 40 0
vertex 302 40 1
vertex 293 40 1
endloop
endfacet
facet normal 1 0 0
outer loop
vertex 302 40 0
vertex 302 41 0
vertex 302 41 1
endloop
endfacet
facet normal 1 0 0
outer loop
vertex 302 40 0
vertex 302 41 1
vertex 302 40 1
endloop
endfacet
facet normal 0 1 0
outer loop
vertex 302 41 0
vertex 293 41 0
vertex 293 41 1
endloop
endfacet
facet normal 0 1 0
outer loop
vertex 302 41 0
vertex 293 41 1
vertex 302 41 1
endloop
endfacet
facet normal -1 0 0
outer loop
vertex 293 41 0
vertex 293 40 0
vertex 293 40 1
endloop
endfacet
facet normal -1 0 0
outer loop
vertex 293 41 0
vertex 293 40 1
vertex 293 41 1
endloop
endfacet
facet normal 0 0 -1
outer loop
vertex 305 40 0
vertex 311 41 0
vertex 311 40 0
endloop
endfacet
facet normal 0 0 -1
outer loop
vertex 305 40 0
vertex 305 41 0
vertex 311 41 0
endloop
endfacet
facet normal 0 0 1
outer loop
vertex 305 40 1
vertex 311 40 1
vertex 311 41 1
endloop
endfacet
facet normal 0 0 1
outer loop
vertex 305 40 1
vertex 311 41 1
vertex 305 41 1
endloop
endfacet
facet normal 0 -1 0
outer loop
vertex 305 40 0
vertex 311 40 0
vertex 311 40 1
endloop
endfacet
facet normal 0 -1 0
outer loop
vertex 305 40 0
vertex 311 40 1
vertex 305 40 1
endloop
endfacet
facet normal 1 0 0
outer loop
vertex 311 40 0
vertex 311 41 0
vertex 311 41 1
endloop
endfacet
facet normal 1 0 0
outer loop
vertex 311 40 0
vertex 311 41 1
vertex 311 40 1
endloop
endfacet
facet normal 0 1 0
outer loop
vertex 311 41 0
vertex 305 41 0
vertex 305 41 1
endloop
endfacet
facet normal 0 1 0
outer loop
vertex 311 41 0
vertex 305 41 1
vertex 311 41 1
endloop
endfacet
facet normal -1 0 0
outer loop
vertex 305 41 0
vertex 305 40 0
vertex 305 40 1
endloop
endfacet
facet normal -1 0 0
outer loop
vertex 305 41 0
vertex 305 40 1
vertex 305 41 1
endloop
endfacet
facet normal 0 0 -1
outer loop
vertex 318 40 0
vertex 323 41 0
vertex 323 40 0
endloop
endfacet
facet normal 0 0 -1
outer loop
vertex 318 40 0
vertex 318 41 0
vertex 323 41 0
endloop
endfacet
facet normal 0 0 1
outer loop
vertex 318 40 1
vertex 323 40 1
vertex 323 41 1
endloop
endfacet
facet normal 0 0 1
outer loop
vertex 318 40 1
vertex 323 41 1
vertex 318 41 1
endloop
endfacet
facet normal 0 -1 0
outer loop
vertex 318 40 0
vertex 323 40 0
vertex 323 40 1
endloop
endfacet
facet normal 0 -1 0
outer loop
vertex 318 40 0
vertex 323 40 1
vertex 318 40 1
endloop
endfacet
facet normal 1 0 0
outer loop
vertex 323 40 0
vertex 323 41 0
vertex 323 41 1
endloop
endfacet
facet normal 1 0 0
outer loop
vertex 323 40 0
vertex 323 41 1
vertex 323 40 1
endloop
endfacet
facet normal 0 1 0
outer loop
vertex 323 41 0
vertex 318 41 0
vertex 318 41 1
endloop
endfacet
facet normal 0 1 0
outer loop
vertex 323 41 0
vertex 318 41 1
vertex 323 41 1
endloop
endfacet
facet normal -1 0 0
outer loop
vertex 318 41 0
vertex 318 40 0
vertex 318 40 1
endloop
endfacet
facet normal -1 0 0
outer loop
vertex 318 41 0
vertex 318 40 1
vertex 318 41 1
endloop
endfacet
facet normal 0 0 -1
outer loop
vertex 328 40 0
vertex 337 41 0
vertex 337 40 0
endloop
endfacet
facet normal 0 0 -1
outer loop
vertex 328 40 0
vertex 328 41 0
vertex 337 41 0
endloop
endfacet
facet normal 0 0 1
outer loop
vertex 328 40 1
vertex 337 40 1
vertex 337 41 1
endloop
endfacet
facet normal 0 0 1
outer loop
vertex 328 40 1
vertex 337 41 1
vertex 328 41 1
endloop
endfacet
facet normal 0 -1 0
outer loop
vertex 328 40 0
vertex 337 40 0
vertex 337 40 1
endloop
endfacet
facet normal 0 -1 0
outer loop
vertex 328 40 0
vertex 337 40 1
vertex 328 40 1
endloop
endfacet
facet normal 1 0 0
outer loop
vertex 337 40 0
vertex 337 41 0
vertex 337 41 1
endloop
endfacet
facet normal 1 0 0
outer loop
vertex 337 40 0
vertex 337 41 1
vertex 337 40 1
endloop
endfacet
facet normal 0 1 0
outer loop
vertex 337 41 0
vertex 328 41 0
vertex 328 41 1
endloop
endfacet
facet normal 0 1 0
outer loop
vertex 337 41 0
vertex 328 41 1
vertex 337 41 1
endloop
endfacet
facet normal -1 0 0
outer loop
vertex 328 41 0
vertex 328 40 0
vertex 328 40 1
endloop
endfacet
facet normal -1 0 0
outer loop
vertex 328 41 0
vertex 328 40 1
vertex 328 41 1
endloop
endfacet
facet normal 0 0 -1
outer loop
vertex 342 40 0
vertex 347 41 0
vertex 347 40 0
endloop
endfacet
facet normal 0 0 -1
outer loop
vertex 342 40 0
vertex 342 41 0
vertex 347 41 0
endloop
endfacet
facet normal 0 0 1
outer loop
vertex 342 40 1
vertex 347 40 1
vertex 347 41 1
endloop
endfacet
facet normal 0 0 1
outer loop
vertex 342 40 1
vertex 347 41 1
vertex 342 41 1
endloop
endfacet
facet normal 0 -1 0
outer loop
vertex 342 40 0
vertex 347 40 0
vertex 347 40 1
endloop
endfacet
facet normal 0 -1 0
outer loop
vertex 342 40 0
vertex 347 40 1
vertex 342 40 1
endloop
endfacet
facet normal 1 0 0
outer loop
vertex 347 40 0
vertex 347 41 0
vertex 347 41 1
endloop
endfacet
facet normal 1 0 0
outer loop
vertex 347 40 0
vertex 347 41 1
vertex 347 40 1
endloop
endfacet
facet normal 0 1 0
outer loop
vertex 347 41 0
vertex 342 41 0
vertex 342 41 1
endloop
endfacet
facet normal 0 1 0
outer loop
vertex 347 41 0
vertex 342 41 1
vertex 347 41 1
endloop
endfacet
facet normal -1 0 0
outer loop
vertex 342 41 0
vertex 342 40 0
vertex 342 40 1
endloop
endfacet
facet normal -1 0 0
outer loop
vertex 342 41 0
vertex 342 40 1
vertex 342 41 1
endloop
endfacet
facet normal 0 0 -1
outer loop
vertex 351 40 0
vertex 357 41 0
vertex 357 40 0
endloop
endfacet
facet normal 0 0 -1
outer loop
vertex 351 40 0
vertex 351 41 0
vertex 357 41 0
endloop
endfacet
facet normal 0 0 1
outer loop
vertex 351 40 1
vertex 357 40 1
vertex 357 41 1
endloop
endfacet
facet normal 0 0 1
outer loop
vertex 351 40 1
vertex 357 41 1
vertex 351 41 1
endloop
endfacet
facet normal 0 -1 0
outer loop
vertex 351 40 0
vertex 357 40 0
vertex 357 40 1
endloop
endfacet
facet normal 0 -1 0
outer loop
vertex 351 40 0
vertex 357 40 1
vertex 351 40 1
endloop
endfacet
facet normal 1 0 0
outer loop
vertex 357 40 0
vertex 357 41 0
vertex 357 41 1
endloop
endfacet
facet normal 1 0 0
outer loop
vertex 357 40 0
vertex 357 41 1
vertex 357 40 1
endloop
endfacet
facet normal 0 1 0
outer loop
vertex 357 41 0
vertex 351 41 0
vertex 351 41 1
endloop
endfacet
facet normal 0 1 0
outer loop
vertex 357 41 0
vertex 351 41 1
vertex 357 41 1
endloop
endfacet
facet normal -1 0 0
outer loop
vertex 351 41 0
vertex 351 40 0
vertex 351 40 1
endloop
endfacet
facet normal -1 0 0
outer loop
vertex 351 41 0
vertex 351 40 1
vertex 351 41 1
endloop
endfacet
facet normal 0 0 -1
outer loop
vertex 359 40 0
vertex 364 41 0
vertex 364 40 0
endloop
endfacet
facet normal 0 0 -1
outer loop
vertex 359 40 0
vertex 359 41 0
vertex 364 41 0
endloop
endfacet
facet normal 0 0 1
outer loop
vertex 359 40 1
vertex 364 40 1
vertex 364 41 1
endloop
endfacet
facet normal 0 0 1
outer loop
vertex 359 40 1
vertex 364 41 1
vertex 359 41 1
endloop
endfacet
facet normal 0 -1 0
outer loop
vertex 359 40 0
vertex 364 40 0
vertex 364 40 1
endloop
endfacet
facet normal 0 -1 0
outer loop
vertex 359 40 0
vertex 364 40 1
vertex 359 40 1
endloop
endfacet
facet normal 1 0 0
outer loop
vertex 364 40 0
vertex 364 41 0
vertex 364 41 1
endloop
endfacet
facet normal 1 0 0
outer loop
vertex 364 40 0
vertex 364 41 1
vertex 364 40 1
endloop
endfacet
facet normal 0 1 0
outer loop
vertex 364 41 0
vertex 359 41 0
vertex 359 41 1
endloop
endfacet
facet normal 0 1 0
outer loop
vertex 364 41 0
vertex 359 41 1
vertex 364 41 1
endloop
endfacet
facet normal -1 0 0
outer loop
vertex 359 41 0
vertex 359 40 0
vertex 359 40 1
endloop
endfacet
facet normal -1 0 0
outer loop
vertex 359 41 0
vertex 359 40 1
vertex 359 41 1
endloop
endfacet
facet normal 0 0 -1
outer loop
vertex 369 40 0
vertex 374 41 0
vertex 374 40 0
endloop
endfacet
facet normal 0 0 -1
outer loop
vertex 369 40 0
vertex 369 41 0
vertex 374 41 0
endloop
endfacet
facet normal 0 0 1
outer loop
vertex 369 40 1
vertex 374 40 1
vertex 374 41 1
endloop
endfacet
facet normal 0 0 1
outer loop
vertex 369 40 1
vertex 374 41 1
vertex 369 41 1
endloop
endfacet
facet normal 0 -1 0
outer loop
vertex 369 40 0
vertex 374 40 0
vertex 374 40 1
endloop
endfacet
facet normal 0 -1 0
outer loop
vertex 369 40 0
vertex 374 40 1
vertex 369 40 1
endloop
endfacet
facet normal 1 0 0
outer loop
vertex 374 40 0
vertex 374 41 0
vertex 374 41 1
endloop
endfacet
facet normal 1 0 0
outer loop
vertex 374 40 0
vertex 374 41 1
vertex 374 40 1
endloop
endfacet
facet normal 0 1 0
outer loop
vertex 374 41 0
vertex 369 41 0
vertex 369 41 1
endloop
endfacet
facet normal 0 1 0
outer loop
vertex 374 41 0
vertex 369 41 1
vertex 374 41 1
endloop
endfacet
facet normal -1 0 0
outer loop
vertex 369 41 0
vertex 369 40 0
vertex 369 40 1
endloop
endfacet
facet normal -1 0 0
outer loop
vertex 369 41 0
vertex 369 40 1
vertex 369 41 1
endloop
endfacet
facet normal 0 0 -1
outer loop
vertex 65 39 0
vertex 81 40 0
vertex 81 39 0
endloop
endfacet
facet normal 0 0 -1
outer loop
vertex 65 39 0
vertex 65 40 0
vertex 81 40 0
endloop
endfacet
facet normal 0 0 1
outer loop
vertex 65 39 1
vertex 81 39 1
vertex 81 40 1
endloop
endfacet
facet normal 0 0 1
outer loop
vertex 65 39 1
vertex 81 40 1
vertex 65 40 1
endloop
endfacet
facet normal 0 -1 0
outer loop
vertex 65 39 0
vertex 81 39 0
vertex 81 39 1
endloop
endfacet
facet normal 0 -1 0
outer loop
vertex 65 39 0
vertex 81 39 1
vertex 65 39 1
endloop
endfacet
facet normal 1 0 0
outer loop
vertex 81 39 0
vertex 81 40 0
vertex 81 40 1
endloop
endfacet
facet normal 1 0 0
outer loop
vertex 81 39 0
vertex 81 40 1
vertex 81 39 1
endloop
endfacet
facet normal 0 1 0
outer loop
vertex 81 40 0
vertex 65 40 0
vertex 65 40 1
endloop
endfacet
facet normal 0 1 0
outer loop
vertex 81 40 0
vertex 65 40 1
vertex 81 40 1
endloop
endfacet
facet normal -1 0 0
outer loop
vertex 65 40 0
vertex 65 39 0
vertex 65 39 1
endloop
endfacet
facet normal -1 0 0
outer loop
vertex 65 40 0
vertex 65 39 1
vertex 65 40 1
endloop
endfacet
facet normal 0 0 -1
outer loop
vertex 84 39 0
vertex 99 40 0
vertex 99 39 0
endloop
endfacet
facet normal 0 0 -1
outer loop
vertex 84 39 0
vertex 84 40 0
vertex 99 40 0
endloop
endfacet
facet normal 0 0 1
outer loop
vertex 84 39 1
vertex 99 39 1
vertex 99 40 1
endloop
endfacet
facet normal 0 0 1
outer loop
vertex 84 39 1
vertex 99 40 1
vertex 84 40 1
endloop
endfacet
facet normal 0 -1 0
outer loop
vertex 84 39 0
vertex 99 39 0
vertex 99 39 1
endloop
endfacet
facet normal 0 -1 0
outer loop
vertex 84 39 0
vertex 99 39 1
vertex 84 39 1
endloop
endfacet
facet normal 1 0 0
outer loop
vertex 99 39 0
vertex 99 40 0
vertex 99 40 1
endloop
endfacet
facet normal 1 0 0
outer loop
vertex 99 39 0
vertex 99 40 1
vertex 99 39 1
endloop
endfacet
facet normal 0 1 0
outer loop
vertex 99 40 0
vertex 84 40 0
vertex 84 40 1
endloop
endfacet
facet normal 0 1 0
outer loop
vertex 99 40 0
vertex 84 40 1
vertex 99 40 1
endloop
endfacet
facet normal -1 0 0
outer loop
vertex 84 40 0
vertex 84 39 0
vertex 84 39 1
endloop
endfacet
facet normal -1 0 0
outer loop
vertex 84 40 0
vertex 84 39 1
vertex 84 40 1
endloop
endfacet
facet normal 0 0 -1
outer loop
vertex 105 39 0
vertex 113 40 0
vertex 113 39 0
endloop
endfacet
facet normal 0 0 -1
outer loop
vertex 105 39 0
vertex 105 40 0
vertex 113 40 0
endloop
endfacet
facet normal 0 0 1
outer loop
vertex 105 39 1
vertex 113 39 1
vertex 113 40 1
endloop
endfacet
facet normal 0 0 1
outer loop
vertex 105 39 1
vertex 113 40 1
vertex 105 40 1
endloop
endfacet
facet normal 0 -1 0
outer loop
vertex 105 39 0
vertex 113 39 0
vertex 113 39 1
endloop
endfacet
facet normal 0 -1 0
outer loop
vertex 105 39 0
vertex 113 39 1
vertex 105 39 1
endloop
endfacet
facet normal 1 0 0
outer loop
vertex 113 39 0
vertex 113 40 0
vertex 113 40 1
endloop
endfacet
facet normal 1 0 0
outer loop
vertex 113 39 0
vertex 113 40 1
vertex 113 39 1
endloop
endfacet
facet normal 0 1 0
outer loop
vertex 113 40 0
vertex 105 40 0
vertex 105 40 1
endloop
endfacet
facet normal 0 1 0
outer loop
vertex 113 40 0
vertex 105 40 1
vertex 113 40 1
endloop
endfacet
facet normal -1 0 0
outer loop
vertex 105 40 0
vertex 105 39 0
vertex 105 39 1
endloop
endfacet
facet normal -1 0 0
outer loop
vertex 105 40 0
vertex 105 39 1
vertex 105 40 1
endloop
endfacet
facet normal 0 0 -1
outer loop
vertex 118 39 0
vertex 133 40 0
vertex 133 39 0
endloop
endfacet
facet normal 0 0 -1
outer loop
vertex 118 39 0
vertex 118 40 0
vertex 133 40 0
endloop
endfacet
facet normal 0 0 1
outer loop
vertex 118 39 1
vertex 133 39 1
vertex 133 40 1
endloop
endfacet
facet normal 0 0 1
outer loop
vertex 118 39 1
vertex 133 40 1
vertex 118 40 1
endloop
endfacet
facet normal 0 -1 0
outer loop
vertex 118 39 0
vertex 133 39 0
vertex 133 39 1
endloop
endfacet
facet normal 0 -1 0
outer loop
vertex 118 39 0
vertex 133 39 1
vertex 118 39 1
endloop
endfacet
facet normal 1 0 0
outer loop
vertex 133 39 0
vertex 133 40 0
vertex 133 40 1
endloop
endfacet
facet normal 1 0 0
outer loop
vertex 133 39 0
vertex 133 40 1
vertex 133 39 1
endloop
endfacet
facet normal 0 1 0
outer loop
vertex 133 40 0
vertex 118 40 0
vertex 118 40 1
endloop
endfacet
facet normal 0 1 0
outer loop
vertex 133 40 0
vertex 118 40 1
vertex 133 40 1
endloop
endfacet
facet normal -1 0 0
outer loop
vertex 118 40 0
vertex 118 39 0
vertex 118 39 1
endloop
endfacet
facet normal -1 0 0
outer loop
vertex 118 40 0
vertex 118 39 1
vertex 118 40 1
endloop
endfacet
facet normal 0 0 -1
outer loop
vertex 135 39 0
vertex 140 40 0
vertex 140 39 0
endloop
endfacet
facet normal 0 0 -1
outer loop
vertex 135 39 0
vertex 135 40 0
vertex 140 40 0
endloop
endfacet
facet normal 0 0 1
outer loop
vertex 135 39 1
vertex 140 39 1
vertex 140 40 1
endloop
endfacet
facet normal 0 0 1
outer loop
vertex 135 39 1
vertex 140 40 1
vertex 135 40 1
endloop
endfacet
facet normal 0 -1 0
outer loop
vertex 135 39 0
vertex 140 39 0
vertex 140 39 1
endloop
endfacet
facet normal 0 -1 0
outer loop
vertex 135 39 0
vertex 140 39 1
vertex 135 39 1
endloop
endfacet
facet normal 1 0 0
outer loop
vertex 140 39 0
vertex 140 40 0
vertex 140 40 1
endloop
endfacet
facet normal 1 0 0
outer loop
vertex 140 39 0
vertex 140 40 1
vertex 140 39 1
endloop
endfacet
facet normal 0 1 0
outer loop
vertex 140 40 0
vertex 135 40 0
vertex 135 40 1
endloop
endfacet
facet normal 0 1 0
outer loop
vertex 140 40 0
vertex 135 40 1
vertex 140 40 1
endloop
endfacet
facet normal -1 0 0
outer loop
vertex 135 40 0
vertex 135 39 0
vertex 135 39 1
endloop
endfacet
facet normal -1 0 0
outer loop
vertex 135 40 0
vertex 135 39 1
vertex 135 40 1
endloop
endfacet
facet normal 0 0 -1
outer loop
vertex 146 39 0
vertex 154 40 0
vertex 154 39 0
endloop
endfacet
facet normal 0 0 -1
outer loop
vertex 146 39 0
vertex 146 40 0
vertex 154 40 0
endloop
endfacet
facet normal 0 0 1
outer loop
vertex 146 39 1
vertex 154 39 1
vertex 154 40 1
endloop
endfacet
facet normal 0 0 1
outer loop
vertex 146 39 1
vertex 154 40 1
vertex 146 40 1
endloop
endfacet
facet normal 0 -1 0
outer loop
vertex 146 39 0
vertex 154 39 0
vertex 154 39 1
endloop
endfacet
facet normal 0 -1 0
outer loop
vertex 146 39 0
vertex 154 39 1
vertex 146 39 1
endloop
endfacet
facet normal 1 0 0
outer loop
vertex 154 39 0
vertex 154 40 0
vertex 154 40 1
endloop
endfacet
facet normal 1 0 0
outer loop
vertex 154 39 0
vertex 154 40 1
vertex 154 39 1
endloop
endfacet
facet normal 0 1 0
outer loop
vertex 154 40 0
vertex 146 40 0
vertex 146 40 1
endloop
endfacet
facet normal 0 1 0
outer loop
vertex 154 40 0
vertex 146 40 1
vertex 154 40 1
endloop
endfacet
facet normal -1 0 0
outer loop
vertex 146 40 0
vertex 146 39 0
vertex 146 39 1
endloop
endfacet
facet normal -1 0 0
outer loop
vertex 146 40 0
vertex 146 39 1
vertex 146 40 1
endloop
endfacet
facet normal 0 0 -1
outer loop
vertex 170 39 0
vertex 186 40 0
vertex 186 39 0
endloop
endfacet
facet normal 0 0 -1
outer loop
vertex 170 39 0
vertex 170 40 0
vertex 186 40 0
endloop
endfacet
facet normal 0 0 1
outer loop
vertex 170 39 1
vertex 186 39 1
vertex 186 40 1
endloop
endfacet
facet normal 0 0 1
outer loop
vertex 170 39 1
vertex 186 40 1
vertex 170 40 1
endloop
endfacet
facet normal 0 -1 0
outer loop
vertex 170 39 0
vertex 186 39 0
vertex 186 39 1
endloop
endfacet
facet normal 0 -1 0
outer loop
vertex 170 39 0
vertex 186 39 1
vertex 170 39 1
endloop
endfacet
facet normal 1 0 0
outer loop
vertex 186 39 0
vertex 186 40 0
vertex 186 40 1
endloop
endfacet
facet normal 1 0 0
outer loop
vertex 186 39 0
vertex 186 40 1
vertex 186 39 1
endloop
endfacet
facet normal 0 1 0
outer loop
vertex 186 40 0
vertex 170 40 0
vertex 170 40 1
endloop
endfacet
facet normal 0 1 0
outer loop
vertex 186 40 0
vertex 170 40 1
vertex 186 40 1
endloop
endfacet
facet normal -1 0 0
outer loop
vertex 170 40 0
vertex 170 39 0
vertex 170 39 1
endloop
endfacet
facet normal -1 0 0
outer loop
vertex 170 40 0
vertex 170 39 1
vertex 170 40 1
endloop
endfacet
facet normal 0 0 -1
outer loop
vertex 189 39 0
vertex 195 40 0
vertex 195 39 0
endloop
endfacet
facet normal 0 0 -1
outer loop
vertex 189 39 0
vertex 189 40 0
vertex 195 40 0
endloop
endfacet
facet normal 0 0 1
outer loop
vertex 189 39 1
vertex 195 39 1
vertex 195 40 1
endloop
endfacet
facet normal 0 0 1
outer loop
vertex 189 39 1
vertex 195 40 1
vertex 189 40 1
endloop
endfacet
facet normal 0 -1 0
outer loop
vertex 189 39 0
vertex 195 39 0
vertex 195 39 1
endloop
endfacet
facet normal 0 -1 0
outer loop
vertex 189 39 0
vertex 195 39 1
vertex 189 39 1
endloop
endfacet
facet normal 1 0 0
outer loop
vertex 195 39 0
vertex 195 40 0
vertex 195 40 1
endloop
endfacet
facet normal 1 0 0
outer loop
vertex 195 39 0
vertex 195 40 1
vertex 195 39 1
endloop
endfacet
facet normal 0 1 0
outer loop
vertex 195 40 0
vertex 189 40 0
vertex 189 40 1
endloop
endfacet
facet normal 0 1 0
outer loop
vertex 195 40 0
vertex 189 40 1
vertex 195 40 1
endloop
endfacet
facet normal -1 0 0
outer loop
vertex 189 40 0
vertex 189 39 0
vertex 189 39 1
endloop
endfacet
facet normal -1 0 0
outer loop
vertex 189 40 0
vertex 189 39 1
vertex 189 40 1
endloop
endfacet
facet normal 0 0 -1
outer loop
vertex 196 39 0
vertex 204 40 0
vertex 204 39 0
endloop
endfacet
facet normal 0 0 -1
outer loop
vertex 196 39 0
vertex 196 40 0
vertex 204 40 0
endloop
endfacet
facet normal 0 0 1
outer loop
vertex 196 39 1
vertex 204 39 1
vertex 204 40 1
endloop
endfacet
facet normal 0 0 1
outer loop
vertex 196 39 1
vertex 204 40 1
vertex 196 40 1
endloop
endfacet
facet normal 0 -1 0
outer loop
vertex 196 39 0
vertex 204 39 0
vertex 204 39 1
endloop
endfacet
facet normal 0 -1 0
outer loop
vertex 196 39 0
vertex 204 39 1
vertex 196 39 1
endloop
endfacet
facet normal 1 0 0
outer loop
vertex 204 39 0
vertex 204 40 0
vertex 204 40 1
endloop
endfacet
facet normal 1 0 0
outer loop
vertex 204 39 0
vertex 204 40 1
vertex 204 39 1
endloop
endfacet
facet normal 0 1 0
outer loop
vertex 204 40 0
vertex 196 40 0
vertex 196 40 1
endloop
endfacet
facet normal 0 1 0
outer loop
vertex 204 40 0
vertex 196 40 1
vertex 204 40 1
endloop
endfacet
facet normal -1 0 0
outer loop
vertex 196 40 0
vertex 196 39 0
vertex 196 39 1
endloop
endfacet
facet normal -1 0 0
outer loop
vertex 196 40 0
vertex 196 39 1
vertex 196 40 1
endloop
endfacet
facet normal 0 0 -1
outer loop
vertex 207 39 0
vertex 212 40 0
vertex 212 39 0
endloop
endfacet
facet normal 0 0 -1
outer loop
vertex 207 39 0
vertex 207 40 0
vertex 212 40 0
endloop
endfacet
facet normal 0 0 1
outer loop
vertex 207 39 1
vertex 212 39 1
vertex 212 40 1
endloop
endfacet
facet normal 0 0 1
outer loop
vertex 207 39 1
vertex 212 40 1
vertex 207 40 1
endloop
endfacet
facet normal 0 -1 0
outer loop
vertex 207 39 0
vertex 212 39 0
vertex 212 39 1
endloop
endfacet
facet normal 0 -1 0
outer loop
vertex 207 39 0
vertex 212 39 1
vertex 207 39 1
endloop
endfacet
facet normal 1 0 0
outer loop
vertex 212 39 0
vertex 212 40 0
vertex 212 40 1
endloop
endfacet
facet normal 1 0 0
outer loop
vertex 212 39 0
vertex 212 40 1
vertex 212 39 1
endloop
endfacet
facet normal 0 1 0
outer loop
vertex 212 40 0
vertex 207 40 0
vertex 207 40 1
endloop
endfacet
facet normal 0 1 0
outer loop
vertex 212 40 0
vertex 207 40 1
vertex 212 40 1
endloop
endfacet
facet normal -1 0 0
outer loop
vertex 207 40 0
vertex 207 39 0
vertex 207 39 1
endloop
endfacet
facet normal -1 0 0
outer loop
vertex 207 40 0
vertex 207 39 1
vertex 207 40 1
endloop
endfacet
facet normal 0 0 -1
outer loop
vertex 227 39 0
vertex 232 40 0
vertex 232 39 0
endloop
endfacet
facet normal 0 0 -1
outer loop
vertex 227 39 0
vertex 227 40 0
vertex 232 40 0
endloop
endfacet
facet normal 0 0 1
outer loop
vertex 227 39 1
vertex 232 39 1
vertex 232 40 1
endloop
endfacet
facet normal 0 0 1
outer loop
vertex 227 39 1
vertex 232 40 1
vertex 227 40 1
endloop
endfacet
facet normal 0 -1 0
outer loop
vertex 227 39 0
vertex 232 39 0
vertex 232 39 1
endloop
endfacet
facet normal 0 -1 0
outer loop
vertex 227 39 0
vertex 232 39 1
vertex 227 39 1
endloop
endfacet
facet normal 1 0 0
outer loop
vertex 232 39 0
vertex 232 40 0
vertex 232 40 1
endloop
endfacet
facet normal 1 0 0
outer loop
vertex 232 39 0
vertex 232 40 1
vertex 232 39 1
endloop
endfacet
facet normal 0 1 0
outer loop
vertex 232 40 0
vertex 227 40 0
vertex 227 40 1
endloop
endfacet
facet normal 0 1 0
outer loop
vertex 232 40 0
vertex 227 40 1
vertex 232 40 1
endloop
endfacet
facet normal -1 0 0
outer loop
vertex 227 40 0
vertex 227 39 0
vertex 227 39 1
endloop
endfacet
facet normal -1 0 0
outer loop
vertex 227 40 0
vertex 227 39 1
vertex 227 40 1
endloop
endfacet
facet normal 0 0 -1
outer loop
vertex 245 39 0
vertex 253 40 0
vertex 253 39 0
endloop
endfacet
facet normal 0 0 -1
outer loop
vertex 245 39 0
vertex 245 40 0
vertex 253 40 0
endloop
endfacet
facet normal 0 0 1
outer loop
vertex 245 39 1
vertex 253 39 1
vertex 253 40 1
endloop
endfacet
facet normal 0 0 1
outer loop
vertex 245 39 1
vertex 253 40 1
vertex 245 40 1
endloop
endfacet
facet normal 0 -1 0
outer loop
vertex 245 39 0
vertex 253 39 0
vertex 253 39 1
endloop
endfacet
facet normal 0 -1 0
outer loop
vertex 245 39 0
vertex 253 39 1
vertex 245 39 1
endloop
endfacet
facet normal 1 0 0
outer loop
vertex 253 39 0
vertex 253 40 0
vertex 253 40 1
endloop
endfacet
facet normal 1 0 0
outer loop
vertex 253 39 0
vertex 253 40 1
vertex 253 39 1
endloop
endfacet
facet normal 0 1 0
outer loop
vertex 253 40 0
vertex 245 40 0
vertex 245 40 1
endloop
endfacet
facet normal 0 1 0
outer loop
vertex 253 40 0
vertex 245 40 1
vertex 253 40 1
endloop
endfacet
facet normal -1 0 0
outer loop
vertex 245 40 0
vertex 245 39 0
vertex 245 39 1
endloop
endfacet
facet normal -1 0 0
outer loop
vertex 245 40 0
vertex 245 39 1
vertex 245 40 1
endloop
endfacet
facet normal 0 0 -1
outer loop
vertex 259 39 0
vertex 273 40 0
vertex 273 39 0
endloop
endfacet
facet normal 0 0 -1
outer loop
vertex 259 39 0
vertex 259 40 0
vertex 273 40 0
endloop
endfacet
facet normal 0 0 1
outer loop
vertex 259 39 1
vertex 273 39 1
vertex 273 40 1
endloop
endfacet
facet normal 0 0 1
outer loop
vertex 259 39 1
vertex 273 40 1
vertex 259 40 1
endloop
endfacet
facet normal 0 -1 0
outer loop
vertex 259 39 0
vertex 273 39 0
vertex 273 39 1
endloop
endfacet
facet normal 0 -1 0
outer loop
vertex 259 39 0
vertex 273 39 1
vertex 259 39 1
endloop
endfacet
facet normal 1 0 0
outer loop
vertex 273 39 0
vertex 273 40 0
vertex 273 40 1
endloop
endfacet
facet normal 1 0 0
outer loop
vertex 273 39 0
vertex 273 40 1
vertex 273 39 1
endloop
endfacet
facet normal 0 1 0
outer loop
vertex 273 40 0
vertex 259 40 0
vertex 259 40 1
endloop
endfacet
facet normal 0 1 0
outer loop
vertex 273 40 0
vertex 259 40 1
vertex 273 40 1
endloop
endfacet
facet normal -1 0 0
outer loop
vertex 259 40 0
vertex 259 39 0
vertex 259 39 1
endloop
endfacet
facet normal -1 0 0
outer loop
vertex 259 40 0
vertex 259 39 1
vertex 259 40 1
endloop
endfacet
facet normal 0 0 -1
outer loop
vertex 284 39 0
vertex 301 40 0
vertex 301 39 0
endloop
endfacet
facet normal 0 0 -1
outer loop
vertex 284 39 0
vertex 284 40 0
vertex 301 40 0
endloop
endfacet
facet normal 0 0 1
outer loop
vertex 284 39 1
vertex 301 39 1
vertex 301 40 1
endloop
endfacet
facet normal 0 0 1
outer loop
vertex 284 39 1
vertex 301 40 1
vertex 284 40 1
endloop
endfacet
facet normal 0 -1 0
outer loop
vertex 284 39 0
vertex 301 39 0
vertex 301 39 1
endloop
endfacet
facet normal 0 -1 0
outer loop
vertex 284 39 0
vertex 301 39 1
vertex 284 39 1
endloop
endfacet
facet normal 1 0 0
outer loop
vertex 301 39 0
vertex 301 40 0
vertex 301 40 1
endloop
endfacet
facet normal 1 0 0
outer loop
vertex 301 39 0
vertex 301 40 1
vertex 301 39 1
endloop
endfacet
facet normal 0 1 0
outer loop
vertex 301 40 0
vertex 284 40 0
vertex 284 40 1
endloop
endfacet
facet normal 0 1 0
outer loop
vertex 301 40 0
vertex 284 40 1
vertex 301 40 1
endloop
endfacet
facet normal -1 0 0
outer loop
vertex 284 40 0
vertex 284 39 0
vertex 284 39 1
endloop
endfacet
facet normal -1 0 0
outer loop
vertex 284 40 0
vertex 284 39 1
vertex 284 40 1
endloop
endfacet
facet normal 0 0 -1
outer loop
vertex 305 39 0
vertex 311 40 0
vertex 311 39 0
endloop
endfacet
facet normal 0 0 -1
outer loop
vertex 305 39 0
vertex 305 40 0
vertex 311 40 0
endloop
endfacet
facet normal 0 0 1
outer loop
vertex 305 39 1
vertex 311 39 1
vertex 311 40 1
endloop
endfacet
facet normal 0 0 1
outer loop
vertex 305 39 1
vertex 311 40 1
vertex 305 40 1
endloop
endfacet
facet normal 0 -1 0
outer loop
vertex 305 39 0
vertex 311 39 0
vertex 311 39 1
endloop
endfacet
facet normal 0 -1 0
outer loop
vertex 305 39 0
vertex 311 39 1
vertex 305 39 1
endloop
endfacet
facet normal 1 0 0
outer loop
vertex 311 39 0
vertex 311 40 0
vertex 311 40 1
endloop
endfacet
facet normal 1 0 0
outer loop
vertex 311 39 0
vertex 311 40 1
vertex 311 39 1
endloop
endfacet
facet normal 0 1 0
outer loop
vertex 311 40 0
vertex 305 40 0
vertex 305 40 1
endloop
endfacet
facet normal 0 1 0
outer loop
vertex 311 40 0
vertex 305 40 1
vertex 311 40 1
endloop
endfacet
facet normal -1 0 0
outer loop
vertex 305 40 0
vertex 305 39 0
vertex 305 39 1
endloop
endfacet
facet normal -1 0 0
outer loop
vertex 305 40 0
vertex 305 39 1
vertex 305 40 1
endloop
endfacet
facet normal 0 0 -1
outer loop
vertex 318 39 0
vertex 323 40 0
vertex 323 39 0
endloop
endfacet
facet normal 0 0 -1
outer loop
vertex 318 39 0
vertex 318 40 0
vertex 323 40 0
endloop
endfacet
facet normal 0 0 1
outer loop
vertex 318 39 1
vertex 323 39 1
vertex 323 40 1
endloop
endfacet
facet normal 0 0 1
outer loop
vertex 318 39 1
vertex 323 40 1
vertex 318 40 1
endloop
endfacet
facet normal 0 -1 0
outer loop
vertex 318 39 0
vertex 323 39 0
vertex 323 39 1
endloop
endfacet
facet normal 0 -1 0
outer loop
vertex 318 39 0
vertex 323 39 1
vertex 318 39 1
endloop
endfacet
facet normal 1 0 0
outer loop
vertex 323 39 0
vertex 323 40 0
vertex 323 40 1
endloop
endfacet
facet normal 1 0 0
outer loop
vertex 323 39 0
vertex 323 40 1
vertex 323 39 1
endloop
endfacet
facet normal 0 1 0
outer loop
vertex 323 40 0
vertex 318 40 0
vertex 318 40 1
endloop
endfacet
facet normal 0 1 0
outer loop
vertex 323 40 0
vertex 318 40 1
vertex 323 40 1
endloop
endfacet
facet normal -1 0 0
outer loop
vertex 318 40 0
vertex 318 39 0
vertex 318 39 1
endloop
endfacet
facet normal -1 0 0
outer loop
vertex 318 40 0
vertex 318 39 1
vertex 318 40 1
endloop
endfacet
facet normal 0 0 -1
outer loop
vertex 328 39 0
vertex 336 40 0
vertex 336 39 0
endloop
endfacet
facet normal 0 0 -1
outer loop
vertex 328 39 0
vertex 328 40 0
vertex 336 40 0
endloop
endfacet
facet normal 0 0 1
outer loop
vertex 328 39 1
vertex 336 39 1
vertex 336 40 1
endloop
endfacet
facet normal 0 0 1
outer loop
vertex 328 39 1
vertex 336 40 1
vertex 328 40 1
endloop
endfacet
facet normal 0 -1 0
outer loop
vertex 328 39 0
vertex 336 39 0
vertex 336 39 1
endloop
endfacet
facet normal 0 -1 0
outer loop
vertex 328 39 0
vertex 336 39 1
vertex 328 39 1
endloop
endfacet
facet normal 1 0 0
outer loop
vertex 336 39 0
vertex 336 40 0
vertex 336 40 1
endloop
endfacet
facet normal 1 0 0
outer loop
vertex 336 39 0
vertex 336 40 1
vertex 336 39 1
endloop
endfacet
facet normal 0 1 0
outer loop
vertex 336 40 0
vertex 328 40 0
vertex 328 40 1
endloop
endfacet
facet normal 0 1 0
outer loop
vertex 336 40 0
vertex 328 40 1
vertex 336 40 1
endloop
endfacet
facet normal -1 0 0
outer loop
vertex 328 40 0
vertex 328 39 0
vertex 328 39 1
endloop
endfacet
facet normal -1 0 0
outer loop
vertex 328 40 0
vertex 328 39 1
vertex 328 40 1
endloop
endfacet
facet normal 0 0 -1
outer loop
vertex 342 39 0
vertex 357 40 0
vertex 357 39 0
endloop
endfacet
facet normal 0 0 -1
outer loop
vertex 342 39 0
vertex 342 40 0
vertex 357 40 0
endloop
endfacet
facet normal 0 0 1
outer loop
vertex 342 39 1
vertex 357 39 1
vertex 357 40 1
endloop
endfacet
facet normal 0 0 1
outer loop
vertex 342 39 1
vertex 357 40 1
vertex 342 40 1
endloop
endfacet
facet normal 0 -1 0
outer loop
vertex 342 39 0
vertex 357 39 0
vertex 357 39 1
endloop
endfacet
facet normal 0 -1 0
outer loop
vertex 342 39 0
vertex 357 39 1
vertex 342 39 1
endloop
endfacet
facet normal 1 0 0
outer loop
vertex 357 39 0
vertex 357 40 0
vertex 357 40 1
endloop
endfacet
facet normal 1 0 0
outer loop
vertex 357 39 0
vertex 357 40 1
vertex 357 39 1
endloop
endfacet
facet normal 0 1 0
outer loop
vertex 357 40 0
vertex 342 40 0
vertex 342 40 1
endloop
endfacet
facet normal 0 1 0
outer loop
vertex 357 40 0
vertex 342 40 1
vertex 357 40 1
endloop
endfacet
facet normal -1 0 0
outer loop
vertex 342 40 0
vertex 342 39 0
vertex 342 39 1
endloop
endfacet
facet normal -1 0 0
outer loop
vertex 342 40 0
vertex 342 39 1
vertex 342 40 1
endloop
endfacet
facet normal 0 0 -1
outer loop
vertex 359 39 0
vertex 364 40 0
vertex 364 39 0
endloop
endfacet
facet normal 0 0 -1
outer loop
vertex 359 39 0
vertex 359 40 0
vertex 364 40 0
endloop
endfacet
facet normal 0 0 1
outer loop
vertex 359 39 1
vertex 364 39 1
vertex 364 40 1
endloop
endfacet
facet normal 0 0 1
outer loop
vertex 359 39 1
vertex 364 40 1
vertex 359 40 1
endloop
endfacet
facet normal 0 -1 0
outer loop
vertex 359 39 0
vertex 364 39 0
vertex 364 39 1
endloop
endfacet
facet normal 0 -1 0
outer loop
vertex 359 39 0
vertex 364 39 1
vertex 359 39 1
endloop
endfacet
facet normal 1 0 0
outer loop
vertex 364 39 0
vertex 364 40 0
vertex 364 40 1
endloop
endfacet
facet normal 1 0 0
outer loop
vertex 364 39 0
vertex 364 40 1
vertex 364 39 1
endloop
endfacet
facet normal 0 1 0
outer loop
vertex 364 40 0
vertex 359 40 0
vertex 359 40 1
endloop
endfacet
facet normal 0 1 0
outer loop
vertex 364 40 0
vertex 359 40 1
vertex 364 40 1
endloop
endfacet
facet normal -1 0 0
outer loop
vertex 359 40 0
vertex 359 39 0
vertex 359 39 1
endloop
endfacet
facet normal -1 0 0
outer loop
vertex 359 40 0
vertex 359 39 1
vertex 359 40 1
endloop
endfacet
facet normal 0 0 -1
outer loop
vertex 369 39 0
vertex 374 40 0
vertex 374 39 0
endloop
endfacet
facet normal 0 0 -1
outer loop
vertex 369 39 0
vertex 369 40 0
vertex 374 40 0
endloop
endfacet
facet normal 0 0 1
outer loop
vertex 369 39 1
vertex 374 39 1
vertex 374 40 1
endloop
endfacet
facet normal 0 0 1
outer loop
vertex 369 39 1
vertex 374 40 1
vertex 369 40 1
endloop
endfacet
facet normal 0 -1 0
outer loop
vertex 369 39 0
vertex 374 39 0
vertex 374 39 1
endloop
endfacet
facet normal 0 -1 0
outer loop
vertex 369 39 0
vertex 374 39 1
vertex 369 39 1
endloop
endfacet
facet normal 1 0 0
outer loop
vertex 374 39 0
vertex 374 40 0
vertex 374 40 1
endloop
endfacet
facet normal 1 0 0
outer loop
vertex 374 39 0
vertex 374 40 1
vertex 374 39 1
endloop
endfacet
facet normal 0 1 0
outer loop
vertex 374 40 0
vertex 369 40 0
vertex 369 40 1
endloop
endfacet
facet normal 0 1 0
outer loop
vertex 374 40 0
vertex 369 40 1
vertex 374 40 1
endloop
endfacet
facet normal -1 0 0
outer loop
vertex 369 40 0
vertex 369 39 0
vertex 369 39 1
endloop
endfacet
facet normal -1 0 0
outer loop
vertex 369 40 0
vertex 369 39 1
vertex 369 40 1
endloop
endfacet
facet normal 0 0 -1
outer loop
vertex 65 38 0
vertex 81 39 0
vertex 81 38 0
endloop
endfacet
facet normal 0 0 -1
outer loop
vertex 65 38 0
vertex 65 39 0
vertex 81 39 0
endloop
endfacet
facet normal 0 0 1
outer loop
vertex 65 38 1
vertex 81 38 1
vertex 81 39 1
endloop
endfacet
facet normal 0 0 1
outer loop
vertex 65 38 1
vertex 81 39 1
vertex 65 39 1
endloop
endfacet
facet normal 0 -1 0
outer loop
vertex 65 38 0
vertex 81 38 0
vertex 81 38 1
endloop
endfacet
facet normal 0 -1 0
outer loop
vertex 65 38 0
vertex 81 38 1
vertex 65 38 1
endloop
endfacet
facet normal 1 0 0
outer loop
vertex 81 38 0
vertex 81 39 0
vertex 81 39 1
endloop
endfacet
facet normal 1 0 0
outer loop
vertex 81 38 0
vertex 81 39 1
vertex 81 38 1
endloop
endfacet
facet normal 0 1 0
outer loop
vertex 81 39 0
vertex 65 39 0
vertex 65 39 1
endloop
endfacet
facet normal 0 1 0
outer loop
vertex 81 39 0
vertex 65 39 1
vertex 81 39 1
endloop
endfacet
facet normal -1 0 0
outer loop
vertex 65 39 0
vertex 65 38 0
vertex 65 38 1
endloop
endfacet
facet normal -1 0 0
outer loop
vertex 65 39 0
vertex 65 38 1
vertex 65 39 1
endloop
endfacet
facet normal 0 0 -1
outer loop
vertex 84 38 0
vertex 98 39 0
vertex 98 38 0
endloop
endfacet
facet normal 0 0 -1
outer loop
vertex 84 38 0
vertex 84 39 0
vertex 98 39 0
endloop
endfacet
facet normal 0 0 1
outer loop
vertex 84 38 1
vertex 98 38 1
vertex 98 39 1
endloop
endfacet
facet normal 0 0 1
outer loop
vertex 84 38 1
vertex 98 39 1
vertex 84 39 1
endloop
endfacet
facet normal 0 -1 0
outer loop
vertex 84 38 0
vertex 98 38 0
vertex 98 38 1
endloop
endfacet
facet normal 0 -1 0
outer loop
vertex 84 38 0
vertex 98 38 1
vertex 84 38 1
endloop
endfacet
facet normal 1 0 0
outer loop
vertex 98 38 0
vertex 98 39 0
vertex 98 39 1
endloop
endfacet
facet normal 1 0 0
outer loop
vertex 98 38 0
vertex 98 39 1
vertex 98 38 1
endloop
endfacet
facet normal 0 1 0
outer loop
vertex 98 39 0
vertex 84 39 0
vertex 84 39 1
endloop
endfacet
facet normal 0 1 0
outer loop
vertex 98 39 0
vertex 84 39 1
vertex 98 39 1
endloop
endfacet
facet normal -1 0 0
outer loop
vertex 84 39 0
vertex 84 38 0
vertex 84 38 1
endloop
endfacet
facet normal -1 0 0
outer loop
vertex 84 39 0
vertex 84 38 1
vertex 84 39 1
endloop
endfacet
facet normal 0 0 -1
outer loop
vertex 105 38 0
vertex 112 39 0
vertex 112 38 0
endloop
endfacet
facet normal 0 0 -1
outer loop
vertex 105 38 0
vertex 105 39 0
vertex 112 39 0
endloop
endfacet
facet normal 0 0 1
outer loop
vertex 105 38 1
vertex 112 38 1
vertex 112 39 1
endloop
endfacet
facet normal 0 0 1
outer loop
vertex 105 38 1
vertex 112 39 1
vertex 105 39 1
endloop
endfacet
facet normal 0 -1 0
outer loop
vertex 105 38 0
vertex 112 38 0
vertex 112 38 1
endloop
endfacet
facet normal 0 -1 0
outer loop
vertex 105 38 0
vertex 112 38 1
vertex 105 38 1
endloop
endfacet
facet normal 1 0 0
outer loop
vertex 112 38 0
vertex 112 39 0
vertex 112 39 1
endloop
endfacet
facet normal 1 0 0
outer loop
vertex 112 38 0
vertex 112 39 1
vertex 112 38 1
endloop
endfacet
facet normal 0 1 0
outer loop
vertex 112 39 0
vertex 105 39 0
vertex 105 39 1
endloop
endfacet
facet normal 0 1 0
outer loop
vertex 112 39 0
vertex 105 39 1
vertex 112 39 1
endloop
endfacet
facet normal -1 0 0
outer loop
vertex 105 39 0
vertex 105 38 0
vertex 105 38 1
endloop
endfacet
facet normal -1 0 0
outer loop
vertex 105 39 0
vertex 105 38 1
vertex 105 39 1
endloop
endfacet
facet normal 0 0 -1
outer loop
vertex 119 38 0
vertex 132 39 0
vertex 132 38 0
endloop
endfacet
facet normal 0 0 -1
outer loop
vertex 119 38 0
vertex 119 39 0
vertex 132 39 0
endloop
endfacet
facet normal 0 0 1
outer loop
vertex 119 38 1
vertex 132 38 1
vertex 132 39 1
endloop
endfacet
facet normal 0 0 1
outer loop
vertex 119 38 1
vertex 132 39 1
vertex 119 39 1
endloop
endfacet
facet normal 0 -1 0
outer loop
vertex 119 38 0
vertex 132 38 0
vertex 132 38 1
endloop
endfacet
facet normal 0 -1 0
outer loop
vertex 119 38 0
vertex 132 38 1
vertex 119 38 1
endloop
endfacet
facet normal 1 0 0
outer loop
vertex 132 38 0
vertex 132 39 0
vertex 132 39 1
endloop
endfacet
facet normal 1 0 0
outer loop
vertex 132 38 0
vertex 132 39 1
vertex 132 38 1
endloop
endfacet
facet normal 0 1 0
outer loop
vertex 132 39 0
vertex 119 39 0
vertex 119 39 1
endloop
endfacet
facet normal 0 1 0
outer loop
vertex 132 39 0
vertex 119 39 1
vertex 132 39 1
endloop
endfacet
facet normal -1 0 0
outer loop
vertex 119 39 0
vertex 119 38 0
vertex 119 38 1
endloop
endfacet
facet normal -1 0 0
outer loop
vertex 119 39 0
vertex 119 38 1
vertex 119 39 1
endloop
endfacet
facet normal 0 0 -1
outer loop
vertex 135 38 0
vertex 140 39 0
vertex 140 38 0
endloop
endfacet
facet normal 0 0 -1
outer loop
vertex 135 38 0
vertex 135 39 0
vertex 140 39 0
endloop
endfacet
facet normal 0 0 1
outer loop
vertex 135 38 1
vertex 140 38 1
vertex 140 39 1
endloop
endfacet
facet normal 0 0 1
outer loop
vertex 135 38 1
vertex 140 39 1
vertex 135 39 1
endloop
endfacet
facet normal 0 -1 0
outer loop
vertex 135 38 0
vertex 140 38 0
vertex 140 38 1
endloop
endfacet
facet normal 0 -1 0
outer loop
vertex 135 38 0
vertex 140 38 1
vertex 135 38 1
endloop
endfacet
facet normal 1 0 0
outer loop
vertex 140 38 0
vertex 140 39 0
vertex 140 39 1
endloop
endfacet
facet normal 1 0 0
outer loop
vertex 140 38 0
vertex 140 39 1
vertex 140 38 1
endloop
endfacet
facet normal 0 1 0
outer loop
vertex 140 39 0
vertex 135 39 0
vertex 135 39 1
endloop
endfacet
facet normal 0 1 0
outer loop
vertex 140 39 0
vertex 135 39 1
vertex 140 39 1
endloop
endfacet
facet normal -1 0 0
outer loop
vertex 135 39 0
vertex 135 38 0
vertex 135 38 1
endloop
endfacet
facet normal -1 0 0
outer loop
vertex 135 39 0
vertex 135 38 1
vertex 135 39 1
endloop
endfacet
facet normal 0 0 -1
outer loop
vertex 147 38 0
vertex 154 39 0
vertex 154 38 0
endloop
endfacet
facet normal 0 0 -1
outer loop
vertex 147 38 0
vertex 147 39 0
vertex 154 39 0
endloop
endfacet
facet normal 0 0 1
outer loop
vertex 147 38 1
vertex 154 38 1
vertex 154 39 1
endloop
endfacet
facet normal 0 0 1
outer loop
vertex 147 38 1
vertex 154 39 1
vertex 147 39 1
endloop
endfacet
facet normal 0 -1 0
outer loop
vertex 147 38 0
vertex 154 38 0
vertex 154 38 1
endloop
endfacet
facet normal 0 -1 0
outer loop
vertex 147 38 0
vertex 154 38 1
vertex 147 38 1
endloop
endfacet
facet normal 1 0 0
outer loop
vertex 154 38 0
vertex 154 39 0
vertex 154 39 1
endloop
endfacet
facet normal 1 0 0
outer loop
vertex 154 38 0
vertex 154 39 1
vertex 154 38 1
endloop
endfacet
facet normal 0 1 0
outer loop
vertex 154 39 0
vertex 147 39 0
vertex 147 39 1
endloop
endfacet
facet normal 0 1 0
outer loop
vertex 154 39 0
vertex 147 39 1
vertex 154 39 1
endloop
endfacet
facet normal -1 0 0
outer loop
vertex 147 39 0
vertex 147 38 0
vertex 147 38 1
endloop
endfacet
facet normal -1 0 0
outer loop
vertex 147 39 0
vertex 147 38 1
vertex 147 39 1
endloop
endfacet
facet normal 0 0 -1
outer loop
vertex 171 38 0
vertex 186 39 0
vertex 186 38 0
endloop
endfacet
facet normal 0 0 -1
outer loop
vertex 171 38 0
vertex 171 39 0
vertex 186 39 0
endloop
endfacet
facet normal 0 0 1
outer loop
vertex 171 38 1
vertex 186 38 1
vertex 186 39 1
endloop
endfacet
facet normal 0 0 1
outer loop
vertex 171 38 1
vertex 186 39 1
vertex 171 39 1
endloop
endfacet
facet normal 0 -1 0
outer loop
vertex 171 38 0
vertex 186 38 0
vertex 186 38 1
endloop
endfacet
facet normal 0 -1 0
outer loop
vertex 171 38 0
vertex 186 38 1
vertex 171 38 1
endloop
endfacet
facet normal 1 0 0
outer loop
vertex 186 38 0
vertex 186 39 0
vertex 186 39 1
endloop
endfacet
facet normal 1 0 0
outer loop
vertex 186 38 0
vertex 186 39 1
vertex 186 38 1
endloop
endfacet
facet normal 0 1 0
outer loop
vertex 186 39 0
vertex 171 39 0
vertex 171 39 1
endloop
endfacet
facet normal 0 1 0
outer loop
vertex 186 39 0
vertex 171 39 1
vertex 186 39 1
endloop
endfacet
facet normal -1 0 0
outer loop
vertex 171 39 0
vertex 171 38 0
vertex 171 38 1
endloop
endfacet
facet normal -1 0 0
outer loop
vertex 171 39 0
vertex 171 38 1
vertex 171 39 1
endloop
endfacet
facet normal 0 0 -1
outer loop
vertex 189 38 0
vertex 204 39 0
vertex 204 38 0
endloop
endfacet
facet normal 0 0 -1
outer loop
vertex 189 38 0
vertex 189 39 0
vertex 204 39 0
endloop
endfacet
facet normal 0 0 1
outer loop
vertex 189 38 1
vertex 204 38 1
vertex 204 39 1
endloop
endfacet
facet normal 0 0 1
outer loop
vertex 189 38 1
vertex 204 39 1
vertex 189 39 1
endloop
endfacet
facet normal 0 -1 0
outer loop
vertex 189 38 0
vertex 204 38 0
vertex 204 38 1
endloop
endfacet
facet normal 0 -1 0
outer loop
vertex 189 38 0
vertex 204 38 1
vertex 189 38 1
endloop
endfacet
facet normal 1 0 0
outer loop
vertex 204 38 0
vertex 204 39 0
vertex 204 39 1
endloop
endfacet
facet normal 1 0 0
outer loop
vertex 204 38 0
vertex 204 39 1
vertex 204 38 1
endloop
endfacet
facet normal 0 1 0
outer loop
vertex 204 39 0
vertex 189 39 0
vertex 189 39 1
endloop
endfacet
facet normal 0 1 0
outer loop
vertex 204 39 0
vertex 189 39 1
vertex 204 39 1
endloop
endfacet
facet normal -1 0 0
outer loop
vertex 189 39 0
vertex 189 38 0
vertex 189 38 1
endloop
endfacet
facet normal -1 0 0
outer loop
vertex 189 39 0
vertex 189 38 1
vertex 189 39 1
endloop
endfacet
facet normal 0 0 -1
outer loop
vertex 207 38 0
vertex 212 39 0
vertex 212 38 0
endloop
endfacet
facet normal 0 0 -1
outer loop
vertex 207 38 0
vertex 207 39 0
vertex 212 39 0
endloop
endfacet
facet normal 0 0 1
outer loop
vertex 207 38 1
vertex 212 38 1
vertex 212 39 1
endloop
endfacet
facet normal 0 0 1
outer loop
vertex 207 38 1
vertex 212 39 1
vertex 207 39 1
endloop
endfacet
facet normal 0 -1 0
outer loop
vertex 207 38 0
vertex 212 38 0
vertex 212 38 1
endloop
endfacet
facet normal 0 -1 0
outer loop
vertex 207 38 0
vertex 212 38 1
vertex 207 38 1
endloop
endfacet
facet normal 1 0 0
outer loop
vertex 212 38 0
vertex 212 39 0
vertex 212 39 1
endloop
endfacet
facet normal 1 0 0
outer loop
vertex 212 38 0
vertex 212 39 1
vertex 212 38 1
endloop
endfacet
facet normal 0 1 0
outer loop
vertex 212 39 0
vertex 207 39 0
vertex 207 39 1
endloop
endfacet
facet normal 0 1 0
outer loop
vertex 212 39 0
vertex 207 39 1
vertex 212 39 1
endloop
endfacet
facet normal -1 0 0
outer loop
vertex 207 39 0
vertex 207 38 0
vertex 207 38 1
endloop
endfacet
facet normal -1 0 0
outer loop
vertex 207 39 0
vertex 207 38 1
vertex 207 39 1
endloop
endfacet
facet normal 0 0 -1
outer loop
vertex 227 38 0
vertex 232 39 0
vertex 232 38 0
endloop
endfacet
facet normal 0 0 -1
outer loop
vertex 227 38 0
vertex 227 39 0
vertex 232 39 0
endloop
endfacet
facet normal 0 0 1
outer loop
vertex 227 38 1
vertex 232 38 1
vertex 232 39 1
endloop
endfacet
facet normal 0 0 1
outer loop
vertex 227 38 1
vertex 232 39 1
vertex 227 39 1
endloop
endfacet
facet normal 0 -1 0
outer loop
vertex 227 38 0
vertex 232 38 0
vertex 232 38 1
endloop
endfacet
facet normal 0 -1 0
outer loop
vertex 227 38 0
vertex 232 38 1
vertex 227 38 1
endloop
endfacet
facet normal 1 0 0
outer loop
vertex 232 38 0
vertex 232 39 0
vertex 232 39 1
endloop
endfacet
facet normal 1 0 0
outer loop
vertex 232 38 0
vertex 232 39 1
vertex 232 38 1
endloop
endfacet
facet normal 0 1 0
outer loop
vertex 232 39 0
vertex 227 39 0
vertex 227 39 1
endloop
endfacet
facet normal 0 1 0
outer loop
vertex 232 39 0
vertex 227 39 1
vertex 232 39 1
endloop
endfacet
facet normal -1 0 0
outer loop
vertex 227 39 0
vertex 227 38 0
vertex 227 38 1
endloop
endfacet
facet normal -1 0 0
outer loop
vertex 227 39 0
vertex 227 38 1
vertex 227 39 1
endloop
endfacet
facet normal 0 0 -1
outer loop
vertex 246 38 0
vertex 253 39 0
vertex 253 38 0
endloop
endfacet
facet normal 0 0 -1
outer loop
vertex 246 38 0
vertex 246 39 0
vertex 253 39 0
endloop
endfacet
facet normal 0 0 1
outer loop
vertex 246 38 1
vertex 253 38 1
vertex 253 39 1
endloop
endfacet
facet normal 0 0 1
outer loop
vertex 246 38 1
vertex 253 39 1
vertex 246 39 1
endloop
endfacet
facet normal 0 -1 0
outer loop
vertex 246 38 0
vertex 253 38 0
vertex 253 38 1
endloop
endfacet
facet normal 0 -1 0
outer loop
vertex 246 38 0
vertex 253 38 1
vertex 246 38 1
endloop
endfacet
facet normal 1 0 0
outer loop
vertex 253 38 0
vertex 253 39 0
vertex 253 39 1
endloop
endfacet
facet normal 1 0 0
outer loop
vertex 253 38 0
vertex 253 39 1
vertex 253 38 1
endloop
endfacet
facet normal 0 1 0
outer loop
vertex 253 39 0
vertex 246 39 0
vertex 246 39 1
endloop
endfacet
facet normal 0 1 0
outer loop
vertex 253 39 0
vertex 246 39 1
vertex 253 39 1
endloop
endfacet
facet normal -1 0 0
outer loop
vertex 246 39 0
vertex 246 38 0
vertex 246 38 1
endloop
endfacet
facet normal -1 0 0
outer loop
vertex 246 39 0
vertex 246 38 1
vertex 246 39 1
endloop
endfacet
facet normal 0 0 -1
outer loop
vertex 259 38 0
vertex 273 39 0
vertex 273 38 0
endloop
endfacet
facet normal 0 0 -1
outer loop
vertex 259 38 0
vertex 259 39 0
vertex 273 39 0
endloop
endfacet
facet normal 0 0 1
outer loop
vertex 259 38 1
vertex 273 38 1
vertex 273 39 1
endloop
endfacet
facet normal 0 0 1
outer loop
vertex 259 38 1
vertex 273 39 1
vertex 259 39 1
endloop
endfacet
facet normal 0 -1 0
outer loop
vertex 259 38 0
vertex 273 38 0
vertex 273 38 1
endloop
endfacet
facet normal 0 -1 0
outer loop
vertex 259 38 0
vertex 273 38 1
vertex 259 38 1
endloop
endfacet
facet normal 1 0 0
outer loop
vertex 273 38 0
vertex 273 39 0
vertex 273 39 1
endloop
endfacet
facet normal 1 0 0
outer loop
vertex 273 38 0
vertex 273 39 1
vertex 273 38 1
endloop
endfacet
facet normal 0 1 0
outer loop
vertex 273 39 0
vertex 259 39 0
vertex 259 39 1
endloop
endfacet
facet normal 0 1 0
outer loop
vertex 273 39 0
vertex 259 39 1
vertex 273 39 1
endloop
endfacet
facet normal -1 0 0
outer loop
vertex 259 39 0
vertex 259 38 0
vertex 259 38 1
endloop
endfacet
facet normal -1 0 0
outer loop
vertex 259 39 0
vertex 259 38 1
vertex 259 39 1
endloop
endfacet
facet normal 0 0 -1
outer loop
vertex 284 38 0
vertex 301 39 0
vertex 301 38 0
endloop
endfacet
facet normal 0 0 -1
outer loop
vertex 284 38 0
vertex 284 39 0
vertex 301 39 0
endloop
endfacet
facet normal 0 0 1
outer loop
vertex 284 38 1
vertex 301 38 1
vertex 301 39 1
endloop
endfacet
facet normal 0 0 1
outer loop
vertex 284 38 1
vertex 301 39 1
vertex 284 39 1
endloop
endfacet
facet normal 0 -1 0
outer loop
vertex 284 38 0
vertex 301 38 0
vertex 301 38 1
endloop
endfacet
facet normal 0 -1 0
outer loop
vertex 284 38 0
vertex 301 38 1
vertex 284 38 1
endloop
endfacet
facet normal 1 0 0
outer loop
vertex 301 38 0
vertex 301 39 0
vertex 301 39 1
endloop
endfacet
facet normal 1 0 0
outer loop
vertex 301 38 0
vertex 301 39 1
vertex 301 38 1
endloop
endfacet
facet normal 0 1 0
outer loop
vertex 301 39 0
vertex 284 39 0
vertex 284 39 1
endloop
endfacet
facet normal 0 1 0
outer loop
vertex 301 39 0
vertex 284 39 1
vertex 301 39 1
endloop
endfacet
facet normal -1 0 0
outer loop
vertex 284 39 0
vertex 284 38 0
vertex 284 38 1
endloop
endfacet
facet normal -1 0 0
outer loop
vertex 284 39 0
vertex 284 38 1
vertex 284 39 1
endloop
endfacet
facet normal 0 0 -1
outer loop
vertex 305 38 0
vertex 311 39 0
vertex 311 38 0
endloop
endfacet
facet normal 0 0 -1
outer loop
vertex 305 38 0
vertex 305 39 0
vertex 311 39 0
endloop
endfacet
facet normal 0 0 1
outer loop
vertex 305 38 1
vertex 311 38 1
vertex 311 39 1
endloop
endfacet
facet normal 0 0 1
outer loop
vertex 305 38 1
vertex 311 39 1
vertex 305 39 1
endloop
endfacet
facet normal 0 -1 0
outer loop
vertex 305 38 0
vertex 311 38 0
vertex 311 38 1
endloop
endfacet
facet normal 0 -1 0
outer loop
vertex 305 38 0
vertex 311 38 1
vertex 305 38 1
endloop
endfacet
facet normal 1 0 0
outer loop
vertex 311 38 0
vertex 311 39 0
vertex 311 39 1
endloop
endfacet
facet normal 1 0 0
outer loop
vertex 311 38 0
vertex 311 39 1
vertex 311 38 1
endloop
endfacet
facet normal 0 1 0
outer loop
vertex 311 39 0
vertex 305 39 0
vertex 305 39 1
endloop
endfacet
facet normal 0 1 0
outer loop
vertex 311 39 0
vertex 305 39 1
vertex 311 39 1
endloop
endfacet
facet normal -1 0 0
outer loop
vertex 305 39 0
vertex 305 38 0
vertex 305 38 1
endloop
endfacet
facet normal -1 0 0
outer loop
vertex 305 39 0
vertex 305 38 1
vertex 305 39 1
endloop
endfacet
facet normal 0 0 -1
outer loop
vertex 318 38 0
vertex 323 39 0
vertex 323 38 0
endloop
endfacet
facet normal 0 0 -1
outer loop
vertex 318 38 0
vertex 318 39 0
vertex 323 39 0
endloop
endfacet
facet normal 0 0 1
outer loop
vertex 318 38 1
vertex 323 38 1
vertex 323 39 1
endloop
endfacet
facet normal 0 0 1
outer loop
vertex 318 38 1
vertex 323 39 1
vertex 318 39 1
endloop
endfacet
facet normal 0 -1 0
outer loop
vertex 318 38 0
vertex 323 38 0
vertex 323 38 1
endloop
endfacet
facet normal 0 -1 0
outer loop
vertex 318 38 0
vertex 323 38 1
vertex 318 38 1
endloop
endfacet
facet normal 1 0 0
outer loop
vertex 323 38 0
vertex 323 39 0
vertex 323 39 1
endloop
endfacet
facet normal 1 0 0
outer loop
vertex 323 38 0
vertex 323 39 1
vertex 323 38 1
endloop
endfacet
facet normal 0 1 0
outer loop
vertex 323 39 0
vertex 318 39 0
vertex 318 39 1
endloop
endfacet
facet normal 0 1 0
outer loop
vertex 323 39 0
vertex 318 39 1
vertex 323 39 1
endloop
endfacet
facet normal -1 0 0
outer loop
vertex 318 39 0
vertex 318 38 0
vertex 318 38 1
endloop
endfacet
facet normal -1 0 0
outer loop
vertex 318 39 0
vertex 318 38 1
vertex 318 39 1
endloop
endfacet
facet normal 0 0 -1
outer loop
vertex 329 38 0
vertex 336 39 0
vertex 336 38 0
endloop
endfacet
facet normal 0 0 -1
outer loop
vertex 329 38 0
vertex 329 39 0
vertex 336 39 0
endloop
endfacet
facet normal 0 0 1
outer loop
vertex 329 38 1
vertex 336 38 1
vertex 336 39 1
endloop
endfacet
facet normal 0 0 1
outer loop
vertex 329 38 1
vertex 336 39 1
vertex 329 39 1
endloop
endfacet
facet normal 0 -1 0
outer loop
vertex 329 38 0
vertex 336 38 0
vertex 336 38 1
endloop
endfacet
facet normal 0 -1 0
outer loop
vertex 329 38 0
vertex 336 38 1
vertex 329 38 1
endloop
endfacet
facet normal 1 0 0
outer loop
vertex 336 38 0
vertex 336 39 0
vertex 336 39 1
endloop
endfacet
facet normal 1 0 0
outer loop
vertex 336 38 0
vertex 336 39 1
vertex 336 38 1
endloop
endfacet
facet normal 0 1 0
outer loop
vertex 336 39 0
vertex 329 39 0
vertex 329 39 1
endloop
endfacet
facet normal 0 1 0
outer loop
vertex 336 39 0
vertex 329 39 1
vertex 336 39 1
endloop
endfacet
facet normal -1 0 0
outer loop
vertex 329 39 0
vertex 329 38 0
vertex 329 38 1
endloop
endfacet
facet normal -1 0 0
outer loop
vertex 329 39 0
vertex 329 38 1
vertex 329 39 1
endloop
endfacet
facet normal 0 0 -1
outer loop
vertex 343 38 0
vertex 356 39 0
vertex 356 38 0
endloop
endfacet
facet normal 0 0 -1
outer loop
vertex 343 38 0
vertex 343 39 0
vertex 356 39 0
endloop
endfacet
facet normal 0 0 1
outer loop
vertex 343 38 1
vertex 356 38 1
vertex 356 39 1
endloop
endfacet
facet normal 0 0 1
outer loop
vertex 343 38 1
vertex 356 39 1
vertex 343 39 1
endloop
endfacet
facet normal 0 -1 0
outer loop
vertex 343 38 0
vertex 356 38 0
vertex 356 38 1
endloop
endfacet
facet normal 0 -1 0
outer loop
vertex 343 38 0
vertex 356 38 1
vertex 343 38 1
endloop
endfacet
facet normal 1 0 0
outer loop
vertex 356 38 0
vertex 356 39 0
vertex 356 39 1
endloop
endfacet
facet normal 1 0 0
outer loop
vertex 356 38 0
vertex 356 39 1
vertex 356 38 1
endloop
endfacet
facet normal 0 1 0
outer loop
vertex 356 39 0
vertex 343 39 0
vertex 343 39 1
endloop
endfacet
facet normal 0 1 0
outer loop
vertex 356 39 0
vertex 343 39 1
vertex 356 39 1
endloop
endfacet
facet normal -1 0 0
outer loop
vertex 343 39 0
vertex 343 38 0
vertex 343 38 1
endloop
endfacet
facet normal -1 0 0
outer loop
vertex 343 39 0
vertex 343 38 1
vertex 343 39 1
endloop
endfacet
facet normal 0 0 -1
outer loop
vertex 359 38 0
vertex 364 39 0
vertex 364 38 0
endloop
endfacet
facet normal 0 0 -1
outer loop
vertex 359 38 0
vertex 359 39 0
vertex 364 39 0
endloop
endfacet
facet normal 0 0 1
outer loop
vertex 359 38 1
vertex 364 38 1
vertex 364 39 1
endloop
endfacet
facet normal 0 0 1
outer loop
vertex 359 38 1
vertex 364 39 1
vertex 359 39 1
endloop
endfacet
facet normal 0 -1 0
outer loop
vertex 359 38 0
vertex 364 38 0
vertex 364 38 1
endloop
endfacet
facet normal 0 -1 0
outer loop
vertex 359 38 0
vertex 364 38 1
vertex 359 38 1
endloop
endfacet
facet normal 1 0 0
outer loop
vertex 364 38 0
vertex 364 39 0
vertex 364 39 1
endloop
endfacet
facet normal 1 0 0
outer loop
vertex 364 38 0
vertex 364 39 1
vertex 364 38 1
endloop
endfacet
facet normal 0 1 0
outer loop
vertex 364 39 0
vertex 359 39 0
vertex 359 39 1
endloop
endfacet
facet normal 0 1 0
outer loop
vertex 364 39 0
vertex 359 39 1
vertex 364 39 1
endloop
endfacet
facet normal -1 0 0
outer loop
vertex 359 39 0
vertex 359 38 0
vertex 359 38 1
endloop
endfacet
facet normal -1 0 0
outer loop
vertex 359 39 0
vertex 359 38 1
vertex 359 39 1
endloop
endfacet
facet normal 0 0 -1
outer loop
vertex 369 38 0
vertex 374 39 0
vertex 374 38 0
endloop
endfacet
facet normal 0 0 -1
outer loop
vertex 369 38 0
vertex 369 39 0
vertex 374 39 0
endloop
endfacet
facet normal 0 0 1
outer loop
vertex 369 38 1
vertex 374 38 1
vertex 374 39 1
endloop
endfacet
facet normal 0 0 1
outer loop
vertex 369 38 1
vertex 374 39 1
vertex 369 39 1
endloop
endfacet
facet normal 0 -1 0
outer loop
vertex 369 38 0
vertex 374 38 0
vertex 374 38 1
endloop
endfacet
facet normal 0 -1 0
outer loop
vertex 369 38 0
vertex 374 38 1
vertex 369 38 1
endloop
endfacet
facet normal 1 0 0
outer loop
vertex 374 38 0
vertex 374 39 0
vertex 374 39 1
endloop
endfacet
facet normal 1 0 0
outer loop
vertex 374 38 0
vertex 374 39 1
vertex 374 38 1
endloop
endfacet
facet normal 0 1 0
outer loop
vertex 374 39 0
vertex 369 39 0
vertex 369 39 1
endloop
endfacet
facet normal 0 1 0
outer loop
vertex 374 39 0
vertex 369 39 1
vertex 374 39 1
endloop
endfacet
facet normal -1 0 0
outer loop
vertex 369 39 0
vertex 369 38 0
vertex 369 38 1
endloop
endfacet
facet normal -1 0 0
outer loop
vertex 369 39 0
vertex 369 38 1
vertex 369 39 1
endloop
endfacet
facet normal 0 0 -1
outer loop
vertex 65 37 0
vertex 81 38 0
vertex 81 37 0
endloop
endfacet
facet normal 0 0 -1
outer loop
vertex 65 37 0
vertex 65 38 0
vertex 81 38 0
endloop
endfacet
facet normal 0 0 1
outer loop
vertex 65 37 1
vertex 81 37 1
vertex 81 38 1
endloop
endfacet
facet normal 0 0 1
outer loop
vertex 65 37 1
vertex 81 38 1
vertex 65 38 1
endloop
endfacet
facet normal 0 -1 0
outer loop
vertex 65 37 0
vertex 81 37 0
vertex 81 37 1
endloop
endfacet
facet normal 0 -1 0
outer loop
vertex 65 37 0
vertex 81 37 1
vertex 65 37 1
endloop
endfacet
facet normal 1 0 0
outer loop
vertex 81 37 0
vertex 81 38 0
vertex 81 38 1
endloop
endfacet
facet normal 1 0 0
outer loop
vertex 81 37 0
vertex 81 38 1
vertex 81 37 1
endloop
endfacet
facet normal 0 1 0
outer loop
vertex 81 38 0
vertex 65 38 0
vertex 65 38 1
endloop
endfacet
facet normal 0 1 0
outer loop
vertex 81 38 0
vertex 65 38 1
vertex 81 38 1
endloop
endfacet
facet normal -1 0 0
outer loop
vertex 65 38 0
vertex 65 37 0
vertex 65 37 1
endloop
endfacet
facet normal -1 0 0
outer loop
vertex 65 38 0
vertex 65 37 1
vertex 65 38 1
endloop
endfacet
facet normal 0 0 -1
outer loop
vertex 85 37 0
vertex 97 38 0
vertex 97 37 0
endloop
endfacet
facet normal 0 0 -1
outer loop
vertex 85 37 0
vertex 85 38 0
vertex 97 38 0
endloop
endfacet
facet normal 0 0 1
outer loop
vertex 85 37 1
vertex 97 37 1
vertex 97 38 1
endloop
endfacet
facet normal 0 0 1
outer loop
vertex 85 37 1
vertex 97 38 1
vertex 85 38 1
endloop
endfacet
facet normal 0 -1 0
outer loop
vertex 85 37 0
vertex 97 37 0
vertex 97 37 1
endloop
endfacet
facet normal 0 -1 0
outer loop
vertex 85 37 0
vertex 97 37 1
vertex 85 37 1
endloop
endfacet
facet normal 1 0 0
outer loop
vertex 97 37 0
vertex 97 38 0
vertex 97 38 1
endloop
endfacet
facet normal 1 0 0
outer loop
vertex 97 37 0
vertex 97 38 1
vertex 97 37 1
endloop
endfacet
facet normal 0 1 0
outer loop
vertex 97 38 0
vertex 85 38 0
vertex 85 38 1
endloop
endfacet
facet normal 0 1 0
outer loop
vertex 97 38 0
vertex 85 38 1
vertex 97 38 1
endloop
endfacet
facet normal -1 0 0
outer loop
vertex 85 38 0
vertex 85 37 0
vertex 85 37 1
endloop
endfacet
facet normal -1 0 0
outer loop
vertex 85 38 0
vertex 85 37 1
vertex 85 38 1
endloop
endfacet
facet normal 0 0 -1
outer loop
vertex 106 37 0
vertex 112 38 0
vertex 112 37 0
endloop
endfacet
facet normal 0 0 -1
outer loop
vertex 106 37 0
vertex 106 38 0
vertex 112 38 0
endloop
endfacet
facet normal 0 0 1
outer loop
vertex 106 37 1
vertex 112 37 1
vertex 112 38 1
endloop
endfacet
facet normal 0 0 1
outer loop
vertex 106 37 1
vertex 112 38 1
vertex 106 38 1
endloop
endfacet
facet normal 0 -1 0
outer loop
vertex 106 37 0
vertex 112 37 0
vertex 112 37 1
endloop
endfacet
facet normal 0 -1 0
outer loop
vertex 106 37 0
vertex 112 37 1
vertex 106 37 1
endloop
endfacet
facet normal 1 0 0
outer loop
vertex 112 37 0
vertex 112 38 0
vertex 112 38 1
endloop
endfacet
facet normal 1 0 0
outer loop
vertex 112 37 0
vertex 112 38 1
vertex 112 37 1
endloop
endfacet
facet normal 0 1 0
outer loop
vertex 112 38 0
vertex 106 38 0
vertex 106 38 1
endloop
endfacet
facet normal 0 1 0
outer loop
vertex 112 38 0
vertex 106 38 1
vertex 112 38 1
endloop
endfacet
facet normal -1 0 0
outer loop
vertex 106 38 0
vertex 106 37 0
vertex 106 37 1
endloop
endfacet
facet normal -1 0 0
outer loop
vertex 106 38 0
vertex 106 37 1
vertex 106 38 1
endloop
endfacet
facet normal 0 0 -1
outer loop
vertex 120 37 0
vertex 131 38 0
vertex 131 37 0
endloop
endfacet
facet normal 0 0 -1
outer loop
vertex 120 37 0
vertex 120 38 0
vertex 131 38 0
endloop
endfacet
facet normal 0 0 1
outer loop
vertex 120 37 1
vertex 131 37 1
vertex 131 38 1
endloop
endfacet
facet normal 0 0 1
outer loop
vertex 120 37 1
vertex 131 38 1
vertex 120 38 1
endloop
endfacet
facet normal 0 -1 0
outer loop
vertex 120 37 0
vertex 131 37 0
vertex 131 37 1
endloop
endfacet
facet normal 0 -1 0
outer loop
vertex 120 37 0
vertex 131 37 1
vertex 120 37 1
endloop
endfacet
facet normal 1 0 0
outer loop
vertex 131 37 0
vertex 131 38 0
vertex 131 38 1
endloop
endfacet
facet normal 1 0 0
outer loop
vertex 131 37 0
vertex 131 38 1
vertex 131 37 1
endloop
endfacet
facet normal 0 1 0
outer loop
vertex 131 38 0
vertex 120 38 0
vertex 120 38 1
endloop
endfacet
facet normal 0 1 0
outer loop
vertex 131 38 0
vertex 120 38 1
vertex 131 38 1
endloop
endfacet
facet normal -1 0 0
outer loop
vertex 120 38 0
vertex 120 37 0
vertex 120 37 1
endloop
endfacet
facet normal -1 0 0
outer loop
vertex 120 38 0
vertex 120 37 1
vertex 120 38 1
endloop
endfacet
facet normal 0 0 -1
outer loop
vertex 135 37 0
vertex 140 38 0
vertex 140 37 0
endloop
endfacet
facet normal 0 0 -1
outer loop
vertex 135 37 0
vertex 135 38 0
vertex 140 38 0
endloop
endfacet
facet normal 0 0 1
outer loop
vertex 135 37 1
vertex 140 37 1
vertex 140 38 1
endloop
endfacet
facet normal 0 0 1
outer loop
vertex 135 37 1
vertex 140 38 1
vertex 135 38 1
endloop
endfacet
facet normal 0 -1 0
outer loop
vertex 135 37 0
vertex 140 37 0
vertex 140 37 1
endloop
endfacet
facet normal 0 -1 0
outer loop
vertex 135 37 0
vertex 140 37 1
vertex 135 37 1
endloop
endfacet
facet normal 1 0 0
outer loop
vertex 140 37 0
vertex 140 38 0
vertex 140 38 1
endloop
endfacet
facet normal 1 0 0
outer loop
vertex 140 37 0
vertex 140 38 1
vertex 140 37 1
endloop
endfacet
facet normal 0 1 0
outer loop
vertex 140 38 0
vertex 135 38 0
vertex 135 38 1
endloop
endfacet
facet normal 0 1 0
outer loop
vertex 140 38 0
vertex 135 38 1
vertex 140 38 1
endloop
endfacet
facet normal -1 0 0
outer loop
vertex 135 38 0
vertex 135 37 0
vertex 135 37 1
endloop
endfacet
facet normal -1 0 0
outer loop
vertex 135 38 0
vertex 135 37 1
vertex 135 38 1
endloop
endfacet
facet normal 0 0 -1
outer loop
vertex 147 37 0
vertex 154 38 0
vertex 154 37 0
endloop
endfacet
facet normal 0 0 -1
outer loop
vertex 147 37 0
vertex 147 38 0
vertex 154 38 0
endloop
endfacet
facet normal 0 0 1
outer loop
vertex 147 37 1
vertex 154 37 1
vertex 154 38 1
endloop
endfacet
facet normal 0 0 1
outer loop
vertex 147 37 1
vertex 154 38 1
vertex 147 38 1
endloop
endfacet
facet normal 0 -1 0
outer loop
vertex 147 37 0
vertex 154 37 0
vertex 154 37 1
endloop
endfacet
facet normal 0 -1 0
outer loop
vertex 147 37 0
vertex 154 37 1
vertex 147 37 1
endloop
endfacet
facet normal 1 0 0
outer loop
vertex 154 37 0
vertex 154 38 0
vertex 154 38 1
endloop
endfacet
facet normal 1 0 0
outer loop
vertex 154 37 0
vertex 154 38 1
vertex 154 37 1
endloop
endfacet
facet normal 0 1 0
outer loop
vertex 154 38 0
vertex 147 38 0
vertex 147 38 1
endloop
endfacet
facet normal 0 1 0
outer loop
vertex 154 38 0
vertex 147 38 1
vertex 154 38 1
endloop
endfacet
facet normal -1 0 0
outer loop
vertex 147 38 0
vertex 147 37 0
vertex 147 37 1
endloop
endfacet
facet normal -1 0 0
outer loop
vertex 147 38 0
vertex 147 37 1
vertex 147 38 1
endloop
endfacet
facet normal 0 0 -1
outer loop
vertex 172 37 0
vertex 185 38 0
vertex 185 37 0
endloop
endfacet
facet normal 0 0 -1
outer loop
vertex 172 37 0
vertex 172 38 0
vertex 185 38 0
endloop
endfacet
facet normal 0 0 1
outer loop
vertex 172 37 1
vertex 185 37 1
vertex 185 38 1
endloop
endfacet
facet normal 0 0 1
outer loop
vertex 172 37 1
vertex 185 38 1
vertex 172 38 1
endloop
endfacet
facet normal 0 -1 0
outer loop
vertex 172 37 0
vertex 185 37 0
vertex 185 37 1
endloop
endfacet
facet normal 0 -1 0
outer loop
vertex 172 37 0
vertex 185 37 1
vertex 172 37 1
endloop
endfacet
facet normal 1 0 0
outer loop
vertex 185 37 0
vertex 185 38 0
vertex 185 38 1
endloop
endfacet
facet normal 1 0 0
outer loop
vertex 185 37 0
vertex 185 38 1
vertex 185 37 1
endloop
endfacet
facet normal 0 1 0
outer loop
vertex 185 38 0
vertex 172 38 0
vertex 172 38 1
endloop
endfacet
facet normal 0 1 0
outer loop
vertex 185 38 0
vertex 172 38 1
vertex 185 38 1
endloop
endfacet
facet normal -1 0 0
outer loop
vertex 172 38 0
vertex 172 37 0
vertex 172 37 1
endloop
endfacet
facet normal -1 0 0
outer loop
vertex 172 38 0
vertex 172 37 1
vertex 172 38 1
endloop
endfacet
facet normal 0 0 -1
outer loop
vertex 190 37 0
vertex 204 38 0
vertex 204 37 0
endloop
endfacet
facet normal 0 0 -1
outer loop
vertex 190 37 0
vertex 190 38 0
vertex 204 38 0
endloop
endfacet
facet normal 0 0 1
outer loop
vertex 190 37 1
vertex 204 37 1
vertex 204 38 1
endloop
endfacet
facet normal 0 0 1
outer loop
vertex 190 37 1
vertex 204 38 1
vertex 190 38 1
endloop
endfacet
facet normal 0 -1 0
outer loop
vertex 190 37 0
vertex 204 37 0
vertex 204 37 1
endloop
endfacet
facet normal 0 -1 0
outer loop
vertex 190 37 0
vertex 204 37 1
vertex 190 37 1
endloop
endfacet
facet normal 1 0 0
outer loop
vertex 204 37 0
vertex 204 38 0
vertex 204 38 1
endloop
endfacet
facet normal 1 0 0
outer loop
vertex 204 37 0
vertex 204 38 1
vertex 204 37 1
endloop
endfacet
facet normal 0 1 0
outer loop
vertex 204 38 0
vertex 190 38 0
vertex 190 38 1
endloop
endfacet
facet normal 0 1 0
outer loop
vertex 204 38 0
vertex 190 38 1
vertex 204 38 1
endloop
endfacet
facet normal -1 0 0
outer loop
vertex 190 38 0
vertex 190 37 0
vertex 190 37 1
endloop
endfacet
facet normal -1 0 0
outer loop
vertex 190 38 0
vertex 190 37 1
vertex 190 38 1
endloop
endfacet
facet normal 0 0 -1
outer loop
vertex 207 37 0
vertex 212 38 0
vertex 212 37 0
endloop
endfacet
facet normal 0 0 -1
outer loop
vertex 207 37 0
vertex 207 38 0
vertex 212 38 0
endloop
endfacet
facet normal 0 0 1
outer loop
vertex 207 37 1
vertex 212 37 1
vertex 212 38 1
endloop
endfacet
facet normal 0 0 1
outer loop
vertex 207 37 1
vertex 212 38 1
vertex 207 38 1
endloop
endfacet
facet normal 0 -1 0
outer loop
vertex 207 37 0
vertex 212 37 0
vertex 212 37 1
endloop
endfacet
facet normal 0 -1 0
outer loop
vertex 207 37 0
vertex 212 37 1
vertex 207 37 1
endloop
endfacet
facet normal 1 0 0
outer loop
vertex 212 37 0
vertex 212 38 0
vertex 212 38 1
endloop
endfacet
facet normal 1 0 0
outer loop
vertex 212 37 0
vertex 212 38 1
vertex 212 37 1
endloop
endfacet
facet normal 0 1 0
outer loop
vertex 212 38 0
vertex 207 38 0
vertex 207 38 1
endloop
endfacet
facet normal 0 1 0
outer loop
vertex 212 38 0
vertex 207 38 1
vertex 212 38 1
endloop
endfacet
facet normal -1 0 0
outer loop
vertex 207 38 0
vertex 207 37 0
vertex 207 37 1
endloop
endfacet
facet normal -1 0 0
outer loop
vertex 207 38 0
vertex 207 37 1
vertex 207 38 1
endloop
endfacet
facet normal 0 0 -1
outer loop
vertex 227 37 0
vertex 232 38 0
vertex 232 37 0
endloop
endfacet
facet normal 0 0 -1
outer loop
vertex 227 37 0
vertex 227 38 0
vertex 232 38 0
endloop
endfacet
facet normal 0 0 1
outer loop
vertex 227 37 1
vertex 232 37 1
vertex 232 38 1
endloop
endfacet
facet normal 0 0 1
outer loop
vertex 227 37 1
vertex 232 38 1
vertex 227 38 1
endloop
endfacet
facet normal 0 -1 0
outer loop
vertex 227 37 0
vertex 232 37 0
vertex 232 37 1
endloop
endfacet
facet normal 0 -1 0
outer loop
vertex 227 37 0
vertex 232 37 1
vertex 227 37 1
endloop
endfacet
facet normal 1 0 0
outer loop
vertex 232 37 0
vertex 232 38 0
vertex 232 38 1
endloop
endfacet
facet normal 1 0 0
outer loop
vertex 232 37 0
vertex 232 38 1
vertex 232 37 1
endloop
endfacet
facet normal 0 1 0
outer loop
vertex 232 38 0
vertex 227 38 0
vertex 227 38 1
endloop
endfacet
facet normal 0 1 0
outer loop
vertex 232 38 0
vertex 227 38 1
vertex 232 38 1
endloop
endfacet
facet normal -1 0 0
outer loop
vertex 227 38 0
vertex 227 37 0
vertex 227 37 1
endloop
endfacet
facet normal -1 0 0
outer loop
vertex 227 38 0
vertex 227 37 1
vertex 227 38 1
endloop
endfacet
facet normal 0 0 -1
outer loop
vertex 246 37 0
vertex 252 38 0
vertex 252 37 0
endloop
endfacet
facet normal 0 0 -1
outer loop
vertex 246 37 0
vertex 246 38 0
vertex 252 38 0
endloop
endfacet
facet normal 0 0 1
outer loop
vertex 246 37 1
vertex 252 37 1
vertex 252 38 1
endloop
endfacet
facet normal 0 0 1
outer loop
vertex 246 37 1
vertex 252 38 1
vertex 246 38 1
endloop
endfacet
facet normal 0 -1 0
outer loop
vertex 246 37 0
vertex 252 37 0
vertex 252 37 1
endloop
endfacet
facet normal 0 -1 0
outer loop
vertex 246 37 0
vertex 252 37 1
vertex 246 37 1
endloop
endfacet
facet normal 1 0 0
outer loop
vertex 252 37 0
vertex 252 38 0
vertex 252 38 1
endloop
endfacet
facet normal 1 0 0
outer loop
vertex 252 37 0
vertex 252 38 1
vertex 252 37 1
endloop
endfacet
facet normal 0 1 0
outer loop
vertex 252 38 0
vertex 246 38 0
vertex 246 38 1
endloop
endfacet
facet normal 0 1 0
outer loop
vertex 252 38 0
vertex 246 38 1
vertex 252 38 1
endloop
endfacet
facet normal -1 0 0
outer loop
vertex 246 38 0
vertex 246 37 0
vertex 246 37 1
endloop
endfacet
facet normal -1 0 0
outer loop
vertex 246 38 0
vertex 246 37 1
vertex 246 38 1
endloop
endfacet
facet normal 0 0 -1
outer loop
vertex 260 37 0
vertex 272 38 0
vertex 272 37 0
endloop
endfacet
facet normal 0 0 -1
outer loop
vertex 260 37 0
vertex 260 38 0
vertex 272 38 0
endloop
endfacet
facet normal 0 0 1
outer loop
vertex 260 37 1
vertex 272 37 1
vertex 272 38 1
endloop
endfacet
facet normal 0 0 1
outer loop
vertex 260 37 1
vertex 272 38 1
vertex 260 38 1
endloop
endfacet
facet normal 0 -1 0
outer loop
vertex 260 37 0
vertex 272 37 0
vertex 272 37 1
endloop
endfacet
facet normal 0 -1 0
outer loop
vertex 260 37 0
vertex 272 37 1
vertex 260 37 1
endloop
endfacet
facet normal 1 0 0
outer loop
vertex 272 37 0
vertex 272 38 0
vertex 272 38 1
endloop
endfacet
facet normal 1 0 0
outer loop
vertex 272 37 0
vertex 272 38 1
vertex 272 37 1
endloop
endfacet
facet normal 0 1 0
outer loop
vertex 272 38 0
vertex 260 38 0
vertex 260 38 1
endloop
endfacet
facet normal 0 1 0
outer loop
vertex 272 38 0
vertex 260 38 1
vertex 272 38 1
endloop
endfacet
facet normal -1 0 0
outer loop
vertex 260 38 0
vertex 260 37 0
vertex 260 37 1
endloop
endfacet
facet normal -1 0 0
outer loop
vertex 260 38 0
vertex 260 37 1
vertex 260 38 1
endloop
endfacet
facet normal 0 0 -1
outer loop
vertex 284 37 0
vertex 299 38 0
vertex 299 37 0
endloop
endfacet
facet normal 0 0 -1
outer loop
vertex 284 37 0
vertex 284 38 0
vertex 299 38 0
endloop
endfacet
facet normal 0 0 1
outer loop
vertex 284 37 1
vertex 299 37 1
vertex 299 38 1
endloop
endfacet
facet normal 0 0 1
outer loop
vertex 284 37 1
vertex 299 38 1
vertex 284 38 1
endloop
endfacet
facet normal 0 -1 0
outer loop
vertex 284 37 0
vertex 299 37 0
vertex 299 37 1
endloop
endfacet
facet normal 0 -1 0
outer loop
vertex 284 37 0
vertex 299 37 1
vertex 284 37 1
endloop
endfacet
facet normal 1 0 0
outer loop
vertex 299 37 0
vertex 299 38 0
vertex 299 38 1
endloop
endfacet
facet normal 1 0 0
outer loop
vertex 299 37 0
vertex 299 38 1
vertex 299 37 1
endloop
endfacet
facet normal 0 1 0
outer loop
vertex 299 38 0
vertex 284 38 0
vertex 284 38 1
endloop
endfacet
facet normal 0 1 0
outer loop
vertex 299 38 0
vertex 284 38 1
vertex 299 38 1
endloop
endfacet
facet normal -1 0 0
outer loop
vertex 284 38 0
vertex 284 37 0
vertex 284 37 1
endloop
endfacet
facet normal -1 0 0
outer loop
vertex 284 38 0
vertex 284 37 1
vertex 284 38 1
endloop
endfacet
facet normal 0 0 -1
outer loop
vertex 305 37 0
vertex 311 38 0
vertex 311 37 0
endloop
endfacet
facet normal 0 0 -1
outer loop
vertex 305 37 0
vertex 305 38 0
vertex 311 38 0
endloop
endfacet
facet normal 0 0 1
outer loop
vertex 305 37 1
vertex 311 37 1
vertex 311 38 1
endloop
endfacet
facet normal 0 0 1
outer loop
vertex 305 37 1
vertex 311 38 1
vertex 305 38 1
endloop
endfacet
facet normal 0 -1 0
outer loop
vertex 305 37 0
vertex 311 37 0
vertex 311 37 1
endloop
endfacet
facet normal 0 -1 0
outer loop
vertex 305 37 0
vertex 311 37 1
vertex 305 37 1
endloop
endfacet
facet normal 1 0 0
outer loop
vertex 311 37 0
vertex 311 38 0
vertex 311 38 1
endloop
endfacet
facet normal 1 0 0
outer loop
vertex 311 37 0
vertex 311 38 1
vertex 311 37 1
endloop
endfacet
facet normal 0 1 0
outer loop
vertex 311 38 0
vertex 305 38 0
vertex 305 38 1
endloop
endfacet
facet normal 0 1 0
outer loop
vertex 311 38 0
vertex 305 38 1
vertex 311 38 1
endloop
endfacet
facet normal -1 0 0
outer loop
vertex 305 38 0
vertex 305 37 0
vertex 305 37 1
endloop
endfacet
facet normal -1 0 0
outer loop
vertex 305 38 0
vertex 305 37 1
vertex 305 38 1
endloop
endfacet
facet normal 0 0 -1
outer loop
vertex 318 37 0
vertex 323 38 0
vertex 323 37 0
endloop
endfacet
facet normal 0 0 -1
outer loop
vertex 318 37 0
vertex 318 38 0
vertex 323 38 0
endloop
endfacet
facet normal 0 0 1
outer loop
vertex 318 37 1
vertex 323 37 1
vertex 323 38 1
endloop
endfacet
facet normal 0 0 1
outer loop
vertex 318 37 1
vertex 323 38 1
vertex 318 38 1
endloop
endfacet
facet normal 0 -1 0
outer loop
vertex 318 37 0
vertex 323 37 0
vertex 323 37 1
endloop
endfacet
facet normal 0 -1 0
outer loop
vertex 318 37 0
vertex 323 37 1
vertex 318 37 1
endloop
endfacet
facet normal 1 0 0
outer loop
vertex 323 37 0
vertex 323 38 0
vertex 323 38 1
endloop
endfacet
facet normal 1 0 0
outer loop
vertex 323 37 0
vertex 323 38 1
vertex 323 37 1
endloop
endfacet
facet normal 0 1 0
outer loop
vertex 323 38 0
vertex 318 38 0
vertex 318 38 1
endloop
endfacet
facet normal 0 1 0
outer loop
vertex 323 38 0
vertex 318 38 1
vertex 323 38 1
endloop
endfacet
facet normal -1 0 0
outer loop
vertex 318 38 0
vertex 318 37 0
vertex 318 37 1
endloop
endfacet
facet normal -1 0 0
outer loop
vertex 318 38 0
vertex 318 37 1
vertex 318 38 1
endloop
endfacet
facet normal 0 0 -1
outer loop
vertex 329 37 0
vertex 335 38 0
vertex 335 37 0
endloop
endfacet
facet normal 0 0 -1
outer loop
vertex 329 37 0
vertex 329 38 0
vertex 335 38 0
endloop
endfacet
facet normal 0 0 1
outer loop
vertex 329 37 1
vertex 335 37 1
vertex 335 38 1
endloop
endfacet
facet normal 0 0 1
outer loop
vertex 329 37 1
vertex 335 38 1
vertex 329 38 1
endloop
endfacet
facet normal 0 -1 0
outer loop
vertex 329 37 0
vertex 335 37 0
vertex 335 37 1
endloop
endfacet
facet normal 0 -1 0
outer loop
vertex 329 37 0
vertex 335 37 1
vertex 329 37 1
endloop
endfacet
facet normal 1 0 0
outer loop
vertex 335 37 0
vertex 335 38 0
vertex 335 38 1
endloop
endfacet
facet normal 1 0 0
outer loop
vertex 335 37 0
vertex 335 38 1
vertex 335 37 1
endloop
endfacet
facet normal 0 1 0
outer loop
vertex 335 38 0
vertex 329 38 0
vertex 329 38 1
endloop
endfacet
facet normal 0 1 0
outer loop
vertex 335 38 0
vertex 329 38 1
vertex 335 38 1
endloop
endfacet
facet normal -1 0 0
outer loop
vertex 329 38 0
vertex 329 37 0
vertex 329 37 1
endloop
endfacet
facet normal -1 0 0
outer loop
vertex 329 38 0
vertex 329 37 1
vertex 329 38 1
endloop
endfacet
facet normal 0 0 -1
outer loop
vertex 344 37 0
vertex 355 38 0
vertex 355 37 0
endloop
endfacet
facet normal 0 0 -1
outer loop
vertex 344 37 0
vertex 344 38 0
vertex 355 38 0
endloop
endfacet
facet normal 0 0 1
outer loop
vertex 344 37 1
vertex 355 37 1
vertex 355 38 1
endloop
endfacet
facet normal 0 0 1
outer loop
vertex 344 37 1
vertex 355 38 1
vertex 344 38 1
endloop
endfacet
facet normal 0 -1 0
outer loop
vertex 344 37 0
vertex 355 37 0
vertex 355 37 1
endloop
endfacet
facet normal 0 -1 0
outer loop
vertex 344 37 0
vertex 355 37 1
vertex 344 37 1
endloop
endfacet
facet normal 1 0 0
outer loop
vertex 355 37 0
vertex 355 38 0
vertex 355 38 1
endloop
endfacet
facet normal 1 0 0
outer loop
vertex 355 37 0
vertex 355 38 1
vertex 355 37 1
endloop
endfacet
facet normal 0 1 0
outer loop
vertex 355 38 0
vertex 344 38 0
vertex 344 38 1
endloop
endfacet
facet normal 0 1 0
outer loop
vertex 355 38 0
vertex 344 38 1
vertex 355 38 1
endloop
endfacet
facet normal -1 0 0
outer loop
vertex 344 38 0
vertex 344 37 0
vertex 344 37 1
endloop
endfacet
facet normal -1 0 0
outer loop
vertex 344 38 0
vertex 344 37 1
vertex 344 38 1
endloop
endfacet
facet normal 0 0 -1
outer loop
vertex 359 37 0
vertex 364 38 0
vertex 364 37 0
endloop
endfacet
facet normal 0 0 -1
outer loop
vertex 359 37 0
vertex 359 38 0
vertex 364 38 0
endloop
endfacet
facet normal 0 0 1
outer loop
vertex 359 37 1
vertex 364 37 1
vertex 364 38 1
endloop
endfacet
facet normal 0 0 1
outer loop
vertex 359 37 1
vertex 364 38 1
vertex 359 38 1
endloop
endfacet
facet normal 0 -1 0
outer loop
vertex 359 37 0
vertex 364 37 0
vertex 364 37 1
endloop
endfacet
facet normal 0 -1 0
outer loop
vertex 359 37 0
vertex 364 37 1
vertex 359 37 1
endloop
endfacet
facet normal 1 0 0
outer loop
vertex 364 37 0
vertex 364 38 0
vertex 364 38 1
endloop
endfacet
facet normal 1 0 0
outer loop
vertex 364 37 0
vertex 364 38 1
vertex 364 37 1
endloop
endfacet
facet normal 0 1 0
outer loop
vertex 364 38 0
vertex 359 38 0
vertex 359 38 1
endloop
endfacet
facet normal 0 1 0
outer loop
vertex 364 38 0
vertex 359 38 1
vertex 364 38 1
endloop
endfacet
facet normal -1 0 0
outer loop
vertex 359 38 0
vertex 359 37 0
vertex 359 37 1
endloop
endfacet
facet normal -1 0 0
outer loop
vertex 359 38 0
vertex 359 37 1
vertex 359 38 1
endloop
endfacet
facet normal 0 0 -1
outer loop
vertex 369 37 0
vertex 374 38 0
vertex 374 37 0
endloop
endfacet
facet normal 0 0 -1
outer loop
vertex 369 37 0
vertex 369 38 0
vertex 374 38 0
endloop
endfacet
facet normal 0 0 1
outer loop
vertex 369 37 1
vertex 374 37 1
vertex 374 38 1
endloop
endfacet
facet normal 0 0 1
outer loop
vertex 369 37 1
vertex 374 38 1
vertex 369 38 1
endloop
endfacet
facet normal 0 -1 0
outer loop
vertex 369 37 0
vertex 374 37 0
vertex 374 37 1
endloop
endfacet
facet normal 0 -1 0
outer loop
vertex 369 37 0
vertex 374 37 1
vertex 369 37 1
endloop
endfacet
facet normal 1 0 0
outer loop
vertex 374 37 0
vertex 374 38 0
vertex 374 38 1
endloop
endfacet
facet normal 1 0 0
outer loop
vertex 374 37 0
vertex 374 38 1
vertex 374 37 1
endloop
endfacet
facet normal 0 1 0
outer loop
vertex 374 38 0
vertex 369 38 0
vertex 369 38 1
endloop
endfacet
facet normal 0 1 0
outer loop
vertex 374 38 0
vertex 369 38 1
vertex 374 38 1
endloop
endfacet
facet normal -1 0 0
outer loop
vertex 369 38 0
vertex 369 37 0
vertex 369 37 1
endloop
endfacet
facet normal -1 0 0
outer loop
vertex 369 38 0
vertex 369 37 1
vertex 369 38 1
endloop
endfacet
facet normal 0 0 -1
outer loop
vertex 65 36 0
vertex 81 37 0
vertex 81 36 0
endloop
endfacet
facet normal 0 0 -1
outer loop
vertex 65 36 0
vertex 65 37 0
vertex 81 37 0
endloop
endfacet
facet normal 0 0 1
outer loop
vertex 65 36 1
vertex 81 36 1
vertex 81 37 1
endloop
endfacet
facet normal 0 0 1
outer loop
vertex 65 36 1
vertex 81 37 1
vertex 65 37 1
endloop
endfacet
facet normal 0 -1 0
outer loop
vertex 65 36 0
vertex 81 36 0
vertex 81 36 1
endloop
endfacet
facet normal 0 -1 0
outer loop
vertex 65 36 0
vertex 81 36 1
vertex 65 36 1
endloop
endfacet
facet normal 1 0 0
outer loop
vertex 81 36 0
vertex 81 37 0
vertex 81 37 1
endloop
endfacet
facet normal 1 0 0
outer loop
vertex 81 36 0
vertex 81 37 1
vertex 81 36 1
endloop
endfacet
facet normal 0 1 0
outer loop
vertex 81 37 0
vertex 65 37 0
vertex 65 37 1
endloop
endfacet
facet normal 0 1 0
outer loop
vertex 81 37 0
vertex 65 37 1
vertex 81 37 1
endloop
endfacet
facet normal -1 0 0
outer loop
vertex 65 37 0
vertex 65 36 0
vertex 65 36 1
endloop
endfacet
facet normal -1 0 0
outer loop
vertex 65 37 0
vertex 65 36 1
vertex 65 37 1
endloop
endfacet
facet normal 0 0 -1
outer loop
vertex 86 36 0
vertex 96 37 0
vertex 96 36 0
endloop
endfacet
facet normal 0 0 -1
outer loop
vertex 86 36 0
vertex 86 37 0
vertex 96 37 0
endloop
endfacet
facet normal 0 0 1
outer loop
vertex 86 36 1
vertex 96 36 1
vertex 96 37 1
endloop
endfacet
facet normal 0 0 1
outer loop
vertex 86 36 1
vertex 96 37 1
vertex 86 37 1
endloop
endfacet
facet normal 0 -1 0
outer loop
vertex 86 36 0
vertex 96 36 0
vertex 96 36 1
endloop
endfacet
facet normal 0 -1 0
outer loop
vertex 86 36 0
vertex 96 36 1
vertex 86 36 1
endloop
endfacet
facet normal 1 0 0
outer loop
vertex 96 36 0
vertex 96 37 0
vertex 96 37 1
endloop
endfacet
facet normal 1 0 0
outer loop
vertex 96 36 0
vertex 96 37 1
vertex 96 36 1
endloop
endfacet
facet normal 0 1 0
outer loop
vertex 96 37 0
vertex 86 37 0
vertex 86 37 1
endloop
endfacet
facet normal 0 1 0
outer loop
vertex 96 37 0
vertex 86 37 1
vertex 96 37 1
endloop
endfacet
facet normal -1 0 0
outer loop
vertex 86 37 0
vertex 86 36 0
vertex 86 36 1
endloop
endfacet
facet normal -1 0 0
outer loop
vertex 86 37 0
vertex 86 36 1
vertex 86 37 1
endloop
endfacet
facet normal 0 0 -1
outer loop
vertex 106 36 0
vertex 112 37 0
vertex 112 36 0
endloop
endfacet
facet normal 0 0 -1
outer loop
vertex 106 36 0
vertex 106 37 0
vertex 112 37 0
endloop
endfacet
facet normal 0 0 1
outer loop
vertex 106 36 1
vertex 112 36 1
vertex 112 37 1
endloop
endfacet
facet normal 0 0 1
outer loop
vertex 106 36 1
vertex 112 37 1
vertex 106 37 1
endloop
endfacet
facet normal 0 -1 0
outer loop
vertex 106 36 0
vertex 112 36 0
vertex 112 36 1
endloop
endfacet
facet normal 0 -1 0
outer loop
vertex 106 36 0
vertex 112 36 1
vertex 106 36 1
endloop
endfacet
facet normal 1 0 0
outer loop
vertex 112 36 0
vertex 112 37 0
vertex 112 37 1
endloop
endfacet
facet normal 1 0 0
outer loop
vertex 112 36 0
vertex 112 37 1
vertex 112 36 1
endloop
endfacet
facet normal 0 1 0
outer loop
vertex 112 37 0
vertex 106 37 0
vertex 106 37 1
endloop
endfacet
facet normal 0 1 0
outer loop
vertex 112 37 0
vertex 106 37 1
vertex 112 37 1
endloop
endfacet
facet normal -1 0 0
outer loop
vertex 106 37 0
vertex 106 36 0
vertex 106 36 1
endloop
endfacet
facet normal -1 0 0
outer loop
vertex 106 37 0
vertex 106 36 1
vertex 106 37 1
endloop
endfacet
facet normal 0 0 -1
outer loop
vertex 121 36 0
vertex 130 37 0
vertex 130 36 0
endloop
endfacet
facet normal 0 0 -1
outer loop
vertex 121 36 0
vertex 121 37 0
vertex 130 37 0
endloop
endfacet
facet normal 0 0 1
outer loop
vertex 121 36 1
vertex 130 36 1
vertex 130 37 1
endloop
endfacet
facet normal 0 0 1
outer loop
vertex 121 36 1
vertex 130 37 1
vertex 121 37 1
endloop
endfacet
facet normal 0 -1 0
outer loop
vertex 121 36 0
vertex 130 36 0
vertex 130 36 1
endloop
endfacet
facet normal 0 -1 0
outer loop
vertex 121 36 0
vertex 130 36 1
vertex 121 36 1
endloop
endfacet
facet normal 1 0 0
outer loop
vertex 130 36 0
vertex 130 37 0
vertex 130 37 1
endloop
endfacet
facet normal 1 0 0
outer loop
vertex 130 36 0
vertex 130 37 1
vertex 130 36 1
endloop
endfacet
facet normal 0 1 0
outer loop
vertex 130 37 0
vertex 121 37 0
vertex 121 37 1
endloop
endfacet
facet normal 0 1 0
outer loop
vertex 130 37 0
vertex 121 37 1
vertex 130 37 1
endloop
endfacet
facet normal -1 0 0
outer loop
vertex 121 37 0
vertex 121 36 0
vertex 121 36 1
endloop
endfacet
facet normal -1 0 0
outer loop
vertex 121 37 0
vertex 121 36 1
vertex 121 37 1
endloop
endfacet
facet normal 0 0 -1
outer loop
vertex 135 36 0
vertex 140 37 0
vertex 140 36 0
endloop
endfacet
facet normal 0 0 -1
outer loop
vertex 135 36 0
vertex 135 37 0
vertex 140 37 0
endloop
endfacet
facet normal 0 0 1
outer loop
vertex 135 36 1
vertex 140 36 1
vertex 140 37 1
endloop
endfacet
facet normal 0 0 1
outer loop
vertex 135 36 1
vertex 140 37 1
vertex 135 37 1
endloop
endfacet
facet normal 0 -1 0
outer loop
vertex 135 36 0
vertex 140 36 0
vertex 140 36 1
endloop
endfacet
facet normal 0 -1 0
outer loop
vertex 135 36 0
vertex 140 36 1
vertex 135 36 1
endloop
endfacet
facet normal 1 0 0
outer loop
vertex 140 36 0
vertex 140 37 0
vertex 140 37 1
endloop
endfacet
facet normal 1 0 0
outer loop
vertex 140 36 0
vertex 140 37 1
vertex 140 36 1
endloop
endfacet
facet normal 0 1 0
outer loop
vertex 140 37 0
vertex 135 37 0
vertex 135 37 1
endloop
endfacet
facet normal 0 1 0
outer loop
vertex 140 37 0
vertex 135 37 1
vertex 140 37 1
endloop
endfacet
facet normal -1 0 0
outer loop
vertex 135 37 0
vertex 135 36 0
vertex 135 36 1
endloop
endfacet
facet normal -1 0 0
outer loop
vertex 135 37 0
vertex 135 36 1
vertex 135 37 1
endloop
endfacet
facet normal 0 0 -1
outer loop
vertex 147 36 0
vertex 153 37 0
vertex 153 36 0
endloop
endfacet
facet normal 0 0 -1
outer loop
vertex 147 36 0
vertex 147 37 0
vertex 153 37 0
endloop
endfacet
facet normal 0 0 1
outer loop
vertex 147 36 1
vertex 153 36 1
vertex 153 37 1
endloop
endfacet
facet normal 0 0 1
outer loop
vertex 147 36 1
vertex 153 37 1
vertex 147 37 1
endloop
endfacet
facet normal 0 -1 0
outer loop
vertex 147 36 0
vertex 153 36 0
vertex 153 36 1
endloop
endfacet
facet normal 0 -1 0
outer loop
vertex 147 36 0
vertex 153 36 1
vertex 147 36 1
endloop
endfacet
facet normal 1 0 0
outer loop
vertex 153 36 0
vertex 153 37 0
vertex 153 37 1
endloop
endfacet
facet normal 1 0 0
outer loop
vertex 153 36 0
vertex 153 37 1
vertex 153 36 1
endloop
endfacet
facet normal 0 1 0
outer loop
vertex 153 37 0
vertex 147 37 0
vertex 147 37 1
endloop
endfacet
facet normal 0 1 0
outer loop
vertex 153 37 0
vertex 147 37 1
vertex 153 37 1
endloop
endfacet
facet normal -1 0 0
outer loop
vertex 147 37 0
vertex 147 36 0
vertex 147 36 1
endloop
endfacet
facet normal -1 0 0
outer loop
vertex 147 37 0
vertex 147 36 1
vertex 147 37 1
endloop
endfacet
facet normal 0 0 -1
outer loop
vertex 173 36 0
vertex 183 37 0
vertex 183 36 0
endloop
endfacet
facet normal 0 0 -1
outer loop
vertex 173 36 0
vertex 173 37 0
vertex 183 37 0
endloop
endfacet
facet normal 0 0 1
outer loop
vertex 173 36 1
vertex 183 36 1
vertex 183 37 1
endloop
endfacet
facet normal 0 0 1
outer loop
vertex 173 36 1
vertex 183 37 1
vertex 173 37 1
endloop
endfacet
facet normal 0 -1 0
outer loop
vertex 173 36 0
vertex 183 36 0
vertex 183 36 1
endloop
endfacet
facet normal 0 -1 0
outer loop
vertex 173 36 0
vertex 183 36 1
vertex 173 36 1
endloop
endfacet
facet normal 1 0 0
outer loop
vertex 183 36 0
vertex 183 37 0
vertex 183 37 1
endloop
endfacet
facet normal 1 0 0
outer loop
vertex 183 36 0
vertex 183 37 1
vertex 183 36 1
endloop
endfacet
facet normal 0 1 0
outer loop
vertex 183 37 0
vertex 173 37 0
vertex 173 37 1
endloop
endfacet
facet normal 0 1 0
outer loop
vertex 183 37 0
vertex 173 37 1
vertex 183 37 1
endloop
endfacet
facet normal -1 0 0
outer loop
vertex 173 37 0
vertex 173 36 0
vertex 173 36 1
endloop
endfacet
facet normal -1 0 0
outer loop
vertex 173 37 0
vertex 173 36 1
vertex 173 37 1
endloop
endfacet
facet normal 0 0 -1
outer loop
vertex 191 36 0
vertex 198 37 0
vertex 198 36 0
endloop
endfacet
facet normal 0 0 -1
outer loop
vertex 191 36 0
vertex 191 37 0
vertex 198 37 0
endloop
endfacet
facet normal 0 0 1
outer loop
vertex 191 36 1
vertex 198 36 1
vertex 198 37 1
endloop
endfacet
facet normal 0 0 1
outer loop
vertex 191 36 1
vertex 198 37 1
vertex 191 37 1
endloop
endfacet
facet normal 0 -1 0
outer loop
vertex 191 36 0
vertex 198 36 0
vertex 198 36 1
endloop
endfacet
facet normal 0 -1 0
outer loop
vertex 191 36 0
vertex 198 36 1
vertex 191 36 1
endloop
endfacet
facet normal 1 0 0
outer loop
vertex 198 36 0
vertex 198 37 0
vertex 198 37 1
endloop
endfacet
facet normal 1 0 0
outer loop
vertex 198 36 0
vertex 198 37 1
vertex 198 36 1
endloop
endfacet
facet normal 0 1 0
outer loop
vertex 198 37 0
vertex 191 37 0
vertex 191 37 1
endloop
endfacet
facet normal 0 1 0
outer loop
vertex 198 37 0
vertex 191 37 1
vertex 198 37 1
endloop
endfacet
facet normal -1 0 0
outer loop
vertex 191 37 0
vertex 191 36 0
vertex 191 36 1
endloop
endfacet
facet normal -1 0 0
outer loop
vertex 191 37 0
vertex 191 36 1
vertex 191 37 1
endloop
endfacet
facet normal 0 0 -1
outer loop
vertex 199 36 0
vertex 205 37 0
vertex 205 36 0
endloop
endfacet
facet normal 0 0 -1
outer loop
vertex 199 36 0
vertex 199 37 0
vertex 205 37 0
endloop
endfacet
facet normal 0 0 1
outer loop
vertex 199 36 1
vertex 205 36 1
vertex 205 37 1
endloop
endfacet
facet normal 0 0 1
outer loop
vertex 199 36 1
vertex 205 37 1
vertex 199 37 1
endloop
endfacet
facet normal 0 -1 0
outer loop
vertex 199 36 0
vertex 205 36 0
vertex 205 36 1
endloop
endfacet
facet normal 0 -1 0
outer loop
vertex 199 36 0
vertex 205 36 1
vertex 199 36 1
endloop
endfacet
facet normal 1 0 0
outer loop
vertex 205 36 0
vertex 205 37 0
vertex 205 37 1
endloop
endfacet
facet normal 1 0 0
outer loop
vertex 205 36 0
vertex 205 37 1
vertex 205 36 1
endloop
endfacet
facet normal 0 1 0
outer loop
vertex 205 37 0
vertex 199 37 0
vertex 199 37 1
endloop
endfacet
facet normal 0 1 0
outer loop
vertex 205 37 0
vertex 199 37 1
vertex 205 37 1
endloop
endfacet
facet normal -1 0 0
outer loop
vertex 199 37 0
vertex 199 36 0
vertex 199 36 1
endloop
endfacet
facet normal -1 0 0
outer loop
vertex 199 37 0
vertex 199 36 1
vertex 199 37 1
endloop
endfacet
facet normal 0 0 -1
outer loop
vertex 207 36 0
vertex 212 37 0
vertex 212 36 0
endloop
endfacet
facet normal 0 0 -1
outer loop
vertex 207 36 0
vertex 207 37 0
vertex 212 37 0
endloop
endfacet
facet normal 0 0 1
outer loop
vertex 207 36 1
vertex 212 36 1
vertex 212 37 1
endloop
endfacet
facet normal 0 0 1
outer loop
vertex 207 36 1
vertex 212 37 1
vertex 207 37 1
endloop
endfacet
facet normal 0 -1 0
outer loop
vertex 207 36 0
vertex 212 36 0
vertex 212 36 1
endloop
endfacet
facet normal 0 -1 0
outer loop
vertex 207 36 0
vertex 212 36 1
vertex 207 36 1
endloop
endfacet
facet normal 1 0 0
outer loop
vertex 212 36 0
vertex 212 37 0
vertex 212 37 1
endloop
endfacet
facet normal 1 0 0
outer loop
vertex 212 36 0
vertex 212 37 1
vertex 212 36 1
endloop
endfacet
facet normal 0 1 0
outer loop
vertex 212 37 0
vertex 207 37 0
vertex 207 37 1
endloop
endfacet
facet normal 0 1 0
outer loop
vertex 212 37 0
vertex 207 37 1
vertex 212 37 1
endloop
endfacet
facet normal -1 0 0
outer loop
vertex 207 37 0
vertex 207 36 0
vertex 207 36 1
endloop
endfacet
facet normal -1 0 0
outer loop
vertex 207 37 0
vertex 207 36 1
vertex 207 37 1
endloop
endfacet
facet normal 0 0 -1
outer loop
vertex 227 36 0
vertex 232 37 0
vertex 232 36 0
endloop
endfacet
facet normal 0 0 -1
outer loop
vertex 227 36 0
vertex 227 37 0
vertex 232 37 0
endloop
endfacet
facet normal 0 0 1
outer loop
vertex 227 36 1
vertex 232 36 1
vertex 232 37 1
endloop
endfacet
facet normal 0 0 1
outer loop
vertex 227 36 1
vertex 232 37 1
vertex 227 37 1
endloop
endfacet
facet normal 0 -1 0
outer loop
vertex 227 36 0
vertex 232 36 0
vertex 232 36 1
endloop
endfacet
facet normal 0 -1 0
outer loop
vertex 227 36 0
vertex 232 36 1
vertex 227 36 1
endloop
endfacet
facet normal 1 0 0
outer loop
vertex 232 36 0
vertex 232 37 0
vertex 232 37 1
endloop
endfacet
facet normal 1 0 0
outer loop
vertex 232 36 0
vertex 232 37 1
vertex 232 36 1
endloop
endfacet
facet normal 0 1 0
outer loop
vertex 232 37 0
vertex 227 37 0
vertex 227 37 1
endloop
endfacet
facet normal 0 1 0
outer loop
vertex 232 37 0
vertex 227 37 1
vertex 232 37 1
endloop
endfacet
facet normal -1 0 0
outer loop
vertex 227 37 0
vertex 227 36 0
vertex 227 36 1
endloop
endfacet
facet normal -1 0 0
outer loop
vertex 227 37 0
vertex 227 36 1
vertex 227 37 1
endloop
endfacet
facet normal 0 0 -1
outer loop
vertex 247 36 0
vertex 252 37 0
vertex 252 36 0
endloop
endfacet
facet normal 0 0 -1
outer loop
vertex 247 36 0
vertex 247 37 0
vertex 252 37 0
endloop
endfacet
facet normal 0 0 1
outer loop
vertex 247 36 1
vertex 252 36 1
vertex 252 37 1
endloop
endfacet
facet normal 0 0 1
outer loop
vertex 247 36 1
vertex 252 37 1
vertex 247 37 1
endloop
endfacet
facet normal 0 -1 0
outer loop
vertex 247 36 0
vertex 252 36 0
vertex 252 36 1
endloop
endfacet
facet normal 0 -1 0
outer loop
vertex 247 36 0
vertex 252 36 1
vertex 247 36 1
endloop
endfacet
facet normal 1 0 0
outer loop
vertex 252 36 0
vertex 252 37 0
vertex 252 37 1
endloop
endfacet
facet normal 1 0 0
outer loop
vertex 252 36 0
vertex 252 37 1
vertex 252 36 1
endloop
endfacet
facet normal 0 1 0
outer loop
vertex 252 37 0
vertex 247 37 0
vertex 247 37 1
endloop
endfacet
facet normal 0 1 0
outer loop
vertex 252 37 0
vertex 247 37 1
vertex 252 37 1
endloop
endfacet
facet normal -1 0 0
outer loop
vertex 247 37 0
vertex 247 36 0
vertex 247 36 1
endloop
endfacet
facet normal -1 0 0
outer loop
vertex 247 37 0
vertex 247 36 1
vertex 247 37 1
endloop
endfacet
facet normal 0 0 -1
outer loop
vertex 262 36 0
vertex 270 37 0
vertex 270 36 0
endloop
endfacet
facet normal 0 0 -1
outer loop
vertex 262 36 0
vertex 262 37 0
vertex 270 37 0
endloop
endfacet
facet normal 0 0 1
outer loop
vertex 262 36 1
vertex 270 36 1
vertex 270 37 1
endloop
endfacet
facet normal 0 0 1
outer loop
vertex 262 36 1
vertex 270 37 1
vertex 262 37 1
endloop
endfacet
facet normal 0 -1 0
outer loop
vertex 262 36 0
vertex 270 36 0
vertex 270 36 1
endloop
endfacet
facet normal 0 -1 0
outer loop
vertex 262 36 0
vertex 270 36 1
vertex 262 36 1
endloop
endfacet
facet normal 1 0 0
outer loop
vertex 270 36 0
vertex 270 37 0
vertex 270 37 1
endloop
endfacet
facet normal 1 0 0
outer loop
vertex 270 36 0
vertex 270 37 1
vertex 270 36 1
endloop
endfacet
facet normal 0 1 0
outer loop
vertex 270 37 0
vertex 262 37 0
vertex 262 37 1
endloop
endfacet
facet normal 0 1 0
outer loop
vertex 270 37 0
vertex 262 37 1
vertex 270 37 1
endloop
endfacet
facet normal -1 0 0
outer loop
vertex 262 37 0
vertex 262 36 0
vertex 262 36 1
endloop
endfacet
facet normal -1 0 0
outer loop
vertex 262 37 0
vertex 262 36 1
vertex 262 37 1
endloop
endfacet
facet normal 0 0 -1
outer loop
vertex 284 36 0
vertex 298 37 0
vertex 298 36 0
endloop
endfacet
facet normal 0 0 -1
outer loop
vertex 284 36 0
vertex 284 37 0
vertex 298 37 0
endloop
endfacet
facet normal 0 0 1
outer loop
vertex 284 36 1
vertex 298 36 1
vertex 298 37 1
endloop
endfacet
facet normal 0 0 1
outer loop
vertex 284 36 1
vertex 298 37 1
vertex 284 37 1
endloop
endfacet
facet normal 0 -1 0
outer loop
vertex 284 36 0
vertex 298 36 0
vertex 298 36 1
endloop
endfacet
facet normal 0 -1 0
outer loop
vertex 284 36 0
vertex 298 36 1
vertex 284 36 1
endloop
endfacet
facet normal 1 0 0
outer loop
vertex 298 36 0
vertex 298 37 0
vertex 298 37 1
endloop
endfacet
facet normal 1 0 0
outer loop
vertex 298 36 0
vertex 298 37 1
vertex 298 36 1
endloop
endfacet
facet normal 0 1 0
outer loop
vertex 298 37 0
vertex 284 37 0
vertex 284 37 1
endloop
endfacet
facet normal 0 1 0
outer loop
vertex 298 37 0
vertex 284 37 1
vertex 298 37 1
endloop
endfacet
facet normal -1 0 0
outer loop
vertex 284 37 0
vertex 284 36 0
vertex 284 36 1
endloop
endfacet
facet normal -1 0 0
outer loop
vertex 284 37 0
vertex 284 36 1
vertex 284 37 1
endloop
endfacet
facet normal 0 0 -1
outer loop
vertex 306 36 0
vertex 310 37 0
vertex 310 36 0
endloop
endfacet
facet normal 0 0 -1
outer loop
vertex 306 36 0
vertex 306 37 0
vertex 310 37 0
endloop
endfacet
facet normal 0 0 1
outer loop
vertex 306 36 1
vertex 310 36 1
vertex 310 37 1
endloop
endfacet
facet normal 0 0 1
outer loop
vertex 306 36 1
vertex 310 37 1
vertex 306 37 1
endloop
endfacet
facet normal 0 -1 0
outer loop
vertex 306 36 0
vertex 310 36 0
vertex 310 36 1
endloop
endfacet
facet normal 0 -1 0
outer loop
vertex 306 36 0
vertex 310 36 1
vertex 306 36 1
endloop
endfacet
facet normal 1 0 0
outer loop
vertex 310 36 0
vertex 310 37 0
vertex 310 37 1
endloop
endfacet
facet normal 1 0 0
outer loop
vertex 310 36 0
vertex 310 37 1
vertex 310 36 1
endloop
endfacet
facet normal 0 1 0
outer loop
vertex 310 37 0
vertex 306 37 0
vertex 306 37 1
endloop
endfacet
facet normal 0 1 0
outer loop
vertex 310 37 0
vertex 306 37 1
vertex 310 37 1
endloop
endfacet
facet normal -1 0 0
outer loop
vertex 306 37 0
vertex 306 36 0
vertex 306 36 1
endloop
endfacet
facet normal -1 0 0
outer loop
vertex 306 37 0
vertex 306 36 1
vertex 306 37 1
endloop
endfacet
facet normal 0 0 -1
outer loop
vertex 318 36 0
vertex 323 37 0
vertex 323 36 0
endloop
endfacet
facet normal 0 0 -1
outer loop
vertex 318 36 0
vertex 318 37 0
vertex 323 37 0
endloop
endfacet
facet normal 0 0 1
outer loop
vertex 318 36 1
vertex 323 36 1
vertex 323 37 1
endloop
endfacet
facet normal 0 0 1
outer loop
vertex 318 36 1
vertex 323 37 1
vertex 318 37 1
endloop
endfacet
facet normal 0 -1 0
outer loop
vertex 318 36 0
vertex 323 36 0
vertex 323 36 1
endloop
endfacet
facet normal 0 -1 0
outer loop
vertex 318 36 0
vertex 323 36 1
vertex 318 36 1
endloop
endfacet
facet normal 1 0 0
outer loop
vertex 323 36 0
vertex 323 37 0
vertex 323 37 1
endloop
endfacet
facet normal 1 0 0
outer loop
vertex 323 36 0
vertex 323 37 1
vertex 323 36 1
endloop
endfacet
facet normal 0 1 0
outer loop
vertex 323 37 0
vertex 318 37 0
vertex 318 37 1
endloop
endfacet
facet normal 0 1 0
outer loop
vertex 323 37 0
vertex 318 37 1
vertex 323 37 1
endloop
endfacet
facet normal -1 0 0
outer loop
vertex 318 37 0
vertex 318 36 0
vertex 318 36 1
endloop
endfacet
facet normal -1 0 0
outer loop
vertex 318 37 0
vertex 318 36 1
vertex 318 37 1
endloop
endfacet
facet normal 0 0 -1
outer loop
vertex 330 36 0
vertex 335 37 0
vertex 335 36 0
endloop
endfacet
facet normal 0 0 -1
outer loop
vertex 330 36 0
vertex 330 37 0
vertex 335 37 0
endloop
endfacet
facet normal 0 0 1
outer loop
vertex 330 36 1
vertex 335 36 1
vertex 335 37 1
endloop
endfacet
facet normal 0 0 1
outer loop
vertex 330 36 1
vertex 335 37 1
vertex 330 37 1
endloop
endfacet
facet normal 0 -1 0
outer loop
vertex 330 36 0
vertex 335 36 0
vertex 335 36 1
endloop
endfacet
facet normal 0 -1 0
outer loop
vertex 330 36 0
vertex 335 36 1
vertex 330 36 1
endloop
endfacet
facet normal 1 0 0
outer loop
vertex 335 36 0
vertex 335 37 0
vertex 335 37 1
endloop
endfacet
facet normal 1 0 0
outer loop
vertex 335 36 0
vertex 335 37 1
vertex 335 36 1
endloop
endfacet
facet normal 0 1 0
outer loop
vertex 335 37 0
vertex 330 37 0
vertex 330 37 1
endloop
endfacet
facet normal 0 1 0
outer loop
vertex 335 37 0
vertex 330 37 1
vertex 335 37 1
endloop
endfacet
facet normal -1 0 0
outer loop
vertex 330 37 0
vertex 330 36 0
vertex 330 36 1
endloop
endfacet
facet normal -1 0 0
outer loop
vertex 330 37 0
vertex 330 36 1
vertex 330 37 1
endloop
endfacet
facet normal 0 0 -1
outer loop
vertex 345 36 0
vertex 354 37 0
vertex 354 36 0
endloop
endfacet
facet normal 0 0 -1
outer loop
vertex 345 36 0
vertex 345 37 0
vertex 354 37 0
endloop
endfacet
facet normal 0 0 1
outer loop
vertex 345 36 1
vertex 354 36 1
vertex 354 37 1
endloop
endfacet
facet normal 0 0 1
outer loop
vertex 345 36 1
vertex 354 37 1
vertex 345 37 1
endloop
endfacet
facet normal 0 -1 0
outer loop
vertex 345 36 0
vertex 354 36 0
vertex 354 36 1
endloop
endfacet
facet normal 0 -1 0
outer loop
vertex 345 36 0
vertex 354 36 1
vertex 345 36 1
endloop
endfacet
facet normal 1 0 0
outer loop
vertex 354 36 0
vertex 354 37 0
vertex 354 37 1
endloop
endfacet
facet normal 1 0 0
outer loop
vertex 354 36 0
vertex 354 37 1
vertex 354 36 1
endloop
endfacet
facet normal 0 1 0
outer loop
vertex 354 37 0
vertex 345 37 0
vertex 345 37 1
endloop
endfacet
facet normal 0 1 0
outer loop
vertex 354 37 0
vertex 345 37 1
vertex 354 37 1
endloop
endfacet
facet normal -1 0 0
outer loop
vertex 345 37 0
vertex 345 36 0
vertex 345 36 1
endloop
endfacet
facet normal -1 0 0
outer loop
vertex 345 37 0
vertex 345 36 1
vertex 345 37 1
endloop
endfacet
facet normal 0 0 -1
outer loop
vertex 359 36 0
vertex 364 37 0
vertex 364 36 0
endloop
endfacet
facet normal 0 0 -1
outer loop
vertex 359 36 0
vertex 359 37 0
vertex 364 37 0
endloop
endfacet
facet normal 0 0 1
outer loop
vertex 359 36 1
vertex 364 36 1
vertex 364 37 1
endloop
endfacet
facet normal 0 0 1
outer loop
vertex 359 36 1
vertex 364 37 1
vertex 359 37 1
endloop
endfacet
facet normal 0 -1 0
outer loop
vertex 359 36 0
vertex 364 36 0
vertex 364 36 1
endloop
endfacet
facet normal 0 -1 0
outer loop
vertex 359 36 0
vertex 364 36 1
vertex 359 36 1
endloop
endfacet
facet normal 1 0 0
outer loop
vertex 364 36 0
vertex 364 37 0
vertex 364 37 1
endloop
endfacet
facet normal 1 0 0
outer loop
vertex 364 36 0
vertex 364 37 1
vertex 364 36 1
endloop
endfacet
facet normal 0 1 0
outer loop
vertex 364 37 0
vertex 359 37 0
vertex 359 37 1
endloop
endfacet
facet normal 0 1 0
outer loop
vertex 364 37 0
vertex 359 37 1
vertex 364 37 1
endloop
endfacet
facet normal -1 0 0
outer loop
vertex 359 37 0
vertex 359 36 0
vertex 359 36 1
endloop
endfacet
facet normal -1 0 0
outer loop
vertex 359 37 0
vertex 359 36 1
vertex 359 37 1
endloop
endfacet
facet normal 0 0 -1
outer loop
vertex 369 36 0
vertex 374 37 0
vertex 374 36 0
endloop
endfacet
facet normal 0 0 -1
outer loop
vertex 369 36 0
vertex 369 37 0
vertex 374 37 0
endloop
endfacet
facet normal 0 0 1
outer loop
vertex 369 36 1
vertex 374 36 1
vertex 374 37 1
endloop
endfacet
facet normal 0 0 1
outer loop
vertex 369 36 1
vertex 374 37 1
vertex 369 37 1
endloop
endfacet
facet normal 0 -1 0
outer loop
vertex 369 36 0
vertex 374 36 0
vertex 374 36 1
endloop
endfacet
facet normal 0 -1 0
outer loop
vertex 369 36 0
vertex 374 36 1
vertex 369 36 1
endloop
endfacet
facet normal 1 0 0
outer loop
vertex 374 36 0
vertex 374 37 0
vertex 374 37 1
endloop
endfacet
facet normal 1 0 0
outer loop
vertex 374 36 0
vertex 374 37 1
vertex 374 36 1
endloop
endfacet
facet normal 0 1 0
outer loop
vertex 374 37 0
vertex 369 37 0
vertex 369 37 1
endloop
endfacet
facet normal 0 1 0
outer loop
vertex 374 37 0
vertex 369 37 1
vertex 374 37 1
endloop
endfacet
facet normal -1 0 0
outer loop
vertex 369 37 0
vertex 369 36 0
vertex 369 36 1
endloop
endfacet
facet normal -1 0 0
outer loop
vertex 369 37 0
vertex 369 36 1
vertex 369 37 1
endloop
endfacet
facet normal 0 0 -1
outer loop
vertex 90 35 0
vertex 92 36 0
vertex 92 35 0
endloop
endfacet
facet normal 0 0 -1
outer loop
vertex 90 35 0
vertex 90 36 0
vertex 92 36 0
endloop
endfacet
facet normal 0 0 1
outer loop
vertex 90 35 1
vertex 92 35 1
vertex 92 36 1
endloop
endfacet
facet normal 0 0 1
outer loop
vertex 90 35 1
vertex 92 36 1
vertex 90 36 1
endloop
endfacet
facet normal 0 -1 0
outer loop
vertex 90 35 0
vertex 92 35 0
vertex 92 35 1
endloop
endfacet
facet normal 0 -1 0
outer loop
vertex 90 35 0
vertex 92 35 1
vertex 90 35 1
endloop
endfacet
facet normal 1 0 0
outer loop
vertex 92 35 0
vertex 92 36 0
vertex 92 36 1
endloop
endfacet
facet normal 1 0 0
outer loop
vertex 92 35 0
vertex 92 36 1
vertex 92 35 1
endloop
endfacet
facet normal 0 1 0
outer loop
vertex 92 36 0
vertex 90 36 0
vertex 90 36 1
endloop
endfacet
facet normal 0 1 0
outer loop
vertex 92 36 0
vertex 90 36 1
vertex 92 36 1
endloop
endfacet
facet normal -1 0 0
outer loop
vertex 90 36 0
vertex 90 35 0
vertex 90 35 1
endloop
endfacet
facet normal -1 0 0
outer loop
vertex 90 36 0
vertex 90 35 1
vertex 90 36 1
endloop
endfacet
facet normal 0 0 -1
outer loop
vertex 124 35 0
vertex 127 36 0
vertex 127 35 0
endloop
endfacet
facet normal 0 0 -1
outer loop
vertex 124 35 0
vertex 124 36 0
vertex 127 36 0
endloop
endfacet
facet normal 0 0 1
outer loop
vertex 124 35 1
vertex 127 35 1
vertex 127 36 1
endloop
endfacet
facet normal 0 0 1
outer loop
vertex 124 35 1
vertex 127 36 1
vertex 124 36 1
endloop
endfacet
facet normal 0 -1 0
outer loop
vertex 124 35 0
vertex 127 35 0
vertex 127 35 1
endloop
endfacet
facet normal 0 -1 0
outer loop
vertex 124 35 0
vertex 127 35 1
vertex 124 35 1
endloop
endfacet
facet normal 1 0 0
outer loop
vertex 127 35 0
vertex 127 36 0
vertex 127 36 1
endloop
endfacet
facet normal 1 0 0
outer loop
vertex 127 35 0
vertex 127 36 1
vertex 127 35 1
endloop
endfacet
facet normal 0 1 0
outer loop
vertex 127 36 0
vertex 124 36 0
vertex 124 36 1
endloop
endfacet
facet normal 0 1 0
outer loop
vertex 127 36 0
vertex 124 36 1
vertex 127 36 1
endloop
endfacet
facet normal -1 0 0
outer loop
vertex 124 36 0
vertex 124 35 0
vertex 124 35 1
endloop
endfacet
facet normal -1 0 0
outer loop
vertex 124 36 0
vertex 124 35 1
vertex 124 36 1
endloop
endfacet
facet normal 0 0 -1
outer loop
vertex 148 35 0
vertex 153 36 0
vertex 153 35 0
endloop
endfacet
facet normal 0 0 -1
outer loop
vertex 148 35 0
vertex 148 36 0
vertex 153 36 0
endloop
endfacet
facet normal 0 0 1
outer loop
vertex 148 35 1
vertex 153 35 1
vertex 153 36 1
endloop
endfacet
facet normal 0 0 1
outer loop
vertex 148 35 1
vertex 153 36 1
vertex 148 36 1
endloop
endfacet
facet normal 0 -1 0
outer loop
vertex 148 35 0
vertex 153 35 0
vertex 153 35 1
endloop
endfacet
facet normal 0 -1 0
outer loop
vertex 148 35 0
vertex 153 35 1
vertex 148 35 1
endloop
endfacet
facet normal 1 0 0
outer loop
vertex 153 35 0
vertex 153 36 0
vertex 153 36 1
endloop
endfacet
facet normal 1 0 0
outer loop
vertex 153 35 0
vertex 153 36 1
vertex 153 35 1
endloop
endfacet
facet normal 0 1 0
outer loop
vertex 153 36 0
vertex 148 36 0
vertex 148 36 1
endloop
endfacet
facet normal 0 1 0
outer loop
vertex 153 36 0
vertex 148 36 1
vertex 153 36 1
endloop
endfacet
facet normal -1 0 0
outer loop
vertex 148 36 0
vertex 148 35 0
vertex 148 35 1
endloop
endfacet
facet normal -1 0 0
outer loop
vertex 148 36 0
vertex 148 35 1
vertex 148 36 1
endloop
endfacet
facet normal 0 0 -1
outer loop
vertex 177 35 0
vertex 180 36 0
vertex 180 35 0
endloop
endfacet
facet normal 0 0 -1
outer loop
vertex 177 35 0
vertex 177 36 0
vertex 180 36 0
endloop
endfacet
facet normal 0 0 1
outer loop
vertex 177 35 1
vertex 180 35 1
vertex 180 36 1
endloop
endfacet
facet normal 0 0 1
outer loop
vertex 177 35 1
vertex 180 36 1
vertex 177 36 1
endloop
endfacet
facet normal 0 -1 0
outer loop
vertex 177 35 0
vertex 180 35 0
vertex 180 35 1
endloop
endfacet
facet normal 0 -1 0
outer loop
vertex 177 35 0
vertex 180 35 1
vertex 177 35 1
endloop
endfacet
facet normal 1 0 0
outer loop
vertex 180 35 0
vertex 180 36 0
vertex 180 36 1
endloop
endfacet
facet normal 1 0 0
outer loop
vertex 180 35 0
vertex 180 36 1
vertex 180 35 1
endloop
endfacet
facet normal 0 1 0
outer loop
vertex 180 36 0
vertex 177 36 0
vertex 177 36 1
endloop
endfacet
facet normal 0 1 0
outer loop
vertex 180 36 0
vertex 177 36 1
vertex 180 36 1
endloop
endfacet
facet normal -1 0 0
outer loop
vertex 177 36 0
vertex 177 35 0
vertex 177 35 1
endloop
endfacet
facet normal -1 0 0
outer loop
vertex 177 36 0
vertex 177 35 1
vertex 177 36 1
endloop
endfacet
facet normal 0 0 -1
outer loop
vertex 193 35 0
vertex 195 36 0
vertex 195 35 0
endloop
endfacet
facet normal 0 0 -1
outer loop
vertex 193 35 0
vertex 193 36 0
vertex 195 36 0
endloop
endfacet
facet normal 0 0 1
outer loop
vertex 193 35 1
vertex 195 35 1
vertex 195 36 1
endloop
endfacet
facet normal 0 0 1
outer loop
vertex 193 35 1
vertex 195 36 1
vertex 193 36 1
endloop
endfacet
facet normal 0 -1 0
outer loop
vertex 193 35 0
vertex 195 35 0
vertex 195 35 1
endloop
endfacet
facet normal 0 -1 0
outer loop
vertex 193 35 0
vertex 195 35 1
vertex 193 35 1
endloop
endfacet
facet normal 1 0 0
outer loop
vertex 195 35 0
vertex 195 36 0
vertex 195 36 1
endloop
endfacet
facet normal 1 0 0
outer loop
vertex 195 35 0
vertex 195 36 1
vertex 195 35 1
endloop
endfacet
facet normal 0 1 0
outer loop
vertex 195 36 0
vertex 193 36 0
vertex 193 36 1
endloop
endfacet
facet normal 0 1 0
outer loop
vertex 195 36 0
vertex 193 36 1
vertex 195 36 1
endloop
endfacet
facet normal -1 0 0
outer loop
vertex 193 36 0
vertex 193 35 0
vertex 193 35 1
endloop
endfacet
facet normal -1 0 0
outer loop
vertex 193 36 0
vertex 193 35 1
vertex 193 36 1
endloop
endfacet
facet normal 0 0 -1
outer loop
vertex 265 35 0
vertex 267 36 0
vertex 267 35 0
endloop
endfacet
facet normal 0 0 -1
outer loop
vertex 265 35 0
vertex 265 36 0
vertex 267 36 0
endloop
endfacet
facet normal 0 0 1
outer loop
vertex 265 35 1
vertex 267 35 1
vertex 267 36 1
endloop
endfacet
facet normal 0 0 1
outer loop
vertex 265 35 1
vertex 267 36 1
vertex 265 36 1
endloop
endfacet
facet normal 0 -1 0
outer loop
vertex 265 35 0
vertex 267 35 0
vertex 267 35 1
endloop
endfacet
facet normal 0 -1 0
outer loop
vertex 265 35 0
vertex 267 35 1
vertex 265 35 1
endloop
endfacet
facet normal 1 0 0
outer loop
vertex 267 35 0
vertex 267 36 0
vertex 267 36 1
endloop
endfacet
facet normal 1 0 0
outer loop
vertex 267 35 0
vertex 267 36 1
vertex 267 35 1
endloop
endfacet
facet normal 0 1 0
outer loop
vertex 267 36 0
vertex 265 36 0
vertex 265 36 1
endloop
endfacet
facet normal 0 1 0
outer loop
vertex 267 36 0
vertex 265 36 1
vertex 267 36 1
endloop
endfacet
facet normal -1 0 0
outer loop
vertex 265 36 0
vertex 265 35 0
vertex 265 35 1
endloop
endfacet
facet normal -1 0 0
outer loop
vertex 265 36 0
vertex 265 35 1
vertex 265 36 1
endloop
endfacet
facet normal 0 0 -1
outer loop
vertex 348 35 0
vertex 351 36 0
vertex 351 35 0
endloop
endfacet
facet normal 0 0 -1
outer loop
vertex 348 35 0
vertex 348 36 0
vertex 351 36 0
endloop
endfacet
facet normal 0 0 1
outer loop
vertex 348 35 1
vertex 351 35 1
vertex 351 36 1
endloop
endfacet
facet normal 0 0 1
outer loop
vertex 348 35 1
vertex 351 36 1
vertex 348 36 1
endloop
endfacet
facet normal 0 -1 0
outer loop
vertex 348 35 0
vertex 351 35 0
vertex 351 35 1
endloop
endfacet
facet normal 0 -1 0
outer loop
vertex 348 35 0
vertex 351 35 1
vertex 348 35 1
endloop
endfacet
facet normal 1 0 0
outer loop
vertex 351 35 0
vertex 351 36 0
vertex 351 36 1
endloop
endfacet
facet normal 1 0 0
outer loop
vertex 351 35 0
vertex 351 36 1
vertex 351 35 1
endloop
endfacet
facet normal 0 1 0
outer loop
vertex 351 36 0
vertex 348 36 0
vertex 348 36 1
endloop
endfacet
facet normal 0 1 0
outer loop
vertex 351 36 0
vertex 348 36 1
vertex 351 36 1
endloop
endfacet
facet normal -1 0 0
outer loop
vertex 348 36 0
vertex 348 35 0
vertex 348 35 1
endloop
endfacet
facet normal -1 0 0
outer loop
vertex 348 36 0
vertex 348 35 1
vertex 348 36 1
endloop
endfacet
facet normal 0 0 -1
outer loop
vertex 147 34 0
vertex 152 35 0
vertex 152 34 0
endloop
endfacet
facet normal 0 0 -1
outer loop
vertex 147 34 0
vertex 147 35 0
vertex 152 35 0
endloop
endfacet
facet normal 0 0 1
outer loop
vertex 147 34 1
vertex 152 34 1
vertex 152 35 1
endloop
endfacet
facet normal 0 0 1
outer loop
vertex 147 34 1
vertex 152 35 1
vertex 147 35 1
endloop
endfacet
facet normal 0 -1 0
outer loop
vertex 147 34 0
vertex 152 34 0
vertex 152 34 1
endloop
endfacet
facet normal 0 -1 0
outer loop
vertex 147 34 0
vertex 152 34 1
vertex 147 34 1
endloop
endfacet
facet normal 1 0 0
outer loop
vertex 152 34 0
vertex 152 35 0
vertex 152 35 1
endloop
endfacet
facet normal 1 0 0
outer loop
vertex 152 34 0
vertex 152 35 1
vertex 152 34 1
endloop
endfacet
facet normal 0 1 0
outer loop
vertex 152 35 0
vertex 147 35 0
vertex 147 35 1
endloop
endfacet
facet normal 0 1 0
outer loop
vertex 152 35 0
vertex 147 35 1
vertex 152 35 1
endloop
endfacet
facet normal -1 0 0
outer loop
vertex 147 35 0
vertex 147 34 0
vertex 147 34 1
endloop
endfacet
facet normal -1 0 0
outer loop
vertex 147 35 0
vertex 147 34 1
vertex 147 35 1
endloop
endfacet
facet normal 0 0 -1
outer loop
vertex 145 33 0
vertex 152 34 0
vertex 152 33 0
endloop
endfacet
facet normal 0 0 -1
outer loop
vertex 145 33 0
vertex 145 34 0
vertex 152 34 0
endloop
endfacet
facet normal 0 0 1
outer loop
vertex 145 33 1
vertex 152 33 1
vertex 152 34 1
endloop
endfacet
facet normal 0 0 1
outer loop
vertex 145 33 1
vertex 152 34 1
vertex 145 34 1
endloop
endfacet
facet normal 0 -1 0
outer loop
vertex 145 33 0
vertex 152 33 0
vertex 152 33 1
endloop
endfacet
facet normal 0 -1 0
outer loop
vertex 145 33 0
vertex 152 33 1
vertex 145 33 1
endloop
endfacet
facet normal 1 0 0
outer loop
vertex 152 33 0
vertex 152 34 0
vertex 152 34 1
endloop
endfacet
facet normal 1 0 0
outer loop
vertex 152 33 0
vertex 152 34 1
vertex 152 33 1
endloop
endfacet
facet normal 0 1 0
outer loop
vertex 152 34 0
vertex 145 34 0
vertex 145 34 1
endloop
endfacet
facet normal 0 1 0
outer loop
vertex 152 34 0
vertex 145 34 1
vertex 152 34 1
endloop
endfacet
facet normal -1 0 0
outer loop
vertex 145 34 0
vertex 145 33 0
vertex 145 33 1
endloop
endfacet
facet normal -1 0 0
outer loop
vertex 145 34 0
vertex 145 33 1
vertex 145 34 1
endloop
endfacet
facet normal 0 0 -1
outer loop
vertex 144 32 0
vertex 152 33 0
vertex 152 32 0
endloop
endfacet
facet normal 0 0 -1
outer loop
vertex 144 32 0
vertex 144 33 0
vertex 152 33 0
endloop
endfacet
facet normal 0 0 1
outer loop
vertex 144 32 1
vertex 152 32 1
vertex 152 33 1
endloop
endfacet
facet normal 0 0 1
outer loop
vertex 144 32 1
vertex 152 33 1
vertex 144 33 1
endloop
endfacet
facet normal 0 -1 0
outer loop
vertex 144 32 0
vertex 152 32 0
vertex 152 32 1
endloop
endfacet
facet normal 0 -1 0
outer loop
vertex 144 32 0
vertex 152 32 1
vertex 144 32 1
endloop
endfacet
facet normal 1 0 0
outer loop
vertex 152 32 0
vertex 152 33 0
vertex 152 33 1
endloop
endfacet
facet normal 1 0 0
outer loop
vertex 152 32 0
vertex 152 33 1
vertex 152 32 1
endloop
endfacet
facet normal 0 1 0
outer loop
vertex 152 33 0
vertex 144 33 0
vertex 144 33 1
endloop
endfacet
facet normal 0 1 0
outer loop
vertex 152 33 0
vertex 144 33 1
vertex 152 33 1
endloop
endfacet
facet normal -1 0 0
outer loop
vertex 144 33 0
vertex 144 32 0
vertex 144 32 1
endloop
endfacet
facet normal -1 0 0
outer loop
vertex 144 33 0
vertex 144 32 1
vertex 144 33 1
endloop
endfacet
facet normal 0 0 -1
outer loop
vertex 144 31 0
vertex 151 32 0
vertex 151 31 0
endloop
endfacet
facet normal 0 0 -1
outer loop
vertex 144 31 0
vertex 144 32 0
vertex 151 32 0
endloop
endfacet
facet normal 0 0 1
outer loop
vertex 144 31 1
vertex 151 31 1
vertex 151 32 1
endloop
endfacet
facet normal 0 0 1
outer loop
vertex 144 31 1
vertex 151 32 1
vertex 144 32 1
endloop
endfacet
facet normal 0 -1 0
outer loop
vertex 144 31 0
vertex 151 31 0
vertex 151 31 1
endloop
endfacet
facet normal 0 -1 0
outer loop
vertex 144 31 0
vertex 151 31 1
vertex 144 31 1
endloop
endfacet
facet normal 1 0 0
outer loop
vertex 151 31 0
vertex 151 32 0
vertex 151 32 1
endloop
endfacet
facet normal 1 0 0
outer loop
vertex 151 31 0
vertex 151 32 1
vertex 151 31 1
endloop
endfacet
facet normal 0 1 0
outer loop
vertex 151 32 0
vertex 144 32 0
vertex 144 32 1
endloop
endfacet
facet normal 0 1 0
outer loop
vertex 151 32 0
vertex 144 32 1
vertex 151 32 1
endloop
endfacet
facet normal -1 0 0
outer loop
vertex 144 32 0
vertex 144 31 0
vertex 144 31 1
endloop
endfacet
facet normal -1 0 0
outer loop
vertex 144 32 0
vertex 144 31 1
vertex 144 32 1
endloop
endfacet
facet normal 0 0 -1
outer loop
vertex 144 30 0
vertex 150 31 0
vertex 150 30 0
endloop
endfacet
facet normal 0 0 -1
outer loop
vertex 144 30 0
vertex 144 31 0
vertex 150 31 0
endloop
endfacet
facet normal 0 0 1
outer loop
vertex 144 30 1
vertex 150 30 1
vertex 150 31 1
endloop
endfacet
facet normal 0 0 1
outer loop
vertex 144 30 1
vertex 150 31 1
vertex 144 31 1
endloop
endfacet
facet normal 0 -1 0
outer loop
vertex 144 30 0
vertex 150 30 0
vertex 150 30 1
endloop
endfacet
facet normal 0 -1 0
outer loop
vertex 144 30 0
vertex 150 30 1
vertex 144 30 1
endloop
endfacet
facet normal 1 0 0
outer loop
vertex 150 30 0
vertex 150 31 0
vertex 150 31 1
endloop
endfacet
facet normal 1 0 0
outer loop
vertex 150 30 0
vertex 150 31 1
vertex 150 30 1
endloop
endfacet
facet normal 0 1 0
outer loop
vertex 150 31 0
vertex 144 31 0
vertex 144 31 1
endloop
endfacet
facet normal 0 1 0
outer loop
vertex 150 31 0
vertex 144 31 1
vertex 150 31 1
endloop
endfacet
facet normal -1 0 0
outer loop
vertex 144 31 0
vertex 144 30 0
vertex 144 30 1
endloop
endfacet
facet normal -1 0 0
outer loop
vertex 144 31 0
vertex 144 30 1
vertex 144 31 1
endloop
endfacet
facet normal 0 0 -1
outer loop
vertex 145 29 0
vertex 148 30 0
vertex 148 29 0
endloop
endfacet
facet normal 0 0 -1
outer loop
vertex 145 29 0
vertex 145 30 0
vertex 148 30 0
endloop
endfacet
facet normal 0 0 1
outer loop
vertex 145 29 1
vertex 148 29 1
vertex 148 30 1
endloop
endfacet
facet normal 0 0 1
outer loop
vertex 145 29 1
vertex 148 30 1
vertex 145 30 1
endloop
endfacet
facet normal 0 -1 0
outer loop
vertex 145 29 0
vertex 148 29 0
vertex 148 29 1
endloop
endfacet
facet normal 0 -1 0
outer loop
vertex 145 29 0
vertex 148 29 1
vertex 145 29 1
endloop
endfacet
facet normal 1 0 0
outer loop
vertex 148 29 0
vertex 148 30 0
vertex 148 30 1
endloop
endfacet
facet normal 1 0 0
outer loop
vertex 148 29 0
vertex 148 30 1
vertex 148 29 1
endloop
endfacet
facet normal 0 1 0
outer loop
vertex 148 30 0
vertex 145 30 0
vertex 145 30 1
endloop
endfacet
facet normal 0 1 0
outer loop
vertex 148 30 0
vertex 145 30 1
vertex 148 30 1
endloop
endfacet
facet normal -1 0 0
outer loop
vertex 145 30 0
vertex 145 29 0
vertex 145 29 1
endloop
endfacet
facet normal -1 0 0
outer loop
vertex 145 30 0
vertex 145 29 1
vertex 145 30 1
endloop
endfacet
endsolid 12_billboard_text_lovely_car_ive_driven
