solid 
 facet normal  0.000000e+00  0.000000e+00  1.000000e+00
   outer loop
     vertex  1.990500e+02  2.200000e+02  3.270500e+02
     vertex  1.980500e+02  2.200000e+02  3.270500e+02
     vertex  1.980500e+02  2.190000e+02  3.270500e+02
   endloop
 endfacet
 facet normal  0.000000e+00  0.000000e+00  1.000000e+00
   outer loop
     vertex  1.990500e+02  2.200000e+02  3.270500e+02
     vertex  1.980500e+02  2.190000e+02  3.270500e+02
     vertex  1.990500e+02  2.190000e+02  3.270500e+02
   endloop
 endfacet
 facet normal  1.000000e+00  0.000000e+00  0.000000e+00
   outer loop
     vertex  1.980500e+02  2.190000e+02  3.280500e+02
     vertex  1.980500e+02  2.190000e+02  3.270500e+02
     vertex  1.980500e+02  2.200000e+02  3.270500e+02
   endloop
 endfacet
 facet normal  1.000000e+00 -0.000000e+00  0.000000e+00
   outer loop
     vertex  1.980500e+02  2.190000e+02  3.280500e+02
     vertex  1.980500e+02  2.200000e+02  3.270500e+02
     vertex  1.980500e+02  2.200000e+02  3.280500e+02
   endloop
 endfacet
 facet normal  0.000000e+00  0.000000e+00  1.000000e+00
   outer loop
     vertex  1.980500e+02  2.200000e+02  3.280500e+02
     vertex  1.949500e+02  2.200000e+02  3.280500e+02
     vertex  1.949500e+02  2.190000e+02  3.280500e+02
   endloop
 endfacet
 facet normal  0.000000e+00  0.000000e+00  1.000000e+00
   outer loop
     vertex  1.980500e+02  2.200000e+02  3.280500e+02
     vertex  1.949500e+02  2.190000e+02  3.280500e+02
     vertex  1.980500e+02  2.190000e+02  3.280500e+02
   endloop
 endfacet
 facet normal -1.000000e+00  0.000000e+00  0.000000e+00
   outer loop
     vertex  1.949500e+02  2.190000e+02  3.280500e+02
     vertex  1.949500e+02  2.200000e+02  3.270500e+02
     vertex  1.949500e+02  2.190000e+02  3.270500e+02
   endloop
 endfacet
 facet normal -1.000000e+00  0.000000e+00  0.000000e+00
   outer loop
     vertex  1.949500e+02  2.190000e+02  3.280500e+02
     vertex  1.949500e+02  2.200000e+02  3.280500e+02
     vertex  1.949500e+02  2.200000e+02  3.270500e+02
   endloop
 endfacet
 facet normal  0.000000e+00  0.000000e+00  1.000000e+00
   outer loop
     vertex  1.949500e+02  2.200000e+02  3.270500e+02
     vertex  1.939500e+02  2.200000e+02  3.270500e+02
     vertex  1.939500e+02  2.190000e+02  3.270500e+02
   endloop
 endfacet
 facet normal  0.000000e+00  0.000000e+00  1.000000e+00
   outer loop
     vertex  1.949500e+02  2.200000e+02  3.270500e+02
     vertex  1.939500e+02  2.190000e+02  3.270500e+02
     vertex  1.949500e+02  2.190000e+02  3.270500e+02
   endloop
 endfacet
 facet normal  0.000000e+00 -1.000000e+00  0.000000e+00
   outer loop
     vertex  1.980500e+02  2.190000e+02  3.270500e+02
     vertex  1.980500e+02  2.190000e+02  3.280500e+02
     vertex  1.949500e+02  2.190000e+02  3.280500e+02
   endloop
 endfacet
 facet normal  0.000000e+00 -1.000000e+00  0.000000e+00
   outer loop
     vertex  1.980500e+02  2.190000e+02  3.270500e+02
     vertex  1.949500e+02  2.190000e+02  3.280500e+02
     vertex  1.949500e+02  2.190000e+02  3.270500e+02
   endloop
 endfacet
 facet normal  0.000000e+00 -1.000000e+00  0.000000e+00
   outer loop
     vertex  1.949500e+02  2.190000e+02  3.239500e+02
     vertex  1.949500e+02  2.190000e+02  3.270500e+02
     vertex  1.939500e+02  2.190000e+02  3.270500e+02
   endloop
 endfacet
 facet normal  0.000000e+00 -1.000000e+00  0.000000e+00
   outer loop
     vertex  1.949500e+02  2.190000e+02  3.239500e+02
     vertex  1.939500e+02  2.190000e+02  3.270500e+02
     vertex  1.939500e+02  2.190000e+02  3.239500e+02
   endloop
 endfacet
 facet normal  0.000000e+00 -1.000000e+00  0.000000e+00
   outer loop
     vertex  1.980500e+02  2.190000e+02  3.239500e+02
     vertex  1.980500e+02  2.190000e+02  3.270500e+02
     vertex  1.949500e+02  2.190000e+02  3.270500e+02
   endloop
 endfacet
 facet normal  0.000000e+00 -1.000000e+00  0.000000e+00
   outer loop
     vertex  1.980500e+02  2.190000e+02  3.239500e+02
     vertex  1.949500e+02  2.190000e+02  3.270500e+02
     vertex  1.949500e+02  2.190000e+02  3.239500e+02
   endloop
 endfacet
 facet normal  0.000000e+00 -1.000000e+00  0.000000e+00
   outer loop
     vertex  1.990500e+02  2.190000e+02  3.239500e+02
     vertex  1.990500e+02  2.190000e+02  3.270500e+02
     vertex  1.980500e+02  2.190000e+02  3.270500e+02
   endloop
 endfacet
 facet normal  0.000000e+00 -1.000000e+00  0.000000e+00
   outer loop
     vertex  1.990500e+02  2.190000e+02  3.239500e+02
     vertex  1.980500e+02  2.190000e+02  3.270500e+02
     vertex  1.980500e+02  2.190000e+02  3.239500e+02
   endloop
 endfacet
 facet normal  0.000000e+00 -1.000000e+00  0.000000e+00
   outer loop
     vertex  1.980500e+02  2.190000e+02  3.220500e+02
     vertex  1.949500e+02  2.190000e+02  3.239500e+02
     vertex  1.949500e+02  2.190000e+02  3.220500e+02
   endloop
 endfacet
 facet normal  0.000000e+00 -1.000000e+00  0.000000e+00
   outer loop
     vertex  1.980500e+02  2.190000e+02  3.220500e+02
     vertex  1.980500e+02  2.190000e+02  3.239500e+02
     vertex  1.949500e+02  2.190000e+02  3.239500e+02
   endloop
 endfacet
 facet normal  0.000000e+00 -1.000000e+00  0.000000e+00
   outer loop
     vertex  1.939500e+02  2.190000e+02  3.079500e+02
     vertex  1.949500e+02  2.190000e+02  3.220500e+02
     vertex  1.939500e+02  2.190000e+02  3.220500e+02
   endloop
 endfacet
 facet normal  0.000000e+00 -1.000000e+00  0.000000e+00
   outer loop
     vertex  1.939500e+02  2.190000e+02  3.079500e+02
     vertex  1.980500e+02  2.190000e+02  3.220500e+02
     vertex  1.949500e+02  2.190000e+02  3.220500e+02
   endloop
 endfacet
 facet normal  0.000000e+00 -1.000000e+00  0.000000e+00
   outer loop
     vertex  1.990500e+02  2.190000e+02  3.079500e+02
     vertex  1.990500e+02  2.190000e+02  3.220500e+02
     vertex  1.980500e+02  2.190000e+02  3.220500e+02
   endloop
 endfacet
 facet normal  0.000000e+00 -1.000000e+00  0.000000e+00
   outer loop
     vertex  1.990500e+02  2.190000e+02  3.079500e+02
     vertex  1.980500e+02  2.190000e+02  3.220500e+02
     vertex  1.939500e+02  2.190000e+02  3.079500e+02
   endloop
 endfacet
 facet normal -0.000000e+00  0.000000e+00 -1.000000e+00
   outer loop
     vertex  1.949500e+02  2.200000e+02  3.239500e+02
     vertex  1.939500e+02  2.190000e+02  3.239500e+02
     vertex  1.939500e+02  2.200000e+02  3.239500e+02
   endloop
 endfacet
 facet normal  0.000000e+00 -0.000000e+00 -1.000000e+00
   outer loop
     vertex  1.949500e+02  2.200000e+02  3.239500e+02
     vertex  1.949500e+02  2.190000e+02  3.239500e+02
     vertex  1.939500e+02  2.190000e+02  3.239500e+02
   endloop
 endfacet
 facet normal  0.000000e+00  0.000000e+00  1.000000e+00
   outer loop
     vertex  1.949500e+02  2.200000e+02  3.220500e+02
     vertex  1.939500e+02  2.200000e+02  3.220500e+02
     vertex  1.939500e+02  2.190000e+02  3.220500e+02
   endloop
 endfacet
 facet normal  0.000000e+00  0.000000e+00  1.000000e+00
   outer loop
     vertex  1.949500e+02  2.200000e+02  3.220500e+02
     vertex  1.939500e+02  2.190000e+02  3.220500e+02
     vertex  1.949500e+02  2.190000e+02  3.220500e+02
   endloop
 endfacet
 facet normal -0.000000e+00  0.000000e+00 -1.000000e+00
   outer loop
     vertex  1.990500e+02  2.200000e+02  3.079500e+02
     vertex  1.939500e+02  2.190000e+02  3.079500e+02
     vertex  1.939500e+02  2.200000e+02  3.079500e+02
   endloop
 endfacet
 facet normal  0.000000e+00 -0.000000e+00 -1.000000e+00
   outer loop
     vertex  1.990500e+02  2.200000e+02  3.079500e+02
     vertex  1.990500e+02  2.190000e+02  3.079500e+02
     vertex  1.939500e+02  2.190000e+02  3.079500e+02
   endloop
 endfacet
 facet normal  0.000000e+00  0.000000e+00  1.000000e+00
   outer loop
     vertex  1.990500e+02  2.200000e+02  3.220500e+02
     vertex  1.980500e+02  2.200000e+02  3.220500e+02
     vertex  1.980500e+02  2.190000e+02  3.220500e+02
   endloop
 endfacet
 facet normal  0.000000e+00  0.000000e+00  1.000000e+00
   outer loop
     vertex  1.990500e+02  2.200000e+02  3.220500e+02
     vertex  1.980500e+02  2.190000e+02  3.220500e+02
     vertex  1.990500e+02  2.190000e+02  3.220500e+02
   endloop
 endfacet
 facet normal -0.000000e+00  0.000000e+00 -1.000000e+00
   outer loop
     vertex  1.990500e+02  2.200000e+02  3.239500e+02
     vertex  1.980500e+02  2.190000e+02  3.239500e+02
     vertex  1.980500e+02  2.200000e+02  3.239500e+02
   endloop
 endfacet
 facet normal  0.000000e+00 -0.000000e+00 -1.000000e+00
   outer loop
     vertex  1.990500e+02  2.200000e+02  3.239500e+02
     vertex  1.990500e+02  2.190000e+02  3.239500e+02
     vertex  1.980500e+02  2.190000e+02  3.239500e+02
   endloop
 endfacet
 facet normal  1.000000e+00  0.000000e+00  0.000000e+00
   outer loop
     vertex  1.990500e+02  2.190000e+02  3.270500e+02
     vertex  1.990500e+02  2.190000e+02  3.239500e+02
     vertex  1.990500e+02  2.200000e+02  3.239500e+02
   endloop
 endfacet
 facet normal  1.000000e+00 -0.000000e+00  0.000000e+00
   outer loop
     vertex  1.990500e+02  2.190000e+02  3.270500e+02
     vertex  1.990500e+02  2.200000e+02  3.239500e+02
     vertex  1.990500e+02  2.200000e+02  3.270500e+02
   endloop
 endfacet
 facet normal  1.000000e+00  0.000000e+00  0.000000e+00
   outer loop
     vertex  1.990500e+02  2.190000e+02  3.220500e+02
     vertex  1.990500e+02  2.190000e+02  3.079500e+02
     vertex  1.990500e+02  2.200000e+02  3.079500e+02
   endloop
 endfacet
 facet normal  1.000000e+00 -0.000000e+00  0.000000e+00
   outer loop
     vertex  1.990500e+02  2.190000e+02  3.220500e+02
     vertex  1.990500e+02  2.200000e+02  3.079500e+02
     vertex  1.990500e+02  2.200000e+02  3.220500e+02
   endloop
 endfacet
 facet normal -1.000000e+00  0.000000e+00  0.000000e+00
   outer loop
     vertex  1.939500e+02  2.190000e+02  3.239500e+02
     vertex  1.939500e+02  2.190000e+02  3.270500e+02
     vertex  1.939500e+02  2.200000e+02  3.270500e+02
   endloop
 endfacet
 facet normal -1.000000e+00  0.000000e+00  0.000000e+00
   outer loop
     vertex  1.939500e+02  2.190000e+02  3.239500e+02
     vertex  1.939500e+02  2.200000e+02  3.270500e+02
     vertex  1.939500e+02  2.200000e+02  3.239500e+02
   endloop
 endfacet
 facet normal -1.000000e+00  0.000000e+00  0.000000e+00
   outer loop
     vertex  1.939500e+02  2.190000e+02  3.079500e+02
     vertex  1.939500e+02  2.190000e+02  3.220500e+02
     vertex  1.939500e+02  2.200000e+02  3.220500e+02
   endloop
 endfacet
 facet normal -1.000000e+00  0.000000e+00  0.000000e+00
   outer loop
     vertex  1.939500e+02  2.190000e+02  3.079500e+02
     vertex  1.939500e+02  2.200000e+02  3.220500e+02
     vertex  1.939500e+02  2.200000e+02  3.079500e+02
   endloop
 endfacet
 facet normal  1.000000e+00  0.000000e+00  0.000000e+00
   outer loop
     vertex  1.980500e+02  2.190000e+02  3.239500e+02
     vertex  1.980500e+02  2.190000e+02  3.220500e+02
     vertex  1.980500e+02  2.200000e+02  3.220500e+02
   endloop
 endfacet
 facet normal  1.000000e+00 -0.000000e+00  0.000000e+00
   outer loop
     vertex  1.980500e+02  2.190000e+02  3.239500e+02
     vertex  1.980500e+02  2.200000e+02  3.220500e+02
     vertex  1.980500e+02  2.200000e+02  3.239500e+02
   endloop
 endfacet
 facet normal -1.000000e+00  0.000000e+00  0.000000e+00
   outer loop
     vertex  1.949500e+02  2.190000e+02  3.220500e+02
     vertex  1.949500e+02  2.190000e+02  3.239500e+02
     vertex  1.949500e+02  2.200000e+02  3.239500e+02
   endloop
 endfacet
 facet normal -1.000000e+00  0.000000e+00  0.000000e+00
   outer loop
     vertex  1.949500e+02  2.190000e+02  3.220500e+02
     vertex  1.949500e+02  2.200000e+02  3.239500e+02
     vertex  1.949500e+02  2.200000e+02  3.220500e+02
   endloop
 endfacet
 facet normal  0.000000e+00  1.000000e+00  0.000000e+00
   outer loop
     vertex  1.949500e+02  2.200000e+02  3.220500e+02
     vertex  1.939500e+02  2.200000e+02  3.079500e+02
     vertex  1.939500e+02  2.200000e+02  3.220500e+02
   endloop
 endfacet
 facet normal  0.000000e+00  1.000000e+00  0.000000e+00
   outer loop
     vertex  1.980500e+02  2.200000e+02  3.220500e+02
     vertex  1.990500e+02  2.200000e+02  3.079500e+02
     vertex  1.939500e+02  2.200000e+02  3.079500e+02
   endloop
 endfacet
 facet normal  0.000000e+00  1.000000e+00  0.000000e+00
   outer loop
     vertex  1.980500e+02  2.200000e+02  3.220500e+02
     vertex  1.939500e+02  2.200000e+02  3.079500e+02
     vertex  1.949500e+02  2.200000e+02  3.220500e+02
   endloop
 endfacet
 facet normal  0.000000e+00  1.000000e+00  0.000000e+00
   outer loop
     vertex  1.990500e+02  2.200000e+02  3.220500e+02
     vertex  1.990500e+02  2.200000e+02  3.079500e+02
     vertex  1.980500e+02  2.200000e+02  3.220500e+02
   endloop
 endfacet
 facet normal  0.000000e+00  1.000000e+00  0.000000e+00
   outer loop
     vertex  1.980500e+02  2.200000e+02  3.239500e+02
     vertex  1.949500e+02  2.200000e+02  3.220500e+02
     vertex  1.949500e+02  2.200000e+02  3.239500e+02
   endloop
 endfacet
 facet normal  0.000000e+00  1.000000e+00  0.000000e+00
   outer loop
     vertex  1.980500e+02  2.200000e+02  3.239500e+02
     vertex  1.980500e+02  2.200000e+02  3.220500e+02
     vertex  1.949500e+02  2.200000e+02  3.220500e+02
   endloop
 endfacet
 facet normal  0.000000e+00  1.000000e+00  0.000000e+00
   outer loop
     vertex  1.949500e+02  2.200000e+02  3.270500e+02
     vertex  1.949500e+02  2.200000e+02  3.239500e+02
     vertex  1.939500e+02  2.200000e+02  3.239500e+02
   endloop
 endfacet
 facet normal  0.000000e+00  1.000000e+00  0.000000e+00
   outer loop
     vertex  1.949500e+02  2.200000e+02  3.270500e+02
     vertex  1.939500e+02  2.200000e+02  3.239500e+02
     vertex  1.939500e+02  2.200000e+02  3.270500e+02
   endloop
 endfacet
 facet normal  0.000000e+00  1.000000e+00  0.000000e+00
   outer loop
     vertex  1.949500e+02  2.200000e+02  3.270500e+02
     vertex  1.980500e+02  2.200000e+02  3.239500e+02
     vertex  1.949500e+02  2.200000e+02  3.239500e+02
   endloop
 endfacet
 facet normal  0.000000e+00  1.000000e+00  0.000000e+00
   outer loop
     vertex  1.980500e+02  2.200000e+02  3.270500e+02
     vertex  1.980500e+02  2.200000e+02  3.239500e+02
     vertex  1.949500e+02  2.200000e+02  3.270500e+02
   endloop
 endfacet
 facet normal  0.000000e+00  1.000000e+00  0.000000e+00
   outer loop
     vertex  1.980500e+02  2.200000e+02  3.280500e+02
     vertex  1.949500e+02  2.200000e+02  3.270500e+02
     vertex  1.949500e+02  2.200000e+02  3.280500e+02
   endloop
 endfacet
 facet normal  0.000000e+00  1.000000e+00  0.000000e+00
   outer loop
     vertex  1.980500e+02  2.200000e+02  3.280500e+02
     vertex  1.980500e+02  2.200000e+02  3.270500e+02
     vertex  1.949500e+02  2.200000e+02  3.270500e+02
   endloop
 endfacet
 facet normal  0.000000e+00  1.000000e+00  0.000000e+00
   outer loop
     vertex  1.990500e+02  2.200000e+02  3.270500e+02
     vertex  1.990500e+02  2.200000e+02  3.239500e+02
     vertex  1.980500e+02  2.200000e+02  3.239500e+02
   endloop
 endfacet
 facet normal  0.000000e+00  1.000000e+00  0.000000e+00
   outer loop
     vertex  1.990500e+02  2.200000e+02  3.270500e+02
     vertex  1.980500e+02  2.200000e+02  3.239500e+02
     vertex  1.980500e+02  2.200000e+02  3.270500e+02
   endloop
 endfacet
 facet normal  0.000000e+00  0.000000e+00  1.000000e+00
   outer loop
     vertex  1.200500e+02  2.200000e+02  3.270500e+02
     vertex  1.159500e+02  2.200000e+02  3.270500e+02
     vertex  1.159500e+02  2.190000e+02  3.270500e+02
   endloop
 endfacet
 facet normal  0.000000e+00  0.000000e+00  1.000000e+00
   outer loop
     vertex  1.200500e+02  2.200000e+02  3.270500e+02
     vertex  1.159500e+02  2.190000e+02  3.270500e+02
     vertex  1.200500e+02  2.190000e+02  3.270500e+02
   endloop
 endfacet
 facet normal -1.000000e+00  0.000000e+00  0.000000e+00
   outer loop
     vertex  1.159500e+02  2.200000e+02  3.079500e+02
     vertex  1.159500e+02  2.190000e+02  3.270500e+02
     vertex  1.159500e+02  2.200000e+02  3.270500e+02
   endloop
 endfacet
 facet normal -1.000000e+00  0.000000e+00  0.000000e+00
   outer loop
     vertex  1.159500e+02  2.190000e+02  3.079500e+02
     vertex  1.159500e+02  2.190000e+02  3.270500e+02
     vertex  1.159500e+02  2.200000e+02  3.079500e+02
   endloop
 endfacet
 facet normal -0.000000e+00  0.000000e+00 -1.000000e+00
   outer loop
     vertex  1.200500e+02  2.200000e+02  3.079500e+02
     vertex  1.159500e+02  2.190000e+02  3.079500e+02
     vertex  1.159500e+02  2.200000e+02  3.079500e+02
   endloop
 endfacet
 facet normal  0.000000e+00 -0.000000e+00 -1.000000e+00
   outer loop
     vertex  1.200500e+02  2.200000e+02  3.079500e+02
     vertex  1.200500e+02  2.190000e+02  3.079500e+02
     vertex  1.159500e+02  2.190000e+02  3.079500e+02
   endloop
 endfacet
 facet normal  0.000000e+00 -1.000000e+00  0.000000e+00
   outer loop
     vertex  1.200500e+02  2.190000e+02  3.079500e+02
     vertex  1.200500e+02  2.190000e+02  3.270500e+02
     vertex  1.159500e+02  2.190000e+02  3.270500e+02
   endloop
 endfacet
 facet normal  0.000000e+00 -1.000000e+00  0.000000e+00
   outer loop
     vertex  1.200500e+02  2.190000e+02  3.079500e+02
     vertex  1.159500e+02  2.190000e+02  3.270500e+02
     vertex  1.159500e+02  2.190000e+02  3.079500e+02
   endloop
 endfacet
 facet normal  0.000000e+00  1.000000e+00  0.000000e+00
   outer loop
     vertex  1.200500e+02  2.200000e+02  3.270500e+02
     vertex  1.200500e+02  2.200000e+02  3.079500e+02
     vertex  1.159500e+02  2.200000e+02  3.079500e+02
   endloop
 endfacet
 facet normal  0.000000e+00  1.000000e+00  0.000000e+00
   outer loop
     vertex  1.200500e+02  2.200000e+02  3.270500e+02
     vertex  1.159500e+02  2.200000e+02  3.079500e+02
     vertex  1.159500e+02  2.200000e+02  3.270500e+02
   endloop
 endfacet
 facet normal  1.000000e+00  0.000000e+00  0.000000e+00
   outer loop
     vertex  1.200500e+02  2.200000e+02  3.270500e+02
     vertex  1.200500e+02  2.190000e+02  3.079500e+02
     vertex  1.200500e+02  2.200000e+02  3.079500e+02
   endloop
 endfacet
 facet normal  1.000000e+00 -0.000000e+00  0.000000e+00
   outer loop
     vertex  1.200500e+02  2.190000e+02  3.270500e+02
     vertex  1.200500e+02  2.190000e+02  3.079500e+02
     vertex  1.200500e+02  2.200000e+02  3.270500e+02
   endloop
 endfacet
 facet normal  0.000000e+00  0.000000e+00  1.000000e+00
   outer loop
     vertex  1.270500e+02  2.200000e+02  3.270500e+02
     vertex  1.219500e+02  2.200000e+02  3.270500e+02
     vertex  1.219500e+02  2.190000e+02  3.270500e+02
   endloop
 endfacet
 facet normal  0.000000e+00  0.000000e+00  1.000000e+00
   outer loop
     vertex  1.270500e+02  2.200000e+02  3.270500e+02
     vertex  1.219500e+02  2.190000e+02  3.270500e+02
     vertex  1.270500e+02  2.190000e+02  3.270500e+02
   endloop
 endfacet
 facet normal -1.000000e+00  0.000000e+00  0.000000e+00
   outer loop
     vertex  1.219500e+02  2.190000e+02  3.249500e+02
     vertex  1.219500e+02  2.190000e+02  3.270500e+02
     vertex  1.219500e+02  2.200000e+02  3.270500e+02
   endloop
 endfacet
 facet normal -1.000000e+00  0.000000e+00  0.000000e+00
   outer loop
     vertex  1.219500e+02  2.190000e+02  3.249500e+02
     vertex  1.219500e+02  2.200000e+02  3.270500e+02
     vertex  1.219500e+02  2.200000e+02  3.249500e+02
   endloop
 endfacet
 facet normal -0.000000e+00  0.000000e+00 -1.000000e+00
   outer loop
     vertex  1.229500e+02  2.200000e+02  3.249500e+02
     vertex  1.219500e+02  2.190000e+02  3.249500e+02
     vertex  1.219500e+02  2.200000e+02  3.249500e+02
   endloop
 endfacet
 facet normal  0.000000e+00 -0.000000e+00 -1.000000e+00
   outer loop
     vertex  1.229500e+02  2.200000e+02  3.249500e+02
     vertex  1.229500e+02  2.190000e+02  3.249500e+02
     vertex  1.219500e+02  2.190000e+02  3.249500e+02
   endloop
 endfacet
 facet normal  0.000000e+00 -1.000000e+00  0.000000e+00
   outer loop
     vertex  1.229500e+02  2.190000e+02  3.249500e+02
     vertex  1.219500e+02  2.190000e+02  3.270500e+02
     vertex  1.219500e+02  2.190000e+02  3.249500e+02
   endloop
 endfacet
 facet normal  0.000000e+00 -1.000000e+00  0.000000e+00
   outer loop
     vertex  1.260500e+02  2.190000e+02  3.249500e+02
     vertex  1.270500e+02  2.190000e+02  3.270500e+02
     vertex  1.219500e+02  2.190000e+02  3.270500e+02
   endloop
 endfacet
 facet normal  0.000000e+00 -1.000000e+00  0.000000e+00
   outer loop
     vertex  1.260500e+02  2.190000e+02  3.249500e+02
     vertex  1.219500e+02  2.190000e+02  3.270500e+02
     vertex  1.229500e+02  2.190000e+02  3.249500e+02
   endloop
 endfacet
 facet normal  0.000000e+00 -1.000000e+00  0.000000e+00
   outer loop
     vertex  1.270500e+02  2.190000e+02  3.249500e+02
     vertex  1.270500e+02  2.190000e+02  3.270500e+02
     vertex  1.260500e+02  2.190000e+02  3.249500e+02
   endloop
 endfacet
 facet normal  0.000000e+00 -1.000000e+00  0.000000e+00
   outer loop
     vertex  1.260500e+02  2.190000e+02  3.189500e+02
     vertex  1.229500e+02  2.190000e+02  3.249500e+02
     vertex  1.229500e+02  2.190000e+02  3.189500e+02
   endloop
 endfacet
 facet normal  0.000000e+00 -1.000000e+00  0.000000e+00
   outer loop
     vertex  1.260500e+02  2.190000e+02  3.189500e+02
     vertex  1.260500e+02  2.190000e+02  3.249500e+02
     vertex  1.229500e+02  2.190000e+02  3.249500e+02
   endloop
 endfacet
 facet normal -0.000000e+00  0.000000e+00 -1.000000e+00
   outer loop
     vertex  1.260500e+02  2.200000e+02  3.189500e+02
     vertex  1.229500e+02  2.190000e+02  3.189500e+02
     vertex  1.229500e+02  2.200000e+02  3.189500e+02
   endloop
 endfacet
 facet normal  0.000000e+00 -0.000000e+00 -1.000000e+00
   outer loop
     vertex  1.260500e+02  2.200000e+02  3.189500e+02
     vertex  1.260500e+02  2.190000e+02  3.189500e+02
     vertex  1.229500e+02  2.190000e+02  3.189500e+02
   endloop
 endfacet
 facet normal -0.000000e+00  0.000000e+00 -1.000000e+00
   outer loop
     vertex  1.270500e+02  2.200000e+02  3.249500e+02
     vertex  1.260500e+02  2.190000e+02  3.249500e+02
     vertex  1.260500e+02  2.200000e+02  3.249500e+02
   endloop
 endfacet
 facet normal  0.000000e+00 -0.000000e+00 -1.000000e+00
   outer loop
     vertex  1.270500e+02  2.200000e+02  3.249500e+02
     vertex  1.270500e+02  2.190000e+02  3.249500e+02
     vertex  1.260500e+02  2.190000e+02  3.249500e+02
   endloop
 endfacet
 facet normal  0.000000e+00  1.000000e+00  0.000000e+00
   outer loop
     vertex  1.219500e+02  2.200000e+02  3.270500e+02
     vertex  1.229500e+02  2.200000e+02  3.249500e+02
     vertex  1.219500e+02  2.200000e+02  3.249500e+02
   endloop
 endfacet
 facet normal  0.000000e+00  1.000000e+00  0.000000e+00
   outer loop
     vertex  1.260500e+02  2.200000e+02  3.249500e+02
     vertex  1.260500e+02  2.200000e+02  3.189500e+02
     vertex  1.229500e+02  2.200000e+02  3.189500e+02
   endloop
 endfacet
 facet normal  0.000000e+00  1.000000e+00  0.000000e+00
   outer loop
     vertex  1.260500e+02  2.200000e+02  3.249500e+02
     vertex  1.229500e+02  2.200000e+02  3.189500e+02
     vertex  1.229500e+02  2.200000e+02  3.249500e+02
   endloop
 endfacet
 facet normal  0.000000e+00  1.000000e+00  0.000000e+00
   outer loop
     vertex  1.270500e+02  2.200000e+02  3.270500e+02
     vertex  1.270500e+02  2.200000e+02  3.249500e+02
     vertex  1.260500e+02  2.200000e+02  3.249500e+02
   endloop
 endfacet
 facet normal  0.000000e+00  1.000000e+00  0.000000e+00
   outer loop
     vertex  1.270500e+02  2.200000e+02  3.270500e+02
     vertex  1.229500e+02  2.200000e+02  3.249500e+02
     vertex  1.219500e+02  2.200000e+02  3.270500e+02
   endloop
 endfacet
 facet normal  0.000000e+00  1.000000e+00  0.000000e+00
   outer loop
     vertex  1.270500e+02  2.200000e+02  3.270500e+02
     vertex  1.260500e+02  2.200000e+02  3.249500e+02
     vertex  1.229500e+02  2.200000e+02  3.249500e+02
   endloop
 endfacet
 facet normal  1.000000e+00  0.000000e+00  0.000000e+00
   outer loop
     vertex  1.270500e+02  2.190000e+02  3.270500e+02
     vertex  1.270500e+02  2.190000e+02  3.249500e+02
     vertex  1.270500e+02  2.200000e+02  3.249500e+02
   endloop
 endfacet
 facet normal  1.000000e+00 -0.000000e+00  0.000000e+00
   outer loop
     vertex  1.270500e+02  2.190000e+02  3.270500e+02
     vertex  1.270500e+02  2.200000e+02  3.249500e+02
     vertex  1.270500e+02  2.200000e+02  3.270500e+02
   endloop
 endfacet
 facet normal -1.000000e+00  0.000000e+00  0.000000e+00
   outer loop
     vertex  1.229500e+02  2.190000e+02  3.189500e+02
     vertex  1.229500e+02  2.190000e+02  3.249500e+02
     vertex  1.229500e+02  2.200000e+02  3.249500e+02
   endloop
 endfacet
 facet normal -1.000000e+00  0.000000e+00  0.000000e+00
   outer loop
     vertex  1.229500e+02  2.190000e+02  3.189500e+02
     vertex  1.229500e+02  2.200000e+02  3.249500e+02
     vertex  1.229500e+02  2.200000e+02  3.189500e+02
   endloop
 endfacet
 facet normal  1.000000e+00  0.000000e+00  0.000000e+00
   outer loop
     vertex  1.260500e+02  2.190000e+02  3.249500e+02
     vertex  1.260500e+02  2.190000e+02  3.189500e+02
     vertex  1.260500e+02  2.200000e+02  3.189500e+02
   endloop
 endfacet
 facet normal  1.000000e+00 -0.000000e+00  0.000000e+00
   outer loop
     vertex  1.260500e+02  2.190000e+02  3.249500e+02
     vertex  1.260500e+02  2.200000e+02  3.189500e+02
     vertex  1.260500e+02  2.200000e+02  3.249500e+02
   endloop
 endfacet
 facet normal  0.000000e+00  0.000000e+00  1.000000e+00
   outer loop
     vertex  1.780500e+02  2.200000e+02  3.270500e+02
     vertex  1.659500e+02  2.200000e+02  3.270500e+02
     vertex  1.659500e+02  2.190000e+02  3.270500e+02
   endloop
 endfacet
 facet normal  0.000000e+00  0.000000e+00  1.000000e+00
   outer loop
     vertex  1.780500e+02  2.200000e+02  3.270500e+02
     vertex  1.659500e+02  2.190000e+02  3.270500e+02
     vertex  1.780500e+02  2.190000e+02  3.270500e+02
   endloop
 endfacet
 facet normal  1.000000e+00  0.000000e+00  0.000000e+00
   outer loop
     vertex  1.780500e+02  2.190000e+02  3.270500e+02
     vertex  1.780500e+02  2.190000e+02  3.260500e+02
     vertex  1.780500e+02  2.200000e+02  3.260500e+02
   endloop
 endfacet
 facet normal  1.000000e+00 -0.000000e+00  0.000000e+00
   outer loop
     vertex  1.780500e+02  2.190000e+02  3.270500e+02
     vertex  1.780500e+02  2.200000e+02  3.260500e+02
     vertex  1.780500e+02  2.200000e+02  3.270500e+02
   endloop
 endfacet
 facet normal  1.000000e+00  0.000000e+00  0.000000e+00
   outer loop
     vertex  1.800500e+02  2.190000e+02  3.260500e+02
     vertex  1.800500e+02  2.190000e+02  3.250500e+02
     vertex  1.800500e+02  2.200000e+02  3.250500e+02
   endloop
 endfacet
 facet normal  1.000000e+00 -0.000000e+00  0.000000e+00
   outer loop
     vertex  1.800500e+02  2.190000e+02  3.260500e+02
     vertex  1.800500e+02  2.200000e+02  3.250500e+02
     vertex  1.800500e+02  2.200000e+02  3.260500e+02
   endloop
 endfacet
 facet normal  0.000000e+00  0.000000e+00  1.000000e+00
   outer loop
     vertex  1.800500e+02  2.200000e+02  3.260500e+02
     vertex  1.780500e+02  2.200000e+02  3.260500e+02
     vertex  1.780500e+02  2.190000e+02  3.260500e+02
   endloop
 endfacet
 facet normal  0.000000e+00  0.000000e+00  1.000000e+00
   outer loop
     vertex  1.800500e+02  2.200000e+02  3.260500e+02
     vertex  1.780500e+02  2.190000e+02  3.260500e+02
     vertex  1.800500e+02  2.190000e+02  3.260500e+02
   endloop
 endfacet
 facet normal  0.000000e+00  0.000000e+00  1.000000e+00
   outer loop
     vertex  1.810500e+02  2.200000e+02  3.250500e+02
     vertex  1.800500e+02  2.200000e+02  3.250500e+02
     vertex  1.800500e+02  2.190000e+02  3.250500e+02
   endloop
 endfacet
 facet normal  0.000000e+00  0.000000e+00  1.000000e+00
   outer loop
     vertex  1.810500e+02  2.200000e+02  3.250500e+02
     vertex  1.800500e+02  2.190000e+02  3.250500e+02
     vertex  1.810500e+02  2.190000e+02  3.250500e+02
   endloop
 endfacet
 facet normal -1.000000e+00  0.000000e+00  0.000000e+00
   outer loop
     vertex  1.659500e+02  2.200000e+02  3.079500e+02
     vertex  1.659500e+02  2.190000e+02  3.270500e+02
     vertex  1.659500e+02  2.200000e+02  3.270500e+02
   endloop
 endfacet
 facet normal -1.000000e+00  0.000000e+00  0.000000e+00
   outer loop
     vertex  1.659500e+02  2.190000e+02  3.079500e+02
     vertex  1.659500e+02  2.190000e+02  3.270500e+02
     vertex  1.659500e+02  2.200000e+02  3.079500e+02
   endloop
 endfacet
 facet normal -0.000000e+00  0.000000e+00 -1.000000e+00
   outer loop
     vertex  1.810500e+02  2.200000e+02  3.109500e+02
     vertex  1.800500e+02  2.190000e+02  3.109500e+02
     vertex  1.800500e+02  2.200000e+02  3.109500e+02
   endloop
 endfacet
 facet normal  0.000000e+00 -0.000000e+00 -1.000000e+00
   outer loop
     vertex  1.810500e+02  2.200000e+02  3.109500e+02
     vertex  1.810500e+02  2.190000e+02  3.109500e+02
     vertex  1.800500e+02  2.190000e+02  3.109500e+02
   endloop
 endfacet
 facet normal  1.000000e+00  0.000000e+00  0.000000e+00
   outer loop
     vertex  1.800500e+02  2.190000e+02  3.109500e+02
     vertex  1.800500e+02  2.190000e+02  3.099500e+02
     vertex  1.800500e+02  2.200000e+02  3.099500e+02
   endloop
 endfacet
 facet normal  1.000000e+00 -0.000000e+00  0.000000e+00
   outer loop
     vertex  1.800500e+02  2.190000e+02  3.109500e+02
     vertex  1.800500e+02  2.200000e+02  3.099500e+02
     vertex  1.800500e+02  2.200000e+02  3.109500e+02
   endloop
 endfacet
 facet normal -0.000000e+00  0.000000e+00 -1.000000e+00
   outer loop
     vertex  1.800500e+02  2.200000e+02  3.099500e+02
     vertex  1.790500e+02  2.190000e+02  3.099500e+02
     vertex  1.790500e+02  2.200000e+02  3.099500e+02
   endloop
 endfacet
 facet normal  0.000000e+00 -0.000000e+00 -1.000000e+00
   outer loop
     vertex  1.800500e+02  2.200000e+02  3.099500e+02
     vertex  1.800500e+02  2.190000e+02  3.099500e+02
     vertex  1.790500e+02  2.190000e+02  3.099500e+02
   endloop
 endfacet
 facet normal  1.000000e+00  0.000000e+00  0.000000e+00
   outer loop
     vertex  1.790500e+02  2.190000e+02  3.099500e+02
     vertex  1.790500e+02  2.190000e+02  3.089500e+02
     vertex  1.790500e+02  2.200000e+02  3.089500e+02
   endloop
 endfacet
 facet normal  1.000000e+00 -0.000000e+00  0.000000e+00
   outer loop
     vertex  1.790500e+02  2.190000e+02  3.099500e+02
     vertex  1.790500e+02  2.200000e+02  3.089500e+02
     vertex  1.790500e+02  2.200000e+02  3.099500e+02
   endloop
 endfacet
 facet normal -0.000000e+00  0.000000e+00 -1.000000e+00
   outer loop
     vertex  1.790500e+02  2.200000e+02  3.089500e+02
     vertex  1.770500e+02  2.190000e+02  3.089500e+02
     vertex  1.770500e+02  2.200000e+02  3.089500e+02
   endloop
 endfacet
 facet normal  0.000000e+00 -0.000000e+00 -1.000000e+00
   outer loop
     vertex  1.790500e+02  2.200000e+02  3.089500e+02
     vertex  1.790500e+02  2.190000e+02  3.089500e+02
     vertex  1.770500e+02  2.190000e+02  3.089500e+02
   endloop
 endfacet
 facet normal  1.000000e+00  0.000000e+00  0.000000e+00
   outer loop
     vertex  1.770500e+02  2.190000e+02  3.089500e+02
     vertex  1.770500e+02  2.190000e+02  3.079500e+02
     vertex  1.770500e+02  2.200000e+02  3.079500e+02
   endloop
 endfacet
 facet normal  1.000000e+00 -0.000000e+00  0.000000e+00
   outer loop
     vertex  1.770500e+02  2.190000e+02  3.089500e+02
     vertex  1.770500e+02  2.200000e+02  3.079500e+02
     vertex  1.770500e+02  2.200000e+02  3.089500e+02
   endloop
 endfacet
 facet normal -0.000000e+00  0.000000e+00 -1.000000e+00
   outer loop
     vertex  1.770500e+02  2.200000e+02  3.079500e+02
     vertex  1.659500e+02  2.190000e+02  3.079500e+02
     vertex  1.659500e+02  2.200000e+02  3.079500e+02
   endloop
 endfacet
 facet normal  0.000000e+00 -0.000000e+00 -1.000000e+00
   outer loop
     vertex  1.770500e+02  2.200000e+02  3.079500e+02
     vertex  1.770500e+02  2.190000e+02  3.079500e+02
     vertex  1.659500e+02  2.190000e+02  3.079500e+02
   endloop
 endfacet
 facet normal -0.000000e+00 -1.000000e+00  0.000000e+00
   outer loop
     vertex  1.780500e+02  2.190000e+02  3.270500e+02
     vertex  1.659500e+02  2.190000e+02  3.270500e+02
     vertex  1.700500e+02  2.190000e+02  3.229500e+02
   endloop
 endfacet
 facet normal  0.000000e+00 -1.000000e+00  0.000000e+00
   outer loop
     vertex  1.759500e+02  2.190000e+02  3.229500e+02
     vertex  1.780500e+02  2.190000e+02  3.260500e+02
     vertex  1.780500e+02  2.190000e+02  3.270500e+02
   endloop
 endfacet
 facet normal  0.000000e+00 -1.000000e+00  0.000000e+00
   outer loop
     vertex  1.759500e+02  2.190000e+02  3.229500e+02
     vertex  1.780500e+02  2.190000e+02  3.270500e+02
     vertex  1.700500e+02  2.190000e+02  3.229500e+02
   endloop
 endfacet
 facet normal  0.000000e+00 -1.000000e+00  0.000000e+00
   outer loop
     vertex  1.800500e+02  2.190000e+02  3.250500e+02
     vertex  1.800500e+02  2.190000e+02  3.260500e+02
     vertex  1.780500e+02  2.190000e+02  3.260500e+02
   endloop
 endfacet
 facet normal  0.000000e+00 -1.000000e+00  0.000000e+00
   outer loop
     vertex  1.769500e+02  2.190000e+02  3.219500e+02
     vertex  1.759500e+02  2.190000e+02  3.229500e+02
     vertex  1.759500e+02  2.190000e+02  3.219500e+02
   endloop
 endfacet
 facet normal  0.000000e+00 -1.000000e+00  0.000000e+00
   outer loop
     vertex  1.769500e+02  2.190000e+02  3.219500e+02
     vertex  1.780500e+02  2.190000e+02  3.260500e+02
     vertex  1.759500e+02  2.190000e+02  3.229500e+02
   endloop
 endfacet
 facet normal  0.000000e+00 -1.000000e+00  0.000000e+00
   outer loop
     vertex  1.769500e+02  2.190000e+02  3.219500e+02
     vertex  1.800500e+02  2.190000e+02  3.250500e+02
     vertex  1.780500e+02  2.190000e+02  3.260500e+02
   endloop
 endfacet
 facet normal  0.000000e+00 -1.000000e+00  0.000000e+00
   outer loop
     vertex  1.659500e+02  2.190000e+02  3.079500e+02
     vertex  1.700500e+02  2.190000e+02  3.120500e+02
     vertex  1.700500e+02  2.190000e+02  3.229500e+02
   endloop
 endfacet
 facet normal  0.000000e+00 -1.000000e+00  0.000000e+00
   outer loop
     vertex  1.659500e+02  2.190000e+02  3.079500e+02
     vertex  1.700500e+02  2.190000e+02  3.229500e+02
     vertex  1.659500e+02  2.190000e+02  3.270500e+02
   endloop
 endfacet
 facet normal  0.000000e+00 -1.000000e+00  0.000000e+00
   outer loop
     vertex  1.810500e+02  2.190000e+02  3.220500e+02
     vertex  1.810500e+02  2.190000e+02  3.250500e+02
     vertex  1.800500e+02  2.190000e+02  3.250500e+02
   endloop
 endfacet
 facet normal -0.000000e+00 -1.000000e+00  0.000000e+00
   outer loop
     vertex  1.810500e+02  2.190000e+02  3.220500e+02
     vertex  1.800500e+02  2.190000e+02  3.250500e+02
     vertex  1.769500e+02  2.190000e+02  3.219500e+02
   endloop
 endfacet
 facet normal -0.000000e+00 -1.000000e+00  0.000000e+00
   outer loop
     vertex  1.759500e+02  2.190000e+02  3.130500e+02
     vertex  1.749500e+02  2.190000e+02  3.130500e+02
     vertex  1.749500e+02  2.190000e+02  3.120500e+02
   endloop
 endfacet
 facet normal -0.000000e+00 -1.000000e+00  0.000000e+00
   outer loop
     vertex  1.769500e+02  2.190000e+02  3.140500e+02
     vertex  1.759500e+02  2.190000e+02  3.140500e+02
     vertex  1.759500e+02  2.190000e+02  3.130500e+02
   endloop
 endfacet
 facet normal  0.000000e+00 -1.000000e+00  0.000000e+00
   outer loop
     vertex  1.769500e+02  2.190000e+02  3.140500e+02
     vertex  1.810500e+02  2.190000e+02  3.220500e+02
     vertex  1.769500e+02  2.190000e+02  3.219500e+02
   endloop
 endfacet
 facet normal  0.000000e+00 -1.000000e+00  0.000000e+00
   outer loop
     vertex  1.810500e+02  2.190000e+02  3.129500e+02
     vertex  1.810500e+02  2.190000e+02  3.220500e+02
     vertex  1.769500e+02  2.190000e+02  3.140500e+02
   endloop
 endfacet
 facet normal  0.000000e+00 -1.000000e+00  0.000000e+00
   outer loop
     vertex  1.770500e+02  2.190000e+02  3.089500e+02
     vertex  1.759500e+02  2.190000e+02  3.130500e+02
     vertex  1.749500e+02  2.190000e+02  3.120500e+02
   endloop
 endfacet
 facet normal  0.000000e+00 -1.000000e+00  0.000000e+00
   outer loop
     vertex  1.770500e+02  2.190000e+02  3.079500e+02
     vertex  1.749500e+02  2.190000e+02  3.120500e+02
     vertex  1.700500e+02  2.190000e+02  3.120500e+02
   endloop
 endfacet
 facet normal  0.000000e+00 -1.000000e+00  0.000000e+00
   outer loop
     vertex  1.770500e+02  2.190000e+02  3.079500e+02
     vertex  1.700500e+02  2.190000e+02  3.120500e+02
     vertex  1.659500e+02  2.190000e+02  3.079500e+02
   endloop
 endfacet
 facet normal  0.000000e+00 -1.000000e+00  0.000000e+00
   outer loop
     vertex  1.770500e+02  2.190000e+02  3.079500e+02
     vertex  1.770500e+02  2.190000e+02  3.089500e+02
     vertex  1.749500e+02  2.190000e+02  3.120500e+02
   endloop
 endfacet
 facet normal -0.000000e+00 -1.000000e+00  0.000000e+00
   outer loop
     vertex  1.790500e+02  2.190000e+02  3.099500e+02
     vertex  1.759500e+02  2.190000e+02  3.130500e+02
     vertex  1.770500e+02  2.190000e+02  3.089500e+02
   endloop
 endfacet
 facet normal  0.000000e+00 -1.000000e+00  0.000000e+00
   outer loop
     vertex  1.820500e+02  2.190000e+02  3.129500e+02
     vertex  1.820500e+02  2.190000e+02  3.220500e+02
     vertex  1.810500e+02  2.190000e+02  3.220500e+02
   endloop
 endfacet
 facet normal  0.000000e+00 -1.000000e+00  0.000000e+00
   outer loop
     vertex  1.820500e+02  2.190000e+02  3.129500e+02
     vertex  1.810500e+02  2.190000e+02  3.220500e+02
     vertex  1.810500e+02  2.190000e+02  3.129500e+02
   endloop
 endfacet
 facet normal  0.000000e+00 -1.000000e+00  0.000000e+00
   outer loop
     vertex  1.800500e+02  2.190000e+02  3.109500e+02
     vertex  1.769500e+02  2.190000e+02  3.140500e+02
     vertex  1.759500e+02  2.190000e+02  3.130500e+02
   endloop
 endfacet
 facet normal  0.000000e+00 -1.000000e+00  0.000000e+00
   outer loop
     vertex  1.800500e+02  2.190000e+02  3.109500e+02
     vertex  1.810500e+02  2.190000e+02  3.129500e+02
     vertex  1.769500e+02  2.190000e+02  3.140500e+02
   endloop
 endfacet
 facet normal -0.000000e+00 -1.000000e+00  0.000000e+00
   outer loop
     vertex  1.800500e+02  2.190000e+02  3.109500e+02
     vertex  1.759500e+02  2.190000e+02  3.130500e+02
     vertex  1.790500e+02  2.190000e+02  3.099500e+02
   endloop
 endfacet
 facet normal  0.000000e+00 -1.000000e+00  0.000000e+00
   outer loop
     vertex  1.800500e+02  2.190000e+02  3.099500e+02
     vertex  1.800500e+02  2.190000e+02  3.109500e+02
     vertex  1.790500e+02  2.190000e+02  3.099500e+02
   endloop
 endfacet
 facet normal  0.000000e+00 -1.000000e+00  0.000000e+00
   outer loop
     vertex  1.790500e+02  2.190000e+02  3.089500e+02
     vertex  1.790500e+02  2.190000e+02  3.099500e+02
     vertex  1.770500e+02  2.190000e+02  3.089500e+02
   endloop
 endfacet
 facet normal  0.000000e+00 -1.000000e+00  0.000000e+00
   outer loop
     vertex  1.810500e+02  2.190000e+02  3.109500e+02
     vertex  1.810500e+02  2.190000e+02  3.129500e+02
     vertex  1.800500e+02  2.190000e+02  3.109500e+02
   endloop
 endfacet
 facet normal -0.000000e+00  0.000000e+00 -1.000000e+00
   outer loop
     vertex  1.820500e+02  2.200000e+02  3.129500e+02
     vertex  1.810500e+02  2.190000e+02  3.129500e+02
     vertex  1.810500e+02  2.200000e+02  3.129500e+02
   endloop
 endfacet
 facet normal  0.000000e+00 -0.000000e+00 -1.000000e+00
   outer loop
     vertex  1.820500e+02  2.200000e+02  3.129500e+02
     vertex  1.820500e+02  2.190000e+02  3.129500e+02
     vertex  1.810500e+02  2.190000e+02  3.129500e+02
   endloop
 endfacet
 facet normal  0.000000e+00  0.000000e+00  1.000000e+00
   outer loop
     vertex  1.820500e+02  2.200000e+02  3.220500e+02
     vertex  1.810500e+02  2.200000e+02  3.220500e+02
     vertex  1.810500e+02  2.190000e+02  3.220500e+02
   endloop
 endfacet
 facet normal  0.000000e+00  0.000000e+00  1.000000e+00
   outer loop
     vertex  1.820500e+02  2.200000e+02  3.220500e+02
     vertex  1.810500e+02  2.190000e+02  3.220500e+02
     vertex  1.820500e+02  2.190000e+02  3.220500e+02
   endloop
 endfacet
 facet normal -0.000000e+00  0.000000e+00 -1.000000e+00
   outer loop
     vertex  1.759500e+02  2.200000e+02  3.229500e+02
     vertex  1.700500e+02  2.190000e+02  3.229500e+02
     vertex  1.700500e+02  2.200000e+02  3.229500e+02
   endloop
 endfacet
 facet normal  0.000000e+00 -0.000000e+00 -1.000000e+00
   outer loop
     vertex  1.759500e+02  2.200000e+02  3.229500e+02
     vertex  1.759500e+02  2.190000e+02  3.229500e+02
     vertex  1.700500e+02  2.190000e+02  3.229500e+02
   endloop
 endfacet
 facet normal -1.000000e+00  0.000000e+00  0.000000e+00
   outer loop
     vertex  1.759500e+02  2.190000e+02  3.229500e+02
     vertex  1.759500e+02  2.200000e+02  3.219500e+02
     vertex  1.759500e+02  2.190000e+02  3.219500e+02
   endloop
 endfacet
 facet normal -1.000000e+00  0.000000e+00  0.000000e+00
   outer loop
     vertex  1.759500e+02  2.190000e+02  3.229500e+02
     vertex  1.759500e+02  2.200000e+02  3.229500e+02
     vertex  1.759500e+02  2.200000e+02  3.219500e+02
   endloop
 endfacet
 facet normal -0.000000e+00  0.000000e+00 -1.000000e+00
   outer loop
     vertex  1.769500e+02  2.200000e+02  3.219500e+02
     vertex  1.759500e+02  2.190000e+02  3.219500e+02
     vertex  1.759500e+02  2.200000e+02  3.219500e+02
   endloop
 endfacet
 facet normal  0.000000e+00 -0.000000e+00 -1.000000e+00
   outer loop
     vertex  1.769500e+02  2.200000e+02  3.219500e+02
     vertex  1.769500e+02  2.190000e+02  3.219500e+02
     vertex  1.759500e+02  2.190000e+02  3.219500e+02
   endloop
 endfacet
 facet normal  0.000000e+00  0.000000e+00  1.000000e+00
   outer loop
     vertex  1.769500e+02  2.200000e+02  3.140500e+02
     vertex  1.759500e+02  2.200000e+02  3.140500e+02
     vertex  1.759500e+02  2.190000e+02  3.140500e+02
   endloop
 endfacet
 facet normal  0.000000e+00  0.000000e+00  1.000000e+00
   outer loop
     vertex  1.769500e+02  2.200000e+02  3.140500e+02
     vertex  1.759500e+02  2.190000e+02  3.140500e+02
     vertex  1.769500e+02  2.190000e+02  3.140500e+02
   endloop
 endfacet
 facet normal -1.000000e+00  0.000000e+00  0.000000e+00
   outer loop
     vertex  1.759500e+02  2.190000e+02  3.140500e+02
     vertex  1.759500e+02  2.200000e+02  3.130500e+02
     vertex  1.759500e+02  2.190000e+02  3.130500e+02
   endloop
 endfacet
 facet normal -1.000000e+00  0.000000e+00  0.000000e+00
   outer loop
     vertex  1.759500e+02  2.190000e+02  3.140500e+02
     vertex  1.759500e+02  2.200000e+02  3.140500e+02
     vertex  1.759500e+02  2.200000e+02  3.130500e+02
   endloop
 endfacet
 facet normal  0.000000e+00  0.000000e+00  1.000000e+00
   outer loop
     vertex  1.759500e+02  2.200000e+02  3.130500e+02
     vertex  1.749500e+02  2.200000e+02  3.130500e+02
     vertex  1.749500e+02  2.190000e+02  3.130500e+02
   endloop
 endfacet
 facet normal  0.000000e+00  0.000000e+00  1.000000e+00
   outer loop
     vertex  1.759500e+02  2.200000e+02  3.130500e+02
     vertex  1.749500e+02  2.190000e+02  3.130500e+02
     vertex  1.759500e+02  2.190000e+02  3.130500e+02
   endloop
 endfacet
 facet normal -1.000000e+00  0.000000e+00  0.000000e+00
   outer loop
     vertex  1.749500e+02  2.190000e+02  3.130500e+02
     vertex  1.749500e+02  2.200000e+02  3.120500e+02
     vertex  1.749500e+02  2.190000e+02  3.120500e+02
   endloop
 endfacet
 facet normal -1.000000e+00  0.000000e+00  0.000000e+00
   outer loop
     vertex  1.749500e+02  2.190000e+02  3.130500e+02
     vertex  1.749500e+02  2.200000e+02  3.130500e+02
     vertex  1.749500e+02  2.200000e+02  3.120500e+02
   endloop
 endfacet
 facet normal  0.000000e+00  0.000000e+00  1.000000e+00
   outer loop
     vertex  1.749500e+02  2.200000e+02  3.120500e+02
     vertex  1.700500e+02  2.200000e+02  3.120500e+02
     vertex  1.700500e+02  2.190000e+02  3.120500e+02
   endloop
 endfacet
 facet normal  0.000000e+00  0.000000e+00  1.000000e+00
   outer loop
     vertex  1.749500e+02  2.200000e+02  3.120500e+02
     vertex  1.700500e+02  2.190000e+02  3.120500e+02
     vertex  1.749500e+02  2.190000e+02  3.120500e+02
   endloop
 endfacet
 facet normal  0.000000e+00  1.000000e+00  0.000000e+00
   outer loop
     vertex  1.770500e+02  2.200000e+02  3.079500e+02
     vertex  1.659500e+02  2.200000e+02  3.079500e+02
     vertex  1.700500e+02  2.200000e+02  3.120500e+02
   endloop
 endfacet
 facet normal  0.000000e+00  1.000000e+00  0.000000e+00
   outer loop
     vertex  1.749500e+02  2.200000e+02  3.120500e+02
     vertex  1.770500e+02  2.200000e+02  3.089500e+02
     vertex  1.770500e+02  2.200000e+02  3.079500e+02
   endloop
 endfacet
 facet normal  0.000000e+00  1.000000e+00  0.000000e+00
   outer loop
     vertex  1.749500e+02  2.200000e+02  3.120500e+02
     vertex  1.770500e+02  2.200000e+02  3.079500e+02
     vertex  1.700500e+02  2.200000e+02  3.120500e+02
   endloop
 endfacet
 facet normal  0.000000e+00  1.000000e+00  0.000000e+00
   outer loop
     vertex  1.790500e+02  2.200000e+02  3.099500e+02
     vertex  1.790500e+02  2.200000e+02  3.089500e+02
     vertex  1.770500e+02  2.200000e+02  3.089500e+02
   endloop
 endfacet
 facet normal  0.000000e+00  1.000000e+00  0.000000e+00
   outer loop
     vertex  1.759500e+02  2.200000e+02  3.130500e+02
     vertex  1.749500e+02  2.200000e+02  3.120500e+02
     vertex  1.749500e+02  2.200000e+02  3.130500e+02
   endloop
 endfacet
 facet normal  0.000000e+00  1.000000e+00  0.000000e+00
   outer loop
     vertex  1.759500e+02  2.200000e+02  3.130500e+02
     vertex  1.770500e+02  2.200000e+02  3.089500e+02
     vertex  1.749500e+02  2.200000e+02  3.120500e+02
   endloop
 endfacet
 facet normal  0.000000e+00  1.000000e+00  0.000000e+00
   outer loop
     vertex  1.759500e+02  2.200000e+02  3.130500e+02
     vertex  1.790500e+02  2.200000e+02  3.099500e+02
     vertex  1.770500e+02  2.200000e+02  3.089500e+02
   endloop
 endfacet
 facet normal  0.000000e+00  1.000000e+00  0.000000e+00
   outer loop
     vertex  1.800500e+02  2.200000e+02  3.109500e+02
     vertex  1.800500e+02  2.200000e+02  3.099500e+02
     vertex  1.790500e+02  2.200000e+02  3.099500e+02
   endloop
 endfacet
 facet normal  0.000000e+00  1.000000e+00  0.000000e+00
   outer loop
     vertex  1.800500e+02  2.200000e+02  3.109500e+02
     vertex  1.790500e+02  2.200000e+02  3.099500e+02
     vertex  1.759500e+02  2.200000e+02  3.130500e+02
   endloop
 endfacet
 facet normal  0.000000e+00  1.000000e+00  0.000000e+00
   outer loop
     vertex  1.769500e+02  2.200000e+02  3.140500e+02
     vertex  1.759500e+02  2.200000e+02  3.130500e+02
     vertex  1.759500e+02  2.200000e+02  3.140500e+02
   endloop
 endfacet
 facet normal  0.000000e+00  1.000000e+00  0.000000e+00
   outer loop
     vertex  1.769500e+02  2.200000e+02  3.140500e+02
     vertex  1.800500e+02  2.200000e+02  3.109500e+02
     vertex  1.759500e+02  2.200000e+02  3.130500e+02
   endloop
 endfacet
 facet normal  0.000000e+00  1.000000e+00  0.000000e+00
   outer loop
     vertex  1.659500e+02  2.200000e+02  3.270500e+02
     vertex  1.700500e+02  2.200000e+02  3.229500e+02
     vertex  1.700500e+02  2.200000e+02  3.120500e+02
   endloop
 endfacet
 facet normal  0.000000e+00  1.000000e+00  0.000000e+00
   outer loop
     vertex  1.659500e+02  2.200000e+02  3.270500e+02
     vertex  1.700500e+02  2.200000e+02  3.120500e+02
     vertex  1.659500e+02  2.200000e+02  3.079500e+02
   endloop
 endfacet
 facet normal  0.000000e+00  1.000000e+00  0.000000e+00
   outer loop
     vertex  1.810500e+02  2.200000e+02  3.129500e+02
     vertex  1.810500e+02  2.200000e+02  3.109500e+02
     vertex  1.800500e+02  2.200000e+02  3.109500e+02
   endloop
 endfacet
 facet normal  0.000000e+00  1.000000e+00  0.000000e+00
   outer loop
     vertex  1.810500e+02  2.200000e+02  3.129500e+02
     vertex  1.800500e+02  2.200000e+02  3.109500e+02
     vertex  1.769500e+02  2.200000e+02  3.140500e+02
   endloop
 endfacet
 facet normal  0.000000e+00  1.000000e+00  0.000000e+00
   outer loop
     vertex  1.759500e+02  2.200000e+02  3.229500e+02
     vertex  1.769500e+02  2.200000e+02  3.219500e+02
     vertex  1.759500e+02  2.200000e+02  3.219500e+02
   endloop
 endfacet
 facet normal  0.000000e+00  1.000000e+00  0.000000e+00
   outer loop
     vertex  1.810500e+02  2.200000e+02  3.220500e+02
     vertex  1.769500e+02  2.200000e+02  3.140500e+02
     vertex  1.769500e+02  2.200000e+02  3.219500e+02
   endloop
 endfacet
 facet normal  0.000000e+00  1.000000e+00  0.000000e+00
   outer loop
     vertex  1.810500e+02  2.200000e+02  3.220500e+02
     vertex  1.810500e+02  2.200000e+02  3.129500e+02
     vertex  1.769500e+02  2.200000e+02  3.140500e+02
   endloop
 endfacet
 facet normal  0.000000e+00  1.000000e+00  0.000000e+00
   outer loop
     vertex  1.780500e+02  2.200000e+02  3.260500e+02
     vertex  1.769500e+02  2.200000e+02  3.219500e+02
     vertex  1.759500e+02  2.200000e+02  3.229500e+02
   endloop
 endfacet
 facet normal  0.000000e+00  1.000000e+00  0.000000e+00
   outer loop
     vertex  1.820500e+02  2.200000e+02  3.220500e+02
     vertex  1.820500e+02  2.200000e+02  3.129500e+02
     vertex  1.810500e+02  2.200000e+02  3.129500e+02
   endloop
 endfacet
 facet normal  0.000000e+00  1.000000e+00  0.000000e+00
   outer loop
     vertex  1.820500e+02  2.200000e+02  3.220500e+02
     vertex  1.810500e+02  2.200000e+02  3.129500e+02
     vertex  1.810500e+02  2.200000e+02  3.220500e+02
   endloop
 endfacet
 facet normal  0.000000e+00  1.000000e+00  0.000000e+00
   outer loop
     vertex  1.780500e+02  2.200000e+02  3.270500e+02
     vertex  1.759500e+02  2.200000e+02  3.229500e+02
     vertex  1.700500e+02  2.200000e+02  3.229500e+02
   endloop
 endfacet
 facet normal  0.000000e+00  1.000000e+00  0.000000e+00
   outer loop
     vertex  1.780500e+02  2.200000e+02  3.270500e+02
     vertex  1.700500e+02  2.200000e+02  3.229500e+02
     vertex  1.659500e+02  2.200000e+02  3.270500e+02
   endloop
 endfacet
 facet normal  0.000000e+00  1.000000e+00  0.000000e+00
   outer loop
     vertex  1.780500e+02  2.200000e+02  3.270500e+02
     vertex  1.780500e+02  2.200000e+02  3.260500e+02
     vertex  1.759500e+02  2.200000e+02  3.229500e+02
   endloop
 endfacet
 facet normal  0.000000e+00  1.000000e+00  0.000000e+00
   outer loop
     vertex  1.800500e+02  2.200000e+02  3.250500e+02
     vertex  1.810500e+02  2.200000e+02  3.220500e+02
     vertex  1.769500e+02  2.200000e+02  3.219500e+02
   endloop
 endfacet
 facet normal  0.000000e+00  1.000000e+00  0.000000e+00
   outer loop
     vertex  1.800500e+02  2.200000e+02  3.250500e+02
     vertex  1.769500e+02  2.200000e+02  3.219500e+02
     vertex  1.780500e+02  2.200000e+02  3.260500e+02
   endloop
 endfacet
 facet normal  0.000000e+00  1.000000e+00  0.000000e+00
   outer loop
     vertex  1.810500e+02  2.200000e+02  3.250500e+02
     vertex  1.810500e+02  2.200000e+02  3.220500e+02
     vertex  1.800500e+02  2.200000e+02  3.250500e+02
   endloop
 endfacet
 facet normal  0.000000e+00  1.000000e+00  0.000000e+00
   outer loop
     vertex  1.800500e+02  2.200000e+02  3.260500e+02
     vertex  1.800500e+02  2.200000e+02  3.250500e+02
     vertex  1.780500e+02  2.200000e+02  3.260500e+02
   endloop
 endfacet
 facet normal  1.000000e+00  0.000000e+00  0.000000e+00
   outer loop
     vertex  1.810500e+02  2.190000e+02  3.250500e+02
     vertex  1.810500e+02  2.190000e+02  3.220500e+02
     vertex  1.810500e+02  2.200000e+02  3.220500e+02
   endloop
 endfacet
 facet normal  1.000000e+00 -0.000000e+00  0.000000e+00
   outer loop
     vertex  1.810500e+02  2.190000e+02  3.250500e+02
     vertex  1.810500e+02  2.200000e+02  3.220500e+02
     vertex  1.810500e+02  2.200000e+02  3.250500e+02
   endloop
 endfacet
 facet normal  1.000000e+00  0.000000e+00  0.000000e+00
   outer loop
     vertex  1.810500e+02  2.190000e+02  3.129500e+02
     vertex  1.810500e+02  2.190000e+02  3.109500e+02
     vertex  1.810500e+02  2.200000e+02  3.109500e+02
   endloop
 endfacet
 facet normal  1.000000e+00 -0.000000e+00  0.000000e+00
   outer loop
     vertex  1.810500e+02  2.190000e+02  3.129500e+02
     vertex  1.810500e+02  2.200000e+02  3.109500e+02
     vertex  1.810500e+02  2.200000e+02  3.129500e+02
   endloop
 endfacet
 facet normal  1.000000e+00  0.000000e+00  0.000000e+00
   outer loop
     vertex  1.700500e+02  2.200000e+02  3.229500e+02
     vertex  1.700500e+02  2.190000e+02  3.120500e+02
     vertex  1.700500e+02  2.200000e+02  3.120500e+02
   endloop
 endfacet
 facet normal  1.000000e+00 -0.000000e+00  0.000000e+00
   outer loop
     vertex  1.700500e+02  2.190000e+02  3.229500e+02
     vertex  1.700500e+02  2.190000e+02  3.120500e+02
     vertex  1.700500e+02  2.200000e+02  3.229500e+02
   endloop
 endfacet
 facet normal -1.000000e+00  0.000000e+00  0.000000e+00
   outer loop
     vertex  1.769500e+02  2.190000e+02  3.140500e+02
     vertex  1.769500e+02  2.190000e+02  3.219500e+02
     vertex  1.769500e+02  2.200000e+02  3.219500e+02
   endloop
 endfacet
 facet normal -1.000000e+00  0.000000e+00  0.000000e+00
   outer loop
     vertex  1.769500e+02  2.190000e+02  3.140500e+02
     vertex  1.769500e+02  2.200000e+02  3.219500e+02
     vertex  1.769500e+02  2.200000e+02  3.140500e+02
   endloop
 endfacet
 facet normal  1.000000e+00  0.000000e+00  0.000000e+00
   outer loop
     vertex  1.820500e+02  2.190000e+02  3.220500e+02
     vertex  1.820500e+02  2.190000e+02  3.129500e+02
     vertex  1.820500e+02  2.200000e+02  3.129500e+02
   endloop
 endfacet
 facet normal  1.000000e+00 -0.000000e+00  0.000000e+00
   outer loop
     vertex  1.820500e+02  2.190000e+02  3.220500e+02
     vertex  1.820500e+02  2.200000e+02  3.129500e+02
     vertex  1.820500e+02  2.200000e+02  3.220500e+02
   endloop
 endfacet
 facet normal  0.000000e+00  0.000000e+00  1.000000e+00
   outer loop
     vertex  1.330500e+02  2.200000e+02  3.220500e+02
     vertex  1.320500e+02  2.200000e+02  3.220500e+02
     vertex  1.320500e+02  2.190000e+02  3.220500e+02
   endloop
 endfacet
 facet normal  0.000000e+00  0.000000e+00  1.000000e+00
   outer loop
     vertex  1.330500e+02  2.200000e+02  3.220500e+02
     vertex  1.320500e+02  2.190000e+02  3.220500e+02
     vertex  1.330500e+02  2.190000e+02  3.220500e+02
   endloop
 endfacet
 facet normal  1.000000e+00  0.000000e+00  0.000000e+00
   outer loop
     vertex  1.320500e+02  2.190000e+02  3.230500e+02
     vertex  1.320500e+02  2.190000e+02  3.220500e+02
     vertex  1.320500e+02  2.200000e+02  3.220500e+02
   endloop
 endfacet
 facet normal  1.000000e+00 -0.000000e+00  0.000000e+00
   outer loop
     vertex  1.320500e+02  2.190000e+02  3.230500e+02
     vertex  1.320500e+02  2.200000e+02  3.220500e+02
     vertex  1.320500e+02  2.200000e+02  3.230500e+02
   endloop
 endfacet
 facet normal  0.000000e+00  0.000000e+00  1.000000e+00
   outer loop
     vertex  1.320500e+02  2.200000e+02  3.230500e+02
     vertex  1.289500e+02  2.200000e+02  3.230500e+02
     vertex  1.289500e+02  2.190000e+02  3.230500e+02
   endloop
 endfacet
 facet normal  0.000000e+00  0.000000e+00  1.000000e+00
   outer loop
     vertex  1.320500e+02  2.200000e+02  3.230500e+02
     vertex  1.289500e+02  2.190000e+02  3.230500e+02
     vertex  1.320500e+02  2.190000e+02  3.230500e+02
   endloop
 endfacet
 facet normal -1.000000e+00  0.000000e+00  0.000000e+00
   outer loop
     vertex  1.289500e+02  2.190000e+02  3.230500e+02
     vertex  1.289500e+02  2.200000e+02  3.220500e+02
     vertex  1.289500e+02  2.190000e+02  3.220500e+02
   endloop
 endfacet
 facet normal -1.000000e+00  0.000000e+00  0.000000e+00
   outer loop
     vertex  1.289500e+02  2.190000e+02  3.230500e+02
     vertex  1.289500e+02  2.200000e+02  3.230500e+02
     vertex  1.289500e+02  2.200000e+02  3.220500e+02
   endloop
 endfacet
 facet normal  0.000000e+00  0.000000e+00  1.000000e+00
   outer loop
     vertex  1.289500e+02  2.200000e+02  3.220500e+02
     vertex  1.279500e+02  2.200000e+02  3.220500e+02
     vertex  1.279500e+02  2.190000e+02  3.220500e+02
   endloop
 endfacet
 facet normal  0.000000e+00  0.000000e+00  1.000000e+00
   outer loop
     vertex  1.289500e+02  2.200000e+02  3.220500e+02
     vertex  1.279500e+02  2.190000e+02  3.220500e+02
     vertex  1.289500e+02  2.190000e+02  3.220500e+02
   endloop
 endfacet
 facet normal  0.000000e+00 -1.000000e+00  0.000000e+00
   outer loop
     vertex  1.289500e+02  2.190000e+02  3.199500e+02
     vertex  1.289500e+02  2.190000e+02  3.220500e+02
     vertex  1.279500e+02  2.190000e+02  3.220500e+02
   endloop
 endfacet
 facet normal  0.000000e+00 -1.000000e+00  0.000000e+00
   outer loop
     vertex  1.289500e+02  2.190000e+02  3.199500e+02
     vertex  1.279500e+02  2.190000e+02  3.220500e+02
     vertex  1.279500e+02  2.190000e+02  3.199500e+02
   endloop
 endfacet
 facet normal  0.000000e+00 -1.000000e+00  0.000000e+00
   outer loop
     vertex  1.320500e+02  2.190000e+02  3.220500e+02
     vertex  1.320500e+02  2.190000e+02  3.230500e+02
     vertex  1.289500e+02  2.190000e+02  3.230500e+02
   endloop
 endfacet
 facet normal  0.000000e+00 -1.000000e+00  0.000000e+00
   outer loop
     vertex  1.320500e+02  2.190000e+02  3.220500e+02
     vertex  1.289500e+02  2.190000e+02  3.230500e+02
     vertex  1.289500e+02  2.190000e+02  3.220500e+02
   endloop
 endfacet
 facet normal -0.000000e+00 -1.000000e+00  0.000000e+00
   outer loop
     vertex  1.320500e+02  2.190000e+02  3.220500e+02
     vertex  1.289500e+02  2.190000e+02  3.220500e+02
     vertex  1.289500e+02  2.190000e+02  3.199500e+02
   endloop
 endfacet
 facet normal  0.000000e+00 -1.000000e+00  0.000000e+00
   outer loop
     vertex  1.299500e+02  2.190000e+02  3.169500e+02
     vertex  1.289500e+02  2.190000e+02  3.199500e+02
     vertex  1.289500e+02  2.190000e+02  3.169500e+02
   endloop
 endfacet
 facet normal  0.000000e+00 -1.000000e+00  0.000000e+00
   outer loop
     vertex  1.330500e+02  2.190000e+02  3.200500e+02
     vertex  1.330500e+02  2.190000e+02  3.220500e+02
     vertex  1.320500e+02  2.190000e+02  3.220500e+02
   endloop
 endfacet
 facet normal -0.000000e+00 -1.000000e+00  0.000000e+00
   outer loop
     vertex  1.330500e+02  2.190000e+02  3.200500e+02
     vertex  1.320500e+02  2.190000e+02  3.220500e+02
     vertex  1.289500e+02  2.190000e+02  3.199500e+02
   endloop
 endfacet
 facet normal  0.000000e+00 -1.000000e+00  0.000000e+00
   outer loop
     vertex  1.330500e+02  2.190000e+02  3.200500e+02
     vertex  1.289500e+02  2.190000e+02  3.199500e+02
     vertex  1.299500e+02  2.190000e+02  3.169500e+02
   endloop
 endfacet
 facet normal  0.000000e+00 -1.000000e+00  0.000000e+00
   outer loop
     vertex  1.309500e+02  2.190000e+02  3.149500e+02
     vertex  1.299500e+02  2.190000e+02  3.169500e+02
     vertex  1.299500e+02  2.190000e+02  3.149500e+02
   endloop
 endfacet
 facet normal  0.000000e+00 -1.000000e+00  0.000000e+00
   outer loop
     vertex  1.340500e+02  2.190000e+02  3.160500e+02
     vertex  1.340500e+02  2.190000e+02  3.200500e+02
     vertex  1.330500e+02  2.190000e+02  3.200500e+02
   endloop
 endfacet
 facet normal  0.000000e+00 -1.000000e+00  0.000000e+00
   outer loop
     vertex  1.340500e+02  2.190000e+02  3.160500e+02
     vertex  1.330500e+02  2.190000e+02  3.200500e+02
     vertex  1.299500e+02  2.190000e+02  3.169500e+02
   endloop
 endfacet
 facet normal -0.000000e+00 -1.000000e+00  0.000000e+00
   outer loop
     vertex  1.340500e+02  2.190000e+02  3.160500e+02
     vertex  1.299500e+02  2.190000e+02  3.169500e+02
     vertex  1.309500e+02  2.190000e+02  3.149500e+02
   endloop
 endfacet
 facet normal  0.000000e+00 -1.000000e+00  0.000000e+00
   outer loop
     vertex  1.369500e+02  2.190000e+02  3.180500e+02
     vertex  1.379500e+02  2.190000e+02  3.210500e+02
     vertex  1.369500e+02  2.190000e+02  3.210500e+02
   endloop
 endfacet
 facet normal -0.000000e+00 -1.000000e+00  0.000000e+00
   outer loop
     vertex  1.420500e+02  2.190000e+02  3.230500e+02
     vertex  1.379500e+02  2.190000e+02  3.230500e+02
     vertex  1.379500e+02  2.190000e+02  3.210500e+02
   endloop
 endfacet
 facet normal  0.000000e+00 -1.000000e+00  0.000000e+00
   outer loop
     vertex  1.350500e+02  2.190000e+02  3.150500e+02
     vertex  1.350500e+02  2.190000e+02  3.160500e+02
     vertex  1.340500e+02  2.190000e+02  3.160500e+02
   endloop
 endfacet
 facet normal -0.000000e+00 -1.000000e+00  0.000000e+00
   outer loop
     vertex  1.350500e+02  2.190000e+02  3.150500e+02
     vertex  1.340500e+02  2.190000e+02  3.160500e+02
     vertex  1.309500e+02  2.190000e+02  3.149500e+02
   endloop
 endfacet
 facet normal  0.000000e+00 -1.000000e+00  0.000000e+00
   outer loop
     vertex  1.319500e+02  2.190000e+02  3.119500e+02
     vertex  1.309500e+02  2.190000e+02  3.149500e+02
     vertex  1.309500e+02  2.190000e+02  3.119500e+02
   endloop
 endfacet
 facet normal  0.000000e+00 -1.000000e+00  0.000000e+00
   outer loop
     vertex  1.319500e+02  2.190000e+02  3.119500e+02
     vertex  1.350500e+02  2.190000e+02  3.150500e+02
     vertex  1.309500e+02  2.190000e+02  3.149500e+02
   endloop
 endfacet
 facet normal  0.000000e+00 -1.000000e+00  0.000000e+00
   outer loop
     vertex  1.410500e+02  2.190000e+02  3.189500e+02
     vertex  1.420500e+02  2.190000e+02  3.230500e+02
     vertex  1.379500e+02  2.190000e+02  3.210500e+02
   endloop
 endfacet
 facet normal -0.000000e+00 -1.000000e+00  0.000000e+00
   outer loop
     vertex  1.410500e+02  2.190000e+02  3.189500e+02
     vertex  1.379500e+02  2.190000e+02  3.210500e+02
     vertex  1.369500e+02  2.190000e+02  3.180500e+02
   endloop
 endfacet
 facet normal  0.000000e+00 -1.000000e+00  0.000000e+00
   outer loop
     vertex  1.420500e+02  2.190000e+02  3.189500e+02
     vertex  1.420500e+02  2.190000e+02  3.230500e+02
     vertex  1.410500e+02  2.190000e+02  3.189500e+02
   endloop
 endfacet
 facet normal  0.000000e+00 -1.000000e+00  0.000000e+00
   outer loop
     vertex  1.329500e+02  2.190000e+02  3.089500e+02
     vertex  1.319500e+02  2.190000e+02  3.119500e+02
     vertex  1.319500e+02  2.190000e+02  3.089500e+02
   endloop
 endfacet
 facet normal -0.000000e+00 -1.000000e+00  0.000000e+00
   outer loop
     vertex  1.400500e+02  2.190000e+02  3.159500e+02
     vertex  1.369500e+02  2.190000e+02  3.180500e+02
     vertex  1.359500e+02  2.190000e+02  3.150500e+02
   endloop
 endfacet
 facet normal  0.000000e+00 -1.000000e+00  0.000000e+00
   outer loop
     vertex  1.400500e+02  2.190000e+02  3.159500e+02
     vertex  1.410500e+02  2.190000e+02  3.189500e+02
     vertex  1.369500e+02  2.190000e+02  3.180500e+02
   endloop
 endfacet
 facet normal  0.000000e+00 -1.000000e+00  0.000000e+00
   outer loop
     vertex  1.410500e+02  2.190000e+02  3.159500e+02
     vertex  1.410500e+02  2.190000e+02  3.189500e+02
     vertex  1.400500e+02  2.190000e+02  3.159500e+02
   endloop
 endfacet
 facet normal  0.000000e+00 -1.000000e+00  0.000000e+00
   outer loop
     vertex  1.390500e+02  2.190000e+02  3.129500e+02
     vertex  1.400500e+02  2.190000e+02  3.159500e+02
     vertex  1.359500e+02  2.190000e+02  3.150500e+02
   endloop
 endfacet
 facet normal  0.000000e+00 -1.000000e+00  0.000000e+00
   outer loop
     vertex  1.400500e+02  2.190000e+02  3.129500e+02
     vertex  1.400500e+02  2.190000e+02  3.159500e+02
     vertex  1.390500e+02  2.190000e+02  3.129500e+02
   endloop
 endfacet
 facet normal  0.000000e+00 -1.000000e+00  0.000000e+00
   outer loop
     vertex  1.380500e+02  2.190000e+02  3.109500e+02
     vertex  1.390500e+02  2.190000e+02  3.129500e+02
     vertex  1.359500e+02  2.190000e+02  3.150500e+02
   endloop
 endfacet
 facet normal  0.000000e+00 -1.000000e+00  0.000000e+00
   outer loop
     vertex  1.380500e+02  2.190000e+02  3.109500e+02
     vertex  1.359500e+02  2.190000e+02  3.150500e+02
     vertex  1.350500e+02  2.190000e+02  3.150500e+02
   endloop
 endfacet
 facet normal  0.000000e+00 -1.000000e+00  0.000000e+00
   outer loop
     vertex  1.380500e+02  2.190000e+02  3.109500e+02
     vertex  1.350500e+02  2.190000e+02  3.150500e+02
     vertex  1.319500e+02  2.190000e+02  3.119500e+02
   endloop
 endfacet
 facet normal -0.000000e+00 -1.000000e+00  0.000000e+00
   outer loop
     vertex  1.380500e+02  2.190000e+02  3.109500e+02
     vertex  1.319500e+02  2.190000e+02  3.119500e+02
     vertex  1.329500e+02  2.190000e+02  3.089500e+02
   endloop
 endfacet
 facet normal  0.000000e+00 -1.000000e+00  0.000000e+00
   outer loop
     vertex  1.390500e+02  2.190000e+02  3.109500e+02
     vertex  1.390500e+02  2.190000e+02  3.129500e+02
     vertex  1.380500e+02  2.190000e+02  3.109500e+02
   endloop
 endfacet
 facet normal  0.000000e+00 -1.000000e+00  0.000000e+00
   outer loop
     vertex  1.380500e+02  2.190000e+02  3.079500e+02
     vertex  1.380500e+02  2.190000e+02  3.109500e+02
     vertex  1.329500e+02  2.190000e+02  3.089500e+02
   endloop
 endfacet
 facet normal  0.000000e+00 -1.000000e+00  0.000000e+00
   outer loop
     vertex  1.380500e+02  2.190000e+02  3.079500e+02
     vertex  1.329500e+02  2.190000e+02  3.089500e+02
     vertex  1.329500e+02  2.190000e+02  3.079500e+02
   endloop
 endfacet
 facet normal  0.000000e+00 -1.000000e+00  0.000000e+00
   outer loop
     vertex  1.359500e+02  2.190000e+02  3.180500e+02
     vertex  1.359500e+02  2.190000e+02  3.150500e+02
     vertex  1.369500e+02  2.190000e+02  3.180500e+02
   endloop
 endfacet
 facet normal -0.000000e+00  0.000000e+00 -1.000000e+00
   outer loop
     vertex  1.289500e+02  2.200000e+02  3.199500e+02
     vertex  1.279500e+02  2.190000e+02  3.199500e+02
     vertex  1.279500e+02  2.200000e+02  3.199500e+02
   endloop
 endfacet
 facet normal  0.000000e+00 -0.000000e+00 -1.000000e+00
   outer loop
     vertex  1.289500e+02  2.200000e+02  3.199500e+02
     vertex  1.289500e+02  2.190000e+02  3.199500e+02
     vertex  1.279500e+02  2.190000e+02  3.199500e+02
   endloop
 endfacet
 facet normal -0.000000e+00  0.000000e+00 -1.000000e+00
   outer loop
     vertex  1.299500e+02  2.200000e+02  3.169500e+02
     vertex  1.289500e+02  2.190000e+02  3.169500e+02
     vertex  1.289500e+02  2.200000e+02  3.169500e+02
   endloop
 endfacet
 facet normal  0.000000e+00 -0.000000e+00 -1.000000e+00
   outer loop
     vertex  1.299500e+02  2.200000e+02  3.169500e+02
     vertex  1.299500e+02  2.190000e+02  3.169500e+02
     vertex  1.289500e+02  2.190000e+02  3.169500e+02
   endloop
 endfacet
 facet normal -0.000000e+00  0.000000e+00 -1.000000e+00
   outer loop
     vertex  1.309500e+02  2.200000e+02  3.149500e+02
     vertex  1.299500e+02  2.190000e+02  3.149500e+02
     vertex  1.299500e+02  2.200000e+02  3.149500e+02
   endloop
 endfacet
 facet normal  0.000000e+00 -0.000000e+00 -1.000000e+00
   outer loop
     vertex  1.309500e+02  2.200000e+02  3.149500e+02
     vertex  1.309500e+02  2.190000e+02  3.149500e+02
     vertex  1.299500e+02  2.190000e+02  3.149500e+02
   endloop
 endfacet
 facet normal -0.000000e+00  0.000000e+00 -1.000000e+00
   outer loop
     vertex  1.319500e+02  2.200000e+02  3.119500e+02
     vertex  1.309500e+02  2.190000e+02  3.119500e+02
     vertex  1.309500e+02  2.200000e+02  3.119500e+02
   endloop
 endfacet
 facet normal  0.000000e+00 -0.000000e+00 -1.000000e+00
   outer loop
     vertex  1.319500e+02  2.200000e+02  3.119500e+02
     vertex  1.319500e+02  2.190000e+02  3.119500e+02
     vertex  1.309500e+02  2.190000e+02  3.119500e+02
   endloop
 endfacet
 facet normal -0.000000e+00  0.000000e+00 -1.000000e+00
   outer loop
     vertex  1.329500e+02  2.200000e+02  3.089500e+02
     vertex  1.319500e+02  2.190000e+02  3.089500e+02
     vertex  1.319500e+02  2.200000e+02  3.089500e+02
   endloop
 endfacet
 facet normal  0.000000e+00 -0.000000e+00 -1.000000e+00
   outer loop
     vertex  1.329500e+02  2.200000e+02  3.089500e+02
     vertex  1.329500e+02  2.190000e+02  3.089500e+02
     vertex  1.319500e+02  2.190000e+02  3.089500e+02
   endloop
 endfacet
 facet normal -1.000000e+00  0.000000e+00  0.000000e+00
   outer loop
     vertex  1.329500e+02  2.190000e+02  3.089500e+02
     vertex  1.329500e+02  2.200000e+02  3.079500e+02
     vertex  1.329500e+02  2.190000e+02  3.079500e+02
   endloop
 endfacet
 facet normal -1.000000e+00  0.000000e+00  0.000000e+00
   outer loop
     vertex  1.329500e+02  2.190000e+02  3.089500e+02
     vertex  1.329500e+02  2.200000e+02  3.089500e+02
     vertex  1.329500e+02  2.200000e+02  3.079500e+02
   endloop
 endfacet
 facet normal -0.000000e+00  0.000000e+00 -1.000000e+00
   outer loop
     vertex  1.380500e+02  2.200000e+02  3.079500e+02
     vertex  1.329500e+02  2.190000e+02  3.079500e+02
     vertex  1.329500e+02  2.200000e+02  3.079500e+02
   endloop
 endfacet
 facet normal  0.000000e+00 -0.000000e+00 -1.000000e+00
   outer loop
     vertex  1.380500e+02  2.200000e+02  3.079500e+02
     vertex  1.380500e+02  2.190000e+02  3.079500e+02
     vertex  1.329500e+02  2.190000e+02  3.079500e+02
   endloop
 endfacet
 facet normal -0.000000e+00  0.000000e+00 -1.000000e+00
   outer loop
     vertex  1.390500e+02  2.200000e+02  3.109500e+02
     vertex  1.380500e+02  2.190000e+02  3.109500e+02
     vertex  1.380500e+02  2.200000e+02  3.109500e+02
   endloop
 endfacet
 facet normal  0.000000e+00 -0.000000e+00 -1.000000e+00
   outer loop
     vertex  1.390500e+02  2.200000e+02  3.109500e+02
     vertex  1.390500e+02  2.190000e+02  3.109500e+02
     vertex  1.380500e+02  2.190000e+02  3.109500e+02
   endloop
 endfacet
 facet normal -0.000000e+00  0.000000e+00 -1.000000e+00
   outer loop
     vertex  1.400500e+02  2.200000e+02  3.129500e+02
     vertex  1.390500e+02  2.190000e+02  3.129500e+02
     vertex  1.390500e+02  2.200000e+02  3.129500e+02
   endloop
 endfacet
 facet normal  0.000000e+00 -0.000000e+00 -1.000000e+00
   outer loop
     vertex  1.400500e+02  2.200000e+02  3.129500e+02
     vertex  1.400500e+02  2.190000e+02  3.129500e+02
     vertex  1.390500e+02  2.190000e+02  3.129500e+02
   endloop
 endfacet
 facet normal -0.000000e+00  0.000000e+00 -1.000000e+00
   outer loop
     vertex  1.410500e+02  2.200000e+02  3.159500e+02
     vertex  1.400500e+02  2.190000e+02  3.159500e+02
     vertex  1.400500e+02  2.200000e+02  3.159500e+02
   endloop
 endfacet
 facet normal  0.000000e+00 -0.000000e+00 -1.000000e+00
   outer loop
     vertex  1.410500e+02  2.200000e+02  3.159500e+02
     vertex  1.410500e+02  2.190000e+02  3.159500e+02
     vertex  1.400500e+02  2.190000e+02  3.159500e+02
   endloop
 endfacet
 facet normal -0.000000e+00  0.000000e+00 -1.000000e+00
   outer loop
     vertex  1.420500e+02  2.200000e+02  3.189500e+02
     vertex  1.410500e+02  2.190000e+02  3.189500e+02
     vertex  1.410500e+02  2.200000e+02  3.189500e+02
   endloop
 endfacet
 facet normal  0.000000e+00 -0.000000e+00 -1.000000e+00
   outer loop
     vertex  1.420500e+02  2.200000e+02  3.189500e+02
     vertex  1.420500e+02  2.190000e+02  3.189500e+02
     vertex  1.410500e+02  2.190000e+02  3.189500e+02
   endloop
 endfacet
 facet normal  0.000000e+00  0.000000e+00  1.000000e+00
   outer loop
     vertex  1.420500e+02  2.200000e+02  3.230500e+02
     vertex  1.379500e+02  2.200000e+02  3.230500e+02
     vertex  1.379500e+02  2.190000e+02  3.230500e+02
   endloop
 endfacet
 facet normal  0.000000e+00  0.000000e+00  1.000000e+00
   outer loop
     vertex  1.420500e+02  2.200000e+02  3.230500e+02
     vertex  1.379500e+02  2.190000e+02  3.230500e+02
     vertex  1.420500e+02  2.190000e+02  3.230500e+02
   endloop
 endfacet
 facet normal  0.000000e+00  0.000000e+00  1.000000e+00
   outer loop
     vertex  1.379500e+02  2.200000e+02  3.210500e+02
     vertex  1.369500e+02  2.200000e+02  3.210500e+02
     vertex  1.369500e+02  2.190000e+02  3.210500e+02
   endloop
 endfacet
 facet normal  0.000000e+00  0.000000e+00  1.000000e+00
   outer loop
     vertex  1.379500e+02  2.200000e+02  3.210500e+02
     vertex  1.369500e+02  2.190000e+02  3.210500e+02
     vertex  1.379500e+02  2.190000e+02  3.210500e+02
   endloop
 endfacet
 facet normal  0.000000e+00  0.000000e+00  1.000000e+00
   outer loop
     vertex  1.369500e+02  2.200000e+02  3.180500e+02
     vertex  1.359500e+02  2.200000e+02  3.180500e+02
     vertex  1.359500e+02  2.190000e+02  3.180500e+02
   endloop
 endfacet
 facet normal  0.000000e+00  0.000000e+00  1.000000e+00
   outer loop
     vertex  1.369500e+02  2.200000e+02  3.180500e+02
     vertex  1.359500e+02  2.190000e+02  3.180500e+02
     vertex  1.369500e+02  2.190000e+02  3.180500e+02
   endloop
 endfacet
 facet normal  0.000000e+00  0.000000e+00  1.000000e+00
   outer loop
     vertex  1.350500e+02  2.200000e+02  3.160500e+02
     vertex  1.340500e+02  2.200000e+02  3.160500e+02
     vertex  1.340500e+02  2.190000e+02  3.160500e+02
   endloop
 endfacet
 facet normal  0.000000e+00  0.000000e+00  1.000000e+00
   outer loop
     vertex  1.350500e+02  2.200000e+02  3.160500e+02
     vertex  1.340500e+02  2.190000e+02  3.160500e+02
     vertex  1.350500e+02  2.190000e+02  3.160500e+02
   endloop
 endfacet
 facet normal  1.000000e+00  0.000000e+00  0.000000e+00
   outer loop
     vertex  1.350500e+02  2.190000e+02  3.160500e+02
     vertex  1.350500e+02  2.190000e+02  3.150500e+02
     vertex  1.350500e+02  2.200000e+02  3.150500e+02
   endloop
 endfacet
 facet normal  1.000000e+00 -0.000000e+00  0.000000e+00
   outer loop
     vertex  1.350500e+02  2.190000e+02  3.160500e+02
     vertex  1.350500e+02  2.200000e+02  3.150500e+02
     vertex  1.350500e+02  2.200000e+02  3.160500e+02
   endloop
 endfacet
 facet normal  0.000000e+00  0.000000e+00  1.000000e+00
   outer loop
     vertex  1.359500e+02  2.200000e+02  3.150500e+02
     vertex  1.350500e+02  2.200000e+02  3.150500e+02
     vertex  1.350500e+02  2.190000e+02  3.150500e+02
   endloop
 endfacet
 facet normal  0.000000e+00  0.000000e+00  1.000000e+00
   outer loop
     vertex  1.359500e+02  2.200000e+02  3.150500e+02
     vertex  1.350500e+02  2.190000e+02  3.150500e+02
     vertex  1.359500e+02  2.190000e+02  3.150500e+02
   endloop
 endfacet
 facet normal  0.000000e+00  0.000000e+00  1.000000e+00
   outer loop
     vertex  1.340500e+02  2.200000e+02  3.200500e+02
     vertex  1.330500e+02  2.200000e+02  3.200500e+02
     vertex  1.330500e+02  2.190000e+02  3.200500e+02
   endloop
 endfacet
 facet normal  0.000000e+00  0.000000e+00  1.000000e+00
   outer loop
     vertex  1.340500e+02  2.200000e+02  3.200500e+02
     vertex  1.330500e+02  2.190000e+02  3.200500e+02
     vertex  1.340500e+02  2.190000e+02  3.200500e+02
   endloop
 endfacet
 facet normal  1.000000e+00  0.000000e+00  0.000000e+00
   outer loop
     vertex  1.330500e+02  2.190000e+02  3.220500e+02
     vertex  1.330500e+02  2.190000e+02  3.200500e+02
     vertex  1.330500e+02  2.200000e+02  3.200500e+02
   endloop
 endfacet
 facet normal  1.000000e+00 -0.000000e+00  0.000000e+00
   outer loop
     vertex  1.330500e+02  2.190000e+02  3.220500e+02
     vertex  1.330500e+02  2.200000e+02  3.200500e+02
     vertex  1.330500e+02  2.200000e+02  3.220500e+02
   endloop
 endfacet
 facet normal -1.000000e+00  0.000000e+00  0.000000e+00
   outer loop
     vertex  1.279500e+02  2.190000e+02  3.199500e+02
     vertex  1.279500e+02  2.190000e+02  3.220500e+02
     vertex  1.279500e+02  2.200000e+02  3.220500e+02
   endloop
 endfacet
 facet normal -1.000000e+00  0.000000e+00  0.000000e+00
   outer loop
     vertex  1.279500e+02  2.190000e+02  3.199500e+02
     vertex  1.279500e+02  2.200000e+02  3.220500e+02
     vertex  1.279500e+02  2.200000e+02  3.199500e+02
   endloop
 endfacet
 facet normal -1.000000e+00  0.000000e+00  0.000000e+00
   outer loop
     vertex  1.289500e+02  2.190000e+02  3.169500e+02
     vertex  1.289500e+02  2.190000e+02  3.199500e+02
     vertex  1.289500e+02  2.200000e+02  3.199500e+02
   endloop
 endfacet
 facet normal -1.000000e+00  0.000000e+00  0.000000e+00
   outer loop
     vertex  1.289500e+02  2.190000e+02  3.169500e+02
     vertex  1.289500e+02  2.200000e+02  3.199500e+02
     vertex  1.289500e+02  2.200000e+02  3.169500e+02
   endloop
 endfacet
 facet normal  0.000000e+00  1.000000e+00  0.000000e+00
   outer loop
     vertex  1.319500e+02  2.200000e+02  3.119500e+02
     vertex  1.329500e+02  2.200000e+02  3.089500e+02
     vertex  1.319500e+02  2.200000e+02  3.089500e+02
   endloop
 endfacet
 facet normal  0.000000e+00  1.000000e+00  0.000000e+00
   outer loop
     vertex  1.309500e+02  2.200000e+02  3.149500e+02
     vertex  1.319500e+02  2.200000e+02  3.119500e+02
     vertex  1.309500e+02  2.200000e+02  3.119500e+02
   endloop
 endfacet
 facet normal  0.000000e+00  1.000000e+00  0.000000e+00
   outer loop
     vertex  1.380500e+02  2.200000e+02  3.079500e+02
     vertex  1.329500e+02  2.200000e+02  3.079500e+02
     vertex  1.329500e+02  2.200000e+02  3.089500e+02
   endloop
 endfacet
 facet normal  0.000000e+00  1.000000e+00  0.000000e+00
   outer loop
     vertex  1.299500e+02  2.200000e+02  3.169500e+02
     vertex  1.309500e+02  2.200000e+02  3.149500e+02
     vertex  1.299500e+02  2.200000e+02  3.149500e+02
   endloop
 endfacet
 facet normal  0.000000e+00  1.000000e+00  0.000000e+00
   outer loop
     vertex  1.289500e+02  2.200000e+02  3.199500e+02
     vertex  1.299500e+02  2.200000e+02  3.169500e+02
     vertex  1.289500e+02  2.200000e+02  3.169500e+02
   endloop
 endfacet
 facet normal  0.000000e+00  1.000000e+00  0.000000e+00
   outer loop
     vertex  1.380500e+02  2.200000e+02  3.109500e+02
     vertex  1.380500e+02  2.200000e+02  3.079500e+02
     vertex  1.329500e+02  2.200000e+02  3.089500e+02
   endloop
 endfacet
 facet normal  0.000000e+00  1.000000e+00  0.000000e+00
   outer loop
     vertex  1.380500e+02  2.200000e+02  3.109500e+02
     vertex  1.329500e+02  2.200000e+02  3.089500e+02
     vertex  1.319500e+02  2.200000e+02  3.119500e+02
   endloop
 endfacet
 facet normal  0.000000e+00  1.000000e+00  0.000000e+00
   outer loop
     vertex  1.350500e+02  2.200000e+02  3.150500e+02
     vertex  1.319500e+02  2.200000e+02  3.119500e+02
     vertex  1.309500e+02  2.200000e+02  3.149500e+02
   endloop
 endfacet
 facet normal  0.000000e+00  1.000000e+00  0.000000e+00
   outer loop
     vertex  1.350500e+02  2.200000e+02  3.150500e+02
     vertex  1.380500e+02  2.200000e+02  3.109500e+02
     vertex  1.319500e+02  2.200000e+02  3.119500e+02
   endloop
 endfacet
 facet normal  0.000000e+00  1.000000e+00  0.000000e+00
   outer loop
     vertex  1.340500e+02  2.200000e+02  3.160500e+02
     vertex  1.309500e+02  2.200000e+02  3.149500e+02
     vertex  1.299500e+02  2.200000e+02  3.169500e+02
   endloop
 endfacet
 facet normal  0.000000e+00  1.000000e+00  0.000000e+00
   outer loop
     vertex  1.340500e+02  2.200000e+02  3.160500e+02
     vertex  1.350500e+02  2.200000e+02  3.150500e+02
     vertex  1.309500e+02  2.200000e+02  3.149500e+02
   endloop
 endfacet
 facet normal  0.000000e+00  1.000000e+00  0.000000e+00
   outer loop
     vertex  1.359500e+02  2.200000e+02  3.150500e+02
     vertex  1.380500e+02  2.200000e+02  3.109500e+02
     vertex  1.350500e+02  2.200000e+02  3.150500e+02
   endloop
 endfacet
 facet normal  0.000000e+00  1.000000e+00  0.000000e+00
   outer loop
     vertex  1.289500e+02  2.200000e+02  3.220500e+02
     vertex  1.289500e+02  2.200000e+02  3.199500e+02
     vertex  1.279500e+02  2.200000e+02  3.199500e+02
   endloop
 endfacet
 facet normal  0.000000e+00  1.000000e+00  0.000000e+00
   outer loop
     vertex  1.289500e+02  2.200000e+02  3.220500e+02
     vertex  1.279500e+02  2.200000e+02  3.199500e+02
     vertex  1.279500e+02  2.200000e+02  3.220500e+02
   endloop
 endfacet
 facet normal  0.000000e+00  1.000000e+00  0.000000e+00
   outer loop
     vertex  1.350500e+02  2.200000e+02  3.160500e+02
     vertex  1.350500e+02  2.200000e+02  3.150500e+02
     vertex  1.340500e+02  2.200000e+02  3.160500e+02
   endloop
 endfacet
 facet normal  0.000000e+00  1.000000e+00  0.000000e+00
   outer loop
     vertex  1.390500e+02  2.200000e+02  3.129500e+02
     vertex  1.390500e+02  2.200000e+02  3.109500e+02
     vertex  1.380500e+02  2.200000e+02  3.109500e+02
   endloop
 endfacet
 facet normal  0.000000e+00  1.000000e+00  0.000000e+00
   outer loop
     vertex  1.390500e+02  2.200000e+02  3.129500e+02
     vertex  1.380500e+02  2.200000e+02  3.109500e+02
     vertex  1.359500e+02  2.200000e+02  3.150500e+02
   endloop
 endfacet
 facet normal  0.000000e+00  1.000000e+00  0.000000e+00
   outer loop
     vertex  1.330500e+02  2.200000e+02  3.200500e+02
     vertex  1.299500e+02  2.200000e+02  3.169500e+02
     vertex  1.289500e+02  2.200000e+02  3.199500e+02
   endloop
 endfacet
 facet normal  0.000000e+00  1.000000e+00  0.000000e+00
   outer loop
     vertex  1.330500e+02  2.200000e+02  3.200500e+02
     vertex  1.340500e+02  2.200000e+02  3.160500e+02
     vertex  1.299500e+02  2.200000e+02  3.169500e+02
   endloop
 endfacet
 facet normal  0.000000e+00  1.000000e+00  0.000000e+00
   outer loop
     vertex  1.340500e+02  2.200000e+02  3.200500e+02
     vertex  1.340500e+02  2.200000e+02  3.160500e+02
     vertex  1.330500e+02  2.200000e+02  3.200500e+02
   endloop
 endfacet
 facet normal  0.000000e+00  1.000000e+00  0.000000e+00
   outer loop
     vertex  1.320500e+02  2.200000e+02  3.220500e+02
     vertex  1.289500e+02  2.200000e+02  3.199500e+02
     vertex  1.289500e+02  2.200000e+02  3.220500e+02
   endloop
 endfacet
 facet normal  0.000000e+00  1.000000e+00  0.000000e+00
   outer loop
     vertex  1.320500e+02  2.200000e+02  3.220500e+02
     vertex  1.330500e+02  2.200000e+02  3.200500e+02
     vertex  1.289500e+02  2.200000e+02  3.199500e+02
   endloop
 endfacet
 facet normal  0.000000e+00  1.000000e+00  0.000000e+00
   outer loop
     vertex  1.320500e+02  2.200000e+02  3.230500e+02
     vertex  1.289500e+02  2.200000e+02  3.220500e+02
     vertex  1.289500e+02  2.200000e+02  3.230500e+02
   endloop
 endfacet
 facet normal  0.000000e+00  1.000000e+00  0.000000e+00
   outer loop
     vertex  1.320500e+02  2.200000e+02  3.230500e+02
     vertex  1.320500e+02  2.200000e+02  3.220500e+02
     vertex  1.289500e+02  2.200000e+02  3.220500e+02
   endloop
 endfacet
 facet normal  0.000000e+00  1.000000e+00  0.000000e+00
   outer loop
     vertex  1.330500e+02  2.200000e+02  3.220500e+02
     vertex  1.330500e+02  2.200000e+02  3.200500e+02
     vertex  1.320500e+02  2.200000e+02  3.220500e+02
   endloop
 endfacet
 facet normal  0.000000e+00  1.000000e+00  0.000000e+00
   outer loop
     vertex  1.400500e+02  2.200000e+02  3.159500e+02
     vertex  1.400500e+02  2.200000e+02  3.129500e+02
     vertex  1.390500e+02  2.200000e+02  3.129500e+02
   endloop
 endfacet
 facet normal  0.000000e+00  1.000000e+00  0.000000e+00
   outer loop
     vertex  1.400500e+02  2.200000e+02  3.159500e+02
     vertex  1.390500e+02  2.200000e+02  3.129500e+02
     vertex  1.359500e+02  2.200000e+02  3.150500e+02
   endloop
 endfacet
 facet normal  0.000000e+00  1.000000e+00  0.000000e+00
   outer loop
     vertex  1.400500e+02  2.200000e+02  3.159500e+02
     vertex  1.359500e+02  2.200000e+02  3.150500e+02
     vertex  1.369500e+02  2.200000e+02  3.180500e+02
   endloop
 endfacet
 facet normal  0.000000e+00  1.000000e+00  0.000000e+00
   outer loop
     vertex  1.379500e+02  2.200000e+02  3.210500e+02
     vertex  1.369500e+02  2.200000e+02  3.180500e+02
     vertex  1.369500e+02  2.200000e+02  3.210500e+02
   endloop
 endfacet
 facet normal  0.000000e+00  1.000000e+00  0.000000e+00
   outer loop
     vertex  1.410500e+02  2.200000e+02  3.189500e+02
     vertex  1.400500e+02  2.200000e+02  3.159500e+02
     vertex  1.369500e+02  2.200000e+02  3.180500e+02
   endloop
 endfacet
 facet normal  0.000000e+00  1.000000e+00  0.000000e+00
   outer loop
     vertex  1.410500e+02  2.200000e+02  3.189500e+02
     vertex  1.410500e+02  2.200000e+02  3.159500e+02
     vertex  1.400500e+02  2.200000e+02  3.159500e+02
   endloop
 endfacet
 facet normal  0.000000e+00  1.000000e+00  0.000000e+00
   outer loop
     vertex  1.410500e+02  2.200000e+02  3.189500e+02
     vertex  1.369500e+02  2.200000e+02  3.180500e+02
     vertex  1.379500e+02  2.200000e+02  3.210500e+02
   endloop
 endfacet
 facet normal  0.000000e+00  1.000000e+00  0.000000e+00
   outer loop
     vertex  1.420500e+02  2.200000e+02  3.230500e+02
     vertex  1.379500e+02  2.200000e+02  3.210500e+02
     vertex  1.379500e+02  2.200000e+02  3.230500e+02
   endloop
 endfacet
 facet normal  0.000000e+00  1.000000e+00  0.000000e+00
   outer loop
     vertex  1.420500e+02  2.200000e+02  3.230500e+02
     vertex  1.410500e+02  2.200000e+02  3.189500e+02
     vertex  1.379500e+02  2.200000e+02  3.210500e+02
   endloop
 endfacet
 facet normal  0.000000e+00  1.000000e+00  0.000000e+00
   outer loop
     vertex  1.420500e+02  2.200000e+02  3.230500e+02
     vertex  1.420500e+02  2.200000e+02  3.189500e+02
     vertex  1.410500e+02  2.200000e+02  3.189500e+02
   endloop
 endfacet
 facet normal  0.000000e+00  1.000000e+00  0.000000e+00
   outer loop
     vertex  1.359500e+02  2.200000e+02  3.150500e+02
     vertex  1.359500e+02  2.200000e+02  3.180500e+02
     vertex  1.369500e+02  2.200000e+02  3.180500e+02
   endloop
 endfacet
 facet normal  1.000000e+00  0.000000e+00  0.000000e+00
   outer loop
     vertex  1.340500e+02  2.190000e+02  3.200500e+02
     vertex  1.340500e+02  2.190000e+02  3.160500e+02
     vertex  1.340500e+02  2.200000e+02  3.160500e+02
   endloop
 endfacet
 facet normal  1.000000e+00 -0.000000e+00  0.000000e+00
   outer loop
     vertex  1.340500e+02  2.190000e+02  3.200500e+02
     vertex  1.340500e+02  2.200000e+02  3.160500e+02
     vertex  1.340500e+02  2.200000e+02  3.200500e+02
   endloop
 endfacet
 facet normal -1.000000e+00  0.000000e+00  0.000000e+00
   outer loop
     vertex  1.299500e+02  2.190000e+02  3.149500e+02
     vertex  1.299500e+02  2.190000e+02  3.169500e+02
     vertex  1.299500e+02  2.200000e+02  3.169500e+02
   endloop
 endfacet
 facet normal -1.000000e+00  0.000000e+00  0.000000e+00
   outer loop
     vertex  1.299500e+02  2.190000e+02  3.149500e+02
     vertex  1.299500e+02  2.200000e+02  3.169500e+02
     vertex  1.299500e+02  2.200000e+02  3.149500e+02
   endloop
 endfacet
 facet normal -1.000000e+00  0.000000e+00  0.000000e+00
   outer loop
     vertex  1.309500e+02  2.190000e+02  3.119500e+02
     vertex  1.309500e+02  2.190000e+02  3.149500e+02
     vertex  1.309500e+02  2.200000e+02  3.149500e+02
   endloop
 endfacet
 facet normal -1.000000e+00  0.000000e+00  0.000000e+00
   outer loop
     vertex  1.309500e+02  2.190000e+02  3.119500e+02
     vertex  1.309500e+02  2.200000e+02  3.149500e+02
     vertex  1.309500e+02  2.200000e+02  3.119500e+02
   endloop
 endfacet
 facet normal  1.000000e+00  0.000000e+00  0.000000e+00
   outer loop
     vertex  1.400500e+02  2.190000e+02  3.159500e+02
     vertex  1.400500e+02  2.190000e+02  3.129500e+02
     vertex  1.400500e+02  2.200000e+02  3.129500e+02
   endloop
 endfacet
 facet normal  1.000000e+00 -0.000000e+00  0.000000e+00
   outer loop
     vertex  1.400500e+02  2.190000e+02  3.159500e+02
     vertex  1.400500e+02  2.200000e+02  3.129500e+02
     vertex  1.400500e+02  2.200000e+02  3.159500e+02
   endloop
 endfacet
 facet normal -1.000000e+00  0.000000e+00  0.000000e+00
   outer loop
     vertex  1.359500e+02  2.190000e+02  3.150500e+02
     vertex  1.359500e+02  2.200000e+02  3.180500e+02
     vertex  1.359500e+02  2.200000e+02  3.150500e+02
   endloop
 endfacet
 facet normal -1.000000e+00  0.000000e+00  0.000000e+00
   outer loop
     vertex  1.359500e+02  2.190000e+02  3.150500e+02
     vertex  1.359500e+02  2.190000e+02  3.180500e+02
     vertex  1.359500e+02  2.200000e+02  3.180500e+02
   endloop
 endfacet
 facet normal  1.000000e+00  0.000000e+00  0.000000e+00
   outer loop
     vertex  1.390500e+02  2.190000e+02  3.129500e+02
     vertex  1.390500e+02  2.190000e+02  3.109500e+02
     vertex  1.390500e+02  2.200000e+02  3.109500e+02
   endloop
 endfacet
 facet normal  1.000000e+00 -0.000000e+00  0.000000e+00
   outer loop
     vertex  1.390500e+02  2.190000e+02  3.129500e+02
     vertex  1.390500e+02  2.200000e+02  3.109500e+02
     vertex  1.390500e+02  2.200000e+02  3.129500e+02
   endloop
 endfacet
 facet normal  1.000000e+00  0.000000e+00  0.000000e+00
   outer loop
     vertex  1.410500e+02  2.190000e+02  3.189500e+02
     vertex  1.410500e+02  2.190000e+02  3.159500e+02
     vertex  1.410500e+02  2.200000e+02  3.159500e+02
   endloop
 endfacet
 facet normal  1.000000e+00 -0.000000e+00  0.000000e+00
   outer loop
     vertex  1.410500e+02  2.190000e+02  3.189500e+02
     vertex  1.410500e+02  2.200000e+02  3.159500e+02
     vertex  1.410500e+02  2.200000e+02  3.189500e+02
   endloop
 endfacet
 facet normal -1.000000e+00  0.000000e+00  0.000000e+00
   outer loop
     vertex  1.319500e+02  2.190000e+02  3.089500e+02
     vertex  1.319500e+02  2.190000e+02  3.119500e+02
     vertex  1.319500e+02  2.200000e+02  3.119500e+02
   endloop
 endfacet
 facet normal -1.000000e+00  0.000000e+00  0.000000e+00
   outer loop
     vertex  1.319500e+02  2.190000e+02  3.089500e+02
     vertex  1.319500e+02  2.200000e+02  3.119500e+02
     vertex  1.319500e+02  2.200000e+02  3.089500e+02
   endloop
 endfacet
 facet normal -1.000000e+00  0.000000e+00  0.000000e+00
   outer loop
     vertex  1.369500e+02  2.190000e+02  3.180500e+02
     vertex  1.369500e+02  2.200000e+02  3.210500e+02
     vertex  1.369500e+02  2.200000e+02  3.180500e+02
   endloop
 endfacet
 facet normal -1.000000e+00  0.000000e+00  0.000000e+00
   outer loop
     vertex  1.369500e+02  2.190000e+02  3.180500e+02
     vertex  1.369500e+02  2.190000e+02  3.210500e+02
     vertex  1.369500e+02  2.200000e+02  3.210500e+02
   endloop
 endfacet
 facet normal  1.000000e+00  0.000000e+00  0.000000e+00
   outer loop
     vertex  1.380500e+02  2.190000e+02  3.109500e+02
     vertex  1.380500e+02  2.190000e+02  3.079500e+02
     vertex  1.380500e+02  2.200000e+02  3.079500e+02
   endloop
 endfacet
 facet normal  1.000000e+00 -0.000000e+00  0.000000e+00
   outer loop
     vertex  1.380500e+02  2.190000e+02  3.109500e+02
     vertex  1.380500e+02  2.200000e+02  3.079500e+02
     vertex  1.380500e+02  2.200000e+02  3.109500e+02
   endloop
 endfacet
 facet normal  1.000000e+00  0.000000e+00  0.000000e+00
   outer loop
     vertex  1.420500e+02  2.190000e+02  3.230500e+02
     vertex  1.420500e+02  2.190000e+02  3.189500e+02
     vertex  1.420500e+02  2.200000e+02  3.189500e+02
   endloop
 endfacet
 facet normal  1.000000e+00 -0.000000e+00  0.000000e+00
   outer loop
     vertex  1.420500e+02  2.190000e+02  3.230500e+02
     vertex  1.420500e+02  2.200000e+02  3.189500e+02
     vertex  1.420500e+02  2.200000e+02  3.230500e+02
   endloop
 endfacet
 facet normal -1.000000e+00  0.000000e+00  0.000000e+00
   outer loop
     vertex  1.379500e+02  2.190000e+02  3.210500e+02
     vertex  1.379500e+02  2.200000e+02  3.230500e+02
     vertex  1.379500e+02  2.200000e+02  3.210500e+02
   endloop
 endfacet
 facet normal -1.000000e+00  0.000000e+00  0.000000e+00
   outer loop
     vertex  1.379500e+02  2.190000e+02  3.210500e+02
     vertex  1.379500e+02  2.190000e+02  3.230500e+02
     vertex  1.379500e+02  2.200000e+02  3.230500e+02
   endloop
 endfacet
 facet normal  1.000000e+00  0.000000e+00  0.000000e+00
   outer loop
     vertex  1.540500e+02  2.190000e+02  3.220500e+02
     vertex  1.540500e+02  2.190000e+02  3.210500e+02
     vertex  1.540500e+02  2.200000e+02  3.210500e+02
   endloop
 endfacet
 facet normal  1.000000e+00 -0.000000e+00  0.000000e+00
   outer loop
     vertex  1.540500e+02  2.190000e+02  3.220500e+02
     vertex  1.540500e+02  2.200000e+02  3.210500e+02
     vertex  1.540500e+02  2.200000e+02  3.220500e+02
   endloop
 endfacet
 facet normal  0.000000e+00  0.000000e+00  1.000000e+00
   outer loop
     vertex  1.540500e+02  2.200000e+02  3.220500e+02
     vertex  1.520500e+02  2.200000e+02  3.220500e+02
     vertex  1.520500e+02  2.190000e+02  3.220500e+02
   endloop
 endfacet
 facet normal  0.000000e+00  0.000000e+00  1.000000e+00
   outer loop
     vertex  1.540500e+02  2.200000e+02  3.220500e+02
     vertex  1.520500e+02  2.190000e+02  3.220500e+02
     vertex  1.540500e+02  2.190000e+02  3.220500e+02
   endloop
 endfacet
 facet normal  1.000000e+00  0.000000e+00  0.000000e+00
   outer loop
     vertex  1.520500e+02  2.190000e+02  3.230500e+02
     vertex  1.520500e+02  2.190000e+02  3.220500e+02
     vertex  1.520500e+02  2.200000e+02  3.220500e+02
   endloop
 endfacet
 facet normal  1.000000e+00 -0.000000e+00  0.000000e+00
   outer loop
     vertex  1.520500e+02  2.190000e+02  3.230500e+02
     vertex  1.520500e+02  2.200000e+02  3.220500e+02
     vertex  1.520500e+02  2.200000e+02  3.230500e+02
   endloop
 endfacet
 facet normal  0.000000e+00  0.000000e+00  1.000000e+00
   outer loop
     vertex  1.520500e+02  2.200000e+02  3.230500e+02
     vertex  1.469500e+02  2.200000e+02  3.230500e+02
     vertex  1.469500e+02  2.190000e+02  3.230500e+02
   endloop
 endfacet
 facet normal  0.000000e+00  0.000000e+00  1.000000e+00
   outer loop
     vertex  1.520500e+02  2.200000e+02  3.230500e+02
     vertex  1.469500e+02  2.190000e+02  3.230500e+02
     vertex  1.520500e+02  2.190000e+02  3.230500e+02
   endloop
 endfacet
 facet normal -1.000000e+00  0.000000e+00  0.000000e+00
   outer loop
     vertex  1.469500e+02  2.190000e+02  3.230500e+02
     vertex  1.469500e+02  2.200000e+02  3.220500e+02
     vertex  1.469500e+02  2.190000e+02  3.220500e+02
   endloop
 endfacet
 facet normal -1.000000e+00  0.000000e+00  0.000000e+00
   outer loop
     vertex  1.469500e+02  2.190000e+02  3.230500e+02
     vertex  1.469500e+02  2.200000e+02  3.230500e+02
     vertex  1.469500e+02  2.200000e+02  3.220500e+02
   endloop
 endfacet
 facet normal  0.000000e+00  0.000000e+00  1.000000e+00
   outer loop
     vertex  1.469500e+02  2.200000e+02  3.220500e+02
     vertex  1.449500e+02  2.200000e+02  3.220500e+02
     vertex  1.449500e+02  2.190000e+02  3.220500e+02
   endloop
 endfacet
 facet normal  0.000000e+00  0.000000e+00  1.000000e+00
   outer loop
     vertex  1.469500e+02  2.200000e+02  3.220500e+02
     vertex  1.449500e+02  2.190000e+02  3.220500e+02
     vertex  1.469500e+02  2.190000e+02  3.220500e+02
   endloop
 endfacet
 facet normal -1.000000e+00  0.000000e+00  0.000000e+00
   outer loop
     vertex  1.449500e+02  2.190000e+02  3.220500e+02
     vertex  1.449500e+02  2.200000e+02  3.210500e+02
     vertex  1.449500e+02  2.190000e+02  3.210500e+02
   endloop
 endfacet
 facet normal -1.000000e+00  0.000000e+00  0.000000e+00
   outer loop
     vertex  1.449500e+02  2.190000e+02  3.220500e+02
     vertex  1.449500e+02  2.200000e+02  3.220500e+02
     vertex  1.449500e+02  2.200000e+02  3.210500e+02
   endloop
 endfacet
 facet normal  0.000000e+00  0.000000e+00  1.000000e+00
   outer loop
     vertex  1.550500e+02  2.200000e+02  3.210500e+02
     vertex  1.540500e+02  2.200000e+02  3.210500e+02
     vertex  1.540500e+02  2.190000e+02  3.210500e+02
   endloop
 endfacet
 facet normal  0.000000e+00  0.000000e+00  1.000000e+00
   outer loop
     vertex  1.550500e+02  2.200000e+02  3.210500e+02
     vertex  1.540500e+02  2.190000e+02  3.210500e+02
     vertex  1.550500e+02  2.190000e+02  3.210500e+02
   endloop
 endfacet
 facet normal  0.000000e+00  0.000000e+00  1.000000e+00
   outer loop
     vertex  1.449500e+02  2.200000e+02  3.210500e+02
     vertex  1.439500e+02  2.200000e+02  3.210500e+02
     vertex  1.439500e+02  2.190000e+02  3.210500e+02
   endloop
 endfacet
 facet normal  0.000000e+00  0.000000e+00  1.000000e+00
   outer loop
     vertex  1.449500e+02  2.200000e+02  3.210500e+02
     vertex  1.439500e+02  2.190000e+02  3.210500e+02
     vertex  1.449500e+02  2.190000e+02  3.210500e+02
   endloop
 endfacet
 facet normal  1.000000e+00  0.000000e+00  0.000000e+00
   outer loop
     vertex  1.550500e+02  2.190000e+02  3.210500e+02
     vertex  1.550500e+02  2.190000e+02  3.200500e+02
     vertex  1.550500e+02  2.200000e+02  3.200500e+02
   endloop
 endfacet
 facet normal  1.000000e+00 -0.000000e+00  0.000000e+00
   outer loop
     vertex  1.550500e+02  2.190000e+02  3.210500e+02
     vertex  1.550500e+02  2.200000e+02  3.200500e+02
     vertex  1.550500e+02  2.200000e+02  3.210500e+02
   endloop
 endfacet
 facet normal  0.000000e+00  0.000000e+00  1.000000e+00
   outer loop
     vertex  1.560500e+02  2.200000e+02  3.200500e+02
     vertex  1.550500e+02  2.200000e+02  3.200500e+02
     vertex  1.550500e+02  2.190000e+02  3.200500e+02
   endloop
 endfacet
 facet normal  0.000000e+00  0.000000e+00  1.000000e+00
   outer loop
     vertex  1.560500e+02  2.200000e+02  3.200500e+02
     vertex  1.550500e+02  2.190000e+02  3.200500e+02
     vertex  1.560500e+02  2.190000e+02  3.200500e+02
   endloop
 endfacet
 facet normal -0.000000e+00 -1.000000e+00  0.000000e+00
   outer loop
     vertex  1.469500e+02  2.190000e+02  3.220500e+02
     vertex  1.449500e+02  2.190000e+02  3.220500e+02
     vertex  1.449500e+02  2.190000e+02  3.210500e+02
   endloop
 endfacet
 facet normal  0.000000e+00 -1.000000e+00  0.000000e+00
   outer loop
     vertex  1.439500e+02  2.190000e+02  3.190500e+02
     vertex  1.449500e+02  2.190000e+02  3.210500e+02
     vertex  1.439500e+02  2.190000e+02  3.210500e+02
   endloop
 endfacet
 facet normal  0.000000e+00 -1.000000e+00  0.000000e+00
   outer loop
     vertex  1.480500e+02  2.190000e+02  3.189500e+02
     vertex  1.469500e+02  2.190000e+02  3.220500e+02
     vertex  1.449500e+02  2.190000e+02  3.210500e+02
   endloop
 endfacet
 facet normal  0.000000e+00 -1.000000e+00  0.000000e+00
   outer loop
     vertex  1.480500e+02  2.190000e+02  3.189500e+02
     vertex  1.449500e+02  2.190000e+02  3.210500e+02
     vertex  1.439500e+02  2.190000e+02  3.190500e+02
   endloop
 endfacet
 facet normal  0.000000e+00 -1.000000e+00  0.000000e+00
   outer loop
     vertex  1.520500e+02  2.190000e+02  3.220500e+02
     vertex  1.520500e+02  2.190000e+02  3.230500e+02
     vertex  1.469500e+02  2.190000e+02  3.230500e+02
   endloop
 endfacet
 facet normal  0.000000e+00 -1.000000e+00  0.000000e+00
   outer loop
     vertex  1.520500e+02  2.190000e+02  3.220500e+02
     vertex  1.469500e+02  2.190000e+02  3.230500e+02
     vertex  1.469500e+02  2.190000e+02  3.220500e+02
   endloop
 endfacet
 facet normal  0.000000e+00 -1.000000e+00  0.000000e+00
   outer loop
     vertex  1.480500e+02  2.190000e+02  3.170500e+02
     vertex  1.480500e+02  2.190000e+02  3.189500e+02
     vertex  1.439500e+02  2.190000e+02  3.190500e+02
   endloop
 endfacet
 facet normal  0.000000e+00 -1.000000e+00  0.000000e+00
   outer loop
     vertex  1.509500e+02  2.190000e+02  3.189500e+02
     vertex  1.520500e+02  2.190000e+02  3.220500e+02
     vertex  1.469500e+02  2.190000e+02  3.220500e+02
   endloop
 endfacet
 facet normal  0.000000e+00 -1.000000e+00  0.000000e+00
   outer loop
     vertex  1.509500e+02  2.190000e+02  3.189500e+02
     vertex  1.469500e+02  2.190000e+02  3.220500e+02
     vertex  1.480500e+02  2.190000e+02  3.189500e+02
   endloop
 endfacet
 facet normal  0.000000e+00 -1.000000e+00  0.000000e+00
   outer loop
     vertex  1.540500e+02  2.190000e+02  3.210500e+02
     vertex  1.540500e+02  2.190000e+02  3.220500e+02
     vertex  1.520500e+02  2.190000e+02  3.220500e+02
   endloop
 endfacet
 facet normal -0.000000e+00 -1.000000e+00  0.000000e+00
   outer loop
     vertex  1.540500e+02  2.190000e+02  3.210500e+02
     vertex  1.520500e+02  2.190000e+02  3.220500e+02
     vertex  1.509500e+02  2.190000e+02  3.189500e+02
   endloop
 endfacet
 facet normal  0.000000e+00 -1.000000e+00  0.000000e+00
   outer loop
     vertex  1.470500e+02  2.190000e+02  3.139500e+02
     vertex  1.439500e+02  2.190000e+02  3.190500e+02
     vertex  1.429500e+02  2.190000e+02  3.190500e+02
   endloop
 endfacet
 facet normal -0.000000e+00 -1.000000e+00  0.000000e+00
   outer loop
     vertex  1.470500e+02  2.190000e+02  3.139500e+02
     vertex  1.429500e+02  2.190000e+02  3.190500e+02
     vertex  1.429500e+02  2.190000e+02  3.109500e+02
   endloop
 endfacet
 facet normal  0.000000e+00 -1.000000e+00  0.000000e+00
   outer loop
     vertex  1.470500e+02  2.190000e+02  3.139500e+02
     vertex  1.429500e+02  2.190000e+02  3.109500e+02
     vertex  1.439500e+02  2.190000e+02  3.109500e+02
   endloop
 endfacet
 facet normal  0.000000e+00 -1.000000e+00  0.000000e+00
   outer loop
     vertex  1.470500e+02  2.190000e+02  3.139500e+02
     vertex  1.480500e+02  2.190000e+02  3.170500e+02
     vertex  1.439500e+02  2.190000e+02  3.190500e+02
   endloop
 endfacet
 facet normal -0.000000e+00 -1.000000e+00  0.000000e+00
   outer loop
     vertex  1.470500e+02  2.190000e+02  3.130500e+02
     vertex  1.470500e+02  2.190000e+02  3.139500e+02
     vertex  1.439500e+02  2.190000e+02  3.109500e+02
   endloop
 endfacet
 facet normal  0.000000e+00 -1.000000e+00  0.000000e+00
   outer loop
     vertex  1.519500e+02  2.190000e+02  3.179500e+02
     vertex  1.509500e+02  2.190000e+02  3.189500e+02
     vertex  1.509500e+02  2.190000e+02  3.179500e+02
   endloop
 endfacet
 facet normal  0.000000e+00 -1.000000e+00  0.000000e+00
   outer loop
     vertex  1.519500e+02  2.190000e+02  3.179500e+02
     vertex  1.540500e+02  2.190000e+02  3.210500e+02
     vertex  1.509500e+02  2.190000e+02  3.189500e+02
   endloop
 endfacet
 facet normal  0.000000e+00 -1.000000e+00  0.000000e+00
   outer loop
     vertex  1.550500e+02  2.190000e+02  3.200500e+02
     vertex  1.550500e+02  2.190000e+02  3.210500e+02
     vertex  1.540500e+02  2.190000e+02  3.210500e+02
   endloop
 endfacet
 facet normal -0.000000e+00 -1.000000e+00  0.000000e+00
   outer loop
     vertex  1.550500e+02  2.190000e+02  3.200500e+02
     vertex  1.540500e+02  2.190000e+02  3.210500e+02
     vertex  1.519500e+02  2.190000e+02  3.179500e+02
   endloop
 endfacet
 facet normal  0.000000e+00 -1.000000e+00  0.000000e+00
   outer loop
     vertex  1.449500e+02  2.190000e+02  3.099500e+02
     vertex  1.439500e+02  2.190000e+02  3.109500e+02
     vertex  1.439500e+02  2.190000e+02  3.099500e+02
   endloop
 endfacet
 facet normal  0.000000e+00 -1.000000e+00  0.000000e+00
   outer loop
     vertex  1.449500e+02  2.190000e+02  3.099500e+02
     vertex  1.470500e+02  2.190000e+02  3.130500e+02
     vertex  1.439500e+02  2.190000e+02  3.109500e+02
   endloop
 endfacet
 facet normal -0.000000e+00 -1.000000e+00  0.000000e+00
   outer loop
     vertex  1.480500e+02  2.190000e+02  3.120500e+02
     vertex  1.470500e+02  2.190000e+02  3.130500e+02
     vertex  1.449500e+02  2.190000e+02  3.099500e+02
   endloop
 endfacet
 facet normal  0.000000e+00 -1.000000e+00  0.000000e+00
   outer loop
     vertex  1.480500e+02  2.190000e+02  3.120500e+02
     vertex  1.480500e+02  2.190000e+02  3.130500e+02
     vertex  1.470500e+02  2.190000e+02  3.130500e+02
   endloop
 endfacet
 facet normal  0.000000e+00 -1.000000e+00  0.000000e+00
   outer loop
     vertex  1.459500e+02  2.190000e+02  3.089500e+02
     vertex  1.480500e+02  2.190000e+02  3.120500e+02
     vertex  1.449500e+02  2.190000e+02  3.099500e+02
   endloop
 endfacet
 facet normal  0.000000e+00 -1.000000e+00  0.000000e+00
   outer loop
     vertex  1.459500e+02  2.190000e+02  3.089500e+02
     vertex  1.449500e+02  2.190000e+02  3.099500e+02
     vertex  1.449500e+02  2.190000e+02  3.089500e+02
   endloop
 endfacet
 facet normal -0.000000e+00 -1.000000e+00  0.000000e+00
   outer loop
     vertex  1.490500e+02  2.190000e+02  3.110500e+02
     vertex  1.480500e+02  2.190000e+02  3.120500e+02
     vertex  1.459500e+02  2.190000e+02  3.089500e+02
   endloop
 endfacet
 facet normal  0.000000e+00 -1.000000e+00  0.000000e+00
   outer loop
     vertex  1.490500e+02  2.190000e+02  3.110500e+02
     vertex  1.490500e+02  2.190000e+02  3.120500e+02
     vertex  1.480500e+02  2.190000e+02  3.120500e+02
   endloop
 endfacet
 facet normal  0.000000e+00 -1.000000e+00  0.000000e+00
   outer loop
     vertex  1.560500e+02  2.190000e+02  3.170500e+02
     vertex  1.560500e+02  2.190000e+02  3.200500e+02
     vertex  1.550500e+02  2.190000e+02  3.200500e+02
   endloop
 endfacet
 facet normal  0.000000e+00 -1.000000e+00  0.000000e+00
   outer loop
     vertex  1.560500e+02  2.190000e+02  3.170500e+02
     vertex  1.519500e+02  2.190000e+02  3.179500e+02
     vertex  1.519500e+02  2.190000e+02  3.170500e+02
   endloop
 endfacet
 facet normal  0.000000e+00 -1.000000e+00  0.000000e+00
   outer loop
     vertex  1.560500e+02  2.190000e+02  3.170500e+02
     vertex  1.550500e+02  2.190000e+02  3.200500e+02
     vertex  1.519500e+02  2.190000e+02  3.179500e+02
   endloop
 endfacet
 facet normal -0.000000e+00 -1.000000e+00  0.000000e+00
   outer loop
     vertex  1.519500e+02  2.190000e+02  3.120500e+02
     vertex  1.499500e+02  2.190000e+02  3.120500e+02
     vertex  1.499500e+02  2.190000e+02  3.110500e+02
   endloop
 endfacet
 facet normal  0.000000e+00 -1.000000e+00  0.000000e+00
   outer loop
     vertex  1.489500e+02  2.190000e+02  3.079500e+02
     vertex  1.490500e+02  2.190000e+02  3.110500e+02
     vertex  1.459500e+02  2.190000e+02  3.089500e+02
   endloop
 endfacet
 facet normal  0.000000e+00 -1.000000e+00  0.000000e+00
   outer loop
     vertex  1.489500e+02  2.190000e+02  3.079500e+02
     vertex  1.459500e+02  2.190000e+02  3.089500e+02
     vertex  1.459500e+02  2.190000e+02  3.079500e+02
   endloop
 endfacet
 facet normal  0.000000e+00 -1.000000e+00  0.000000e+00
   outer loop
     vertex  1.489500e+02  2.190000e+02  3.079500e+02
     vertex  1.499500e+02  2.190000e+02  3.110500e+02
     vertex  1.490500e+02  2.190000e+02  3.110500e+02
   endloop
 endfacet
 facet normal -0.000000e+00 -1.000000e+00  0.000000e+00
   outer loop
     vertex  1.560500e+02  2.190000e+02  3.130500e+02
     vertex  1.519500e+02  2.190000e+02  3.130500e+02
     vertex  1.519500e+02  2.190000e+02  3.120500e+02
   endloop
 endfacet
 facet normal -0.000000e+00 -1.000000e+00  0.000000e+00
   outer loop
     vertex  1.510500e+02  2.190000e+02  3.079500e+02
     vertex  1.489500e+02  2.190000e+02  3.079500e+02
     vertex  1.489500e+02  2.190000e+02  3.069500e+02
   endloop
 endfacet
 facet normal  0.000000e+00 -1.000000e+00  0.000000e+00
   outer loop
     vertex  1.510500e+02  2.190000e+02  3.079500e+02
     vertex  1.519500e+02  2.190000e+02  3.120500e+02
     vertex  1.499500e+02  2.190000e+02  3.110500e+02
   endloop
 endfacet
 facet normal  0.000000e+00 -1.000000e+00  0.000000e+00
   outer loop
     vertex  1.510500e+02  2.190000e+02  3.079500e+02
     vertex  1.499500e+02  2.190000e+02  3.110500e+02
     vertex  1.489500e+02  2.190000e+02  3.079500e+02
   endloop
 endfacet
 facet normal  0.000000e+00 -1.000000e+00  0.000000e+00
   outer loop
     vertex  1.570500e+02  2.190000e+02  3.139500e+02
     vertex  1.570500e+02  2.190000e+02  3.170500e+02
     vertex  1.560500e+02  2.190000e+02  3.170500e+02
   endloop
 endfacet
 facet normal  0.000000e+00 -1.000000e+00  0.000000e+00
   outer loop
     vertex  1.510500e+02  2.190000e+02  3.069500e+02
     vertex  1.510500e+02  2.190000e+02  3.079500e+02
     vertex  1.489500e+02  2.190000e+02  3.069500e+02
   endloop
 endfacet
 facet normal  0.000000e+00 -1.000000e+00  0.000000e+00
   outer loop
     vertex  1.550500e+02  2.190000e+02  3.099500e+02
     vertex  1.560500e+02  2.190000e+02  3.130500e+02
     vertex  1.519500e+02  2.190000e+02  3.120500e+02
   endloop
 endfacet
 facet normal -0.000000e+00 -1.000000e+00  0.000000e+00
   outer loop
     vertex  1.540500e+02  2.190000e+02  3.089500e+02
     vertex  1.519500e+02  2.190000e+02  3.120500e+02
     vertex  1.510500e+02  2.190000e+02  3.079500e+02
   endloop
 endfacet
 facet normal  0.000000e+00 -1.000000e+00  0.000000e+00
   outer loop
     vertex  1.540500e+02  2.190000e+02  3.089500e+02
     vertex  1.550500e+02  2.190000e+02  3.099500e+02
     vertex  1.519500e+02  2.190000e+02  3.120500e+02
   endloop
 endfacet
 facet normal  0.000000e+00 -1.000000e+00  0.000000e+00
   outer loop
     vertex  1.560500e+02  2.190000e+02  3.099500e+02
     vertex  1.560500e+02  2.190000e+02  3.130500e+02
     vertex  1.550500e+02  2.190000e+02  3.099500e+02
   endloop
 endfacet
 facet normal  0.000000e+00 -1.000000e+00  0.000000e+00
   outer loop
     vertex  1.550500e+02  2.190000e+02  3.089500e+02
     vertex  1.550500e+02  2.190000e+02  3.099500e+02
     vertex  1.540500e+02  2.190000e+02  3.089500e+02
   endloop
 endfacet
 facet normal  0.000000e+00 -1.000000e+00  0.000000e+00
   outer loop
     vertex  1.540500e+02  2.190000e+02  3.079500e+02
     vertex  1.540500e+02  2.190000e+02  3.089500e+02
     vertex  1.510500e+02  2.190000e+02  3.079500e+02
   endloop
 endfacet
 facet normal  0.000000e+00 -1.000000e+00  0.000000e+00
   outer loop
     vertex  1.470500e+02  2.190000e+02  3.139500e+02
     vertex  1.570500e+02  2.190000e+02  3.139500e+02
     vertex  1.560500e+02  2.190000e+02  3.170500e+02
   endloop
 endfacet
 facet normal  0.000000e+00 -1.000000e+00  0.000000e+00
   outer loop
     vertex  1.470500e+02  2.190000e+02  3.139500e+02
     vertex  1.560500e+02  2.190000e+02  3.170500e+02
     vertex  1.519500e+02  2.190000e+02  3.170500e+02
   endloop
 endfacet
 facet normal  0.000000e+00 -1.000000e+00  0.000000e+00
   outer loop
     vertex  1.470500e+02  2.190000e+02  3.139500e+02
     vertex  1.519500e+02  2.190000e+02  3.170500e+02
     vertex  1.480500e+02  2.190000e+02  3.170500e+02
   endloop
 endfacet
 facet normal  0.000000e+00  0.000000e+00  1.000000e+00
   outer loop
     vertex  1.439500e+02  2.200000e+02  3.190500e+02
     vertex  1.429500e+02  2.200000e+02  3.190500e+02
     vertex  1.429500e+02  2.190000e+02  3.190500e+02
   endloop
 endfacet
 facet normal  0.000000e+00  0.000000e+00  1.000000e+00
   outer loop
     vertex  1.439500e+02  2.200000e+02  3.190500e+02
     vertex  1.429500e+02  2.190000e+02  3.190500e+02
     vertex  1.439500e+02  2.190000e+02  3.190500e+02
   endloop
 endfacet
 facet normal -0.000000e+00  0.000000e+00 -1.000000e+00
   outer loop
     vertex  1.439500e+02  2.200000e+02  3.109500e+02
     vertex  1.429500e+02  2.190000e+02  3.109500e+02
     vertex  1.429500e+02  2.200000e+02  3.109500e+02
   endloop
 endfacet
 facet normal  0.000000e+00 -0.000000e+00 -1.000000e+00
   outer loop
     vertex  1.439500e+02  2.200000e+02  3.109500e+02
     vertex  1.439500e+02  2.190000e+02  3.109500e+02
     vertex  1.429500e+02  2.190000e+02  3.109500e+02
   endloop
 endfacet
 facet normal -1.000000e+00  0.000000e+00  0.000000e+00
   outer loop
     vertex  1.439500e+02  2.190000e+02  3.109500e+02
     vertex  1.439500e+02  2.200000e+02  3.099500e+02
     vertex  1.439500e+02  2.190000e+02  3.099500e+02
   endloop
 endfacet
 facet normal -1.000000e+00  0.000000e+00  0.000000e+00
   outer loop
     vertex  1.439500e+02  2.190000e+02  3.109500e+02
     vertex  1.439500e+02  2.200000e+02  3.109500e+02
     vertex  1.439500e+02  2.200000e+02  3.099500e+02
   endloop
 endfacet
 facet normal -0.000000e+00  0.000000e+00 -1.000000e+00
   outer loop
     vertex  1.449500e+02  2.200000e+02  3.099500e+02
     vertex  1.439500e+02  2.190000e+02  3.099500e+02
     vertex  1.439500e+02  2.200000e+02  3.099500e+02
   endloop
 endfacet
 facet normal  0.000000e+00 -0.000000e+00 -1.000000e+00
   outer loop
     vertex  1.449500e+02  2.200000e+02  3.099500e+02
     vertex  1.449500e+02  2.190000e+02  3.099500e+02
     vertex  1.439500e+02  2.190000e+02  3.099500e+02
   endloop
 endfacet
 facet normal -1.000000e+00  0.000000e+00  0.000000e+00
   outer loop
     vertex  1.449500e+02  2.190000e+02  3.099500e+02
     vertex  1.449500e+02  2.200000e+02  3.089500e+02
     vertex  1.449500e+02  2.190000e+02  3.089500e+02
   endloop
 endfacet
 facet normal -1.000000e+00  0.000000e+00  0.000000e+00
   outer loop
     vertex  1.449500e+02  2.190000e+02  3.099500e+02
     vertex  1.449500e+02  2.200000e+02  3.099500e+02
     vertex  1.449500e+02  2.200000e+02  3.089500e+02
   endloop
 endfacet
 facet normal -0.000000e+00  0.000000e+00 -1.000000e+00
   outer loop
     vertex  1.459500e+02  2.200000e+02  3.089500e+02
     vertex  1.449500e+02  2.190000e+02  3.089500e+02
     vertex  1.449500e+02  2.200000e+02  3.089500e+02
   endloop
 endfacet
 facet normal  0.000000e+00 -0.000000e+00 -1.000000e+00
   outer loop
     vertex  1.459500e+02  2.200000e+02  3.089500e+02
     vertex  1.459500e+02  2.190000e+02  3.089500e+02
     vertex  1.449500e+02  2.190000e+02  3.089500e+02
   endloop
 endfacet
 facet normal -1.000000e+00  0.000000e+00  0.000000e+00
   outer loop
     vertex  1.459500e+02  2.190000e+02  3.089500e+02
     vertex  1.459500e+02  2.200000e+02  3.079500e+02
     vertex  1.459500e+02  2.190000e+02  3.079500e+02
   endloop
 endfacet
 facet normal -1.000000e+00  0.000000e+00  0.000000e+00
   outer loop
     vertex  1.459500e+02  2.190000e+02  3.089500e+02
     vertex  1.459500e+02  2.200000e+02  3.089500e+02
     vertex  1.459500e+02  2.200000e+02  3.079500e+02
   endloop
 endfacet
 facet normal -0.000000e+00  0.000000e+00 -1.000000e+00
   outer loop
     vertex  1.489500e+02  2.200000e+02  3.079500e+02
     vertex  1.459500e+02  2.190000e+02  3.079500e+02
     vertex  1.459500e+02  2.200000e+02  3.079500e+02
   endloop
 endfacet
 facet normal  0.000000e+00 -0.000000e+00 -1.000000e+00
   outer loop
     vertex  1.489500e+02  2.200000e+02  3.079500e+02
     vertex  1.489500e+02  2.190000e+02  3.079500e+02
     vertex  1.459500e+02  2.190000e+02  3.079500e+02
   endloop
 endfacet
 facet normal -1.000000e+00  0.000000e+00  0.000000e+00
   outer loop
     vertex  1.489500e+02  2.190000e+02  3.079500e+02
     vertex  1.489500e+02  2.200000e+02  3.069500e+02
     vertex  1.489500e+02  2.190000e+02  3.069500e+02
   endloop
 endfacet
 facet normal -1.000000e+00  0.000000e+00  0.000000e+00
   outer loop
     vertex  1.489500e+02  2.190000e+02  3.079500e+02
     vertex  1.489500e+02  2.200000e+02  3.079500e+02
     vertex  1.489500e+02  2.200000e+02  3.069500e+02
   endloop
 endfacet
 facet normal -0.000000e+00  0.000000e+00 -1.000000e+00
   outer loop
     vertex  1.510500e+02  2.200000e+02  3.069500e+02
     vertex  1.489500e+02  2.190000e+02  3.069500e+02
     vertex  1.489500e+02  2.200000e+02  3.069500e+02
   endloop
 endfacet
 facet normal  0.000000e+00 -0.000000e+00 -1.000000e+00
   outer loop
     vertex  1.510500e+02  2.200000e+02  3.069500e+02
     vertex  1.510500e+02  2.190000e+02  3.069500e+02
     vertex  1.489500e+02  2.190000e+02  3.069500e+02
   endloop
 endfacet
 facet normal -0.000000e+00  0.000000e+00 -1.000000e+00
   outer loop
     vertex  1.560500e+02  2.200000e+02  3.099500e+02
     vertex  1.550500e+02  2.190000e+02  3.099500e+02
     vertex  1.550500e+02  2.200000e+02  3.099500e+02
   endloop
 endfacet
 facet normal  0.000000e+00 -0.000000e+00 -1.000000e+00
   outer loop
     vertex  1.560500e+02  2.200000e+02  3.099500e+02
     vertex  1.560500e+02  2.190000e+02  3.099500e+02
     vertex  1.550500e+02  2.190000e+02  3.099500e+02
   endloop
 endfacet
 facet normal  1.000000e+00  0.000000e+00  0.000000e+00
   outer loop
     vertex  1.550500e+02  2.190000e+02  3.099500e+02
     vertex  1.550500e+02  2.190000e+02  3.089500e+02
     vertex  1.550500e+02  2.200000e+02  3.089500e+02
   endloop
 endfacet
 facet normal  1.000000e+00 -0.000000e+00  0.000000e+00
   outer loop
     vertex  1.550500e+02  2.190000e+02  3.099500e+02
     vertex  1.550500e+02  2.200000e+02  3.089500e+02
     vertex  1.550500e+02  2.200000e+02  3.099500e+02
   endloop
 endfacet
 facet normal -0.000000e+00  0.000000e+00 -1.000000e+00
   outer loop
     vertex  1.550500e+02  2.200000e+02  3.089500e+02
     vertex  1.540500e+02  2.190000e+02  3.089500e+02
     vertex  1.540500e+02  2.200000e+02  3.089500e+02
   endloop
 endfacet
 facet normal  0.000000e+00 -0.000000e+00 -1.000000e+00
   outer loop
     vertex  1.550500e+02  2.200000e+02  3.089500e+02
     vertex  1.550500e+02  2.190000e+02  3.089500e+02
     vertex  1.540500e+02  2.190000e+02  3.089500e+02
   endloop
 endfacet
 facet normal  1.000000e+00  0.000000e+00  0.000000e+00
   outer loop
     vertex  1.540500e+02  2.190000e+02  3.089500e+02
     vertex  1.540500e+02  2.190000e+02  3.079500e+02
     vertex  1.540500e+02  2.200000e+02  3.079500e+02
   endloop
 endfacet
 facet normal  1.000000e+00 -0.000000e+00  0.000000e+00
   outer loop
     vertex  1.540500e+02  2.190000e+02  3.089500e+02
     vertex  1.540500e+02  2.200000e+02  3.079500e+02
     vertex  1.540500e+02  2.200000e+02  3.089500e+02
   endloop
 endfacet
 facet normal -0.000000e+00  0.000000e+00 -1.000000e+00
   outer loop
     vertex  1.540500e+02  2.200000e+02  3.079500e+02
     vertex  1.510500e+02  2.190000e+02  3.079500e+02
     vertex  1.510500e+02  2.200000e+02  3.079500e+02
   endloop
 endfacet
 facet normal  0.000000e+00 -0.000000e+00 -1.000000e+00
   outer loop
     vertex  1.540500e+02  2.200000e+02  3.079500e+02
     vertex  1.540500e+02  2.190000e+02  3.079500e+02
     vertex  1.510500e+02  2.190000e+02  3.079500e+02
   endloop
 endfacet
 facet normal  1.000000e+00  0.000000e+00  0.000000e+00
   outer loop
     vertex  1.510500e+02  2.190000e+02  3.079500e+02
     vertex  1.510500e+02  2.190000e+02  3.069500e+02
     vertex  1.510500e+02  2.200000e+02  3.069500e+02
   endloop
 endfacet
 facet normal  1.000000e+00 -0.000000e+00  0.000000e+00
   outer loop
     vertex  1.510500e+02  2.190000e+02  3.079500e+02
     vertex  1.510500e+02  2.200000e+02  3.069500e+02
     vertex  1.510500e+02  2.200000e+02  3.079500e+02
   endloop
 endfacet
 facet normal  0.000000e+00  0.000000e+00 -1.000000e+00
   outer loop
     vertex  1.570500e+02  2.190000e+02  3.139500e+02
     vertex  1.470500e+02  2.190000e+02  3.139500e+02
     vertex  1.470500e+02  2.200000e+02  3.139500e+02
   endloop
 endfacet
 facet normal -0.000000e+00 -0.000000e+00 -1.000000e+00
   outer loop
     vertex  1.570500e+02  2.200000e+02  3.139500e+02
     vertex  1.570500e+02  2.190000e+02  3.139500e+02
     vertex  1.470500e+02  2.200000e+02  3.139500e+02
   endloop
 endfacet
 facet normal  1.000000e+00  0.000000e+00  0.000000e+00
   outer loop
     vertex  1.470500e+02  2.190000e+02  3.139500e+02
     vertex  1.470500e+02  2.190000e+02  3.130500e+02
     vertex  1.470500e+02  2.200000e+02  3.130500e+02
   endloop
 endfacet
 facet normal  1.000000e+00 -0.000000e+00  0.000000e+00
   outer loop
     vertex  1.470500e+02  2.190000e+02  3.139500e+02
     vertex  1.470500e+02  2.200000e+02  3.130500e+02
     vertex  1.470500e+02  2.200000e+02  3.139500e+02
   endloop
 endfacet
 facet normal  0.000000e+00  0.000000e+00  1.000000e+00
   outer loop
     vertex  1.480500e+02  2.200000e+02  3.130500e+02
     vertex  1.470500e+02  2.200000e+02  3.130500e+02
     vertex  1.470500e+02  2.190000e+02  3.130500e+02
   endloop
 endfacet
 facet normal  0.000000e+00  0.000000e+00  1.000000e+00
   outer loop
     vertex  1.480500e+02  2.200000e+02  3.130500e+02
     vertex  1.470500e+02  2.190000e+02  3.130500e+02
     vertex  1.480500e+02  2.190000e+02  3.130500e+02
   endloop
 endfacet
 facet normal  1.000000e+00  0.000000e+00  0.000000e+00
   outer loop
     vertex  1.480500e+02  2.190000e+02  3.130500e+02
     vertex  1.480500e+02  2.190000e+02  3.120500e+02
     vertex  1.480500e+02  2.200000e+02  3.120500e+02
   endloop
 endfacet
 facet normal  1.000000e+00 -0.000000e+00  0.000000e+00
   outer loop
     vertex  1.480500e+02  2.190000e+02  3.130500e+02
     vertex  1.480500e+02  2.200000e+02  3.120500e+02
     vertex  1.480500e+02  2.200000e+02  3.130500e+02
   endloop
 endfacet
 facet normal  0.000000e+00  0.000000e+00  1.000000e+00
   outer loop
     vertex  1.490500e+02  2.200000e+02  3.120500e+02
     vertex  1.480500e+02  2.200000e+02  3.120500e+02
     vertex  1.480500e+02  2.190000e+02  3.120500e+02
   endloop
 endfacet
 facet normal  0.000000e+00  0.000000e+00  1.000000e+00
   outer loop
     vertex  1.490500e+02  2.200000e+02  3.120500e+02
     vertex  1.480500e+02  2.190000e+02  3.120500e+02
     vertex  1.490500e+02  2.190000e+02  3.120500e+02
   endloop
 endfacet
 facet normal  1.000000e+00  0.000000e+00  0.000000e+00
   outer loop
     vertex  1.490500e+02  2.190000e+02  3.120500e+02
     vertex  1.490500e+02  2.190000e+02  3.110500e+02
     vertex  1.490500e+02  2.200000e+02  3.110500e+02
   endloop
 endfacet
 facet normal  1.000000e+00 -0.000000e+00  0.000000e+00
   outer loop
     vertex  1.490500e+02  2.190000e+02  3.120500e+02
     vertex  1.490500e+02  2.200000e+02  3.110500e+02
     vertex  1.490500e+02  2.200000e+02  3.120500e+02
   endloop
 endfacet
 facet normal  0.000000e+00  0.000000e+00  1.000000e+00
   outer loop
     vertex  1.499500e+02  2.200000e+02  3.110500e+02
     vertex  1.490500e+02  2.200000e+02  3.110500e+02
     vertex  1.490500e+02  2.190000e+02  3.110500e+02
   endloop
 endfacet
 facet normal  0.000000e+00  0.000000e+00  1.000000e+00
   outer loop
     vertex  1.499500e+02  2.200000e+02  3.110500e+02
     vertex  1.490500e+02  2.190000e+02  3.110500e+02
     vertex  1.499500e+02  2.190000e+02  3.110500e+02
   endloop
 endfacet
 facet normal -1.000000e+00  0.000000e+00  0.000000e+00
   outer loop
     vertex  1.499500e+02  2.190000e+02  3.120500e+02
     vertex  1.499500e+02  2.200000e+02  3.110500e+02
     vertex  1.499500e+02  2.190000e+02  3.110500e+02
   endloop
 endfacet
 facet normal -1.000000e+00  0.000000e+00  0.000000e+00
   outer loop
     vertex  1.499500e+02  2.190000e+02  3.120500e+02
     vertex  1.499500e+02  2.200000e+02  3.120500e+02
     vertex  1.499500e+02  2.200000e+02  3.110500e+02
   endloop
 endfacet
 facet normal  0.000000e+00  0.000000e+00  1.000000e+00
   outer loop
     vertex  1.519500e+02  2.200000e+02  3.120500e+02
     vertex  1.499500e+02  2.200000e+02  3.120500e+02
     vertex  1.499500e+02  2.190000e+02  3.120500e+02
   endloop
 endfacet
 facet normal  0.000000e+00  0.000000e+00  1.000000e+00
   outer loop
     vertex  1.519500e+02  2.200000e+02  3.120500e+02
     vertex  1.499500e+02  2.190000e+02  3.120500e+02
     vertex  1.519500e+02  2.190000e+02  3.120500e+02
   endloop
 endfacet
 facet normal -1.000000e+00  0.000000e+00  0.000000e+00
   outer loop
     vertex  1.519500e+02  2.190000e+02  3.130500e+02
     vertex  1.519500e+02  2.200000e+02  3.120500e+02
     vertex  1.519500e+02  2.190000e+02  3.120500e+02
   endloop
 endfacet
 facet normal -1.000000e+00  0.000000e+00  0.000000e+00
   outer loop
     vertex  1.519500e+02  2.190000e+02  3.130500e+02
     vertex  1.519500e+02  2.200000e+02  3.130500e+02
     vertex  1.519500e+02  2.200000e+02  3.120500e+02
   endloop
 endfacet
 facet normal  0.000000e+00  0.000000e+00  1.000000e+00
   outer loop
     vertex  1.560500e+02  2.200000e+02  3.130500e+02
     vertex  1.519500e+02  2.200000e+02  3.130500e+02
     vertex  1.519500e+02  2.190000e+02  3.130500e+02
   endloop
 endfacet
 facet normal  0.000000e+00  0.000000e+00  1.000000e+00
   outer loop
     vertex  1.560500e+02  2.200000e+02  3.130500e+02
     vertex  1.519500e+02  2.190000e+02  3.130500e+02
     vertex  1.560500e+02  2.190000e+02  3.130500e+02
   endloop
 endfacet
 facet normal  0.000000e+00  0.000000e+00  1.000000e+00
   outer loop
     vertex  1.570500e+02  2.200000e+02  3.170500e+02
     vertex  1.560500e+02  2.200000e+02  3.170500e+02
     vertex  1.560500e+02  2.190000e+02  3.170500e+02
   endloop
 endfacet
 facet normal  0.000000e+00  0.000000e+00  1.000000e+00
   outer loop
     vertex  1.570500e+02  2.200000e+02  3.170500e+02
     vertex  1.560500e+02  2.190000e+02  3.170500e+02
     vertex  1.570500e+02  2.190000e+02  3.170500e+02
   endloop
 endfacet
 facet normal -0.000000e+00  0.000000e+00 -1.000000e+00
   outer loop
     vertex  1.509500e+02  2.200000e+02  3.189500e+02
     vertex  1.480500e+02  2.190000e+02  3.189500e+02
     vertex  1.480500e+02  2.200000e+02  3.189500e+02
   endloop
 endfacet
 facet normal  0.000000e+00 -0.000000e+00 -1.000000e+00
   outer loop
     vertex  1.509500e+02  2.200000e+02  3.189500e+02
     vertex  1.509500e+02  2.190000e+02  3.189500e+02
     vertex  1.480500e+02  2.190000e+02  3.189500e+02
   endloop
 endfacet
 facet normal -1.000000e+00  0.000000e+00  0.000000e+00
   outer loop
     vertex  1.509500e+02  2.190000e+02  3.189500e+02
     vertex  1.509500e+02  2.200000e+02  3.179500e+02
     vertex  1.509500e+02  2.190000e+02  3.179500e+02
   endloop
 endfacet
 facet normal -1.000000e+00  0.000000e+00  0.000000e+00
   outer loop
     vertex  1.509500e+02  2.190000e+02  3.189500e+02
     vertex  1.509500e+02  2.200000e+02  3.189500e+02
     vertex  1.509500e+02  2.200000e+02  3.179500e+02
   endloop
 endfacet
 facet normal -0.000000e+00  0.000000e+00 -1.000000e+00
   outer loop
     vertex  1.519500e+02  2.200000e+02  3.179500e+02
     vertex  1.509500e+02  2.190000e+02  3.179500e+02
     vertex  1.509500e+02  2.200000e+02  3.179500e+02
   endloop
 endfacet
 facet normal  0.000000e+00 -0.000000e+00 -1.000000e+00
   outer loop
     vertex  1.519500e+02  2.200000e+02  3.179500e+02
     vertex  1.519500e+02  2.190000e+02  3.179500e+02
     vertex  1.509500e+02  2.190000e+02  3.179500e+02
   endloop
 endfacet
 facet normal -1.000000e+00  0.000000e+00  0.000000e+00
   outer loop
     vertex  1.519500e+02  2.190000e+02  3.179500e+02
     vertex  1.519500e+02  2.200000e+02  3.170500e+02
     vertex  1.519500e+02  2.190000e+02  3.170500e+02
   endloop
 endfacet
 facet normal -1.000000e+00  0.000000e+00  0.000000e+00
   outer loop
     vertex  1.519500e+02  2.190000e+02  3.179500e+02
     vertex  1.519500e+02  2.200000e+02  3.179500e+02
     vertex  1.519500e+02  2.200000e+02  3.170500e+02
   endloop
 endfacet
 facet normal  0.000000e+00  0.000000e+00  1.000000e+00
   outer loop
     vertex  1.519500e+02  2.200000e+02  3.170500e+02
     vertex  1.480500e+02  2.200000e+02  3.170500e+02
     vertex  1.480500e+02  2.190000e+02  3.170500e+02
   endloop
 endfacet
 facet normal  0.000000e+00  0.000000e+00  1.000000e+00
   outer loop
     vertex  1.519500e+02  2.200000e+02  3.170500e+02
     vertex  1.480500e+02  2.190000e+02  3.170500e+02
     vertex  1.519500e+02  2.190000e+02  3.170500e+02
   endloop
 endfacet
 facet normal  0.000000e+00  1.000000e+00  0.000000e+00
   outer loop
     vertex  1.449500e+02  2.200000e+02  3.099500e+02
     vertex  1.459500e+02  2.200000e+02  3.089500e+02
     vertex  1.449500e+02  2.200000e+02  3.089500e+02
   endloop
 endfacet
 facet normal  0.000000e+00  1.000000e+00  0.000000e+00
   outer loop
     vertex  1.439500e+02  2.200000e+02  3.109500e+02
     vertex  1.449500e+02  2.200000e+02  3.099500e+02
     vertex  1.439500e+02  2.200000e+02  3.099500e+02
   endloop
 endfacet
 facet normal  0.000000e+00  1.000000e+00  0.000000e+00
   outer loop
     vertex  1.489500e+02  2.200000e+02  3.079500e+02
     vertex  1.459500e+02  2.200000e+02  3.079500e+02
     vertex  1.459500e+02  2.200000e+02  3.089500e+02
   endloop
 endfacet
 facet normal  0.000000e+00  1.000000e+00  0.000000e+00
   outer loop
     vertex  1.510500e+02  2.200000e+02  3.079500e+02
     vertex  1.510500e+02  2.200000e+02  3.069500e+02
     vertex  1.489500e+02  2.200000e+02  3.069500e+02
   endloop
 endfacet
 facet normal  0.000000e+00  1.000000e+00  0.000000e+00
   outer loop
     vertex  1.510500e+02  2.200000e+02  3.079500e+02
     vertex  1.489500e+02  2.200000e+02  3.069500e+02
     vertex  1.489500e+02  2.200000e+02  3.079500e+02
   endloop
 endfacet
 facet normal  0.000000e+00  1.000000e+00  0.000000e+00
   outer loop
     vertex  1.490500e+02  2.200000e+02  3.110500e+02
     vertex  1.489500e+02  2.200000e+02  3.079500e+02
     vertex  1.459500e+02  2.200000e+02  3.089500e+02
   endloop
 endfacet
 facet normal  0.000000e+00  1.000000e+00  0.000000e+00
   outer loop
     vertex  1.480500e+02  2.200000e+02  3.120500e+02
     vertex  1.459500e+02  2.200000e+02  3.089500e+02
     vertex  1.449500e+02  2.200000e+02  3.099500e+02
   endloop
 endfacet
 facet normal  0.000000e+00  1.000000e+00  0.000000e+00
   outer loop
     vertex  1.480500e+02  2.200000e+02  3.120500e+02
     vertex  1.490500e+02  2.200000e+02  3.110500e+02
     vertex  1.459500e+02  2.200000e+02  3.089500e+02
   endloop
 endfacet
 facet normal  0.000000e+00  1.000000e+00  0.000000e+00
   outer loop
     vertex  1.470500e+02  2.200000e+02  3.130500e+02
     vertex  1.449500e+02  2.200000e+02  3.099500e+02
     vertex  1.439500e+02  2.200000e+02  3.109500e+02
   endloop
 endfacet
 facet normal  0.000000e+00  1.000000e+00  0.000000e+00
   outer loop
     vertex  1.470500e+02  2.200000e+02  3.130500e+02
     vertex  1.480500e+02  2.200000e+02  3.120500e+02
     vertex  1.449500e+02  2.200000e+02  3.099500e+02
   endloop
 endfacet
 facet normal  0.000000e+00  1.000000e+00  0.000000e+00
   outer loop
     vertex  1.470500e+02  2.200000e+02  3.139500e+02
     vertex  1.439500e+02  2.200000e+02  3.109500e+02
     vertex  1.429500e+02  2.200000e+02  3.109500e+02
   endloop
 endfacet
 facet normal  0.000000e+00  1.000000e+00  0.000000e+00
   outer loop
     vertex  1.470500e+02  2.200000e+02  3.139500e+02
     vertex  1.470500e+02  2.200000e+02  3.130500e+02
     vertex  1.439500e+02  2.200000e+02  3.109500e+02
   endloop
 endfacet
 facet normal  0.000000e+00  1.000000e+00  0.000000e+00
   outer loop
     vertex  1.499500e+02  2.200000e+02  3.110500e+02
     vertex  1.510500e+02  2.200000e+02  3.079500e+02
     vertex  1.489500e+02  2.200000e+02  3.079500e+02
   endloop
 endfacet
 facet normal  0.000000e+00  1.000000e+00  0.000000e+00
   outer loop
     vertex  1.499500e+02  2.200000e+02  3.110500e+02
     vertex  1.489500e+02  2.200000e+02  3.079500e+02
     vertex  1.490500e+02  2.200000e+02  3.110500e+02
   endloop
 endfacet
 facet normal  0.000000e+00  1.000000e+00  0.000000e+00
   outer loop
     vertex  1.490500e+02  2.200000e+02  3.120500e+02
     vertex  1.490500e+02  2.200000e+02  3.110500e+02
     vertex  1.480500e+02  2.200000e+02  3.120500e+02
   endloop
 endfacet
 facet normal  0.000000e+00  1.000000e+00  0.000000e+00
   outer loop
     vertex  1.480500e+02  2.200000e+02  3.130500e+02
     vertex  1.480500e+02  2.200000e+02  3.120500e+02
     vertex  1.470500e+02  2.200000e+02  3.130500e+02
   endloop
 endfacet
 facet normal  0.000000e+00  1.000000e+00  0.000000e+00
   outer loop
     vertex  1.429500e+02  2.200000e+02  3.190500e+02
     vertex  1.470500e+02  2.200000e+02  3.139500e+02
     vertex  1.429500e+02  2.200000e+02  3.109500e+02
   endloop
 endfacet
 facet normal  0.000000e+00  1.000000e+00  0.000000e+00
   outer loop
     vertex  1.540500e+02  2.200000e+02  3.089500e+02
     vertex  1.540500e+02  2.200000e+02  3.079500e+02
     vertex  1.510500e+02  2.200000e+02  3.079500e+02
   endloop
 endfacet
 facet normal  0.000000e+00  1.000000e+00  0.000000e+00
   outer loop
     vertex  1.439500e+02  2.200000e+02  3.190500e+02
     vertex  1.470500e+02  2.200000e+02  3.139500e+02
     vertex  1.429500e+02  2.200000e+02  3.190500e+02
   endloop
 endfacet
 facet normal  0.000000e+00  1.000000e+00  0.000000e+00
   outer loop
     vertex  1.519500e+02  2.200000e+02  3.120500e+02
     vertex  1.499500e+02  2.200000e+02  3.110500e+02
     vertex  1.499500e+02  2.200000e+02  3.120500e+02
   endloop
 endfacet
 facet normal  0.000000e+00  1.000000e+00  0.000000e+00
   outer loop
     vertex  1.519500e+02  2.200000e+02  3.120500e+02
     vertex  1.510500e+02  2.200000e+02  3.079500e+02
     vertex  1.499500e+02  2.200000e+02  3.110500e+02
   endloop
 endfacet
 facet normal  0.000000e+00  1.000000e+00  0.000000e+00
   outer loop
     vertex  1.519500e+02  2.200000e+02  3.120500e+02
     vertex  1.540500e+02  2.200000e+02  3.089500e+02
     vertex  1.510500e+02  2.200000e+02  3.079500e+02
   endloop
 endfacet
 facet normal  0.000000e+00  1.000000e+00  0.000000e+00
   outer loop
     vertex  1.550500e+02  2.200000e+02  3.099500e+02
     vertex  1.550500e+02  2.200000e+02  3.089500e+02
     vertex  1.540500e+02  2.200000e+02  3.089500e+02
   endloop
 endfacet
 facet normal  0.000000e+00  1.000000e+00  0.000000e+00
   outer loop
     vertex  1.550500e+02  2.200000e+02  3.099500e+02
     vertex  1.540500e+02  2.200000e+02  3.089500e+02
     vertex  1.519500e+02  2.200000e+02  3.120500e+02
   endloop
 endfacet
 facet normal  0.000000e+00  1.000000e+00  0.000000e+00
   outer loop
     vertex  1.480500e+02  2.200000e+02  3.170500e+02
     vertex  1.470500e+02  2.200000e+02  3.139500e+02
     vertex  1.439500e+02  2.200000e+02  3.190500e+02
   endloop
 endfacet
 facet normal  0.000000e+00  1.000000e+00  0.000000e+00
   outer loop
     vertex  1.449500e+02  2.200000e+02  3.210500e+02
     vertex  1.439500e+02  2.200000e+02  3.190500e+02
     vertex  1.439500e+02  2.200000e+02  3.210500e+02
   endloop
 endfacet
 facet normal  0.000000e+00  1.000000e+00  0.000000e+00
   outer loop
     vertex  1.480500e+02  2.200000e+02  3.189500e+02
     vertex  1.439500e+02  2.200000e+02  3.190500e+02
     vertex  1.449500e+02  2.200000e+02  3.210500e+02
   endloop
 endfacet
 facet normal  0.000000e+00  1.000000e+00  0.000000e+00
   outer loop
     vertex  1.480500e+02  2.200000e+02  3.189500e+02
     vertex  1.480500e+02  2.200000e+02  3.170500e+02
     vertex  1.439500e+02  2.200000e+02  3.190500e+02
   endloop
 endfacet
 facet normal  0.000000e+00  1.000000e+00  0.000000e+00
   outer loop
     vertex  1.469500e+02  2.200000e+02  3.220500e+02
     vertex  1.480500e+02  2.200000e+02  3.189500e+02
     vertex  1.449500e+02  2.200000e+02  3.210500e+02
   endloop
 endfacet
 facet normal  0.000000e+00  1.000000e+00  0.000000e+00
   outer loop
     vertex  1.469500e+02  2.200000e+02  3.220500e+02
     vertex  1.449500e+02  2.200000e+02  3.210500e+02
     vertex  1.449500e+02  2.200000e+02  3.220500e+02
   endloop
 endfacet
 facet normal  0.000000e+00  1.000000e+00  0.000000e+00
   outer loop
     vertex  1.560500e+02  2.200000e+02  3.130500e+02
     vertex  1.550500e+02  2.200000e+02  3.099500e+02
     vertex  1.519500e+02  2.200000e+02  3.120500e+02
   endloop
 endfacet
 facet normal  0.000000e+00  1.000000e+00  0.000000e+00
   outer loop
     vertex  1.560500e+02  2.200000e+02  3.130500e+02
     vertex  1.519500e+02  2.200000e+02  3.120500e+02
     vertex  1.519500e+02  2.200000e+02  3.130500e+02
   endloop
 endfacet
 facet normal  0.000000e+00  1.000000e+00  0.000000e+00
   outer loop
     vertex  1.560500e+02  2.200000e+02  3.130500e+02
     vertex  1.560500e+02  2.200000e+02  3.099500e+02
     vertex  1.550500e+02  2.200000e+02  3.099500e+02
   endloop
 endfacet
 facet normal  0.000000e+00  1.000000e+00  0.000000e+00
   outer loop
     vertex  1.509500e+02  2.200000e+02  3.189500e+02
     vertex  1.519500e+02  2.200000e+02  3.179500e+02
     vertex  1.509500e+02  2.200000e+02  3.179500e+02
   endloop
 endfacet
 facet normal  0.000000e+00  1.000000e+00  0.000000e+00
   outer loop
     vertex  1.560500e+02  2.200000e+02  3.170500e+02
     vertex  1.519500e+02  2.200000e+02  3.170500e+02
     vertex  1.519500e+02  2.200000e+02  3.179500e+02
   endloop
 endfacet
 facet normal  0.000000e+00  1.000000e+00  0.000000e+00
   outer loop
     vertex  1.570500e+02  2.200000e+02  3.170500e+02
     vertex  1.570500e+02  2.200000e+02  3.139500e+02
     vertex  1.560500e+02  2.200000e+02  3.170500e+02
   endloop
 endfacet
 facet normal  0.000000e+00  1.000000e+00  0.000000e+00
   outer loop
     vertex  1.520500e+02  2.200000e+02  3.220500e+02
     vertex  1.480500e+02  2.200000e+02  3.189500e+02
     vertex  1.469500e+02  2.200000e+02  3.220500e+02
   endloop
 endfacet
 facet normal  0.000000e+00  1.000000e+00  0.000000e+00
   outer loop
     vertex  1.520500e+02  2.200000e+02  3.220500e+02
     vertex  1.509500e+02  2.200000e+02  3.189500e+02
     vertex  1.480500e+02  2.200000e+02  3.189500e+02
   endloop
 endfacet
 facet normal  0.000000e+00  1.000000e+00  0.000000e+00
   outer loop
     vertex  1.540500e+02  2.200000e+02  3.210500e+02
     vertex  1.519500e+02  2.200000e+02  3.179500e+02
     vertex  1.509500e+02  2.200000e+02  3.189500e+02
   endloop
 endfacet
 facet normal  0.000000e+00  1.000000e+00  0.000000e+00
   outer loop
     vertex  1.540500e+02  2.200000e+02  3.210500e+02
     vertex  1.509500e+02  2.200000e+02  3.189500e+02
     vertex  1.520500e+02  2.200000e+02  3.220500e+02
   endloop
 endfacet
 facet normal  0.000000e+00  1.000000e+00  0.000000e+00
   outer loop
     vertex  1.520500e+02  2.200000e+02  3.230500e+02
     vertex  1.520500e+02  2.200000e+02  3.220500e+02
     vertex  1.469500e+02  2.200000e+02  3.220500e+02
   endloop
 endfacet
 facet normal  0.000000e+00  1.000000e+00  0.000000e+00
   outer loop
     vertex  1.520500e+02  2.200000e+02  3.230500e+02
     vertex  1.469500e+02  2.200000e+02  3.220500e+02
     vertex  1.469500e+02  2.200000e+02  3.230500e+02
   endloop
 endfacet
 facet normal  0.000000e+00  1.000000e+00  0.000000e+00
   outer loop
     vertex  1.550500e+02  2.200000e+02  3.200500e+02
     vertex  1.560500e+02  2.200000e+02  3.170500e+02
     vertex  1.519500e+02  2.200000e+02  3.179500e+02
   endloop
 endfacet
 facet normal  0.000000e+00  1.000000e+00  0.000000e+00
   outer loop
     vertex  1.550500e+02  2.200000e+02  3.200500e+02
     vertex  1.519500e+02  2.200000e+02  3.179500e+02
     vertex  1.540500e+02  2.200000e+02  3.210500e+02
   endloop
 endfacet
 facet normal  0.000000e+00  1.000000e+00  0.000000e+00
   outer loop
     vertex  1.550500e+02  2.200000e+02  3.210500e+02
     vertex  1.550500e+02  2.200000e+02  3.200500e+02
     vertex  1.540500e+02  2.200000e+02  3.210500e+02
   endloop
 endfacet
 facet normal  0.000000e+00  1.000000e+00  0.000000e+00
   outer loop
     vertex  1.540500e+02  2.200000e+02  3.220500e+02
     vertex  1.540500e+02  2.200000e+02  3.210500e+02
     vertex  1.520500e+02  2.200000e+02  3.220500e+02
   endloop
 endfacet
 facet normal  0.000000e+00  1.000000e+00  0.000000e+00
   outer loop
     vertex  1.560500e+02  2.200000e+02  3.200500e+02
     vertex  1.560500e+02  2.200000e+02  3.170500e+02
     vertex  1.550500e+02  2.200000e+02  3.200500e+02
   endloop
 endfacet
 facet normal  0.000000e+00  1.000000e+00  0.000000e+00
   outer loop
     vertex  1.570500e+02  2.200000e+02  3.139500e+02
     vertex  1.470500e+02  2.200000e+02  3.139500e+02
     vertex  1.480500e+02  2.200000e+02  3.170500e+02
   endloop
 endfacet
 facet normal  0.000000e+00  1.000000e+00  0.000000e+00
   outer loop
     vertex  1.570500e+02  2.200000e+02  3.139500e+02
     vertex  1.480500e+02  2.200000e+02  3.170500e+02
     vertex  1.519500e+02  2.200000e+02  3.170500e+02
   endloop
 endfacet
 facet normal  0.000000e+00  1.000000e+00  0.000000e+00
   outer loop
     vertex  1.570500e+02  2.200000e+02  3.139500e+02
     vertex  1.519500e+02  2.200000e+02  3.170500e+02
     vertex  1.560500e+02  2.200000e+02  3.170500e+02
   endloop
 endfacet
 facet normal -1.000000e+00  0.000000e+00  0.000000e+00
   outer loop
     vertex  1.439500e+02  2.190000e+02  3.190500e+02
     vertex  1.439500e+02  2.190000e+02  3.210500e+02
     vertex  1.439500e+02  2.200000e+02  3.210500e+02
   endloop
 endfacet
 facet normal -1.000000e+00  0.000000e+00  0.000000e+00
   outer loop
     vertex  1.439500e+02  2.190000e+02  3.190500e+02
     vertex  1.439500e+02  2.200000e+02  3.210500e+02
     vertex  1.439500e+02  2.200000e+02  3.190500e+02
   endloop
 endfacet
 facet normal  1.000000e+00  0.000000e+00  0.000000e+00
   outer loop
     vertex  1.560500e+02  2.190000e+02  3.200500e+02
     vertex  1.560500e+02  2.190000e+02  3.170500e+02
     vertex  1.560500e+02  2.200000e+02  3.170500e+02
   endloop
 endfacet
 facet normal  1.000000e+00 -0.000000e+00  0.000000e+00
   outer loop
     vertex  1.560500e+02  2.190000e+02  3.200500e+02
     vertex  1.560500e+02  2.200000e+02  3.170500e+02
     vertex  1.560500e+02  2.200000e+02  3.200500e+02
   endloop
 endfacet
 facet normal  1.000000e+00  0.000000e+00  0.000000e+00
   outer loop
     vertex  1.560500e+02  2.190000e+02  3.130500e+02
     vertex  1.560500e+02  2.190000e+02  3.099500e+02
     vertex  1.560500e+02  2.200000e+02  3.099500e+02
   endloop
 endfacet
 facet normal  1.000000e+00 -0.000000e+00  0.000000e+00
   outer loop
     vertex  1.560500e+02  2.190000e+02  3.130500e+02
     vertex  1.560500e+02  2.200000e+02  3.099500e+02
     vertex  1.560500e+02  2.200000e+02  3.130500e+02
   endloop
 endfacet
 facet normal  1.000000e+00  0.000000e+00  0.000000e+00
   outer loop
     vertex  1.480500e+02  2.190000e+02  3.189500e+02
     vertex  1.480500e+02  2.190000e+02  3.170500e+02
     vertex  1.480500e+02  2.200000e+02  3.170500e+02
   endloop
 endfacet
 facet normal  1.000000e+00 -0.000000e+00  0.000000e+00
   outer loop
     vertex  1.480500e+02  2.190000e+02  3.189500e+02
     vertex  1.480500e+02  2.200000e+02  3.170500e+02
     vertex  1.480500e+02  2.200000e+02  3.189500e+02
   endloop
 endfacet
 facet normal -1.000000e+00  0.000000e+00  0.000000e+00
   outer loop
     vertex  1.429500e+02  2.190000e+02  3.109500e+02
     vertex  1.429500e+02  2.190000e+02  3.190500e+02
     vertex  1.429500e+02  2.200000e+02  3.190500e+02
   endloop
 endfacet
 facet normal -1.000000e+00  0.000000e+00  0.000000e+00
   outer loop
     vertex  1.429500e+02  2.190000e+02  3.109500e+02
     vertex  1.429500e+02  2.200000e+02  3.190500e+02
     vertex  1.429500e+02  2.200000e+02  3.109500e+02
   endloop
 endfacet
 facet normal  1.000000e+00  0.000000e+00  0.000000e+00
   outer loop
     vertex  1.570500e+02  2.190000e+02  3.170500e+02
     vertex  1.570500e+02  2.190000e+02  3.139500e+02
     vertex  1.570500e+02  2.200000e+02  3.139500e+02
   endloop
 endfacet
 facet normal  1.000000e+00 -0.000000e+00  0.000000e+00
   outer loop
     vertex  1.570500e+02  2.190000e+02  3.170500e+02
     vertex  1.570500e+02  2.200000e+02  3.139500e+02
     vertex  1.570500e+02  2.200000e+02  3.170500e+02
   endloop
 endfacet
 facet normal  0.000000e+00  0.000000e+00  1.000000e+00
   outer loop
     vertex  1.899500e+02  2.200000e+02  3.220500e+02
     vertex  1.880500e+02  2.200000e+02  3.220500e+02
     vertex  1.880500e+02  2.190000e+02  3.220500e+02
   endloop
 endfacet
 facet normal  0.000000e+00  0.000000e+00  1.000000e+00
   outer loop
     vertex  1.899500e+02  2.200000e+02  3.220500e+02
     vertex  1.880500e+02  2.190000e+02  3.220500e+02
     vertex  1.899500e+02  2.190000e+02  3.220500e+02
   endloop
 endfacet
 facet normal  1.000000e+00  0.000000e+00  0.000000e+00
   outer loop
     vertex  1.880500e+02  2.190000e+02  3.230500e+02
     vertex  1.880500e+02  2.190000e+02  3.220500e+02
     vertex  1.880500e+02  2.200000e+02  3.220500e+02
   endloop
 endfacet
 facet normal  1.000000e+00 -0.000000e+00  0.000000e+00
   outer loop
     vertex  1.880500e+02  2.190000e+02  3.230500e+02
     vertex  1.880500e+02  2.200000e+02  3.220500e+02
     vertex  1.880500e+02  2.200000e+02  3.230500e+02
   endloop
 endfacet
 facet normal  0.000000e+00  0.000000e+00  1.000000e+00
   outer loop
     vertex  1.880500e+02  2.200000e+02  3.230500e+02
     vertex  1.849500e+02  2.200000e+02  3.230500e+02
     vertex  1.849500e+02  2.190000e+02  3.230500e+02
   endloop
 endfacet
 facet normal  0.000000e+00  0.000000e+00  1.000000e+00
   outer loop
     vertex  1.880500e+02  2.200000e+02  3.230500e+02
     vertex  1.849500e+02  2.190000e+02  3.230500e+02
     vertex  1.880500e+02  2.190000e+02  3.230500e+02
   endloop
 endfacet
 facet normal -1.000000e+00  0.000000e+00  0.000000e+00
   outer loop
     vertex  1.849500e+02  2.190000e+02  3.230500e+02
     vertex  1.849500e+02  2.200000e+02  3.220500e+02
     vertex  1.849500e+02  2.190000e+02  3.220500e+02
   endloop
 endfacet
 facet normal -1.000000e+00  0.000000e+00  0.000000e+00
   outer loop
     vertex  1.849500e+02  2.190000e+02  3.230500e+02
     vertex  1.849500e+02  2.200000e+02  3.230500e+02
     vertex  1.849500e+02  2.200000e+02  3.220500e+02
   endloop
 endfacet
 facet normal  0.000000e+00  0.000000e+00  1.000000e+00
   outer loop
     vertex  1.849500e+02  2.200000e+02  3.220500e+02
     vertex  1.839500e+02  2.200000e+02  3.220500e+02
     vertex  1.839500e+02  2.190000e+02  3.220500e+02
   endloop
 endfacet
 facet normal  0.000000e+00  0.000000e+00  1.000000e+00
   outer loop
     vertex  1.849500e+02  2.200000e+02  3.220500e+02
     vertex  1.839500e+02  2.190000e+02  3.220500e+02
     vertex  1.849500e+02  2.190000e+02  3.220500e+02
   endloop
 endfacet
 facet normal -1.000000e+00  0.000000e+00  0.000000e+00
   outer loop
     vertex  1.899500e+02  2.190000e+02  3.230500e+02
     vertex  1.899500e+02  2.200000e+02  3.220500e+02
     vertex  1.899500e+02  2.190000e+02  3.220500e+02
   endloop
 endfacet
 facet normal -1.000000e+00  0.000000e+00  0.000000e+00
   outer loop
     vertex  1.899500e+02  2.190000e+02  3.230500e+02
     vertex  1.899500e+02  2.200000e+02  3.230500e+02
     vertex  1.899500e+02  2.200000e+02  3.220500e+02
   endloop
 endfacet
 facet normal  0.000000e+00  0.000000e+00  1.000000e+00
   outer loop
     vertex  1.930500e+02  2.200000e+02  3.230500e+02
     vertex  1.899500e+02  2.200000e+02  3.230500e+02
     vertex  1.899500e+02  2.190000e+02  3.230500e+02
   endloop
 endfacet
 facet normal  0.000000e+00  0.000000e+00  1.000000e+00
   outer loop
     vertex  1.930500e+02  2.200000e+02  3.230500e+02
     vertex  1.899500e+02  2.190000e+02  3.230500e+02
     vertex  1.930500e+02  2.190000e+02  3.230500e+02
   endloop
 endfacet
 facet normal  0.000000e+00 -1.000000e+00  0.000000e+00
   outer loop
     vertex  1.880500e+02  2.190000e+02  3.220500e+02
     vertex  1.880500e+02  2.190000e+02  3.230500e+02
     vertex  1.849500e+02  2.190000e+02  3.230500e+02
   endloop
 endfacet
 facet normal  0.000000e+00 -1.000000e+00  0.000000e+00
   outer loop
     vertex  1.880500e+02  2.190000e+02  3.220500e+02
     vertex  1.849500e+02  2.190000e+02  3.230500e+02
     vertex  1.849500e+02  2.190000e+02  3.220500e+02
   endloop
 endfacet
 facet normal -0.000000e+00 -1.000000e+00  0.000000e+00
   outer loop
     vertex  1.930500e+02  2.190000e+02  3.230500e+02
     vertex  1.899500e+02  2.190000e+02  3.230500e+02
     vertex  1.899500e+02  2.190000e+02  3.220500e+02
   endloop
 endfacet
 facet normal  0.000000e+00 -1.000000e+00  0.000000e+00
   outer loop
     vertex  1.900500e+02  2.190000e+02  3.179500e+02
     vertex  1.899500e+02  2.190000e+02  3.220500e+02
     vertex  1.880500e+02  2.190000e+02  3.220500e+02
   endloop
 endfacet
 facet normal  0.000000e+00 -1.000000e+00  0.000000e+00
   outer loop
     vertex  1.890500e+02  2.190000e+02  3.169500e+02
     vertex  1.849500e+02  2.190000e+02  3.220500e+02
     vertex  1.839500e+02  2.190000e+02  3.220500e+02
   endloop
 endfacet
 facet normal  0.000000e+00 -1.000000e+00  0.000000e+00
   outer loop
     vertex  1.890500e+02  2.190000e+02  3.169500e+02
     vertex  1.880500e+02  2.190000e+02  3.220500e+02
     vertex  1.849500e+02  2.190000e+02  3.220500e+02
   endloop
 endfacet
 facet normal  0.000000e+00 -1.000000e+00  0.000000e+00
   outer loop
     vertex  1.890500e+02  2.190000e+02  3.169500e+02
     vertex  1.900500e+02  2.190000e+02  3.179500e+02
     vertex  1.880500e+02  2.190000e+02  3.220500e+02
   endloop
 endfacet
 facet normal  0.000000e+00 -1.000000e+00  0.000000e+00
   outer loop
     vertex  1.900500e+02  2.190000e+02  3.169500e+02
     vertex  1.900500e+02  2.190000e+02  3.179500e+02
     vertex  1.890500e+02  2.190000e+02  3.169500e+02
   endloop
 endfacet
 facet normal  0.000000e+00 -1.000000e+00  0.000000e+00
   outer loop
     vertex  1.930500e+02  2.190000e+02  3.179500e+02
     vertex  1.930500e+02  2.190000e+02  3.230500e+02
     vertex  1.899500e+02  2.190000e+02  3.220500e+02
   endloop
 endfacet
 facet normal  0.000000e+00 -1.000000e+00  0.000000e+00
   outer loop
     vertex  1.930500e+02  2.190000e+02  3.179500e+02
     vertex  1.899500e+02  2.190000e+02  3.220500e+02
     vertex  1.900500e+02  2.190000e+02  3.179500e+02
   endloop
 endfacet
 facet normal  0.000000e+00 -1.000000e+00  0.000000e+00
   outer loop
     vertex  1.839500e+02  2.190000e+02  3.079500e+02
     vertex  1.890500e+02  2.190000e+02  3.169500e+02
     vertex  1.839500e+02  2.190000e+02  3.220500e+02
   endloop
 endfacet
 facet normal  0.000000e+00 -1.000000e+00  0.000000e+00
   outer loop
     vertex  1.890500e+02  2.190000e+02  3.079500e+02
     vertex  1.890500e+02  2.190000e+02  3.169500e+02
     vertex  1.839500e+02  2.190000e+02  3.079500e+02
   endloop
 endfacet
 facet normal -0.000000e+00  0.000000e+00 -1.000000e+00
   outer loop
     vertex  1.890500e+02  2.200000e+02  3.079500e+02
     vertex  1.839500e+02  2.190000e+02  3.079500e+02
     vertex  1.839500e+02  2.200000e+02  3.079500e+02
   endloop
 endfacet
 facet normal  0.000000e+00 -0.000000e+00 -1.000000e+00
   outer loop
     vertex  1.890500e+02  2.200000e+02  3.079500e+02
     vertex  1.890500e+02  2.190000e+02  3.079500e+02
     vertex  1.839500e+02  2.190000e+02  3.079500e+02
   endloop
 endfacet
 facet normal -0.000000e+00  0.000000e+00 -1.000000e+00
   outer loop
     vertex  1.930500e+02  2.200000e+02  3.179500e+02
     vertex  1.900500e+02  2.190000e+02  3.179500e+02
     vertex  1.900500e+02  2.200000e+02  3.179500e+02
   endloop
 endfacet
 facet normal  0.000000e+00 -0.000000e+00 -1.000000e+00
   outer loop
     vertex  1.930500e+02  2.200000e+02  3.179500e+02
     vertex  1.930500e+02  2.190000e+02  3.179500e+02
     vertex  1.900500e+02  2.190000e+02  3.179500e+02
   endloop
 endfacet
 facet normal  1.000000e+00  0.000000e+00  0.000000e+00
   outer loop
     vertex  1.900500e+02  2.190000e+02  3.179500e+02
     vertex  1.900500e+02  2.190000e+02  3.169500e+02
     vertex  1.900500e+02  2.200000e+02  3.169500e+02
   endloop
 endfacet
 facet normal  1.000000e+00 -0.000000e+00  0.000000e+00
   outer loop
     vertex  1.900500e+02  2.190000e+02  3.179500e+02
     vertex  1.900500e+02  2.200000e+02  3.169500e+02
     vertex  1.900500e+02  2.200000e+02  3.179500e+02
   endloop
 endfacet
 facet normal -0.000000e+00  0.000000e+00 -1.000000e+00
   outer loop
     vertex  1.900500e+02  2.200000e+02  3.169500e+02
     vertex  1.890500e+02  2.190000e+02  3.169500e+02
     vertex  1.890500e+02  2.200000e+02  3.169500e+02
   endloop
 endfacet
 facet normal  0.000000e+00 -0.000000e+00 -1.000000e+00
   outer loop
     vertex  1.900500e+02  2.200000e+02  3.169500e+02
     vertex  1.900500e+02  2.190000e+02  3.169500e+02
     vertex  1.890500e+02  2.190000e+02  3.169500e+02
   endloop
 endfacet
 facet normal  1.000000e+00  0.000000e+00  0.000000e+00
   outer loop
     vertex  1.930500e+02  2.190000e+02  3.230500e+02
     vertex  1.930500e+02  2.190000e+02  3.179500e+02
     vertex  1.930500e+02  2.200000e+02  3.179500e+02
   endloop
 endfacet
 facet normal  1.000000e+00 -0.000000e+00  0.000000e+00
   outer loop
     vertex  1.930500e+02  2.190000e+02  3.230500e+02
     vertex  1.930500e+02  2.200000e+02  3.179500e+02
     vertex  1.930500e+02  2.200000e+02  3.230500e+02
   endloop
 endfacet
 facet normal -1.000000e+00  0.000000e+00  0.000000e+00
   outer loop
     vertex  1.839500e+02  2.190000e+02  3.079500e+02
     vertex  1.839500e+02  2.190000e+02  3.220500e+02
     vertex  1.839500e+02  2.200000e+02  3.220500e+02
   endloop
 endfacet
 facet normal -1.000000e+00  0.000000e+00  0.000000e+00
   outer loop
     vertex  1.839500e+02  2.190000e+02  3.079500e+02
     vertex  1.839500e+02  2.200000e+02  3.220500e+02
     vertex  1.839500e+02  2.200000e+02  3.079500e+02
   endloop
 endfacet
 facet normal  0.000000e+00  1.000000e+00  0.000000e+00
   outer loop
     vertex  1.890500e+02  2.200000e+02  3.169500e+02
     vertex  1.890500e+02  2.200000e+02  3.079500e+02
     vertex  1.839500e+02  2.200000e+02  3.079500e+02
   endloop
 endfacet
 facet normal  0.000000e+00  1.000000e+00  0.000000e+00
   outer loop
     vertex  1.839500e+02  2.200000e+02  3.220500e+02
     vertex  1.890500e+02  2.200000e+02  3.169500e+02
     vertex  1.839500e+02  2.200000e+02  3.079500e+02
   endloop
 endfacet
 facet normal  0.000000e+00  1.000000e+00  0.000000e+00
   outer loop
     vertex  1.849500e+02  2.200000e+02  3.220500e+02
     vertex  1.890500e+02  2.200000e+02  3.169500e+02
     vertex  1.839500e+02  2.200000e+02  3.220500e+02
   endloop
 endfacet
 facet normal  0.000000e+00  1.000000e+00  0.000000e+00
   outer loop
     vertex  1.900500e+02  2.200000e+02  3.179500e+02
     vertex  1.900500e+02  2.200000e+02  3.169500e+02
     vertex  1.890500e+02  2.200000e+02  3.169500e+02
   endloop
 endfacet
 facet normal  0.000000e+00  1.000000e+00  0.000000e+00
   outer loop
     vertex  1.880500e+02  2.200000e+02  3.220500e+02
     vertex  1.900500e+02  2.200000e+02  3.179500e+02
     vertex  1.890500e+02  2.200000e+02  3.169500e+02
   endloop
 endfacet
 facet normal  0.000000e+00  1.000000e+00  0.000000e+00
   outer loop
     vertex  1.880500e+02  2.200000e+02  3.220500e+02
     vertex  1.890500e+02  2.200000e+02  3.169500e+02
     vertex  1.849500e+02  2.200000e+02  3.220500e+02
   endloop
 endfacet
 facet normal  0.000000e+00  1.000000e+00  0.000000e+00
   outer loop
     vertex  1.880500e+02  2.200000e+02  3.230500e+02
     vertex  1.849500e+02  2.200000e+02  3.220500e+02
     vertex  1.849500e+02  2.200000e+02  3.230500e+02
   endloop
 endfacet
 facet normal  0.000000e+00  1.000000e+00  0.000000e+00
   outer loop
     vertex  1.880500e+02  2.200000e+02  3.230500e+02
     vertex  1.880500e+02  2.200000e+02  3.220500e+02
     vertex  1.849500e+02  2.200000e+02  3.220500e+02
   endloop
 endfacet
 facet normal  0.000000e+00  1.000000e+00  0.000000e+00
   outer loop
     vertex  1.899500e+02  2.200000e+02  3.220500e+02
     vertex  1.930500e+02  2.200000e+02  3.179500e+02
     vertex  1.900500e+02  2.200000e+02  3.179500e+02
   endloop
 endfacet
 facet normal  0.000000e+00  1.000000e+00  0.000000e+00
   outer loop
     vertex  1.899500e+02  2.200000e+02  3.220500e+02
     vertex  1.900500e+02  2.200000e+02  3.179500e+02
     vertex  1.880500e+02  2.200000e+02  3.220500e+02
   endloop
 endfacet
 facet normal  0.000000e+00  1.000000e+00  0.000000e+00
   outer loop
     vertex  1.930500e+02  2.200000e+02  3.230500e+02
     vertex  1.899500e+02  2.200000e+02  3.220500e+02
     vertex  1.899500e+02  2.200000e+02  3.230500e+02
   endloop
 endfacet
 facet normal  0.000000e+00  1.000000e+00  0.000000e+00
   outer loop
     vertex  1.930500e+02  2.200000e+02  3.230500e+02
     vertex  1.930500e+02  2.200000e+02  3.179500e+02
     vertex  1.899500e+02  2.200000e+02  3.220500e+02
   endloop
 endfacet
 facet normal  1.000000e+00  0.000000e+00  0.000000e+00
   outer loop
     vertex  1.890500e+02  2.190000e+02  3.169500e+02
     vertex  1.890500e+02  2.190000e+02  3.079500e+02
     vertex  1.890500e+02  2.200000e+02  3.079500e+02
   endloop
 endfacet
 facet normal  1.000000e+00 -0.000000e+00  0.000000e+00
   outer loop
     vertex  1.890500e+02  2.190000e+02  3.169500e+02
     vertex  1.890500e+02  2.200000e+02  3.079500e+02
     vertex  1.890500e+02  2.200000e+02  3.169500e+02
   endloop
 endfacet
 facet normal  0.000000e+00  0.000000e+00  1.000000e+00
   outer loop
     vertex  2.050500e+02  2.200000e+02  3.220500e+02
     vertex  2.040500e+02  2.200000e+02  3.220500e+02
     vertex  2.040500e+02  2.190000e+02  3.220500e+02
   endloop
 endfacet
 facet normal  0.000000e+00  0.000000e+00  1.000000e+00
   outer loop
     vertex  2.050500e+02  2.200000e+02  3.220500e+02
     vertex  2.040500e+02  2.190000e+02  3.220500e+02
     vertex  2.050500e+02  2.190000e+02  3.220500e+02
   endloop
 endfacet
 facet normal  1.000000e+00  0.000000e+00  0.000000e+00
   outer loop
     vertex  2.040500e+02  2.190000e+02  3.230500e+02
     vertex  2.040500e+02  2.190000e+02  3.220500e+02
     vertex  2.040500e+02  2.200000e+02  3.220500e+02
   endloop
 endfacet
 facet normal  1.000000e+00 -0.000000e+00  0.000000e+00
   outer loop
     vertex  2.040500e+02  2.190000e+02  3.230500e+02
     vertex  2.040500e+02  2.200000e+02  3.220500e+02
     vertex  2.040500e+02  2.200000e+02  3.230500e+02
   endloop
 endfacet
 facet normal  0.000000e+00  0.000000e+00  1.000000e+00
   outer loop
     vertex  2.040500e+02  2.200000e+02  3.230500e+02
     vertex  2.009500e+02  2.200000e+02  3.230500e+02
     vertex  2.009500e+02  2.190000e+02  3.230500e+02
   endloop
 endfacet
 facet normal  0.000000e+00  0.000000e+00  1.000000e+00
   outer loop
     vertex  2.040500e+02  2.200000e+02  3.230500e+02
     vertex  2.009500e+02  2.190000e+02  3.230500e+02
     vertex  2.040500e+02  2.190000e+02  3.230500e+02
   endloop
 endfacet
 facet normal -1.000000e+00  0.000000e+00  0.000000e+00
   outer loop
     vertex  2.009500e+02  2.190000e+02  3.230500e+02
     vertex  2.009500e+02  2.200000e+02  3.220500e+02
     vertex  2.009500e+02  2.190000e+02  3.220500e+02
   endloop
 endfacet
 facet normal -1.000000e+00  0.000000e+00  0.000000e+00
   outer loop
     vertex  2.009500e+02  2.190000e+02  3.230500e+02
     vertex  2.009500e+02  2.200000e+02  3.230500e+02
     vertex  2.009500e+02  2.200000e+02  3.220500e+02
   endloop
 endfacet
 facet normal  0.000000e+00  0.000000e+00  1.000000e+00
   outer loop
     vertex  2.009500e+02  2.200000e+02  3.220500e+02
     vertex  1.999500e+02  2.200000e+02  3.220500e+02
     vertex  1.999500e+02  2.190000e+02  3.220500e+02
   endloop
 endfacet
 facet normal  0.000000e+00  0.000000e+00  1.000000e+00
   outer loop
     vertex  2.009500e+02  2.200000e+02  3.220500e+02
     vertex  1.999500e+02  2.190000e+02  3.220500e+02
     vertex  2.009500e+02  2.190000e+02  3.220500e+02
   endloop
 endfacet
 facet normal  0.000000e+00 -1.000000e+00  0.000000e+00
   outer loop
     vertex  2.009500e+02  2.190000e+02  3.199500e+02
     vertex  2.009500e+02  2.190000e+02  3.220500e+02
     vertex  1.999500e+02  2.190000e+02  3.220500e+02
   endloop
 endfacet
 facet normal  0.000000e+00 -1.000000e+00  0.000000e+00
   outer loop
     vertex  2.009500e+02  2.190000e+02  3.199500e+02
     vertex  1.999500e+02  2.190000e+02  3.220500e+02
     vertex  1.999500e+02  2.190000e+02  3.199500e+02
   endloop
 endfacet
 facet normal  0.000000e+00 -1.000000e+00  0.000000e+00
   outer loop
     vertex  2.040500e+02  2.190000e+02  3.220500e+02
     vertex  2.040500e+02  2.190000e+02  3.230500e+02
     vertex  2.009500e+02  2.190000e+02  3.230500e+02
   endloop
 endfacet
 facet normal  0.000000e+00 -1.000000e+00  0.000000e+00
   outer loop
     vertex  2.040500e+02  2.190000e+02  3.220500e+02
     vertex  2.009500e+02  2.190000e+02  3.230500e+02
     vertex  2.009500e+02  2.190000e+02  3.220500e+02
   endloop
 endfacet
 facet normal -0.000000e+00 -1.000000e+00  0.000000e+00
   outer loop
     vertex  2.040500e+02  2.190000e+02  3.220500e+02
     vertex  2.009500e+02  2.190000e+02  3.220500e+02
     vertex  2.009500e+02  2.190000e+02  3.199500e+02
   endloop
 endfacet
 facet normal  0.000000e+00 -1.000000e+00  0.000000e+00
   outer loop
     vertex  2.050500e+02  2.190000e+02  3.200500e+02
     vertex  2.050500e+02  2.190000e+02  3.220500e+02
     vertex  2.040500e+02  2.190000e+02  3.220500e+02
   endloop
 endfacet
 facet normal -0.000000e+00 -1.000000e+00  0.000000e+00
   outer loop
     vertex  2.050500e+02  2.190000e+02  3.200500e+02
     vertex  2.040500e+02  2.190000e+02  3.220500e+02
     vertex  2.009500e+02  2.190000e+02  3.199500e+02
   endloop
 endfacet
 facet normal  0.000000e+00 -1.000000e+00  0.000000e+00
   outer loop
     vertex  2.019500e+02  2.190000e+02  3.169500e+02
     vertex  2.009500e+02  2.190000e+02  3.199500e+02
     vertex  2.009500e+02  2.190000e+02  3.169500e+02
   endloop
 endfacet
 facet normal  0.000000e+00 -1.000000e+00  0.000000e+00
   outer loop
     vertex  2.019500e+02  2.190000e+02  3.169500e+02
     vertex  2.050500e+02  2.190000e+02  3.200500e+02
     vertex  2.009500e+02  2.190000e+02  3.199500e+02
   endloop
 endfacet
 facet normal  0.000000e+00 -1.000000e+00  0.000000e+00
   outer loop
     vertex  2.029500e+02  2.190000e+02  3.149500e+02
     vertex  2.019500e+02  2.190000e+02  3.169500e+02
     vertex  2.019500e+02  2.190000e+02  3.149500e+02
   endloop
 endfacet
 facet normal  0.000000e+00 -1.000000e+00  0.000000e+00
   outer loop
     vertex  2.060500e+02  2.190000e+02  3.160500e+02
     vertex  2.060500e+02  2.190000e+02  3.200500e+02
     vertex  2.050500e+02  2.190000e+02  3.200500e+02
   endloop
 endfacet
 facet normal  0.000000e+00 -1.000000e+00  0.000000e+00
   outer loop
     vertex  2.060500e+02  2.190000e+02  3.160500e+02
     vertex  2.050500e+02  2.190000e+02  3.200500e+02
     vertex  2.019500e+02  2.190000e+02  3.169500e+02
   endloop
 endfacet
 facet normal -0.000000e+00 -1.000000e+00  0.000000e+00
   outer loop
     vertex  2.060500e+02  2.190000e+02  3.160500e+02
     vertex  2.019500e+02  2.190000e+02  3.169500e+02
     vertex  2.029500e+02  2.190000e+02  3.149500e+02
   endloop
 endfacet
 facet normal  0.000000e+00 -1.000000e+00  0.000000e+00
   outer loop
     vertex  2.089500e+02  2.190000e+02  3.180500e+02
     vertex  2.099500e+02  2.190000e+02  3.210500e+02
     vertex  2.089500e+02  2.190000e+02  3.210500e+02
   endloop
 endfacet
 facet normal -0.000000e+00 -1.000000e+00  0.000000e+00
   outer loop
     vertex  2.140500e+02  2.190000e+02  3.230500e+02
     vertex  2.099500e+02  2.190000e+02  3.230500e+02
     vertex  2.099500e+02  2.190000e+02  3.210500e+02
   endloop
 endfacet
 facet normal  0.000000e+00 -1.000000e+00  0.000000e+00
   outer loop
     vertex  2.070500e+02  2.190000e+02  3.150500e+02
     vertex  2.070500e+02  2.190000e+02  3.160500e+02
     vertex  2.060500e+02  2.190000e+02  3.160500e+02
   endloop
 endfacet
 facet normal -0.000000e+00 -1.000000e+00  0.000000e+00
   outer loop
     vertex  2.070500e+02  2.190000e+02  3.150500e+02
     vertex  2.060500e+02  2.190000e+02  3.160500e+02
     vertex  2.029500e+02  2.190000e+02  3.149500e+02
   endloop
 endfacet
 facet normal  0.000000e+00 -1.000000e+00  0.000000e+00
   outer loop
     vertex  2.039500e+02  2.190000e+02  3.119500e+02
     vertex  2.029500e+02  2.190000e+02  3.149500e+02
     vertex  2.029500e+02  2.190000e+02  3.119500e+02
   endloop
 endfacet
 facet normal  0.000000e+00 -1.000000e+00  0.000000e+00
   outer loop
     vertex  2.039500e+02  2.190000e+02  3.119500e+02
     vertex  2.070500e+02  2.190000e+02  3.150500e+02
     vertex  2.029500e+02  2.190000e+02  3.149500e+02
   endloop
 endfacet
 facet normal  0.000000e+00 -1.000000e+00  0.000000e+00
   outer loop
     vertex  2.130500e+02  2.190000e+02  3.189500e+02
     vertex  2.140500e+02  2.190000e+02  3.230500e+02
     vertex  2.099500e+02  2.190000e+02  3.210500e+02
   endloop
 endfacet
 facet normal -0.000000e+00 -1.000000e+00  0.000000e+00
   outer loop
     vertex  2.130500e+02  2.190000e+02  3.189500e+02
     vertex  2.099500e+02  2.190000e+02  3.210500e+02
     vertex  2.089500e+02  2.190000e+02  3.180500e+02
   endloop
 endfacet
 facet normal  0.000000e+00 -1.000000e+00  0.000000e+00
   outer loop
     vertex  2.140500e+02  2.190000e+02  3.189500e+02
     vertex  2.140500e+02  2.190000e+02  3.230500e+02
     vertex  2.130500e+02  2.190000e+02  3.189500e+02
   endloop
 endfacet
 facet normal  0.000000e+00 -1.000000e+00  0.000000e+00
   outer loop
     vertex  2.049500e+02  2.190000e+02  3.089500e+02
     vertex  2.039500e+02  2.190000e+02  3.119500e+02
     vertex  2.039500e+02  2.190000e+02  3.089500e+02
   endloop
 endfacet
 facet normal -0.000000e+00 -1.000000e+00  0.000000e+00
   outer loop
     vertex  2.120500e+02  2.190000e+02  3.159500e+02
     vertex  2.089500e+02  2.190000e+02  3.180500e+02
     vertex  2.079500e+02  2.190000e+02  3.150500e+02
   endloop
 endfacet
 facet normal  0.000000e+00 -1.000000e+00  0.000000e+00
   outer loop
     vertex  2.120500e+02  2.190000e+02  3.159500e+02
     vertex  2.130500e+02  2.190000e+02  3.189500e+02
     vertex  2.089500e+02  2.190000e+02  3.180500e+02
   endloop
 endfacet
 facet normal  0.000000e+00 -1.000000e+00  0.000000e+00
   outer loop
     vertex  2.130500e+02  2.190000e+02  3.159500e+02
     vertex  2.130500e+02  2.190000e+02  3.189500e+02
     vertex  2.120500e+02  2.190000e+02  3.159500e+02
   endloop
 endfacet
 facet normal  0.000000e+00 -1.000000e+00  0.000000e+00
   outer loop
     vertex  2.110500e+02  2.190000e+02  3.129500e+02
     vertex  2.120500e+02  2.190000e+02  3.159500e+02
     vertex  2.079500e+02  2.190000e+02  3.150500e+02
   endloop
 endfacet
 facet normal  0.000000e+00 -1.000000e+00  0.000000e+00
   outer loop
     vertex  2.120500e+02  2.190000e+02  3.129500e+02
     vertex  2.120500e+02  2.190000e+02  3.159500e+02
     vertex  2.110500e+02  2.190000e+02  3.129500e+02
   endloop
 endfacet
 facet normal  0.000000e+00 -1.000000e+00  0.000000e+00
   outer loop
     vertex  2.100500e+02  2.190000e+02  3.109500e+02
     vertex  2.110500e+02  2.190000e+02  3.129500e+02
     vertex  2.079500e+02  2.190000e+02  3.150500e+02
   endloop
 endfacet
 facet normal  0.000000e+00 -1.000000e+00  0.000000e+00
   outer loop
     vertex  2.100500e+02  2.190000e+02  3.109500e+02
     vertex  2.079500e+02  2.190000e+02  3.150500e+02
     vertex  2.070500e+02  2.190000e+02  3.150500e+02
   endloop
 endfacet
 facet normal  0.000000e+00 -1.000000e+00  0.000000e+00
   outer loop
     vertex  2.100500e+02  2.190000e+02  3.109500e+02
     vertex  2.070500e+02  2.190000e+02  3.150500e+02
     vertex  2.039500e+02  2.190000e+02  3.119500e+02
   endloop
 endfacet
 facet normal -0.000000e+00 -1.000000e+00  0.000000e+00
   outer loop
     vertex  2.100500e+02  2.190000e+02  3.109500e+02
     vertex  2.039500e+02  2.190000e+02  3.119500e+02
     vertex  2.049500e+02  2.190000e+02  3.089500e+02
   endloop
 endfacet
 facet normal  0.000000e+00 -1.000000e+00  0.000000e+00
   outer loop
     vertex  2.110500e+02  2.190000e+02  3.109500e+02
     vertex  2.110500e+02  2.190000e+02  3.129500e+02
     vertex  2.100500e+02  2.190000e+02  3.109500e+02
   endloop
 endfacet
 facet normal  0.000000e+00 -1.000000e+00  0.000000e+00
   outer loop
     vertex  2.100500e+02  2.190000e+02  3.079500e+02
     vertex  2.100500e+02  2.190000e+02  3.109500e+02
     vertex  2.049500e+02  2.190000e+02  3.089500e+02
   endloop
 endfacet
 facet normal  0.000000e+00 -1.000000e+00  0.000000e+00
   outer loop
     vertex  2.100500e+02  2.190000e+02  3.079500e+02
     vertex  2.049500e+02  2.190000e+02  3.089500e+02
     vertex  2.049500e+02  2.190000e+02  3.079500e+02
   endloop
 endfacet
 facet normal  0.000000e+00 -1.000000e+00  0.000000e+00
   outer loop
     vertex  2.079500e+02  2.190000e+02  3.180500e+02
     vertex  2.079500e+02  2.190000e+02  3.150500e+02
     vertex  2.089500e+02  2.190000e+02  3.180500e+02
   endloop
 endfacet
 facet normal -0.000000e+00  0.000000e+00 -1.000000e+00
   outer loop
     vertex  2.009500e+02  2.200000e+02  3.199500e+02
     vertex  1.999500e+02  2.190000e+02  3.199500e+02
     vertex  1.999500e+02  2.200000e+02  3.199500e+02
   endloop
 endfacet
 facet normal  0.000000e+00 -0.000000e+00 -1.000000e+00
   outer loop
     vertex  2.009500e+02  2.200000e+02  3.199500e+02
     vertex  2.009500e+02  2.190000e+02  3.199500e+02
     vertex  1.999500e+02  2.190000e+02  3.199500e+02
   endloop
 endfacet
 facet normal -0.000000e+00  0.000000e+00 -1.000000e+00
   outer loop
     vertex  2.019500e+02  2.200000e+02  3.169500e+02
     vertex  2.009500e+02  2.190000e+02  3.169500e+02
     vertex  2.009500e+02  2.200000e+02  3.169500e+02
   endloop
 endfacet
 facet normal  0.000000e+00 -0.000000e+00 -1.000000e+00
   outer loop
     vertex  2.019500e+02  2.200000e+02  3.169500e+02
     vertex  2.019500e+02  2.190000e+02  3.169500e+02
     vertex  2.009500e+02  2.190000e+02  3.169500e+02
   endloop
 endfacet
 facet normal -0.000000e+00  0.000000e+00 -1.000000e+00
   outer loop
     vertex  2.029500e+02  2.200000e+02  3.149500e+02
     vertex  2.019500e+02  2.190000e+02  3.149500e+02
     vertex  2.019500e+02  2.200000e+02  3.149500e+02
   endloop
 endfacet
 facet normal  0.000000e+00 -0.000000e+00 -1.000000e+00
   outer loop
     vertex  2.029500e+02  2.200000e+02  3.149500e+02
     vertex  2.029500e+02  2.190000e+02  3.149500e+02
     vertex  2.019500e+02  2.190000e+02  3.149500e+02
   endloop
 endfacet
 facet normal -0.000000e+00  0.000000e+00 -1.000000e+00
   outer loop
     vertex  2.039500e+02  2.200000e+02  3.119500e+02
     vertex  2.029500e+02  2.190000e+02  3.119500e+02
     vertex  2.029500e+02  2.200000e+02  3.119500e+02
   endloop
 endfacet
 facet normal  0.000000e+00 -0.000000e+00 -1.000000e+00
   outer loop
     vertex  2.039500e+02  2.200000e+02  3.119500e+02
     vertex  2.039500e+02  2.190000e+02  3.119500e+02
     vertex  2.029500e+02  2.190000e+02  3.119500e+02
   endloop
 endfacet
 facet normal -0.000000e+00  0.000000e+00 -1.000000e+00
   outer loop
     vertex  2.049500e+02  2.200000e+02  3.089500e+02
     vertex  2.039500e+02  2.190000e+02  3.089500e+02
     vertex  2.039500e+02  2.200000e+02  3.089500e+02
   endloop
 endfacet
 facet normal  0.000000e+00 -0.000000e+00 -1.000000e+00
   outer loop
     vertex  2.049500e+02  2.200000e+02  3.089500e+02
     vertex  2.049500e+02  2.190000e+02  3.089500e+02
     vertex  2.039500e+02  2.190000e+02  3.089500e+02
   endloop
 endfacet
 facet normal -1.000000e+00  0.000000e+00  0.000000e+00
   outer loop
     vertex  2.049500e+02  2.190000e+02  3.089500e+02
     vertex  2.049500e+02  2.200000e+02  3.079500e+02
     vertex  2.049500e+02  2.190000e+02  3.079500e+02
   endloop
 endfacet
 facet normal -1.000000e+00  0.000000e+00  0.000000e+00
   outer loop
     vertex  2.049500e+02  2.190000e+02  3.089500e+02
     vertex  2.049500e+02  2.200000e+02  3.089500e+02
     vertex  2.049500e+02  2.200000e+02  3.079500e+02
   endloop
 endfacet
 facet normal -0.000000e+00  0.000000e+00 -1.000000e+00
   outer loop
     vertex  2.100500e+02  2.200000e+02  3.079500e+02
     vertex  2.049500e+02  2.190000e+02  3.079500e+02
     vertex  2.049500e+02  2.200000e+02  3.079500e+02
   endloop
 endfacet
 facet normal  0.000000e+00 -0.000000e+00 -1.000000e+00
   outer loop
     vertex  2.100500e+02  2.200000e+02  3.079500e+02
     vertex  2.100500e+02  2.190000e+02  3.079500e+02
     vertex  2.049500e+02  2.190000e+02  3.079500e+02
   endloop
 endfacet
 facet normal -0.000000e+00  0.000000e+00 -1.000000e+00
   outer loop
     vertex  2.110500e+02  2.200000e+02  3.109500e+02
     vertex  2.100500e+02  2.190000e+02  3.109500e+02
     vertex  2.100500e+02  2.200000e+02  3.109500e+02
   endloop
 endfacet
 facet normal  0.000000e+00 -0.000000e+00 -1.000000e+00
   outer loop
     vertex  2.110500e+02  2.200000e+02  3.109500e+02
     vertex  2.110500e+02  2.190000e+02  3.109500e+02
     vertex  2.100500e+02  2.190000e+02  3.109500e+02
   endloop
 endfacet
 facet normal -0.000000e+00  0.000000e+00 -1.000000e+00
   outer loop
     vertex  2.120500e+02  2.200000e+02  3.129500e+02
     vertex  2.110500e+02  2.190000e+02  3.129500e+02
     vertex  2.110500e+02  2.200000e+02  3.129500e+02
   endloop
 endfacet
 facet normal  0.000000e+00 -0.000000e+00 -1.000000e+00
   outer loop
     vertex  2.120500e+02  2.200000e+02  3.129500e+02
     vertex  2.120500e+02  2.190000e+02  3.129500e+02
     vertex  2.110500e+02  2.190000e+02  3.129500e+02
   endloop
 endfacet
 facet normal -0.000000e+00  0.000000e+00 -1.000000e+00
   outer loop
     vertex  2.130500e+02  2.200000e+02  3.159500e+02
     vertex  2.120500e+02  2.190000e+02  3.159500e+02
     vertex  2.120500e+02  2.200000e+02  3.159500e+02
   endloop
 endfacet
 facet normal  0.000000e+00 -0.000000e+00 -1.000000e+00
   outer loop
     vertex  2.130500e+02  2.200000e+02  3.159500e+02
     vertex  2.130500e+02  2.190000e+02  3.159500e+02
     vertex  2.120500e+02  2.190000e+02  3.159500e+02
   endloop
 endfacet
 facet normal -0.000000e+00  0.000000e+00 -1.000000e+00
   outer loop
     vertex  2.140500e+02  2.200000e+02  3.189500e+02
     vertex  2.130500e+02  2.190000e+02  3.189500e+02
     vertex  2.130500e+02  2.200000e+02  3.189500e+02
   endloop
 endfacet
 facet normal  0.000000e+00 -0.000000e+00 -1.000000e+00
   outer loop
     vertex  2.140500e+02  2.200000e+02  3.189500e+02
     vertex  2.140500e+02  2.190000e+02  3.189500e+02
     vertex  2.130500e+02  2.190000e+02  3.189500e+02
   endloop
 endfacet
 facet normal  0.000000e+00  0.000000e+00  1.000000e+00
   outer loop
     vertex  2.140500e+02  2.200000e+02  3.230500e+02
     vertex  2.099500e+02  2.200000e+02  3.230500e+02
     vertex  2.099500e+02  2.190000e+02  3.230500e+02
   endloop
 endfacet
 facet normal  0.000000e+00  0.000000e+00  1.000000e+00
   outer loop
     vertex  2.140500e+02  2.200000e+02  3.230500e+02
     vertex  2.099500e+02  2.190000e+02  3.230500e+02
     vertex  2.140500e+02  2.190000e+02  3.230500e+02
   endloop
 endfacet
 facet normal  0.000000e+00  0.000000e+00  1.000000e+00
   outer loop
     vertex  2.099500e+02  2.200000e+02  3.210500e+02
     vertex  2.089500e+02  2.200000e+02  3.210500e+02
     vertex  2.089500e+02  2.190000e+02  3.210500e+02
   endloop
 endfacet
 facet normal  0.000000e+00  0.000000e+00  1.000000e+00
   outer loop
     vertex  2.099500e+02  2.200000e+02  3.210500e+02
     vertex  2.089500e+02  2.190000e+02  3.210500e+02
     vertex  2.099500e+02  2.190000e+02  3.210500e+02
   endloop
 endfacet
 facet normal  0.000000e+00  0.000000e+00  1.000000e+00
   outer loop
     vertex  2.089500e+02  2.200000e+02  3.180500e+02
     vertex  2.079500e+02  2.200000e+02  3.180500e+02
     vertex  2.079500e+02  2.190000e+02  3.180500e+02
   endloop
 endfacet
 facet normal  0.000000e+00  0.000000e+00  1.000000e+00
   outer loop
     vertex  2.089500e+02  2.200000e+02  3.180500e+02
     vertex  2.079500e+02  2.190000e+02  3.180500e+02
     vertex  2.089500e+02  2.190000e+02  3.180500e+02
   endloop
 endfacet
 facet normal  0.000000e+00  0.000000e+00  1.000000e+00
   outer loop
     vertex  2.070500e+02  2.200000e+02  3.160500e+02
     vertex  2.060500e+02  2.200000e+02  3.160500e+02
     vertex  2.060500e+02  2.190000e+02  3.160500e+02
   endloop
 endfacet
 facet normal  0.000000e+00  0.000000e+00  1.000000e+00
   outer loop
     vertex  2.070500e+02  2.200000e+02  3.160500e+02
     vertex  2.060500e+02  2.190000e+02  3.160500e+02
     vertex  2.070500e+02  2.190000e+02  3.160500e+02
   endloop
 endfacet
 facet normal  1.000000e+00  0.000000e+00  0.000000e+00
   outer loop
     vertex  2.070500e+02  2.190000e+02  3.160500e+02
     vertex  2.070500e+02  2.190000e+02  3.150500e+02
     vertex  2.070500e+02  2.200000e+02  3.150500e+02
   endloop
 endfacet
 facet normal  1.000000e+00 -0.000000e+00  0.000000e+00
   outer loop
     vertex  2.070500e+02  2.190000e+02  3.160500e+02
     vertex  2.070500e+02  2.200000e+02  3.150500e+02
     vertex  2.070500e+02  2.200000e+02  3.160500e+02
   endloop
 endfacet
 facet normal  0.000000e+00  0.000000e+00  1.000000e+00
   outer loop
     vertex  2.079500e+02  2.200000e+02  3.150500e+02
     vertex  2.070500e+02  2.200000e+02  3.150500e+02
     vertex  2.070500e+02  2.190000e+02  3.150500e+02
   endloop
 endfacet
 facet normal  0.000000e+00  0.000000e+00  1.000000e+00
   outer loop
     vertex  2.079500e+02  2.200000e+02  3.150500e+02
     vertex  2.070500e+02  2.190000e+02  3.150500e+02
     vertex  2.079500e+02  2.190000e+02  3.150500e+02
   endloop
 endfacet
 facet normal  0.000000e+00  0.000000e+00  1.000000e+00
   outer loop
     vertex  2.060500e+02  2.200000e+02  3.200500e+02
     vertex  2.050500e+02  2.200000e+02  3.200500e+02
     vertex  2.050500e+02  2.190000e+02  3.200500e+02
   endloop
 endfacet
 facet normal  0.000000e+00  0.000000e+00  1.000000e+00
   outer loop
     vertex  2.060500e+02  2.200000e+02  3.200500e+02
     vertex  2.050500e+02  2.190000e+02  3.200500e+02
     vertex  2.060500e+02  2.190000e+02  3.200500e+02
   endloop
 endfacet
 facet normal  1.000000e+00  0.000000e+00  0.000000e+00
   outer loop
     vertex  2.050500e+02  2.190000e+02  3.220500e+02
     vertex  2.050500e+02  2.190000e+02  3.200500e+02
     vertex  2.050500e+02  2.200000e+02  3.200500e+02
   endloop
 endfacet
 facet normal  1.000000e+00 -0.000000e+00  0.000000e+00
   outer loop
     vertex  2.050500e+02  2.190000e+02  3.220500e+02
     vertex  2.050500e+02  2.200000e+02  3.200500e+02
     vertex  2.050500e+02  2.200000e+02  3.220500e+02
   endloop
 endfacet
 facet normal -1.000000e+00  0.000000e+00  0.000000e+00
   outer loop
     vertex  1.999500e+02  2.190000e+02  3.199500e+02
     vertex  1.999500e+02  2.190000e+02  3.220500e+02
     vertex  1.999500e+02  2.200000e+02  3.220500e+02
   endloop
 endfacet
 facet normal -1.000000e+00  0.000000e+00  0.000000e+00
   outer loop
     vertex  1.999500e+02  2.190000e+02  3.199500e+02
     vertex  1.999500e+02  2.200000e+02  3.220500e+02
     vertex  1.999500e+02  2.200000e+02  3.199500e+02
   endloop
 endfacet
 facet normal -1.000000e+00  0.000000e+00  0.000000e+00
   outer loop
     vertex  2.009500e+02  2.190000e+02  3.169500e+02
     vertex  2.009500e+02  2.190000e+02  3.199500e+02
     vertex  2.009500e+02  2.200000e+02  3.199500e+02
   endloop
 endfacet
 facet normal -1.000000e+00  0.000000e+00  0.000000e+00
   outer loop
     vertex  2.009500e+02  2.190000e+02  3.169500e+02
     vertex  2.009500e+02  2.200000e+02  3.199500e+02
     vertex  2.009500e+02  2.200000e+02  3.169500e+02
   endloop
 endfacet
 facet normal  0.000000e+00  1.000000e+00  0.000000e+00
   outer loop
     vertex  2.039500e+02  2.200000e+02  3.119500e+02
     vertex  2.049500e+02  2.200000e+02  3.089500e+02
     vertex  2.039500e+02  2.200000e+02  3.089500e+02
   endloop
 endfacet
 facet normal  0.000000e+00  1.000000e+00  0.000000e+00
   outer loop
     vertex  2.029500e+02  2.200000e+02  3.149500e+02
     vertex  2.039500e+02  2.200000e+02  3.119500e+02
     vertex  2.029500e+02  2.200000e+02  3.119500e+02
   endloop
 endfacet
 facet normal  0.000000e+00  1.000000e+00  0.000000e+00
   outer loop
     vertex  2.100500e+02  2.200000e+02  3.079500e+02
     vertex  2.049500e+02  2.200000e+02  3.079500e+02
     vertex  2.049500e+02  2.200000e+02  3.089500e+02
   endloop
 endfacet
 facet normal  0.000000e+00  1.000000e+00  0.000000e+00
   outer loop
     vertex  2.019500e+02  2.200000e+02  3.169500e+02
     vertex  2.029500e+02  2.200000e+02  3.149500e+02
     vertex  2.019500e+02  2.200000e+02  3.149500e+02
   endloop
 endfacet
 facet normal  0.000000e+00  1.000000e+00  0.000000e+00
   outer loop
     vertex  2.009500e+02  2.200000e+02  3.199500e+02
     vertex  2.019500e+02  2.200000e+02  3.169500e+02
     vertex  2.009500e+02  2.200000e+02  3.169500e+02
   endloop
 endfacet
 facet normal  0.000000e+00  1.000000e+00  0.000000e+00
   outer loop
     vertex  2.100500e+02  2.200000e+02  3.109500e+02
     vertex  2.100500e+02  2.200000e+02  3.079500e+02
     vertex  2.049500e+02  2.200000e+02  3.089500e+02
   endloop
 endfacet
 facet normal  0.000000e+00  1.000000e+00  0.000000e+00
   outer loop
     vertex  2.100500e+02  2.200000e+02  3.109500e+02
     vertex  2.049500e+02  2.200000e+02  3.089500e+02
     vertex  2.039500e+02  2.200000e+02  3.119500e+02
   endloop
 endfacet
 facet normal  0.000000e+00  1.000000e+00  0.000000e+00
   outer loop
     vertex  2.070500e+02  2.200000e+02  3.150500e+02
     vertex  2.039500e+02  2.200000e+02  3.119500e+02
     vertex  2.029500e+02  2.200000e+02  3.149500e+02
   endloop
 endfacet
 facet normal  0.000000e+00  1.000000e+00  0.000000e+00
   outer loop
     vertex  2.070500e+02  2.200000e+02  3.150500e+02
     vertex  2.100500e+02  2.200000e+02  3.109500e+02
     vertex  2.039500e+02  2.200000e+02  3.119500e+02
   endloop
 endfacet
 facet normal  0.000000e+00  1.000000e+00  0.000000e+00
   outer loop
     vertex  2.060500e+02  2.200000e+02  3.160500e+02
     vertex  2.029500e+02  2.200000e+02  3.149500e+02
     vertex  2.019500e+02  2.200000e+02  3.169500e+02
   endloop
 endfacet
 facet normal  0.000000e+00  1.000000e+00  0.000000e+00
   outer loop
     vertex  2.060500e+02  2.200000e+02  3.160500e+02
     vertex  2.070500e+02  2.200000e+02  3.150500e+02
     vertex  2.029500e+02  2.200000e+02  3.149500e+02
   endloop
 endfacet
 facet normal  0.000000e+00  1.000000e+00  0.000000e+00
   outer loop
     vertex  2.079500e+02  2.200000e+02  3.150500e+02
     vertex  2.100500e+02  2.200000e+02  3.109500e+02
     vertex  2.070500e+02  2.200000e+02  3.150500e+02
   endloop
 endfacet
 facet normal  0.000000e+00  1.000000e+00  0.000000e+00
   outer loop
     vertex  2.009500e+02  2.200000e+02  3.220500e+02
     vertex  2.009500e+02  2.200000e+02  3.199500e+02
     vertex  1.999500e+02  2.200000e+02  3.199500e+02
   endloop
 endfacet
 facet normal  0.000000e+00  1.000000e+00  0.000000e+00
   outer loop
     vertex  2.009500e+02  2.200000e+02  3.220500e+02
     vertex  1.999500e+02  2.200000e+02  3.199500e+02
     vertex  1.999500e+02  2.200000e+02  3.220500e+02
   endloop
 endfacet
 facet normal  0.000000e+00  1.000000e+00  0.000000e+00
   outer loop
     vertex  2.070500e+02  2.200000e+02  3.160500e+02
     vertex  2.070500e+02  2.200000e+02  3.150500e+02
     vertex  2.060500e+02  2.200000e+02  3.160500e+02
   endloop
 endfacet
 facet normal  0.000000e+00  1.000000e+00  0.000000e+00
   outer loop
     vertex  2.110500e+02  2.200000e+02  3.129500e+02
     vertex  2.110500e+02  2.200000e+02  3.109500e+02
     vertex  2.100500e+02  2.200000e+02  3.109500e+02
   endloop
 endfacet
 facet normal  0.000000e+00  1.000000e+00  0.000000e+00
   outer loop
     vertex  2.110500e+02  2.200000e+02  3.129500e+02
     vertex  2.100500e+02  2.200000e+02  3.109500e+02
     vertex  2.079500e+02  2.200000e+02  3.150500e+02
   endloop
 endfacet
 facet normal  0.000000e+00  1.000000e+00  0.000000e+00
   outer loop
     vertex  2.050500e+02  2.200000e+02  3.200500e+02
     vertex  2.019500e+02  2.200000e+02  3.169500e+02
     vertex  2.009500e+02  2.200000e+02  3.199500e+02
   endloop
 endfacet
 facet normal  0.000000e+00  1.000000e+00  0.000000e+00
   outer loop
     vertex  2.050500e+02  2.200000e+02  3.200500e+02
     vertex  2.060500e+02  2.200000e+02  3.160500e+02
     vertex  2.019500e+02  2.200000e+02  3.169500e+02
   endloop
 endfacet
 facet normal  0.000000e+00  1.000000e+00  0.000000e+00
   outer loop
     vertex  2.060500e+02  2.200000e+02  3.200500e+02
     vertex  2.060500e+02  2.200000e+02  3.160500e+02
     vertex  2.050500e+02  2.200000e+02  3.200500e+02
   endloop
 endfacet
 facet normal  0.000000e+00  1.000000e+00  0.000000e+00
   outer loop
     vertex  2.040500e+02  2.200000e+02  3.220500e+02
     vertex  2.009500e+02  2.200000e+02  3.199500e+02
     vertex  2.009500e+02  2.200000e+02  3.220500e+02
   endloop
 endfacet
 facet normal  0.000000e+00  1.000000e+00  0.000000e+00
   outer loop
     vertex  2.040500e+02  2.200000e+02  3.220500e+02
     vertex  2.050500e+02  2.200000e+02  3.200500e+02
     vertex  2.009500e+02  2.200000e+02  3.199500e+02
   endloop
 endfacet
 facet normal  0.000000e+00  1.000000e+00  0.000000e+00
   outer loop
     vertex  2.050500e+02  2.200000e+02  3.220500e+02
     vertex  2.050500e+02  2.200000e+02  3.200500e+02
     vertex  2.040500e+02  2.200000e+02  3.220500e+02
   endloop
 endfacet
 facet normal  0.000000e+00  1.000000e+00  0.000000e+00
   outer loop
     vertex  2.040500e+02  2.200000e+02  3.230500e+02
     vertex  2.009500e+02  2.200000e+02  3.220500e+02
     vertex  2.009500e+02  2.200000e+02  3.230500e+02
   endloop
 endfacet
 facet normal  0.000000e+00  1.000000e+00  0.000000e+00
   outer loop
     vertex  2.040500e+02  2.200000e+02  3.230500e+02
     vertex  2.040500e+02  2.200000e+02  3.220500e+02
     vertex  2.009500e+02  2.200000e+02  3.220500e+02
   endloop
 endfacet
 facet normal  0.000000e+00  1.000000e+00  0.000000e+00
   outer loop
     vertex  2.120500e+02  2.200000e+02  3.159500e+02
     vertex  2.120500e+02  2.200000e+02  3.129500e+02
     vertex  2.110500e+02  2.200000e+02  3.129500e+02
   endloop
 endfacet
 facet normal  0.000000e+00  1.000000e+00  0.000000e+00
   outer loop
     vertex  2.120500e+02  2.200000e+02  3.159500e+02
     vertex  2.110500e+02  2.200000e+02  3.129500e+02
     vertex  2.079500e+02  2.200000e+02  3.150500e+02
   endloop
 endfacet
 facet normal  0.000000e+00  1.000000e+00  0.000000e+00
   outer loop
     vertex  2.120500e+02  2.200000e+02  3.159500e+02
     vertex  2.079500e+02  2.200000e+02  3.150500e+02
     vertex  2.089500e+02  2.200000e+02  3.180500e+02
   endloop
 endfacet
 facet normal  0.000000e+00  1.000000e+00  0.000000e+00
   outer loop
     vertex  2.099500e+02  2.200000e+02  3.210500e+02
     vertex  2.089500e+02  2.200000e+02  3.180500e+02
     vertex  2.089500e+02  2.200000e+02  3.210500e+02
   endloop
 endfacet
 facet normal  0.000000e+00  1.000000e+00  0.000000e+00
   outer loop
     vertex  2.130500e+02  2.200000e+02  3.189500e+02
     vertex  2.089500e+02  2.200000e+02  3.180500e+02
     vertex  2.099500e+02  2.200000e+02  3.210500e+02
   endloop
 endfacet
 facet normal  0.000000e+00  1.000000e+00  0.000000e+00
   outer loop
     vertex  2.130500e+02  2.200000e+02  3.189500e+02
     vertex  2.120500e+02  2.200000e+02  3.159500e+02
     vertex  2.089500e+02  2.200000e+02  3.180500e+02
   endloop
 endfacet
 facet normal  0.000000e+00  1.000000e+00  0.000000e+00
   outer loop
     vertex  2.130500e+02  2.200000e+02  3.189500e+02
     vertex  2.130500e+02  2.200000e+02  3.159500e+02
     vertex  2.120500e+02  2.200000e+02  3.159500e+02
   endloop
 endfacet
 facet normal  0.000000e+00  1.000000e+00  0.000000e+00
   outer loop
     vertex  2.140500e+02  2.200000e+02  3.230500e+02
     vertex  2.130500e+02  2.200000e+02  3.189500e+02
     vertex  2.099500e+02  2.200000e+02  3.210500e+02
   endloop
 endfacet
 facet normal  0.000000e+00  1.000000e+00  0.000000e+00
   outer loop
     vertex  2.140500e+02  2.200000e+02  3.230500e+02
     vertex  2.099500e+02  2.200000e+02  3.210500e+02
     vertex  2.099500e+02  2.200000e+02  3.230500e+02
   endloop
 endfacet
 facet normal  0.000000e+00  1.000000e+00  0.000000e+00
   outer loop
     vertex  2.140500e+02  2.200000e+02  3.230500e+02
     vertex  2.140500e+02  2.200000e+02  3.189500e+02
     vertex  2.130500e+02  2.200000e+02  3.189500e+02
   endloop
 endfacet
 facet normal  0.000000e+00  1.000000e+00  0.000000e+00
   outer loop
     vertex  2.079500e+02  2.200000e+02  3.150500e+02
     vertex  2.079500e+02  2.200000e+02  3.180500e+02
     vertex  2.089500e+02  2.200000e+02  3.180500e+02
   endloop
 endfacet
 facet normal  1.000000e+00  0.000000e+00  0.000000e+00
   outer loop
     vertex  2.060500e+02  2.190000e+02  3.200500e+02
     vertex  2.060500e+02  2.190000e+02  3.160500e+02
     vertex  2.060500e+02  2.200000e+02  3.160500e+02
   endloop
 endfacet
 facet normal  1.000000e+00 -0.000000e+00  0.000000e+00
   outer loop
     vertex  2.060500e+02  2.190000e+02  3.200500e+02
     vertex  2.060500e+02  2.200000e+02  3.160500e+02
     vertex  2.060500e+02  2.200000e+02  3.200500e+02
   endloop
 endfacet
 facet normal -1.000000e+00  0.000000e+00  0.000000e+00
   outer loop
     vertex  2.019500e+02  2.190000e+02  3.149500e+02
     vertex  2.019500e+02  2.190000e+02  3.169500e+02
     vertex  2.019500e+02  2.200000e+02  3.169500e+02
   endloop
 endfacet
 facet normal -1.000000e+00  0.000000e+00  0.000000e+00
   outer loop
     vertex  2.019500e+02  2.190000e+02  3.149500e+02
     vertex  2.019500e+02  2.200000e+02  3.169500e+02
     vertex  2.019500e+02  2.200000e+02  3.149500e+02
   endloop
 endfacet
 facet normal -1.000000e+00  0.000000e+00  0.000000e+00
   outer loop
     vertex  2.029500e+02  2.190000e+02  3.119500e+02
     vertex  2.029500e+02  2.190000e+02  3.149500e+02
     vertex  2.029500e+02  2.200000e+02  3.149500e+02
   endloop
 endfacet
 facet normal -1.000000e+00  0.000000e+00  0.000000e+00
   outer loop
     vertex  2.029500e+02  2.190000e+02  3.119500e+02
     vertex  2.029500e+02  2.200000e+02  3.149500e+02
     vertex  2.029500e+02  2.200000e+02  3.119500e+02
   endloop
 endfacet
 facet normal  1.000000e+00  0.000000e+00  0.000000e+00
   outer loop
     vertex  2.120500e+02  2.190000e+02  3.159500e+02
     vertex  2.120500e+02  2.190000e+02  3.129500e+02
     vertex  2.120500e+02  2.200000e+02  3.129500e+02
   endloop
 endfacet
 facet normal  1.000000e+00 -0.000000e+00  0.000000e+00
   outer loop
     vertex  2.120500e+02  2.190000e+02  3.159500e+02
     vertex  2.120500e+02  2.200000e+02  3.129500e+02
     vertex  2.120500e+02  2.200000e+02  3.159500e+02
   endloop
 endfacet
 facet normal -1.000000e+00  0.000000e+00  0.000000e+00
   outer loop
     vertex  2.079500e+02  2.190000e+02  3.150500e+02
     vertex  2.079500e+02  2.200000e+02  3.180500e+02
     vertex  2.079500e+02  2.200000e+02  3.150500e+02
   endloop
 endfacet
 facet normal -1.000000e+00  0.000000e+00  0.000000e+00
   outer loop
     vertex  2.079500e+02  2.190000e+02  3.150500e+02
     vertex  2.079500e+02  2.190000e+02  3.180500e+02
     vertex  2.079500e+02  2.200000e+02  3.180500e+02
   endloop
 endfacet
 facet normal  1.000000e+00  0.000000e+00  0.000000e+00
   outer loop
     vertex  2.110500e+02  2.190000e+02  3.129500e+02
     vertex  2.110500e+02  2.190000e+02  3.109500e+02
     vertex  2.110500e+02  2.200000e+02  3.109500e+02
   endloop
 endfacet
 facet normal  1.000000e+00 -0.000000e+00  0.000000e+00
   outer loop
     vertex  2.110500e+02  2.190000e+02  3.129500e+02
     vertex  2.110500e+02  2.200000e+02  3.109500e+02
     vertex  2.110500e+02  2.200000e+02  3.129500e+02
   endloop
 endfacet
 facet normal  1.000000e+00  0.000000e+00  0.000000e+00
   outer loop
     vertex  2.130500e+02  2.190000e+02  3.189500e+02
     vertex  2.130500e+02  2.190000e+02  3.159500e+02
     vertex  2.130500e+02  2.200000e+02  3.159500e+02
   endloop
 endfacet
 facet normal  1.000000e+00 -0.000000e+00  0.000000e+00
   outer loop
     vertex  2.130500e+02  2.190000e+02  3.189500e+02
     vertex  2.130500e+02  2.200000e+02  3.159500e+02
     vertex  2.130500e+02  2.200000e+02  3.189500e+02
   endloop
 endfacet
 facet normal -1.000000e+00  0.000000e+00  0.000000e+00
   outer loop
     vertex  2.039500e+02  2.190000e+02  3.089500e+02
     vertex  2.039500e+02  2.190000e+02  3.119500e+02
     vertex  2.039500e+02  2.200000e+02  3.119500e+02
   endloop
 endfacet
 facet normal -1.000000e+00  0.000000e+00  0.000000e+00
   outer loop
     vertex  2.039500e+02  2.190000e+02  3.089500e+02
     vertex  2.039500e+02  2.200000e+02  3.119500e+02
     vertex  2.039500e+02  2.200000e+02  3.089500e+02
   endloop
 endfacet
 facet normal -1.000000e+00  0.000000e+00  0.000000e+00
   outer loop
     vertex  2.089500e+02  2.190000e+02  3.180500e+02
     vertex  2.089500e+02  2.200000e+02  3.210500e+02
     vertex  2.089500e+02  2.200000e+02  3.180500e+02
   endloop
 endfacet
 facet normal -1.000000e+00  0.000000e+00  0.000000e+00
   outer loop
     vertex  2.089500e+02  2.190000e+02  3.180500e+02
     vertex  2.089500e+02  2.190000e+02  3.210500e+02
     vertex  2.089500e+02  2.200000e+02  3.210500e+02
   endloop
 endfacet
 facet normal  1.000000e+00  0.000000e+00  0.000000e+00
   outer loop
     vertex  2.100500e+02  2.190000e+02  3.109500e+02
     vertex  2.100500e+02  2.190000e+02  3.079500e+02
     vertex  2.100500e+02  2.200000e+02  3.079500e+02
   endloop
 endfacet
 facet normal  1.000000e+00 -0.000000e+00  0.000000e+00
   outer loop
     vertex  2.100500e+02  2.190000e+02  3.109500e+02
     vertex  2.100500e+02  2.200000e+02  3.079500e+02
     vertex  2.100500e+02  2.200000e+02  3.109500e+02
   endloop
 endfacet
 facet normal  1.000000e+00  0.000000e+00  0.000000e+00
   outer loop
     vertex  2.140500e+02  2.190000e+02  3.230500e+02
     vertex  2.140500e+02  2.190000e+02  3.189500e+02
     vertex  2.140500e+02  2.200000e+02  3.189500e+02
   endloop
 endfacet
 facet normal  1.000000e+00 -0.000000e+00  0.000000e+00
   outer loop
     vertex  2.140500e+02  2.190000e+02  3.230500e+02
     vertex  2.140500e+02  2.200000e+02  3.189500e+02
     vertex  2.140500e+02  2.200000e+02  3.230500e+02
   endloop
 endfacet
 facet normal -1.000000e+00  0.000000e+00  0.000000e+00
   outer loop
     vertex  2.099500e+02  2.190000e+02  3.210500e+02
     vertex  2.099500e+02  2.200000e+02  3.230500e+02
     vertex  2.099500e+02  2.200000e+02  3.210500e+02
   endloop
 endfacet
 facet normal -1.000000e+00  0.000000e+00  0.000000e+00
   outer loop
     vertex  2.099500e+02  2.190000e+02  3.210500e+02
     vertex  2.099500e+02  2.190000e+02  3.230500e+02
     vertex  2.099500e+02  2.200000e+02  3.230500e+02
   endloop
 endfacet
 facet normal  1.000000e+00  0.000000e+00  0.000000e+00
   outer loop
     vertex  2.260500e+02  2.190000e+02  3.220500e+02
     vertex  2.260500e+02  2.190000e+02  3.210500e+02
     vertex  2.260500e+02  2.200000e+02  3.210500e+02
   endloop
 endfacet
 facet normal  1.000000e+00 -0.000000e+00  0.000000e+00
   outer loop
     vertex  2.260500e+02  2.190000e+02  3.220500e+02
     vertex  2.260500e+02  2.200000e+02  3.210500e+02
     vertex  2.260500e+02  2.200000e+02  3.220500e+02
   endloop
 endfacet
 facet normal  0.000000e+00  0.000000e+00  1.000000e+00
   outer loop
     vertex  2.260500e+02  2.200000e+02  3.220500e+02
     vertex  2.240500e+02  2.200000e+02  3.220500e+02
     vertex  2.240500e+02  2.190000e+02  3.220500e+02
   endloop
 endfacet
 facet normal  0.000000e+00  0.000000e+00  1.000000e+00
   outer loop
     vertex  2.260500e+02  2.200000e+02  3.220500e+02
     vertex  2.240500e+02  2.190000e+02  3.220500e+02
     vertex  2.260500e+02  2.190000e+02  3.220500e+02
   endloop
 endfacet
 facet normal  1.000000e+00  0.000000e+00  0.000000e+00
   outer loop
     vertex  2.240500e+02  2.190000e+02  3.230500e+02
     vertex  2.240500e+02  2.190000e+02  3.220500e+02
     vertex  2.240500e+02  2.200000e+02  3.220500e+02
   endloop
 endfacet
 facet normal  1.000000e+00 -0.000000e+00  0.000000e+00
   outer loop
     vertex  2.240500e+02  2.190000e+02  3.230500e+02
     vertex  2.240500e+02  2.200000e+02  3.220500e+02
     vertex  2.240500e+02  2.200000e+02  3.230500e+02
   endloop
 endfacet
 facet normal  0.000000e+00  0.000000e+00  1.000000e+00
   outer loop
     vertex  2.240500e+02  2.200000e+02  3.230500e+02
     vertex  2.189500e+02  2.200000e+02  3.230500e+02
     vertex  2.189500e+02  2.190000e+02  3.230500e+02
   endloop
 endfacet
 facet normal  0.000000e+00  0.000000e+00  1.000000e+00
   outer loop
     vertex  2.240500e+02  2.200000e+02  3.230500e+02
     vertex  2.189500e+02  2.190000e+02  3.230500e+02
     vertex  2.240500e+02  2.190000e+02  3.230500e+02
   endloop
 endfacet
 facet normal -1.000000e+00  0.000000e+00  0.000000e+00
   outer loop
     vertex  2.189500e+02  2.190000e+02  3.230500e+02
     vertex  2.189500e+02  2.200000e+02  3.220500e+02
     vertex  2.189500e+02  2.190000e+02  3.220500e+02
   endloop
 endfacet
 facet normal -1.000000e+00  0.000000e+00  0.000000e+00
   outer loop
     vertex  2.189500e+02  2.190000e+02  3.230500e+02
     vertex  2.189500e+02  2.200000e+02  3.230500e+02
     vertex  2.189500e+02  2.200000e+02  3.220500e+02
   endloop
 endfacet
 facet normal  0.000000e+00  0.000000e+00  1.000000e+00
   outer loop
     vertex  2.189500e+02  2.200000e+02  3.220500e+02
     vertex  2.169500e+02  2.200000e+02  3.220500e+02
     vertex  2.169500e+02  2.190000e+02  3.220500e+02
   endloop
 endfacet
 facet normal  0.000000e+00  0.000000e+00  1.000000e+00
   outer loop
     vertex  2.189500e+02  2.200000e+02  3.220500e+02
     vertex  2.169500e+02  2.190000e+02  3.220500e+02
     vertex  2.189500e+02  2.190000e+02  3.220500e+02
   endloop
 endfacet
 facet normal -1.000000e+00  0.000000e+00  0.000000e+00
   outer loop
     vertex  2.169500e+02  2.190000e+02  3.220500e+02
     vertex  2.169500e+02  2.200000e+02  3.210500e+02
     vertex  2.169500e+02  2.190000e+02  3.210500e+02
   endloop
 endfacet
 facet normal -1.000000e+00  0.000000e+00  0.000000e+00
   outer loop
     vertex  2.169500e+02  2.190000e+02  3.220500e+02
     vertex  2.169500e+02  2.200000e+02  3.220500e+02
     vertex  2.169500e+02  2.200000e+02  3.210500e+02
   endloop
 endfacet
 facet normal  0.000000e+00  0.000000e+00  1.000000e+00
   outer loop
     vertex  2.270500e+02  2.200000e+02  3.210500e+02
     vertex  2.260500e+02  2.200000e+02  3.210500e+02
     vertex  2.260500e+02  2.190000e+02  3.210500e+02
   endloop
 endfacet
 facet normal  0.000000e+00  0.000000e+00  1.000000e+00
   outer loop
     vertex  2.270500e+02  2.200000e+02  3.210500e+02
     vertex  2.260500e+02  2.190000e+02  3.210500e+02
     vertex  2.270500e+02  2.190000e+02  3.210500e+02
   endloop
 endfacet
 facet normal  0.000000e+00  0.000000e+00  1.000000e+00
   outer loop
     vertex  2.169500e+02  2.200000e+02  3.210500e+02
     vertex  2.159500e+02  2.200000e+02  3.210500e+02
     vertex  2.159500e+02  2.190000e+02  3.210500e+02
   endloop
 endfacet
 facet normal  0.000000e+00  0.000000e+00  1.000000e+00
   outer loop
     vertex  2.169500e+02  2.200000e+02  3.210500e+02
     vertex  2.159500e+02  2.190000e+02  3.210500e+02
     vertex  2.169500e+02  2.190000e+02  3.210500e+02
   endloop
 endfacet
 facet normal  1.000000e+00  0.000000e+00  0.000000e+00
   outer loop
     vertex  2.270500e+02  2.190000e+02  3.210500e+02
     vertex  2.270500e+02  2.190000e+02  3.200500e+02
     vertex  2.270500e+02  2.200000e+02  3.200500e+02
   endloop
 endfacet
 facet normal  1.000000e+00 -0.000000e+00  0.000000e+00
   outer loop
     vertex  2.270500e+02  2.190000e+02  3.210500e+02
     vertex  2.270500e+02  2.200000e+02  3.200500e+02
     vertex  2.270500e+02  2.200000e+02  3.210500e+02
   endloop
 endfacet
 facet normal  0.000000e+00  0.000000e+00  1.000000e+00
   outer loop
     vertex  2.280500e+02  2.200000e+02  3.200500e+02
     vertex  2.270500e+02  2.200000e+02  3.200500e+02
     vertex  2.270500e+02  2.190000e+02  3.200500e+02
   endloop
 endfacet
 facet normal  0.000000e+00  0.000000e+00  1.000000e+00
   outer loop
     vertex  2.280500e+02  2.200000e+02  3.200500e+02
     vertex  2.270500e+02  2.190000e+02  3.200500e+02
     vertex  2.280500e+02  2.190000e+02  3.200500e+02
   endloop
 endfacet
 facet normal -0.000000e+00 -1.000000e+00  0.000000e+00
   outer loop
     vertex  2.189500e+02  2.190000e+02  3.220500e+02
     vertex  2.169500e+02  2.190000e+02  3.220500e+02
     vertex  2.169500e+02  2.190000e+02  3.210500e+02
   endloop
 endfacet
 facet normal  0.000000e+00 -1.000000e+00  0.000000e+00
   outer loop
     vertex  2.159500e+02  2.190000e+02  3.190500e+02
     vertex  2.169500e+02  2.190000e+02  3.210500e+02
     vertex  2.159500e+02  2.190000e+02  3.210500e+02
   endloop
 endfacet
 facet normal  0.000000e+00 -1.000000e+00  0.000000e+00
   outer loop
     vertex  2.200500e+02  2.190000e+02  3.189500e+02
     vertex  2.189500e+02  2.190000e+02  3.220500e+02
     vertex  2.169500e+02  2.190000e+02  3.210500e+02
   endloop
 endfacet
 facet normal  0.000000e+00 -1.000000e+00  0.000000e+00
   outer loop
     vertex  2.200500e+02  2.190000e+02  3.189500e+02
     vertex  2.169500e+02  2.190000e+02  3.210500e+02
     vertex  2.159500e+02  2.190000e+02  3.190500e+02
   endloop
 endfacet
 facet normal  0.000000e+00 -1.000000e+00  0.000000e+00
   outer loop
     vertex  2.240500e+02  2.190000e+02  3.220500e+02
     vertex  2.240500e+02  2.190000e+02  3.230500e+02
     vertex  2.189500e+02  2.190000e+02  3.230500e+02
   endloop
 endfacet
 facet normal  0.000000e+00 -1.000000e+00  0.000000e+00
   outer loop
     vertex  2.240500e+02  2.190000e+02  3.220500e+02
     vertex  2.189500e+02  2.190000e+02  3.230500e+02
     vertex  2.189500e+02  2.190000e+02  3.220500e+02
   endloop
 endfacet
 facet normal  0.000000e+00 -1.000000e+00  0.000000e+00
   outer loop
     vertex  2.200500e+02  2.190000e+02  3.170500e+02
     vertex  2.200500e+02  2.190000e+02  3.189500e+02
     vertex  2.159500e+02  2.190000e+02  3.190500e+02
   endloop
 endfacet
 facet normal  0.000000e+00 -1.000000e+00  0.000000e+00
   outer loop
     vertex  2.229500e+02  2.190000e+02  3.189500e+02
     vertex  2.240500e+02  2.190000e+02  3.220500e+02
     vertex  2.189500e+02  2.190000e+02  3.220500e+02
   endloop
 endfacet
 facet normal  0.000000e+00 -1.000000e+00  0.000000e+00
   outer loop
     vertex  2.229500e+02  2.190000e+02  3.189500e+02
     vertex  2.189500e+02  2.190000e+02  3.220500e+02
     vertex  2.200500e+02  2.190000e+02  3.189500e+02
   endloop
 endfacet
 facet normal  0.000000e+00 -1.000000e+00  0.000000e+00
   outer loop
     vertex  2.260500e+02  2.190000e+02  3.210500e+02
     vertex  2.260500e+02  2.190000e+02  3.220500e+02
     vertex  2.240500e+02  2.190000e+02  3.220500e+02
   endloop
 endfacet
 facet normal -0.000000e+00 -1.000000e+00  0.000000e+00
   outer loop
     vertex  2.260500e+02  2.190000e+02  3.210500e+02
     vertex  2.240500e+02  2.190000e+02  3.220500e+02
     vertex  2.229500e+02  2.190000e+02  3.189500e+02
   endloop
 endfacet
 facet normal  0.000000e+00 -1.000000e+00  0.000000e+00
   outer loop
     vertex  2.190500e+02  2.190000e+02  3.139500e+02
     vertex  2.159500e+02  2.190000e+02  3.190500e+02
     vertex  2.149500e+02  2.190000e+02  3.190500e+02
   endloop
 endfacet
 facet normal -0.000000e+00 -1.000000e+00  0.000000e+00
   outer loop
     vertex  2.190500e+02  2.190000e+02  3.139500e+02
     vertex  2.149500e+02  2.190000e+02  3.190500e+02
     vertex  2.149500e+02  2.190000e+02  3.109500e+02
   endloop
 endfacet
 facet normal  0.000000e+00 -1.000000e+00  0.000000e+00
   outer loop
     vertex  2.190500e+02  2.190000e+02  3.139500e+02
     vertex  2.149500e+02  2.190000e+02  3.109500e+02
     vertex  2.159500e+02  2.190000e+02  3.109500e+02
   endloop
 endfacet
 facet normal  0.000000e+00 -1.000000e+00  0.000000e+00
   outer loop
     vertex  2.190500e+02  2.190000e+02  3.139500e+02
     vertex  2.200500e+02  2.190000e+02  3.170500e+02
     vertex  2.159500e+02  2.190000e+02  3.190500e+02
   endloop
 endfacet
 facet normal -0.000000e+00 -1.000000e+00  0.000000e+00
   outer loop
     vertex  2.190500e+02  2.190000e+02  3.130500e+02
     vertex  2.190500e+02  2.190000e+02  3.139500e+02
     vertex  2.159500e+02  2.190000e+02  3.109500e+02
   endloop
 endfacet
 facet normal  0.000000e+00 -1.000000e+00  0.000000e+00
   outer loop
     vertex  2.239500e+02  2.190000e+02  3.179500e+02
     vertex  2.229500e+02  2.190000e+02  3.189500e+02
     vertex  2.229500e+02  2.190000e+02  3.179500e+02
   endloop
 endfacet
 facet normal  0.000000e+00 -1.000000e+00  0.000000e+00
   outer loop
     vertex  2.239500e+02  2.190000e+02  3.179500e+02
     vertex  2.260500e+02  2.190000e+02  3.210500e+02
     vertex  2.229500e+02  2.190000e+02  3.189500e+02
   endloop
 endfacet
 facet normal  0.000000e+00 -1.000000e+00  0.000000e+00
   outer loop
     vertex  2.270500e+02  2.190000e+02  3.200500e+02
     vertex  2.270500e+02  2.190000e+02  3.210500e+02
     vertex  2.260500e+02  2.190000e+02  3.210500e+02
   endloop
 endfacet
 facet normal -0.000000e+00 -1.000000e+00  0.000000e+00
   outer loop
     vertex  2.270500e+02  2.190000e+02  3.200500e+02
     vertex  2.260500e+02  2.190000e+02  3.210500e+02
     vertex  2.239500e+02  2.190000e+02  3.179500e+02
   endloop
 endfacet
 facet normal  0.000000e+00 -1.000000e+00  0.000000e+00
   outer loop
     vertex  2.169500e+02  2.190000e+02  3.099500e+02
     vertex  2.159500e+02  2.190000e+02  3.109500e+02
     vertex  2.159500e+02  2.190000e+02  3.099500e+02
   endloop
 endfacet
 facet normal  0.000000e+00 -1.000000e+00  0.000000e+00
   outer loop
     vertex  2.169500e+02  2.190000e+02  3.099500e+02
     vertex  2.190500e+02  2.190000e+02  3.130500e+02
     vertex  2.159500e+02  2.190000e+02  3.109500e+02
   endloop
 endfacet
 facet normal -0.000000e+00 -1.000000e+00  0.000000e+00
   outer loop
     vertex  2.200500e+02  2.190000e+02  3.120500e+02
     vertex  2.190500e+02  2.190000e+02  3.130500e+02
     vertex  2.169500e+02  2.190000e+02  3.099500e+02
   endloop
 endfacet
 facet normal  0.000000e+00 -1.000000e+00  0.000000e+00
   outer loop
     vertex  2.200500e+02  2.190000e+02  3.120500e+02
     vertex  2.200500e+02  2.190000e+02  3.130500e+02
     vertex  2.190500e+02  2.190000e+02  3.130500e+02
   endloop
 endfacet
 facet normal  0.000000e+00 -1.000000e+00  0.000000e+00
   outer loop
     vertex  2.179500e+02  2.190000e+02  3.089500e+02
     vertex  2.200500e+02  2.190000e+02  3.120500e+02
     vertex  2.169500e+02  2.190000e+02  3.099500e+02
   endloop
 endfacet
 facet normal  0.000000e+00 -1.000000e+00  0.000000e+00
   outer loop
     vertex  2.179500e+02  2.190000e+02  3.089500e+02
     vertex  2.169500e+02  2.190000e+02  3.099500e+02
     vertex  2.169500e+02  2.190000e+02  3.089500e+02
   endloop
 endfacet
 facet normal -0.000000e+00 -1.000000e+00  0.000000e+00
   outer loop
     vertex  2.210500e+02  2.190000e+02  3.110500e+02
     vertex  2.200500e+02  2.190000e+02  3.120500e+02
     vertex  2.179500e+02  2.190000e+02  3.089500e+02
   endloop
 endfacet
 facet normal  0.000000e+00 -1.000000e+00  0.000000e+00
   outer loop
     vertex  2.210500e+02  2.190000e+02  3.110500e+02
     vertex  2.210500e+02  2.190000e+02  3.120500e+02
     vertex  2.200500e+02  2.190000e+02  3.120500e+02
   endloop
 endfacet
 facet normal  0.000000e+00 -1.000000e+00  0.000000e+00
   outer loop
     vertex  2.280500e+02  2.190000e+02  3.170500e+02
     vertex  2.280500e+02  2.190000e+02  3.200500e+02
     vertex  2.270500e+02  2.190000e+02  3.200500e+02
   endloop
 endfacet
 facet normal  0.000000e+00 -1.000000e+00  0.000000e+00
   outer loop
     vertex  2.280500e+02  2.190000e+02  3.170500e+02
     vertex  2.239500e+02  2.190000e+02  3.179500e+02
     vertex  2.239500e+02  2.190000e+02  3.170500e+02
   endloop
 endfacet
 facet normal  0.000000e+00 -1.000000e+00  0.000000e+00
   outer loop
     vertex  2.280500e+02  2.190000e+02  3.170500e+02
     vertex  2.270500e+02  2.190000e+02  3.200500e+02
     vertex  2.239500e+02  2.190000e+02  3.179500e+02
   endloop
 endfacet
 facet normal -0.000000e+00 -1.000000e+00  0.000000e+00
   outer loop
     vertex  2.239500e+02  2.190000e+02  3.120500e+02
     vertex  2.219500e+02  2.190000e+02  3.120500e+02
     vertex  2.219500e+02  2.190000e+02  3.110500e+02
   endloop
 endfacet
 facet normal  0.000000e+00 -1.000000e+00  0.000000e+00
   outer loop
     vertex  2.209500e+02  2.190000e+02  3.079500e+02
     vertex  2.210500e+02  2.190000e+02  3.110500e+02
     vertex  2.179500e+02  2.190000e+02  3.089500e+02
   endloop
 endfacet
 facet normal  0.000000e+00 -1.000000e+00  0.000000e+00
   outer loop
     vertex  2.209500e+02  2.190000e+02  3.079500e+02
     vertex  2.179500e+02  2.190000e+02  3.089500e+02
     vertex  2.179500e+02  2.190000e+02  3.079500e+02
   endloop
 endfacet
 facet normal  0.000000e+00 -1.000000e+00  0.000000e+00
   outer loop
     vertex  2.209500e+02  2.190000e+02  3.079500e+02
     vertex  2.219500e+02  2.190000e+02  3.110500e+02
     vertex  2.210500e+02  2.190000e+02  3.110500e+02
   endloop
 endfacet
 facet normal -0.000000e+00 -1.000000e+00  0.000000e+00
   outer loop
     vertex  2.280500e+02  2.190000e+02  3.130500e+02
     vertex  2.239500e+02  2.190000e+02  3.130500e+02
     vertex  2.239500e+02  2.190000e+02  3.120500e+02
   endloop
 endfacet
 facet normal -0.000000e+00 -1.000000e+00  0.000000e+00
   outer loop
     vertex  2.230500e+02  2.190000e+02  3.079500e+02
     vertex  2.209500e+02  2.190000e+02  3.079500e+02
     vertex  2.209500e+02  2.190000e+02  3.069500e+02
   endloop
 endfacet
 facet normal  0.000000e+00 -1.000000e+00  0.000000e+00
   outer loop
     vertex  2.230500e+02  2.190000e+02  3.079500e+02
     vertex  2.239500e+02  2.190000e+02  3.120500e+02
     vertex  2.219500e+02  2.190000e+02  3.110500e+02
   endloop
 endfacet
 facet normal  0.000000e+00 -1.000000e+00  0.000000e+00
   outer loop
     vertex  2.230500e+02  2.190000e+02  3.079500e+02
     vertex  2.219500e+02  2.190000e+02  3.110500e+02
     vertex  2.209500e+02  2.190000e+02  3.079500e+02
   endloop
 endfacet
 facet normal  0.000000e+00 -1.000000e+00  0.000000e+00
   outer loop
     vertex  2.290500e+02  2.190000e+02  3.139500e+02
     vertex  2.290500e+02  2.190000e+02  3.170500e+02
     vertex  2.280500e+02  2.190000e+02  3.170500e+02
   endloop
 endfacet
 facet normal  0.000000e+00 -1.000000e+00  0.000000e+00
   outer loop
     vertex  2.230500e+02  2.190000e+02  3.069500e+02
     vertex  2.230500e+02  2.190000e+02  3.079500e+02
     vertex  2.209500e+02  2.190000e+02  3.069500e+02
   endloop
 endfacet
 facet normal  0.000000e+00 -1.000000e+00  0.000000e+00
   outer loop
     vertex  2.270500e+02  2.190000e+02  3.099500e+02
     vertex  2.280500e+02  2.190000e+02  3.130500e+02
     vertex  2.239500e+02  2.190000e+02  3.120500e+02
   endloop
 endfacet
 facet normal -0.000000e+00 -1.000000e+00  0.000000e+00
   outer loop
     vertex  2.260500e+02  2.190000e+02  3.089500e+02
     vertex  2.239500e+02  2.190000e+02  3.120500e+02
     vertex  2.230500e+02  2.190000e+02  3.079500e+02
   endloop
 endfacet
 facet normal  0.000000e+00 -1.000000e+00  0.000000e+00
   outer loop
     vertex  2.260500e+02  2.190000e+02  3.089500e+02
     vertex  2.270500e+02  2.190000e+02  3.099500e+02
     vertex  2.239500e+02  2.190000e+02  3.120500e+02
   endloop
 endfacet
 facet normal  0.000000e+00 -1.000000e+00  0.000000e+00
   outer loop
     vertex  2.280500e+02  2.190000e+02  3.099500e+02
     vertex  2.280500e+02  2.190000e+02  3.130500e+02
     vertex  2.270500e+02  2.190000e+02  3.099500e+02
   endloop
 endfacet
 facet normal  0.000000e+00 -1.000000e+00  0.000000e+00
   outer loop
     vertex  2.270500e+02  2.190000e+02  3.089500e+02
     vertex  2.270500e+02  2.190000e+02  3.099500e+02
     vertex  2.260500e+02  2.190000e+02  3.089500e+02
   endloop
 endfacet
 facet normal  0.000000e+00 -1.000000e+00  0.000000e+00
   outer loop
     vertex  2.260500e+02  2.190000e+02  3.079500e+02
     vertex  2.260500e+02  2.190000e+02  3.089500e+02
     vertex  2.230500e+02  2.190000e+02  3.079500e+02
   endloop
 endfacet
 facet normal  0.000000e+00 -1.000000e+00  0.000000e+00
   outer loop
     vertex  2.190500e+02  2.190000e+02  3.139500e+02
     vertex  2.290500e+02  2.190000e+02  3.139500e+02
     vertex  2.280500e+02  2.190000e+02  3.170500e+02
   endloop
 endfacet
 facet normal  0.000000e+00 -1.000000e+00  0.000000e+00
   outer loop
     vertex  2.190500e+02  2.190000e+02  3.139500e+02
     vertex  2.280500e+02  2.190000e+02  3.170500e+02
     vertex  2.239500e+02  2.190000e+02  3.170500e+02
   endloop
 endfacet
 facet normal  0.000000e+00 -1.000000e+00  0.000000e+00
   outer loop
     vertex  2.190500e+02  2.190000e+02  3.139500e+02
     vertex  2.239500e+02  2.190000e+02  3.170500e+02
     vertex  2.200500e+02  2.190000e+02  3.170500e+02
   endloop
 endfacet
 facet normal  0.000000e+00  0.000000e+00  1.000000e+00
   outer loop
     vertex  2.159500e+02  2.200000e+02  3.190500e+02
     vertex  2.149500e+02  2.200000e+02  3.190500e+02
     vertex  2.149500e+02  2.190000e+02  3.190500e+02
   endloop
 endfacet
 facet normal  0.000000e+00  0.000000e+00  1.000000e+00
   outer loop
     vertex  2.159500e+02  2.200000e+02  3.190500e+02
     vertex  2.149500e+02  2.190000e+02  3.190500e+02
     vertex  2.159500e+02  2.190000e+02  3.190500e+02
   endloop
 endfacet
 facet normal -0.000000e+00  0.000000e+00 -1.000000e+00
   outer loop
     vertex  2.159500e+02  2.200000e+02  3.109500e+02
     vertex  2.149500e+02  2.190000e+02  3.109500e+02
     vertex  2.149500e+02  2.200000e+02  3.109500e+02
   endloop
 endfacet
 facet normal  0.000000e+00 -0.000000e+00 -1.000000e+00
   outer loop
     vertex  2.159500e+02  2.200000e+02  3.109500e+02
     vertex  2.159500e+02  2.190000e+02  3.109500e+02
     vertex  2.149500e+02  2.190000e+02  3.109500e+02
   endloop
 endfacet
 facet normal -1.000000e+00  0.000000e+00  0.000000e+00
   outer loop
     vertex  2.159500e+02  2.190000e+02  3.109500e+02
     vertex  2.159500e+02  2.200000e+02  3.099500e+02
     vertex  2.159500e+02  2.190000e+02  3.099500e+02
   endloop
 endfacet
 facet normal -1.000000e+00  0.000000e+00  0.000000e+00
   outer loop
     vertex  2.159500e+02  2.190000e+02  3.109500e+02
     vertex  2.159500e+02  2.200000e+02  3.109500e+02
     vertex  2.159500e+02  2.200000e+02  3.099500e+02
   endloop
 endfacet
 facet normal -0.000000e+00  0.000000e+00 -1.000000e+00
   outer loop
     vertex  2.169500e+02  2.200000e+02  3.099500e+02
     vertex  2.159500e+02  2.190000e+02  3.099500e+02
     vertex  2.159500e+02  2.200000e+02  3.099500e+02
   endloop
 endfacet
 facet normal  0.000000e+00 -0.000000e+00 -1.000000e+00
   outer loop
     vertex  2.169500e+02  2.200000e+02  3.099500e+02
     vertex  2.169500e+02  2.190000e+02  3.099500e+02
     vertex  2.159500e+02  2.190000e+02  3.099500e+02
   endloop
 endfacet
 facet normal -1.000000e+00  0.000000e+00  0.000000e+00
   outer loop
     vertex  2.169500e+02  2.190000e+02  3.099500e+02
     vertex  2.169500e+02  2.200000e+02  3.089500e+02
     vertex  2.169500e+02  2.190000e+02  3.089500e+02
   endloop
 endfacet
 facet normal -1.000000e+00  0.000000e+00  0.000000e+00
   outer loop
     vertex  2.169500e+02  2.190000e+02  3.099500e+02
     vertex  2.169500e+02  2.200000e+02  3.099500e+02
     vertex  2.169500e+02  2.200000e+02  3.089500e+02
   endloop
 endfacet
 facet normal -0.000000e+00  0.000000e+00 -1.000000e+00
   outer loop
     vertex  2.179500e+02  2.200000e+02  3.089500e+02
     vertex  2.169500e+02  2.190000e+02  3.089500e+02
     vertex  2.169500e+02  2.200000e+02  3.089500e+02
   endloop
 endfacet
 facet normal  0.000000e+00 -0.000000e+00 -1.000000e+00
   outer loop
     vertex  2.179500e+02  2.200000e+02  3.089500e+02
     vertex  2.179500e+02  2.190000e+02  3.089500e+02
     vertex  2.169500e+02  2.190000e+02  3.089500e+02
   endloop
 endfacet
 facet normal -1.000000e+00  0.000000e+00  0.000000e+00
   outer loop
     vertex  2.179500e+02  2.190000e+02  3.089500e+02
     vertex  2.179500e+02  2.200000e+02  3.079500e+02
     vertex  2.179500e+02  2.190000e+02  3.079500e+02
   endloop
 endfacet
 facet normal -1.000000e+00  0.000000e+00  0.000000e+00
   outer loop
     vertex  2.179500e+02  2.190000e+02  3.089500e+02
     vertex  2.179500e+02  2.200000e+02  3.089500e+02
     vertex  2.179500e+02  2.200000e+02  3.079500e+02
   endloop
 endfacet
 facet normal -0.000000e+00  0.000000e+00 -1.000000e+00
   outer loop
     vertex  2.209500e+02  2.200000e+02  3.079500e+02
     vertex  2.179500e+02  2.190000e+02  3.079500e+02
     vertex  2.179500e+02  2.200000e+02  3.079500e+02
   endloop
 endfacet
 facet normal  0.000000e+00 -0.000000e+00 -1.000000e+00
   outer loop
     vertex  2.209500e+02  2.200000e+02  3.079500e+02
     vertex  2.209500e+02  2.190000e+02  3.079500e+02
     vertex  2.179500e+02  2.190000e+02  3.079500e+02
   endloop
 endfacet
 facet normal -1.000000e+00  0.000000e+00  0.000000e+00
   outer loop
     vertex  2.209500e+02  2.190000e+02  3.079500e+02
     vertex  2.209500e+02  2.200000e+02  3.069500e+02
     vertex  2.209500e+02  2.190000e+02  3.069500e+02
   endloop
 endfacet
 facet normal -1.000000e+00  0.000000e+00  0.000000e+00
   outer loop
     vertex  2.209500e+02  2.190000e+02  3.079500e+02
     vertex  2.209500e+02  2.200000e+02  3.079500e+02
     vertex  2.209500e+02  2.200000e+02  3.069500e+02
   endloop
 endfacet
 facet normal -0.000000e+00  0.000000e+00 -1.000000e+00
   outer loop
     vertex  2.230500e+02  2.200000e+02  3.069500e+02
     vertex  2.209500e+02  2.190000e+02  3.069500e+02
     vertex  2.209500e+02  2.200000e+02  3.069500e+02
   endloop
 endfacet
 facet normal  0.000000e+00 -0.000000e+00 -1.000000e+00
   outer loop
     vertex  2.230500e+02  2.200000e+02  3.069500e+02
     vertex  2.230500e+02  2.190000e+02  3.069500e+02
     vertex  2.209500e+02  2.190000e+02  3.069500e+02
   endloop
 endfacet
 facet normal -0.000000e+00  0.000000e+00 -1.000000e+00
   outer loop
     vertex  2.280500e+02  2.200000e+02  3.099500e+02
     vertex  2.270500e+02  2.190000e+02  3.099500e+02
     vertex  2.270500e+02  2.200000e+02  3.099500e+02
   endloop
 endfacet
 facet normal  0.000000e+00 -0.000000e+00 -1.000000e+00
   outer loop
     vertex  2.280500e+02  2.200000e+02  3.099500e+02
     vertex  2.280500e+02  2.190000e+02  3.099500e+02
     vertex  2.270500e+02  2.190000e+02  3.099500e+02
   endloop
 endfacet
 facet normal  1.000000e+00  0.000000e+00  0.000000e+00
   outer loop
     vertex  2.270500e+02  2.190000e+02  3.099500e+02
     vertex  2.270500e+02  2.190000e+02  3.089500e+02
     vertex  2.270500e+02  2.200000e+02  3.089500e+02
   endloop
 endfacet
 facet normal  1.000000e+00 -0.000000e+00  0.000000e+00
   outer loop
     vertex  2.270500e+02  2.190000e+02  3.099500e+02
     vertex  2.270500e+02  2.200000e+02  3.089500e+02
     vertex  2.270500e+02  2.200000e+02  3.099500e+02
   endloop
 endfacet
 facet normal -0.000000e+00  0.000000e+00 -1.000000e+00
   outer loop
     vertex  2.270500e+02  2.200000e+02  3.089500e+02
     vertex  2.260500e+02  2.190000e+02  3.089500e+02
     vertex  2.260500e+02  2.200000e+02  3.089500e+02
   endloop
 endfacet
 facet normal  0.000000e+00 -0.000000e+00 -1.000000e+00
   outer loop
     vertex  2.270500e+02  2.200000e+02  3.089500e+02
     vertex  2.270500e+02  2.190000e+02  3.089500e+02
     vertex  2.260500e+02  2.190000e+02  3.089500e+02
   endloop
 endfacet
 facet normal  1.000000e+00  0.000000e+00  0.000000e+00
   outer loop
     vertex  2.260500e+02  2.190000e+02  3.089500e+02
     vertex  2.260500e+02  2.190000e+02  3.079500e+02
     vertex  2.260500e+02  2.200000e+02  3.079500e+02
   endloop
 endfacet
 facet normal  1.000000e+00 -0.000000e+00  0.000000e+00
   outer loop
     vertex  2.260500e+02  2.190000e+02  3.089500e+02
     vertex  2.260500e+02  2.200000e+02  3.079500e+02
     vertex  2.260500e+02  2.200000e+02  3.089500e+02
   endloop
 endfacet
 facet normal -0.000000e+00  0.000000e+00 -1.000000e+00
   outer loop
     vertex  2.260500e+02  2.200000e+02  3.079500e+02
     vertex  2.230500e+02  2.190000e+02  3.079500e+02
     vertex  2.230500e+02  2.200000e+02  3.079500e+02
   endloop
 endfacet
 facet normal  0.000000e+00 -0.000000e+00 -1.000000e+00
   outer loop
     vertex  2.260500e+02  2.200000e+02  3.079500e+02
     vertex  2.260500e+02  2.190000e+02  3.079500e+02
     vertex  2.230500e+02  2.190000e+02  3.079500e+02
   endloop
 endfacet
 facet normal  1.000000e+00  0.000000e+00  0.000000e+00
   outer loop
     vertex  2.230500e+02  2.190000e+02  3.079500e+02
     vertex  2.230500e+02  2.190000e+02  3.069500e+02
     vertex  2.230500e+02  2.200000e+02  3.069500e+02
   endloop
 endfacet
 facet normal  1.000000e+00 -0.000000e+00  0.000000e+00
   outer loop
     vertex  2.230500e+02  2.190000e+02  3.079500e+02
     vertex  2.230500e+02  2.200000e+02  3.069500e+02
     vertex  2.230500e+02  2.200000e+02  3.079500e+02
   endloop
 endfacet
 facet normal  0.000000e+00  0.000000e+00 -1.000000e+00
   outer loop
     vertex  2.290500e+02  2.190000e+02  3.139500e+02
     vertex  2.190500e+02  2.190000e+02  3.139500e+02
     vertex  2.190500e+02  2.200000e+02  3.139500e+02
   endloop
 endfacet
 facet normal -0.000000e+00 -0.000000e+00 -1.000000e+00
   outer loop
     vertex  2.290500e+02  2.200000e+02  3.139500e+02
     vertex  2.290500e+02  2.190000e+02  3.139500e+02
     vertex  2.190500e+02  2.200000e+02  3.139500e+02
   endloop
 endfacet
 facet normal  1.000000e+00  0.000000e+00  0.000000e+00
   outer loop
     vertex  2.190500e+02  2.190000e+02  3.139500e+02
     vertex  2.190500e+02  2.190000e+02  3.130500e+02
     vertex  2.190500e+02  2.200000e+02  3.130500e+02
   endloop
 endfacet
 facet normal  1.000000e+00 -0.000000e+00  0.000000e+00
   outer loop
     vertex  2.190500e+02  2.190000e+02  3.139500e+02
     vertex  2.190500e+02  2.200000e+02  3.130500e+02
     vertex  2.190500e+02  2.200000e+02  3.139500e+02
   endloop
 endfacet
 facet normal  0.000000e+00  0.000000e+00  1.000000e+00
   outer loop
     vertex  2.200500e+02  2.200000e+02  3.130500e+02
     vertex  2.190500e+02  2.200000e+02  3.130500e+02
     vertex  2.190500e+02  2.190000e+02  3.130500e+02
   endloop
 endfacet
 facet normal  0.000000e+00  0.000000e+00  1.000000e+00
   outer loop
     vertex  2.200500e+02  2.200000e+02  3.130500e+02
     vertex  2.190500e+02  2.190000e+02  3.130500e+02
     vertex  2.200500e+02  2.190000e+02  3.130500e+02
   endloop
 endfacet
 facet normal  1.000000e+00  0.000000e+00  0.000000e+00
   outer loop
     vertex  2.200500e+02  2.190000e+02  3.130500e+02
     vertex  2.200500e+02  2.190000e+02  3.120500e+02
     vertex  2.200500e+02  2.200000e+02  3.120500e+02
   endloop
 endfacet
 facet normal  1.000000e+00 -0.000000e+00  0.000000e+00
   outer loop
     vertex  2.200500e+02  2.190000e+02  3.130500e+02
     vertex  2.200500e+02  2.200000e+02  3.120500e+02
     vertex  2.200500e+02  2.200000e+02  3.130500e+02
   endloop
 endfacet
 facet normal  0.000000e+00  0.000000e+00  1.000000e+00
   outer loop
     vertex  2.210500e+02  2.200000e+02  3.120500e+02
     vertex  2.200500e+02  2.200000e+02  3.120500e+02
     vertex  2.200500e+02  2.190000e+02  3.120500e+02
   endloop
 endfacet
 facet normal  0.000000e+00  0.000000e+00  1.000000e+00
   outer loop
     vertex  2.210500e+02  2.200000e+02  3.120500e+02
     vertex  2.200500e+02  2.190000e+02  3.120500e+02
     vertex  2.210500e+02  2.190000e+02  3.120500e+02
   endloop
 endfacet
 facet normal  1.000000e+00  0.000000e+00  0.000000e+00
   outer loop
     vertex  2.210500e+02  2.190000e+02  3.120500e+02
     vertex  2.210500e+02  2.190000e+02  3.110500e+02
     vertex  2.210500e+02  2.200000e+02  3.110500e+02
   endloop
 endfacet
 facet normal  1.000000e+00 -0.000000e+00  0.000000e+00
   outer loop
     vertex  2.210500e+02  2.190000e+02  3.120500e+02
     vertex  2.210500e+02  2.200000e+02  3.110500e+02
     vertex  2.210500e+02  2.200000e+02  3.120500e+02
   endloop
 endfacet
 facet normal  0.000000e+00  0.000000e+00  1.000000e+00
   outer loop
     vertex  2.219500e+02  2.200000e+02  3.110500e+02
     vertex  2.210500e+02  2.200000e+02  3.110500e+02
     vertex  2.210500e+02  2.190000e+02  3.110500e+02
   endloop
 endfacet
 facet normal  0.000000e+00  0.000000e+00  1.000000e+00
   outer loop
     vertex  2.219500e+02  2.200000e+02  3.110500e+02
     vertex  2.210500e+02  2.190000e+02  3.110500e+02
     vertex  2.219500e+02  2.190000e+02  3.110500e+02
   endloop
 endfacet
 facet normal -1.000000e+00  0.000000e+00  0.000000e+00
   outer loop
     vertex  2.219500e+02  2.190000e+02  3.120500e+02
     vertex  2.219500e+02  2.200000e+02  3.110500e+02
     vertex  2.219500e+02  2.190000e+02  3.110500e+02
   endloop
 endfacet
 facet normal -1.000000e+00  0.000000e+00  0.000000e+00
   outer loop
     vertex  2.219500e+02  2.190000e+02  3.120500e+02
     vertex  2.219500e+02  2.200000e+02  3.120500e+02
     vertex  2.219500e+02  2.200000e+02  3.110500e+02
   endloop
 endfacet
 facet normal  0.000000e+00  0.000000e+00  1.000000e+00
   outer loop
     vertex  2.239500e+02  2.200000e+02  3.120500e+02
     vertex  2.219500e+02  2.200000e+02  3.120500e+02
     vertex  2.219500e+02  2.190000e+02  3.120500e+02
   endloop
 endfacet
 facet normal  0.000000e+00  0.000000e+00  1.000000e+00
   outer loop
     vertex  2.239500e+02  2.200000e+02  3.120500e+02
     vertex  2.219500e+02  2.190000e+02  3.120500e+02
     vertex  2.239500e+02  2.190000e+02  3.120500e+02
   endloop
 endfacet
 facet normal -1.000000e+00  0.000000e+00  0.000000e+00
   outer loop
     vertex  2.239500e+02  2.190000e+02  3.130500e+02
     vertex  2.239500e+02  2.200000e+02  3.120500e+02
     vertex  2.239500e+02  2.190000e+02  3.120500e+02
   endloop
 endfacet
 facet normal -1.000000e+00  0.000000e+00  0.000000e+00
   outer loop
     vertex  2.239500e+02  2.190000e+02  3.130500e+02
     vertex  2.239500e+02  2.200000e+02  3.130500e+02
     vertex  2.239500e+02  2.200000e+02  3.120500e+02
   endloop
 endfacet
 facet normal  0.000000e+00  0.000000e+00  1.000000e+00
   outer loop
     vertex  2.280500e+02  2.200000e+02  3.130500e+02
     vertex  2.239500e+02  2.200000e+02  3.130500e+02
     vertex  2.239500e+02  2.190000e+02  3.130500e+02
   endloop
 endfacet
 facet normal  0.000000e+00  0.000000e+00  1.000000e+00
   outer loop
     vertex  2.280500e+02  2.200000e+02  3.130500e+02
     vertex  2.239500e+02  2.190000e+02  3.130500e+02
     vertex  2.280500e+02  2.190000e+02  3.130500e+02
   endloop
 endfacet
 facet normal  0.000000e+00  0.000000e+00  1.000000e+00
   outer loop
     vertex  2.290500e+02  2.200000e+02  3.170500e+02
     vertex  2.280500e+02  2.200000e+02  3.170500e+02
     vertex  2.280500e+02  2.190000e+02  3.170500e+02
   endloop
 endfacet
 facet normal  0.000000e+00  0.000000e+00  1.000000e+00
   outer loop
     vertex  2.290500e+02  2.200000e+02  3.170500e+02
     vertex  2.280500e+02  2.190000e+02  3.170500e+02
     vertex  2.290500e+02  2.190000e+02  3.170500e+02
   endloop
 endfacet
 facet normal -0.000000e+00  0.000000e+00 -1.000000e+00
   outer loop
     vertex  2.229500e+02  2.200000e+02  3.189500e+02
     vertex  2.200500e+02  2.190000e+02  3.189500e+02
     vertex  2.200500e+02  2.200000e+02  3.189500e+02
   endloop
 endfacet
 facet normal  0.000000e+00 -0.000000e+00 -1.000000e+00
   outer loop
     vertex  2.229500e+02  2.200000e+02  3.189500e+02
     vertex  2.229500e+02  2.190000e+02  3.189500e+02
     vertex  2.200500e+02  2.190000e+02  3.189500e+02
   endloop
 endfacet
 facet normal -1.000000e+00  0.000000e+00  0.000000e+00
   outer loop
     vertex  2.229500e+02  2.190000e+02  3.189500e+02
     vertex  2.229500e+02  2.200000e+02  3.179500e+02
     vertex  2.229500e+02  2.190000e+02  3.179500e+02
   endloop
 endfacet
 facet normal -1.000000e+00  0.000000e+00  0.000000e+00
   outer loop
     vertex  2.229500e+02  2.190000e+02  3.189500e+02
     vertex  2.229500e+02  2.200000e+02  3.189500e+02
     vertex  2.229500e+02  2.200000e+02  3.179500e+02
   endloop
 endfacet
 facet normal -0.000000e+00  0.000000e+00 -1.000000e+00
   outer loop
     vertex  2.239500e+02  2.200000e+02  3.179500e+02
     vertex  2.229500e+02  2.190000e+02  3.179500e+02
     vertex  2.229500e+02  2.200000e+02  3.179500e+02
   endloop
 endfacet
 facet normal  0.000000e+00 -0.000000e+00 -1.000000e+00
   outer loop
     vertex  2.239500e+02  2.200000e+02  3.179500e+02
     vertex  2.239500e+02  2.190000e+02  3.179500e+02
     vertex  2.229500e+02  2.190000e+02  3.179500e+02
   endloop
 endfacet
 facet normal -1.000000e+00  0.000000e+00  0.000000e+00
   outer loop
     vertex  2.239500e+02  2.190000e+02  3.179500e+02
     vertex  2.239500e+02  2.200000e+02  3.170500e+02
     vertex  2.239500e+02  2.190000e+02  3.170500e+02
   endloop
 endfacet
 facet normal -1.000000e+00  0.000000e+00  0.000000e+00
   outer loop
     vertex  2.239500e+02  2.190000e+02  3.179500e+02
     vertex  2.239500e+02  2.200000e+02  3.179500e+02
     vertex  2.239500e+02  2.200000e+02  3.170500e+02
   endloop
 endfacet
 facet normal  0.000000e+00  0.000000e+00  1.000000e+00
   outer loop
     vertex  2.239500e+02  2.200000e+02  3.170500e+02
     vertex  2.200500e+02  2.200000e+02  3.170500e+02
     vertex  2.200500e+02  2.190000e+02  3.170500e+02
   endloop
 endfacet
 facet normal  0.000000e+00  0.000000e+00  1.000000e+00
   outer loop
     vertex  2.239500e+02  2.200000e+02  3.170500e+02
     vertex  2.200500e+02  2.190000e+02  3.170500e+02
     vertex  2.239500e+02  2.190000e+02  3.170500e+02
   endloop
 endfacet
 facet normal  0.000000e+00  1.000000e+00  0.000000e+00
   outer loop
     vertex  2.169500e+02  2.200000e+02  3.099500e+02
     vertex  2.179500e+02  2.200000e+02  3.089500e+02
     vertex  2.169500e+02  2.200000e+02  3.089500e+02
   endloop
 endfacet
 facet normal  0.000000e+00  1.000000e+00  0.000000e+00
   outer loop
     vertex  2.159500e+02  2.200000e+02  3.109500e+02
     vertex  2.169500e+02  2.200000e+02  3.099500e+02
     vertex  2.159500e+02  2.200000e+02  3.099500e+02
   endloop
 endfacet
 facet normal  0.000000e+00  1.000000e+00  0.000000e+00
   outer loop
     vertex  2.209500e+02  2.200000e+02  3.079500e+02
     vertex  2.179500e+02  2.200000e+02  3.079500e+02
     vertex  2.179500e+02  2.200000e+02  3.089500e+02
   endloop
 endfacet
 facet normal  0.000000e+00  1.000000e+00  0.000000e+00
   outer loop
     vertex  2.230500e+02  2.200000e+02  3.079500e+02
     vertex  2.230500e+02  2.200000e+02  3.069500e+02
     vertex  2.209500e+02  2.200000e+02  3.069500e+02
   endloop
 endfacet
 facet normal  0.000000e+00  1.000000e+00  0.000000e+00
   outer loop
     vertex  2.230500e+02  2.200000e+02  3.079500e+02
     vertex  2.209500e+02  2.200000e+02  3.069500e+02
     vertex  2.209500e+02  2.200000e+02  3.079500e+02
   endloop
 endfacet
 facet normal  0.000000e+00  1.000000e+00  0.000000e+00
   outer loop
     vertex  2.210500e+02  2.200000e+02  3.110500e+02
     vertex  2.209500e+02  2.200000e+02  3.079500e+02
     vertex  2.179500e+02  2.200000e+02  3.089500e+02
   endloop
 endfacet
 facet normal  0.000000e+00  1.000000e+00  0.000000e+00
   outer loop
     vertex  2.200500e+02  2.200000e+02  3.120500e+02
     vertex  2.179500e+02  2.200000e+02  3.089500e+02
     vertex  2.169500e+02  2.200000e+02  3.099500e+02
   endloop
 endfacet
 facet normal  0.000000e+00  1.000000e+00  0.000000e+00
   outer loop
     vertex  2.200500e+02  2.200000e+02  3.120500e+02
     vertex  2.210500e+02  2.200000e+02  3.110500e+02
     vertex  2.179500e+02  2.200000e+02  3.089500e+02
   endloop
 endfacet
 facet normal  0.000000e+00  1.000000e+00  0.000000e+00
   outer loop
     vertex  2.190500e+02  2.200000e+02  3.130500e+02
     vertex  2.169500e+02  2.200000e+02  3.099500e+02
     vertex  2.159500e+02  2.200000e+02  3.109500e+02
   endloop
 endfacet
 facet normal  0.000000e+00  1.000000e+00  0.000000e+00
   outer loop
     vertex  2.190500e+02  2.200000e+02  3.130500e+02
     vertex  2.200500e+02  2.200000e+02  3.120500e+02
     vertex  2.169500e+02  2.200000e+02  3.099500e+02
   endloop
 endfacet
 facet normal  0.000000e+00  1.000000e+00  0.000000e+00
   outer loop
     vertex  2.190500e+02  2.200000e+02  3.139500e+02
     vertex  2.159500e+02  2.200000e+02  3.109500e+02
     vertex  2.149500e+02  2.200000e+02  3.109500e+02
   endloop
 endfacet
 facet normal  0.000000e+00  1.000000e+00  0.000000e+00
   outer loop
     vertex  2.190500e+02  2.200000e+02  3.139500e+02
     vertex  2.190500e+02  2.200000e+02  3.130500e+02
     vertex  2.159500e+02  2.200000e+02  3.109500e+02
   endloop
 endfacet
 facet normal  0.000000e+00  1.000000e+00  0.000000e+00
   outer loop
     vertex  2.219500e+02  2.200000e+02  3.110500e+02
     vertex  2.230500e+02  2.200000e+02  3.079500e+02
     vertex  2.209500e+02  2.200000e+02  3.079500e+02
   endloop
 endfacet
 facet normal  0.000000e+00  1.000000e+00  0.000000e+00
   outer loop
     vertex  2.219500e+02  2.200000e+02  3.110500e+02
     vertex  2.209500e+02  2.200000e+02  3.079500e+02
     vertex  2.210500e+02  2.200000e+02  3.110500e+02
   endloop
 endfacet
 facet normal  0.000000e+00  1.000000e+00  0.000000e+00
   outer loop
     vertex  2.210500e+02  2.200000e+02  3.120500e+02
     vertex  2.210500e+02  2.200000e+02  3.110500e+02
     vertex  2.200500e+02  2.200000e+02  3.120500e+02
   endloop
 endfacet
 facet normal  0.000000e+00  1.000000e+00  0.000000e+00
   outer loop
     vertex  2.200500e+02  2.200000e+02  3.130500e+02
     vertex  2.200500e+02  2.200000e+02  3.120500e+02
     vertex  2.190500e+02  2.200000e+02  3.130500e+02
   endloop
 endfacet
 facet normal  0.000000e+00  1.000000e+00  0.000000e+00
   outer loop
     vertex  2.149500e+02  2.200000e+02  3.190500e+02
     vertex  2.190500e+02  2.200000e+02  3.139500e+02
     vertex  2.149500e+02  2.200000e+02  3.109500e+02
   endloop
 endfacet
 facet normal  0.000000e+00  1.000000e+00  0.000000e+00
   outer loop
     vertex  2.260500e+02  2.200000e+02  3.089500e+02
     vertex  2.260500e+02  2.200000e+02  3.079500e+02
     vertex  2.230500e+02  2.200000e+02  3.079500e+02
   endloop
 endfacet
 facet normal  0.000000e+00  1.000000e+00  0.000000e+00
   outer loop
     vertex  2.159500e+02  2.200000e+02  3.190500e+02
     vertex  2.190500e+02  2.200000e+02  3.139500e+02
     vertex  2.149500e+02  2.200000e+02  3.190500e+02
   endloop
 endfacet
 facet normal  0.000000e+00  1.000000e+00  0.000000e+00
   outer loop
     vertex  2.239500e+02  2.200000e+02  3.120500e+02
     vertex  2.219500e+02  2.200000e+02  3.110500e+02
     vertex  2.219500e+02  2.200000e+02  3.120500e+02
   endloop
 endfacet
 facet normal  0.000000e+00  1.000000e+00  0.000000e+00
   outer loop
     vertex  2.239500e+02  2.200000e+02  3.120500e+02
     vertex  2.230500e+02  2.200000e+02  3.079500e+02
     vertex  2.219500e+02  2.200000e+02  3.110500e+02
   endloop
 endfacet
 facet normal  0.000000e+00  1.000000e+00  0.000000e+00
   outer loop
     vertex  2.239500e+02  2.200000e+02  3.120500e+02
     vertex  2.260500e+02  2.200000e+02  3.089500e+02
     vertex  2.230500e+02  2.200000e+02  3.079500e+02
   endloop
 endfacet
 facet normal  0.000000e+00  1.000000e+00  0.000000e+00
   outer loop
     vertex  2.270500e+02  2.200000e+02  3.099500e+02
     vertex  2.270500e+02  2.200000e+02  3.089500e+02
     vertex  2.260500e+02  2.200000e+02  3.089500e+02
   endloop
 endfacet
 facet normal  0.000000e+00  1.000000e+00  0.000000e+00
   outer loop
     vertex  2.270500e+02  2.200000e+02  3.099500e+02
     vertex  2.260500e+02  2.200000e+02  3.089500e+02
     vertex  2.239500e+02  2.200000e+02  3.120500e+02
   endloop
 endfacet
 facet normal  0.000000e+00  1.000000e+00  0.000000e+00
   outer loop
     vertex  2.200500e+02  2.200000e+02  3.170500e+02
     vertex  2.190500e+02  2.200000e+02  3.139500e+02
     vertex  2.159500e+02  2.200000e+02  3.190500e+02
   endloop
 endfacet
 facet normal  0.000000e+00  1.000000e+00  0.000000e+00
   outer loop
     vertex  2.169500e+02  2.200000e+02  3.210500e+02
     vertex  2.159500e+02  2.200000e+02  3.190500e+02
     vertex  2.159500e+02  2.200000e+02  3.210500e+02
   endloop
 endfacet
 facet normal  0.000000e+00  1.000000e+00  0.000000e+00
   outer loop
     vertex  2.200500e+02  2.200000e+02  3.189500e+02
     vertex  2.159500e+02  2.200000e+02  3.190500e+02
     vertex  2.169500e+02  2.200000e+02  3.210500e+02
   endloop
 endfacet
 facet normal  0.000000e+00  1.000000e+00  0.000000e+00
   outer loop
     vertex  2.200500e+02  2.200000e+02  3.189500e+02
     vertex  2.200500e+02  2.200000e+02  3.170500e+02
     vertex  2.159500e+02  2.200000e+02  3.190500e+02
   endloop
 endfacet
 facet normal  0.000000e+00  1.000000e+00  0.000000e+00
   outer loop
     vertex  2.189500e+02  2.200000e+02  3.220500e+02
     vertex  2.200500e+02  2.200000e+02  3.189500e+02
     vertex  2.169500e+02  2.200000e+02  3.210500e+02
   endloop
 endfacet
 facet normal  0.000000e+00  1.000000e+00  0.000000e+00
   outer loop
     vertex  2.189500e+02  2.200000e+02  3.220500e+02
     vertex  2.169500e+02  2.200000e+02  3.210500e+02
     vertex  2.169500e+02  2.200000e+02  3.220500e+02
   endloop
 endfacet
 facet normal  0.000000e+00  1.000000e+00  0.000000e+00
   outer loop
     vertex  2.280500e+02  2.200000e+02  3.130500e+02
     vertex  2.270500e+02  2.200000e+02  3.099500e+02
     vertex  2.239500e+02  2.200000e+02  3.120500e+02
   endloop
 endfacet
 facet normal  0.000000e+00  1.000000e+00  0.000000e+00
   outer loop
     vertex  2.280500e+02  2.200000e+02  3.130500e+02
     vertex  2.239500e+02  2.200000e+02  3.120500e+02
     vertex  2.239500e+02  2.200000e+02  3.130500e+02
   endloop
 endfacet
 facet normal  0.000000e+00  1.000000e+00  0.000000e+00
   outer loop
     vertex  2.280500e+02  2.200000e+02  3.130500e+02
     vertex  2.280500e+02  2.200000e+02  3.099500e+02
     vertex  2.270500e+02  2.200000e+02  3.099500e+02
   endloop
 endfacet
 facet normal  0.000000e+00  1.000000e+00  0.000000e+00
   outer loop
     vertex  2.229500e+02  2.200000e+02  3.189500e+02
     vertex  2.239500e+02  2.200000e+02  3.179500e+02
     vertex  2.229500e+02  2.200000e+02  3.179500e+02
   endloop
 endfacet
 facet normal  0.000000e+00  1.000000e+00  0.000000e+00
   outer loop
     vertex  2.280500e+02  2.200000e+02  3.170500e+02
     vertex  2.239500e+02  2.200000e+02  3.170500e+02
     vertex  2.239500e+02  2.200000e+02  3.179500e+02
   endloop
 endfacet
 facet normal  0.000000e+00  1.000000e+00  0.000000e+00
   outer loop
     vertex  2.290500e+02  2.200000e+02  3.170500e+02
     vertex  2.290500e+02  2.200000e+02  3.139500e+02
     vertex  2.280500e+02  2.200000e+02  3.170500e+02
   endloop
 endfacet
 facet normal  0.000000e+00  1.000000e+00  0.000000e+00
   outer loop
     vertex  2.240500e+02  2.200000e+02  3.220500e+02
     vertex  2.200500e+02  2.200000e+02  3.189500e+02
     vertex  2.189500e+02  2.200000e+02  3.220500e+02
   endloop
 endfacet
 facet normal  0.000000e+00  1.000000e+00  0.000000e+00
   outer loop
     vertex  2.240500e+02  2.200000e+02  3.220500e+02
     vertex  2.229500e+02  2.200000e+02  3.189500e+02
     vertex  2.200500e+02  2.200000e+02  3.189500e+02
   endloop
 endfacet
 facet normal  0.000000e+00  1.000000e+00  0.000000e+00
   outer loop
     vertex  2.260500e+02  2.200000e+02  3.210500e+02
     vertex  2.239500e+02  2.200000e+02  3.179500e+02
     vertex  2.229500e+02  2.200000e+02  3.189500e+02
   endloop
 endfacet
 facet normal  0.000000e+00  1.000000e+00  0.000000e+00
   outer loop
     vertex  2.260500e+02  2.200000e+02  3.210500e+02
     vertex  2.229500e+02  2.200000e+02  3.189500e+02
     vertex  2.240500e+02  2.200000e+02  3.220500e+02
   endloop
 endfacet
 facet normal  0.000000e+00  1.000000e+00  0.000000e+00
   outer loop
     vertex  2.240500e+02  2.200000e+02  3.230500e+02
     vertex  2.240500e+02  2.200000e+02  3.220500e+02
     vertex  2.189500e+02  2.200000e+02  3.220500e+02
   endloop
 endfacet
 facet normal  0.000000e+00  1.000000e+00  0.000000e+00
   outer loop
     vertex  2.240500e+02  2.200000e+02  3.230500e+02
     vertex  2.189500e+02  2.200000e+02  3.220500e+02
     vertex  2.189500e+02  2.200000e+02  3.230500e+02
   endloop
 endfacet
 facet normal  0.000000e+00  1.000000e+00  0.000000e+00
   outer loop
     vertex  2.270500e+02  2.200000e+02  3.200500e+02
     vertex  2.280500e+02  2.200000e+02  3.170500e+02
     vertex  2.239500e+02  2.200000e+02  3.179500e+02
   endloop
 endfacet
 facet normal  0.000000e+00  1.000000e+00  0.000000e+00
   outer loop
     vertex  2.270500e+02  2.200000e+02  3.200500e+02
     vertex  2.239500e+02  2.200000e+02  3.179500e+02
     vertex  2.260500e+02  2.200000e+02  3.210500e+02
   endloop
 endfacet
 facet normal  0.000000e+00  1.000000e+00  0.000000e+00
   outer loop
     vertex  2.270500e+02  2.200000e+02  3.210500e+02
     vertex  2.270500e+02  2.200000e+02  3.200500e+02
     vertex  2.260500e+02  2.200000e+02  3.210500e+02
   endloop
 endfacet
 facet normal  0.000000e+00  1.000000e+00  0.000000e+00
   outer loop
     vertex  2.260500e+02  2.200000e+02  3.220500e+02
     vertex  2.260500e+02  2.200000e+02  3.210500e+02
     vertex  2.240500e+02  2.200000e+02  3.220500e+02
   endloop
 endfacet
 facet normal  0.000000e+00  1.000000e+00  0.000000e+00
   outer loop
     vertex  2.280500e+02  2.200000e+02  3.200500e+02
     vertex  2.280500e+02  2.200000e+02  3.170500e+02
     vertex  2.270500e+02  2.200000e+02  3.200500e+02
   endloop
 endfacet
 facet normal  0.000000e+00  1.000000e+00  0.000000e+00
   outer loop
     vertex  2.290500e+02  2.200000e+02  3.139500e+02
     vertex  2.190500e+02  2.200000e+02  3.139500e+02
     vertex  2.200500e+02  2.200000e+02  3.170500e+02
   endloop
 endfacet
 facet normal  0.000000e+00  1.000000e+00  0.000000e+00
   outer loop
     vertex  2.290500e+02  2.200000e+02  3.139500e+02
     vertex  2.200500e+02  2.200000e+02  3.170500e+02
     vertex  2.239500e+02  2.200000e+02  3.170500e+02
   endloop
 endfacet
 facet normal  0.000000e+00  1.000000e+00  0.000000e+00
   outer loop
     vertex  2.290500e+02  2.200000e+02  3.139500e+02
     vertex  2.239500e+02  2.200000e+02  3.170500e+02
     vertex  2.280500e+02  2.200000e+02  3.170500e+02
   endloop
 endfacet
 facet normal -1.000000e+00  0.000000e+00  0.000000e+00
   outer loop
     vertex  2.159500e+02  2.190000e+02  3.190500e+02
     vertex  2.159500e+02  2.190000e+02  3.210500e+02
     vertex  2.159500e+02  2.200000e+02  3.210500e+02
   endloop
 endfacet
 facet normal -1.000000e+00  0.000000e+00  0.000000e+00
   outer loop
     vertex  2.159500e+02  2.190000e+02  3.190500e+02
     vertex  2.159500e+02  2.200000e+02  3.210500e+02
     vertex  2.159500e+02  2.200000e+02  3.190500e+02
   endloop
 endfacet
 facet normal  1.000000e+00  0.000000e+00  0.000000e+00
   outer loop
     vertex  2.280500e+02  2.190000e+02  3.200500e+02
     vertex  2.280500e+02  2.190000e+02  3.170500e+02
     vertex  2.280500e+02  2.200000e+02  3.170500e+02
   endloop
 endfacet
 facet normal  1.000000e+00 -0.000000e+00  0.000000e+00
   outer loop
     vertex  2.280500e+02  2.190000e+02  3.200500e+02
     vertex  2.280500e+02  2.200000e+02  3.170500e+02
     vertex  2.280500e+02  2.200000e+02  3.200500e+02
   endloop
 endfacet
 facet normal  1.000000e+00  0.000000e+00  0.000000e+00
   outer loop
     vertex  2.280500e+02  2.190000e+02  3.130500e+02
     vertex  2.280500e+02  2.190000e+02  3.099500e+02
     vertex  2.280500e+02  2.200000e+02  3.099500e+02
   endloop
 endfacet
 facet normal  1.000000e+00 -0.000000e+00  0.000000e+00
   outer loop
     vertex  2.280500e+02  2.190000e+02  3.130500e+02
     vertex  2.280500e+02  2.200000e+02  3.099500e+02
     vertex  2.280500e+02  2.200000e+02  3.130500e+02
   endloop
 endfacet
 facet normal  1.000000e+00  0.000000e+00  0.000000e+00
   outer loop
     vertex  2.200500e+02  2.190000e+02  3.189500e+02
     vertex  2.200500e+02  2.190000e+02  3.170500e+02
     vertex  2.200500e+02  2.200000e+02  3.170500e+02
   endloop
 endfacet
 facet normal  1.000000e+00 -0.000000e+00  0.000000e+00
   outer loop
     vertex  2.200500e+02  2.190000e+02  3.189500e+02
     vertex  2.200500e+02  2.200000e+02  3.170500e+02
     vertex  2.200500e+02  2.200000e+02  3.189500e+02
   endloop
 endfacet
 facet normal -1.000000e+00  0.000000e+00  0.000000e+00
   outer loop
     vertex  2.149500e+02  2.190000e+02  3.109500e+02
     vertex  2.149500e+02  2.190000e+02  3.190500e+02
     vertex  2.149500e+02  2.200000e+02  3.190500e+02
   endloop
 endfacet
 facet normal -1.000000e+00  0.000000e+00  0.000000e+00
   outer loop
     vertex  2.149500e+02  2.190000e+02  3.109500e+02
     vertex  2.149500e+02  2.200000e+02  3.190500e+02
     vertex  2.149500e+02  2.200000e+02  3.109500e+02
   endloop
 endfacet
 facet normal  1.000000e+00  0.000000e+00  0.000000e+00
   outer loop
     vertex  2.290500e+02  2.190000e+02  3.170500e+02
     vertex  2.290500e+02  2.190000e+02  3.139500e+02
     vertex  2.290500e+02  2.200000e+02  3.139500e+02
   endloop
 endfacet
 facet normal  1.000000e+00 -0.000000e+00  0.000000e+00
   outer loop
     vertex  2.290500e+02  2.190000e+02  3.170500e+02
     vertex  2.290500e+02  2.200000e+02  3.139500e+02
     vertex  2.290500e+02  2.200000e+02  3.170500e+02
   endloop
 endfacet
 facet normal  0.000000e+00  0.000000e+00  1.000000e+00
   outer loop
     vertex  2.359500e+02  2.200000e+02  3.220500e+02
     vertex  2.340500e+02  2.200000e+02  3.220500e+02
     vertex  2.340500e+02  2.190000e+02  3.220500e+02
   endloop
 endfacet
 facet normal  0.000000e+00  0.000000e+00  1.000000e+00
   outer loop
     vertex  2.359500e+02  2.200000e+02  3.220500e+02
     vertex  2.340500e+02  2.190000e+02  3.220500e+02
     vertex  2.359500e+02  2.190000e+02  3.220500e+02
   endloop
 endfacet
 facet normal  1.000000e+00  0.000000e+00  0.000000e+00
   outer loop
     vertex  2.340500e+02  2.190000e+02  3.230500e+02
     vertex  2.340500e+02  2.190000e+02  3.220500e+02
     vertex  2.340500e+02  2.200000e+02  3.220500e+02
   endloop
 endfacet
 facet normal  1.000000e+00 -0.000000e+00  0.000000e+00
   outer loop
     vertex  2.340500e+02  2.190000e+02  3.230500e+02
     vertex  2.340500e+02  2.200000e+02  3.220500e+02
     vertex  2.340500e+02  2.200000e+02  3.230500e+02
   endloop
 endfacet
 facet normal  0.000000e+00  0.000000e+00  1.000000e+00
   outer loop
     vertex  2.340500e+02  2.200000e+02  3.230500e+02
     vertex  2.309500e+02  2.200000e+02  3.230500e+02
     vertex  2.309500e+02  2.190000e+02  3.230500e+02
   endloop
 endfacet
 facet normal  0.000000e+00  0.000000e+00  1.000000e+00
   outer loop
     vertex  2.340500e+02  2.200000e+02  3.230500e+02
     vertex  2.309500e+02  2.190000e+02  3.230500e+02
     vertex  2.340500e+02  2.190000e+02  3.230500e+02
   endloop
 endfacet
 facet normal -1.000000e+00  0.000000e+00  0.000000e+00
   outer loop
     vertex  2.309500e+02  2.190000e+02  3.230500e+02
     vertex  2.309500e+02  2.200000e+02  3.220500e+02
     vertex  2.309500e+02  2.190000e+02  3.220500e+02
   endloop
 endfacet
 facet normal -1.000000e+00  0.000000e+00  0.000000e+00
   outer loop
     vertex  2.309500e+02  2.190000e+02  3.230500e+02
     vertex  2.309500e+02  2.200000e+02  3.230500e+02
     vertex  2.309500e+02  2.200000e+02  3.220500e+02
   endloop
 endfacet
 facet normal  0.000000e+00  0.000000e+00  1.000000e+00
   outer loop
     vertex  2.309500e+02  2.200000e+02  3.220500e+02
     vertex  2.299500e+02  2.200000e+02  3.220500e+02
     vertex  2.299500e+02  2.190000e+02  3.220500e+02
   endloop
 endfacet
 facet normal  0.000000e+00  0.000000e+00  1.000000e+00
   outer loop
     vertex  2.309500e+02  2.200000e+02  3.220500e+02
     vertex  2.299500e+02  2.190000e+02  3.220500e+02
     vertex  2.309500e+02  2.190000e+02  3.220500e+02
   endloop
 endfacet
 facet normal -1.000000e+00  0.000000e+00  0.000000e+00
   outer loop
     vertex  2.359500e+02  2.190000e+02  3.230500e+02
     vertex  2.359500e+02  2.200000e+02  3.220500e+02
     vertex  2.359500e+02  2.190000e+02  3.220500e+02
   endloop
 endfacet
 facet normal -1.000000e+00  0.000000e+00  0.000000e+00
   outer loop
     vertex  2.359500e+02  2.190000e+02  3.230500e+02
     vertex  2.359500e+02  2.200000e+02  3.230500e+02
     vertex  2.359500e+02  2.200000e+02  3.220500e+02
   endloop
 endfacet
 facet normal  0.000000e+00  0.000000e+00  1.000000e+00
   outer loop
     vertex  2.410500e+02  2.200000e+02  3.230500e+02
     vertex  2.359500e+02  2.200000e+02  3.230500e+02
     vertex  2.359500e+02  2.190000e+02  3.230500e+02
   endloop
 endfacet
 facet normal  0.000000e+00  0.000000e+00  1.000000e+00
   outer loop
     vertex  2.410500e+02  2.200000e+02  3.230500e+02
     vertex  2.359500e+02  2.190000e+02  3.230500e+02
     vertex  2.410500e+02  2.190000e+02  3.230500e+02
   endloop
 endfacet
 facet normal  1.000000e+00  0.000000e+00  0.000000e+00
   outer loop
     vertex  2.420500e+02  2.190000e+02  3.220500e+02
     vertex  2.420500e+02  2.190000e+02  3.210500e+02
     vertex  2.420500e+02  2.200000e+02  3.210500e+02
   endloop
 endfacet
 facet normal  1.000000e+00 -0.000000e+00  0.000000e+00
   outer loop
     vertex  2.420500e+02  2.190000e+02  3.220500e+02
     vertex  2.420500e+02  2.200000e+02  3.210500e+02
     vertex  2.420500e+02  2.200000e+02  3.220500e+02
   endloop
 endfacet
 facet normal  0.000000e+00  0.000000e+00  1.000000e+00
   outer loop
     vertex  2.420500e+02  2.200000e+02  3.220500e+02
     vertex  2.410500e+02  2.200000e+02  3.220500e+02
     vertex  2.410500e+02  2.190000e+02  3.220500e+02
   endloop
 endfacet
 facet normal  0.000000e+00  0.000000e+00  1.000000e+00
   outer loop
     vertex  2.420500e+02  2.200000e+02  3.220500e+02
     vertex  2.410500e+02  2.190000e+02  3.220500e+02
     vertex  2.420500e+02  2.190000e+02  3.220500e+02
   endloop
 endfacet
 facet normal  0.000000e+00  0.000000e+00  1.000000e+00
   outer loop
     vertex  2.430500e+02  2.200000e+02  3.210500e+02
     vertex  2.420500e+02  2.200000e+02  3.210500e+02
     vertex  2.420500e+02  2.190000e+02  3.210500e+02
   endloop
 endfacet
 facet normal  0.000000e+00  0.000000e+00  1.000000e+00
   outer loop
     vertex  2.430500e+02  2.200000e+02  3.210500e+02
     vertex  2.420500e+02  2.190000e+02  3.210500e+02
     vertex  2.430500e+02  2.190000e+02  3.210500e+02
   endloop
 endfacet
 facet normal  1.000000e+00  0.000000e+00  0.000000e+00
   outer loop
     vertex  2.410500e+02  2.190000e+02  3.230500e+02
     vertex  2.410500e+02  2.190000e+02  3.220500e+02
     vertex  2.410500e+02  2.200000e+02  3.220500e+02
   endloop
 endfacet
 facet normal  1.000000e+00 -0.000000e+00  0.000000e+00
   outer loop
     vertex  2.410500e+02  2.190000e+02  3.230500e+02
     vertex  2.410500e+02  2.200000e+02  3.220500e+02
     vertex  2.410500e+02  2.200000e+02  3.230500e+02
   endloop
 endfacet
 facet normal  0.000000e+00 -1.000000e+00  0.000000e+00
   outer loop
     vertex  2.340500e+02  2.190000e+02  3.220500e+02
     vertex  2.340500e+02  2.190000e+02  3.230500e+02
     vertex  2.309500e+02  2.190000e+02  3.230500e+02
   endloop
 endfacet
 facet normal  0.000000e+00 -1.000000e+00  0.000000e+00
   outer loop
     vertex  2.340500e+02  2.190000e+02  3.220500e+02
     vertex  2.309500e+02  2.190000e+02  3.230500e+02
     vertex  2.309500e+02  2.190000e+02  3.220500e+02
   endloop
 endfacet
 facet normal  0.000000e+00 -1.000000e+00  0.000000e+00
   outer loop
     vertex  2.350500e+02  2.190000e+02  3.179500e+02
     vertex  2.309500e+02  2.190000e+02  3.220500e+02
     vertex  2.299500e+02  2.190000e+02  3.220500e+02
   endloop
 endfacet
 facet normal  0.000000e+00 -1.000000e+00  0.000000e+00
   outer loop
     vertex  2.350500e+02  2.190000e+02  3.179500e+02
     vertex  2.340500e+02  2.190000e+02  3.220500e+02
     vertex  2.309500e+02  2.190000e+02  3.220500e+02
   endloop
 endfacet
 facet normal  0.000000e+00 -1.000000e+00  0.000000e+00
   outer loop
     vertex  2.360500e+02  2.190000e+02  3.189500e+02
     vertex  2.359500e+02  2.190000e+02  3.220500e+02
     vertex  2.340500e+02  2.190000e+02  3.220500e+02
   endloop
 endfacet
 facet normal -0.000000e+00 -1.000000e+00  0.000000e+00
   outer loop
     vertex  2.360500e+02  2.190000e+02  3.189500e+02
     vertex  2.340500e+02  2.190000e+02  3.220500e+02
     vertex  2.350500e+02  2.190000e+02  3.179500e+02
   endloop
 endfacet
 facet normal  0.000000e+00 -1.000000e+00  0.000000e+00
   outer loop
     vertex  2.360500e+02  2.190000e+02  3.179500e+02
     vertex  2.360500e+02  2.190000e+02  3.189500e+02
     vertex  2.350500e+02  2.190000e+02  3.179500e+02
   endloop
 endfacet
 facet normal  0.000000e+00 -1.000000e+00  0.000000e+00
   outer loop
     vertex  2.410500e+02  2.190000e+02  3.220500e+02
     vertex  2.410500e+02  2.190000e+02  3.230500e+02
     vertex  2.359500e+02  2.190000e+02  3.230500e+02
   endloop
 endfacet
 facet normal  0.000000e+00 -1.000000e+00  0.000000e+00
   outer loop
     vertex  2.410500e+02  2.190000e+02  3.220500e+02
     vertex  2.359500e+02  2.190000e+02  3.230500e+02
     vertex  2.359500e+02  2.190000e+02  3.220500e+02
   endloop
 endfacet
 facet normal  0.000000e+00 -1.000000e+00  0.000000e+00
   outer loop
     vertex  2.379500e+02  2.190000e+02  3.189500e+02
     vertex  2.359500e+02  2.190000e+02  3.220500e+02
     vertex  2.360500e+02  2.190000e+02  3.189500e+02
   endloop
 endfacet
 facet normal  0.000000e+00 -1.000000e+00  0.000000e+00
   outer loop
     vertex  2.379500e+02  2.190000e+02  3.189500e+02
     vertex  2.410500e+02  2.190000e+02  3.220500e+02
     vertex  2.359500e+02  2.190000e+02  3.220500e+02
   endloop
 endfacet
 facet normal  0.000000e+00 -1.000000e+00  0.000000e+00
   outer loop
     vertex  2.420500e+02  2.190000e+02  3.210500e+02
     vertex  2.420500e+02  2.190000e+02  3.220500e+02
     vertex  2.410500e+02  2.190000e+02  3.220500e+02
   endloop
 endfacet
 facet normal -0.000000e+00 -1.000000e+00  0.000000e+00
   outer loop
     vertex  2.420500e+02  2.190000e+02  3.210500e+02
     vertex  2.410500e+02  2.190000e+02  3.220500e+02
     vertex  2.379500e+02  2.190000e+02  3.189500e+02
   endloop
 endfacet
 facet normal  0.000000e+00 -1.000000e+00  0.000000e+00
   outer loop
     vertex  2.389500e+02  2.190000e+02  3.179500e+02
     vertex  2.379500e+02  2.190000e+02  3.189500e+02
     vertex  2.379500e+02  2.190000e+02  3.179500e+02
   endloop
 endfacet
 facet normal  0.000000e+00 -1.000000e+00  0.000000e+00
   outer loop
     vertex  2.389500e+02  2.190000e+02  3.179500e+02
     vertex  2.420500e+02  2.190000e+02  3.210500e+02
     vertex  2.379500e+02  2.190000e+02  3.189500e+02
   endloop
 endfacet
 facet normal  0.000000e+00 -1.000000e+00  0.000000e+00
   outer loop
     vertex  2.299500e+02  2.190000e+02  3.079500e+02
     vertex  2.350500e+02  2.190000e+02  3.179500e+02
     vertex  2.299500e+02  2.190000e+02  3.220500e+02
   endloop
 endfacet
 facet normal  0.000000e+00 -1.000000e+00  0.000000e+00
   outer loop
     vertex  2.430500e+02  2.190000e+02  3.190500e+02
     vertex  2.430500e+02  2.190000e+02  3.210500e+02
     vertex  2.420500e+02  2.190000e+02  3.210500e+02
   endloop
 endfacet
 facet normal -0.000000e+00 -1.000000e+00  0.000000e+00
   outer loop
     vertex  2.430500e+02  2.190000e+02  3.190500e+02
     vertex  2.420500e+02  2.190000e+02  3.210500e+02
     vertex  2.389500e+02  2.190000e+02  3.179500e+02
   endloop
 endfacet
 facet normal  0.000000e+00 -1.000000e+00  0.000000e+00
   outer loop
     vertex  2.350500e+02  2.190000e+02  3.079500e+02
     vertex  2.350500e+02  2.190000e+02  3.179500e+02
     vertex  2.299500e+02  2.190000e+02  3.079500e+02
   endloop
 endfacet
 facet normal  0.000000e+00 -1.000000e+00  0.000000e+00
   outer loop
     vertex  2.440500e+02  2.190000e+02  3.079500e+02
     vertex  2.389500e+02  2.190000e+02  3.179500e+02
     vertex  2.389500e+02  2.190000e+02  3.079500e+02
   endloop
 endfacet
 facet normal  0.000000e+00 -1.000000e+00  0.000000e+00
   outer loop
     vertex  2.440500e+02  2.190000e+02  3.079500e+02
     vertex  2.440500e+02  2.190000e+02  3.190500e+02
     vertex  2.430500e+02  2.190000e+02  3.190500e+02
   endloop
 endfacet
 facet normal  0.000000e+00 -1.000000e+00  0.000000e+00
   outer loop
     vertex  2.440500e+02  2.190000e+02  3.079500e+02
     vertex  2.430500e+02  2.190000e+02  3.190500e+02
     vertex  2.389500e+02  2.190000e+02  3.179500e+02
   endloop
 endfacet
 facet normal -0.000000e+00  0.000000e+00 -1.000000e+00
   outer loop
     vertex  2.350500e+02  2.200000e+02  3.079500e+02
     vertex  2.299500e+02  2.190000e+02  3.079500e+02
     vertex  2.299500e+02  2.200000e+02  3.079500e+02
   endloop
 endfacet
 facet normal  0.000000e+00 -0.000000e+00 -1.000000e+00
   outer loop
     vertex  2.350500e+02  2.200000e+02  3.079500e+02
     vertex  2.350500e+02  2.190000e+02  3.079500e+02
     vertex  2.299500e+02  2.190000e+02  3.079500e+02
   endloop
 endfacet
 facet normal -0.000000e+00  0.000000e+00 -1.000000e+00
   outer loop
     vertex  2.379500e+02  2.200000e+02  3.189500e+02
     vertex  2.360500e+02  2.190000e+02  3.189500e+02
     vertex  2.360500e+02  2.200000e+02  3.189500e+02
   endloop
 endfacet
 facet normal  0.000000e+00 -0.000000e+00 -1.000000e+00
   outer loop
     vertex  2.379500e+02  2.200000e+02  3.189500e+02
     vertex  2.379500e+02  2.190000e+02  3.189500e+02
     vertex  2.360500e+02  2.190000e+02  3.189500e+02
   endloop
 endfacet
 facet normal  1.000000e+00  0.000000e+00  0.000000e+00
   outer loop
     vertex  2.360500e+02  2.190000e+02  3.189500e+02
     vertex  2.360500e+02  2.190000e+02  3.179500e+02
     vertex  2.360500e+02  2.200000e+02  3.179500e+02
   endloop
 endfacet
 facet normal  1.000000e+00 -0.000000e+00  0.000000e+00
   outer loop
     vertex  2.360500e+02  2.190000e+02  3.189500e+02
     vertex  2.360500e+02  2.200000e+02  3.179500e+02
     vertex  2.360500e+02  2.200000e+02  3.189500e+02
   endloop
 endfacet
 facet normal -1.000000e+00  0.000000e+00  0.000000e+00
   outer loop
     vertex  2.379500e+02  2.190000e+02  3.189500e+02
     vertex  2.379500e+02  2.200000e+02  3.179500e+02
     vertex  2.379500e+02  2.190000e+02  3.179500e+02
   endloop
 endfacet
 facet normal -1.000000e+00  0.000000e+00  0.000000e+00
   outer loop
     vertex  2.379500e+02  2.190000e+02  3.189500e+02
     vertex  2.379500e+02  2.200000e+02  3.189500e+02
     vertex  2.379500e+02  2.200000e+02  3.179500e+02
   endloop
 endfacet
 facet normal -0.000000e+00  0.000000e+00 -1.000000e+00
   outer loop
     vertex  2.360500e+02  2.200000e+02  3.179500e+02
     vertex  2.350500e+02  2.190000e+02  3.179500e+02
     vertex  2.350500e+02  2.200000e+02  3.179500e+02
   endloop
 endfacet
 facet normal  0.000000e+00 -0.000000e+00 -1.000000e+00
   outer loop
     vertex  2.360500e+02  2.200000e+02  3.179500e+02
     vertex  2.360500e+02  2.190000e+02  3.179500e+02
     vertex  2.350500e+02  2.190000e+02  3.179500e+02
   endloop
 endfacet
 facet normal -0.000000e+00  0.000000e+00 -1.000000e+00
   outer loop
     vertex  2.389500e+02  2.200000e+02  3.179500e+02
     vertex  2.379500e+02  2.190000e+02  3.179500e+02
     vertex  2.379500e+02  2.200000e+02  3.179500e+02
   endloop
 endfacet
 facet normal  0.000000e+00 -0.000000e+00 -1.000000e+00
   outer loop
     vertex  2.389500e+02  2.200000e+02  3.179500e+02
     vertex  2.389500e+02  2.190000e+02  3.179500e+02
     vertex  2.379500e+02  2.190000e+02  3.179500e+02
   endloop
 endfacet
 facet normal -0.000000e+00  0.000000e+00 -1.000000e+00
   outer loop
     vertex  2.440500e+02  2.200000e+02  3.079500e+02
     vertex  2.389500e+02  2.190000e+02  3.079500e+02
     vertex  2.389500e+02  2.200000e+02  3.079500e+02
   endloop
 endfacet
 facet normal  0.000000e+00 -0.000000e+00 -1.000000e+00
   outer loop
     vertex  2.440500e+02  2.200000e+02  3.079500e+02
     vertex  2.440500e+02  2.190000e+02  3.079500e+02
     vertex  2.389500e+02  2.190000e+02  3.079500e+02
   endloop
 endfacet
 facet normal  0.000000e+00  0.000000e+00  1.000000e+00
   outer loop
     vertex  2.440500e+02  2.200000e+02  3.190500e+02
     vertex  2.430500e+02  2.200000e+02  3.190500e+02
     vertex  2.430500e+02  2.190000e+02  3.190500e+02
   endloop
 endfacet
 facet normal  0.000000e+00  0.000000e+00  1.000000e+00
   outer loop
     vertex  2.440500e+02  2.200000e+02  3.190500e+02
     vertex  2.430500e+02  2.190000e+02  3.190500e+02
     vertex  2.440500e+02  2.190000e+02  3.190500e+02
   endloop
 endfacet
 facet normal -1.000000e+00  0.000000e+00  0.000000e+00
   outer loop
     vertex  2.299500e+02  2.190000e+02  3.079500e+02
     vertex  2.299500e+02  2.190000e+02  3.220500e+02
     vertex  2.299500e+02  2.200000e+02  3.220500e+02
   endloop
 endfacet
 facet normal -1.000000e+00  0.000000e+00  0.000000e+00
   outer loop
     vertex  2.299500e+02  2.190000e+02  3.079500e+02
     vertex  2.299500e+02  2.200000e+02  3.220500e+02
     vertex  2.299500e+02  2.200000e+02  3.079500e+02
   endloop
 endfacet
 facet normal  0.000000e+00  1.000000e+00  0.000000e+00
   outer loop
     vertex  2.350500e+02  2.200000e+02  3.179500e+02
     vertex  2.350500e+02  2.200000e+02  3.079500e+02
     vertex  2.299500e+02  2.200000e+02  3.079500e+02
   endloop
 endfacet
 facet normal  0.000000e+00  1.000000e+00  0.000000e+00
   outer loop
     vertex  2.350500e+02  2.200000e+02  3.179500e+02
     vertex  2.299500e+02  2.200000e+02  3.079500e+02
     vertex  2.299500e+02  2.200000e+02  3.220500e+02
   endloop
 endfacet
 facet normal  0.000000e+00  1.000000e+00  0.000000e+00
   outer loop
     vertex  2.309500e+02  2.200000e+02  3.220500e+02
     vertex  2.350500e+02  2.200000e+02  3.179500e+02
     vertex  2.299500e+02  2.200000e+02  3.220500e+02
   endloop
 endfacet
 facet normal  0.000000e+00  1.000000e+00  0.000000e+00
   outer loop
     vertex  2.360500e+02  2.200000e+02  3.189500e+02
     vertex  2.360500e+02  2.200000e+02  3.179500e+02
     vertex  2.350500e+02  2.200000e+02  3.179500e+02
   endloop
 endfacet
 facet normal  0.000000e+00  1.000000e+00  0.000000e+00
   outer loop
     vertex  2.340500e+02  2.200000e+02  3.220500e+02
     vertex  2.350500e+02  2.200000e+02  3.179500e+02
     vertex  2.309500e+02  2.200000e+02  3.220500e+02
   endloop
 endfacet
 facet normal  0.000000e+00  1.000000e+00  0.000000e+00
   outer loop
     vertex  2.340500e+02  2.200000e+02  3.220500e+02
     vertex  2.360500e+02  2.200000e+02  3.189500e+02
     vertex  2.350500e+02  2.200000e+02  3.179500e+02
   endloop
 endfacet
 facet normal  0.000000e+00  1.000000e+00  0.000000e+00
   outer loop
     vertex  2.389500e+02  2.200000e+02  3.179500e+02
     vertex  2.440500e+02  2.200000e+02  3.079500e+02
     vertex  2.389500e+02  2.200000e+02  3.079500e+02
   endloop
 endfacet
 facet normal  0.000000e+00  1.000000e+00  0.000000e+00
   outer loop
     vertex  2.389500e+02  2.200000e+02  3.179500e+02
     vertex  2.379500e+02  2.200000e+02  3.179500e+02
     vertex  2.379500e+02  2.200000e+02  3.189500e+02
   endloop
 endfacet
 facet normal  0.000000e+00  1.000000e+00  0.000000e+00
   outer loop
     vertex  2.340500e+02  2.200000e+02  3.230500e+02
     vertex  2.309500e+02  2.200000e+02  3.220500e+02
     vertex  2.309500e+02  2.200000e+02  3.230500e+02
   endloop
 endfacet
 facet normal  0.000000e+00  1.000000e+00  0.000000e+00
   outer loop
     vertex  2.340500e+02  2.200000e+02  3.230500e+02
     vertex  2.340500e+02  2.200000e+02  3.220500e+02
     vertex  2.309500e+02  2.200000e+02  3.220500e+02
   endloop
 endfacet
 facet normal  0.000000e+00  1.000000e+00  0.000000e+00
   outer loop
     vertex  2.359500e+02  2.200000e+02  3.220500e+02
     vertex  2.379500e+02  2.200000e+02  3.189500e+02
     vertex  2.360500e+02  2.200000e+02  3.189500e+02
   endloop
 endfacet
 facet normal  0.000000e+00  1.000000e+00  0.000000e+00
   outer loop
     vertex  2.359500e+02  2.200000e+02  3.220500e+02
     vertex  2.360500e+02  2.200000e+02  3.189500e+02
     vertex  2.340500e+02  2.200000e+02  3.220500e+02
   endloop
 endfacet
 facet normal  0.000000e+00  1.000000e+00  0.000000e+00
   outer loop
     vertex  2.430500e+02  2.200000e+02  3.190500e+02
     vertex  2.440500e+02  2.200000e+02  3.079500e+02
     vertex  2.389500e+02  2.200000e+02  3.179500e+02
   endloop
 endfacet
 facet normal  0.000000e+00  1.000000e+00  0.000000e+00
   outer loop
     vertex  2.410500e+02  2.200000e+02  3.220500e+02
     vertex  2.379500e+02  2.200000e+02  3.189500e+02
     vertex  2.359500e+02  2.200000e+02  3.220500e+02
   endloop
 endfacet
 facet normal  0.000000e+00  1.000000e+00  0.000000e+00
   outer loop
     vertex  2.420500e+02  2.200000e+02  3.210500e+02
     vertex  2.389500e+02  2.200000e+02  3.179500e+02
     vertex  2.379500e+02  2.200000e+02  3.189500e+02
   endloop
 endfacet
 facet normal  0.000000e+00  1.000000e+00  0.000000e+00
   outer loop
     vertex  2.420500e+02  2.200000e+02  3.210500e+02
     vertex  2.430500e+02  2.200000e+02  3.190500e+02
     vertex  2.389500e+02  2.200000e+02  3.179500e+02
   endloop
 endfacet
 facet normal  0.000000e+00  1.000000e+00  0.000000e+00
   outer loop
     vertex  2.420500e+02  2.200000e+02  3.210500e+02
     vertex  2.379500e+02  2.200000e+02  3.189500e+02
     vertex  2.410500e+02  2.200000e+02  3.220500e+02
   endloop
 endfacet
 facet normal  0.000000e+00  1.000000e+00  0.000000e+00
   outer loop
     vertex  2.440500e+02  2.200000e+02  3.190500e+02
     vertex  2.440500e+02  2.200000e+02  3.079500e+02
     vertex  2.430500e+02  2.200000e+02  3.190500e+02
   endloop
 endfacet
 facet normal  0.000000e+00  1.000000e+00  0.000000e+00
   outer loop
     vertex  2.430500e+02  2.200000e+02  3.210500e+02
     vertex  2.430500e+02  2.200000e+02  3.190500e+02
     vertex  2.420500e+02  2.200000e+02  3.210500e+02
   endloop
 endfacet
 facet normal  0.000000e+00  1.000000e+00  0.000000e+00
   outer loop
     vertex  2.420500e+02  2.200000e+02  3.220500e+02
     vertex  2.420500e+02  2.200000e+02  3.210500e+02
     vertex  2.410500e+02  2.200000e+02  3.220500e+02
   endloop
 endfacet
 facet normal  0.000000e+00  1.000000e+00  0.000000e+00
   outer loop
     vertex  2.410500e+02  2.200000e+02  3.230500e+02
     vertex  2.359500e+02  2.200000e+02  3.220500e+02
     vertex  2.359500e+02  2.200000e+02  3.230500e+02
   endloop
 endfacet
 facet normal  0.000000e+00  1.000000e+00  0.000000e+00
   outer loop
     vertex  2.410500e+02  2.200000e+02  3.230500e+02
     vertex  2.410500e+02  2.200000e+02  3.220500e+02
     vertex  2.359500e+02  2.200000e+02  3.220500e+02
   endloop
 endfacet
 facet normal  1.000000e+00  0.000000e+00  0.000000e+00
   outer loop
     vertex  2.430500e+02  2.190000e+02  3.210500e+02
     vertex  2.430500e+02  2.190000e+02  3.190500e+02
     vertex  2.430500e+02  2.200000e+02  3.190500e+02
   endloop
 endfacet
 facet normal  1.000000e+00 -0.000000e+00  0.000000e+00
   outer loop
     vertex  2.430500e+02  2.190000e+02  3.210500e+02
     vertex  2.430500e+02  2.200000e+02  3.190500e+02
     vertex  2.430500e+02  2.200000e+02  3.210500e+02
   endloop
 endfacet
 facet normal  1.000000e+00  0.000000e+00  0.000000e+00
   outer loop
     vertex  2.440500e+02  2.190000e+02  3.190500e+02
     vertex  2.440500e+02  2.190000e+02  3.079500e+02
     vertex  2.440500e+02  2.200000e+02  3.079500e+02
   endloop
 endfacet
 facet normal  1.000000e+00 -0.000000e+00  0.000000e+00
   outer loop
     vertex  2.440500e+02  2.190000e+02  3.190500e+02
     vertex  2.440500e+02  2.200000e+02  3.079500e+02
     vertex  2.440500e+02  2.200000e+02  3.190500e+02
   endloop
 endfacet
 facet normal  1.000000e+00  0.000000e+00  0.000000e+00
   outer loop
     vertex  2.350500e+02  2.200000e+02  3.179500e+02
     vertex  2.350500e+02  2.190000e+02  3.079500e+02
     vertex  2.350500e+02  2.200000e+02  3.079500e+02
   endloop
 endfacet
 facet normal  1.000000e+00 -0.000000e+00  0.000000e+00
   outer loop
     vertex  2.350500e+02  2.190000e+02  3.179500e+02
     vertex  2.350500e+02  2.190000e+02  3.079500e+02
     vertex  2.350500e+02  2.200000e+02  3.179500e+02
   endloop
 endfacet
 facet normal -1.000000e+00  0.000000e+00  0.000000e+00
   outer loop
     vertex  2.389500e+02  2.200000e+02  3.079500e+02
     vertex  2.389500e+02  2.190000e+02  3.179500e+02
     vertex  2.389500e+02  2.200000e+02  3.179500e+02
   endloop
 endfacet
 facet normal -1.000000e+00  0.000000e+00  0.000000e+00
   outer loop
     vertex  2.389500e+02  2.190000e+02  3.079500e+02
     vertex  2.389500e+02  2.190000e+02  3.179500e+02
     vertex  2.389500e+02  2.200000e+02  3.079500e+02
   endloop
 endfacet
endsolid
