solid 
 facet normal  1.000000e+00  0.000000e+00  0.000000e+00
   outer loop
     vertex  2.100500e+02  2.190000e+02  3.550500e+02
     vertex  2.100500e+02  2.190000e+02  3.540500e+02
     vertex  2.100500e+02  2.200000e+02  3.540500e+02
   endloop
 endfacet
 facet normal  1.000000e+00 -0.000000e+00  0.000000e+00
   outer loop
     vertex  2.100500e+02  2.190000e+02  3.550500e+02
     vertex  2.100500e+02  2.200000e+02  3.540500e+02
     vertex  2.100500e+02  2.200000e+02  3.550500e+02
   endloop
 endfacet
 facet normal  0.000000e+00  0.000000e+00  1.000000e+00
   outer loop
     vertex  2.100500e+02  2.200000e+02  3.550500e+02
     vertex  2.070500e+02  2.200000e+02  3.550500e+02
     vertex  2.070500e+02  2.190000e+02  3.550500e+02
   endloop
 endfacet
 facet normal  0.000000e+00  0.000000e+00  1.000000e+00
   outer loop
     vertex  2.100500e+02  2.200000e+02  3.550500e+02
     vertex  2.070500e+02  2.190000e+02  3.550500e+02
     vertex  2.100500e+02  2.190000e+02  3.550500e+02
   endloop
 endfacet
 facet normal  1.000000e+00  0.000000e+00  0.000000e+00
   outer loop
     vertex  2.070500e+02  2.190000e+02  3.560500e+02
     vertex  2.070500e+02  2.190000e+02  3.550500e+02
     vertex  2.070500e+02  2.200000e+02  3.550500e+02
   endloop
 endfacet
 facet normal  1.000000e+00 -0.000000e+00  0.000000e+00
   outer loop
     vertex  2.070500e+02  2.190000e+02  3.560500e+02
     vertex  2.070500e+02  2.200000e+02  3.550500e+02
     vertex  2.070500e+02  2.200000e+02  3.560500e+02
   endloop
 endfacet
 facet normal  0.000000e+00  0.000000e+00  1.000000e+00
   outer loop
     vertex  2.070500e+02  2.200000e+02  3.560500e+02
     vertex  2.029500e+02  2.200000e+02  3.560500e+02
     vertex  2.029500e+02  2.190000e+02  3.560500e+02
   endloop
 endfacet
 facet normal  0.000000e+00  0.000000e+00  1.000000e+00
   outer loop
     vertex  2.070500e+02  2.200000e+02  3.560500e+02
     vertex  2.029500e+02  2.190000e+02  3.560500e+02
     vertex  2.070500e+02  2.190000e+02  3.560500e+02
   endloop
 endfacet
 facet normal -1.000000e+00  0.000000e+00  0.000000e+00
   outer loop
     vertex  2.029500e+02  2.190000e+02  3.560500e+02
     vertex  2.029500e+02  2.200000e+02  3.550500e+02
     vertex  2.029500e+02  2.190000e+02  3.550500e+02
   endloop
 endfacet
 facet normal -1.000000e+00  0.000000e+00  0.000000e+00
   outer loop
     vertex  2.029500e+02  2.190000e+02  3.560500e+02
     vertex  2.029500e+02  2.200000e+02  3.560500e+02
     vertex  2.029500e+02  2.200000e+02  3.550500e+02
   endloop
 endfacet
 facet normal  0.000000e+00  0.000000e+00  1.000000e+00
   outer loop
     vertex  2.029500e+02  2.200000e+02  3.550500e+02
     vertex  2.009500e+02  2.200000e+02  3.550500e+02
     vertex  2.009500e+02  2.190000e+02  3.550500e+02
   endloop
 endfacet
 facet normal  0.000000e+00  0.000000e+00  1.000000e+00
   outer loop
     vertex  2.029500e+02  2.200000e+02  3.550500e+02
     vertex  2.009500e+02  2.190000e+02  3.550500e+02
     vertex  2.029500e+02  2.190000e+02  3.550500e+02
   endloop
 endfacet
 facet normal -1.000000e+00  0.000000e+00  0.000000e+00
   outer loop
     vertex  2.009500e+02  2.190000e+02  3.550500e+02
     vertex  2.009500e+02  2.200000e+02  3.540500e+02
     vertex  2.009500e+02  2.190000e+02  3.540500e+02
   endloop
 endfacet
 facet normal -1.000000e+00  0.000000e+00  0.000000e+00
   outer loop
     vertex  2.009500e+02  2.190000e+02  3.550500e+02
     vertex  2.009500e+02  2.200000e+02  3.550500e+02
     vertex  2.009500e+02  2.200000e+02  3.540500e+02
   endloop
 endfacet
 facet normal  0.000000e+00  0.000000e+00  1.000000e+00
   outer loop
     vertex  2.110500e+02  2.200000e+02  3.540500e+02
     vertex  2.100500e+02  2.200000e+02  3.540500e+02
     vertex  2.100500e+02  2.190000e+02  3.540500e+02
   endloop
 endfacet
 facet normal  0.000000e+00  0.000000e+00  1.000000e+00
   outer loop
     vertex  2.110500e+02  2.200000e+02  3.540500e+02
     vertex  2.100500e+02  2.190000e+02  3.540500e+02
     vertex  2.110500e+02  2.190000e+02  3.540500e+02
   endloop
 endfacet
 facet normal  0.000000e+00  0.000000e+00  1.000000e+00
   outer loop
     vertex  2.009500e+02  2.200000e+02  3.540500e+02
     vertex  1.989500e+02  2.200000e+02  3.540500e+02
     vertex  1.989500e+02  2.190000e+02  3.540500e+02
   endloop
 endfacet
 facet normal  0.000000e+00  0.000000e+00  1.000000e+00
   outer loop
     vertex  2.009500e+02  2.200000e+02  3.540500e+02
     vertex  1.989500e+02  2.190000e+02  3.540500e+02
     vertex  2.009500e+02  2.190000e+02  3.540500e+02
   endloop
 endfacet
 facet normal  1.000000e+00  0.000000e+00  0.000000e+00
   outer loop
     vertex  2.110500e+02  2.190000e+02  3.540500e+02
     vertex  2.110500e+02  2.190000e+02  3.530500e+02
     vertex  2.110500e+02  2.200000e+02  3.530500e+02
   endloop
 endfacet
 facet normal  1.000000e+00 -0.000000e+00  0.000000e+00
   outer loop
     vertex  2.110500e+02  2.190000e+02  3.540500e+02
     vertex  2.110500e+02  2.200000e+02  3.530500e+02
     vertex  2.110500e+02  2.200000e+02  3.540500e+02
   endloop
 endfacet
 facet normal -1.000000e+00  0.000000e+00  0.000000e+00
   outer loop
     vertex  1.989500e+02  2.190000e+02  3.540500e+02
     vertex  1.989500e+02  2.200000e+02  3.530500e+02
     vertex  1.989500e+02  2.190000e+02  3.530500e+02
   endloop
 endfacet
 facet normal -1.000000e+00  0.000000e+00  0.000000e+00
   outer loop
     vertex  1.989500e+02  2.190000e+02  3.540500e+02
     vertex  1.989500e+02  2.200000e+02  3.540500e+02
     vertex  1.989500e+02  2.200000e+02  3.530500e+02
   endloop
 endfacet
 facet normal  0.000000e+00  0.000000e+00  1.000000e+00
   outer loop
     vertex  2.120500e+02  2.200000e+02  3.530500e+02
     vertex  2.110500e+02  2.200000e+02  3.530500e+02
     vertex  2.110500e+02  2.190000e+02  3.530500e+02
   endloop
 endfacet
 facet normal  0.000000e+00  0.000000e+00  1.000000e+00
   outer loop
     vertex  2.120500e+02  2.200000e+02  3.530500e+02
     vertex  2.110500e+02  2.190000e+02  3.530500e+02
     vertex  2.120500e+02  2.190000e+02  3.530500e+02
   endloop
 endfacet
 facet normal  0.000000e+00  0.000000e+00  1.000000e+00
   outer loop
     vertex  1.989500e+02  2.200000e+02  3.530500e+02
     vertex  1.979500e+02  2.200000e+02  3.530500e+02
     vertex  1.979500e+02  2.190000e+02  3.530500e+02
   endloop
 endfacet
 facet normal  0.000000e+00  0.000000e+00  1.000000e+00
   outer loop
     vertex  1.989500e+02  2.200000e+02  3.530500e+02
     vertex  1.979500e+02  2.190000e+02  3.530500e+02
     vertex  1.989500e+02  2.190000e+02  3.530500e+02
   endloop
 endfacet
 facet normal  1.000000e+00  0.000000e+00  0.000000e+00
   outer loop
     vertex  2.120500e+02  2.190000e+02  3.530500e+02
     vertex  2.120500e+02  2.190000e+02  3.520500e+02
     vertex  2.120500e+02  2.200000e+02  3.520500e+02
   endloop
 endfacet
 facet normal  1.000000e+00 -0.000000e+00  0.000000e+00
   outer loop
     vertex  2.120500e+02  2.190000e+02  3.530500e+02
     vertex  2.120500e+02  2.200000e+02  3.520500e+02
     vertex  2.120500e+02  2.200000e+02  3.530500e+02
   endloop
 endfacet
 facet normal  0.000000e+00  0.000000e+00  1.000000e+00
   outer loop
     vertex  2.130500e+02  2.200000e+02  3.520500e+02
     vertex  2.120500e+02  2.200000e+02  3.520500e+02
     vertex  2.120500e+02  2.190000e+02  3.520500e+02
   endloop
 endfacet
 facet normal  0.000000e+00  0.000000e+00  1.000000e+00
   outer loop
     vertex  2.130500e+02  2.200000e+02  3.520500e+02
     vertex  2.120500e+02  2.190000e+02  3.520500e+02
     vertex  2.130500e+02  2.190000e+02  3.520500e+02
   endloop
 endfacet
 facet normal  0.000000e+00 -1.000000e+00  0.000000e+00
   outer loop
     vertex  1.979500e+02  2.190000e+02  3.510500e+02
     vertex  1.989500e+02  2.190000e+02  3.530500e+02
     vertex  1.979500e+02  2.190000e+02  3.530500e+02
   endloop
 endfacet
 facet normal -0.000000e+00 -1.000000e+00  0.000000e+00
   outer loop
     vertex  2.009500e+02  2.190000e+02  3.540500e+02
     vertex  1.989500e+02  2.190000e+02  3.540500e+02
     vertex  1.989500e+02  2.190000e+02  3.530500e+02
   endloop
 endfacet
 facet normal -0.000000e+00 -1.000000e+00  0.000000e+00
   outer loop
     vertex  2.029500e+02  2.190000e+02  3.550500e+02
     vertex  2.009500e+02  2.190000e+02  3.550500e+02
     vertex  2.009500e+02  2.190000e+02  3.540500e+02
   endloop
 endfacet
 facet normal  0.000000e+00 -1.000000e+00  0.000000e+00
   outer loop
     vertex  1.969500e+02  2.190000e+02  3.480500e+02
     vertex  1.979500e+02  2.190000e+02  3.510500e+02
     vertex  1.969500e+02  2.190000e+02  3.510500e+02
   endloop
 endfacet
 facet normal  0.000000e+00 -1.000000e+00  0.000000e+00
   outer loop
     vertex  2.070500e+02  2.190000e+02  3.550500e+02
     vertex  2.070500e+02  2.190000e+02  3.560500e+02
     vertex  2.029500e+02  2.190000e+02  3.560500e+02
   endloop
 endfacet
 facet normal  0.000000e+00 -1.000000e+00  0.000000e+00
   outer loop
     vertex  2.070500e+02  2.190000e+02  3.550500e+02
     vertex  2.029500e+02  2.190000e+02  3.560500e+02
     vertex  2.029500e+02  2.190000e+02  3.550500e+02
   endloop
 endfacet
 facet normal  0.000000e+00 -1.000000e+00  0.000000e+00
   outer loop
     vertex  2.020500e+02  2.190000e+02  3.499500e+02
     vertex  1.989500e+02  2.190000e+02  3.530500e+02
     vertex  1.979500e+02  2.190000e+02  3.510500e+02
   endloop
 endfacet
 facet normal  0.000000e+00 -1.000000e+00  0.000000e+00
   outer loop
     vertex  2.020500e+02  2.190000e+02  3.499500e+02
     vertex  2.009500e+02  2.190000e+02  3.540500e+02
     vertex  1.989500e+02  2.190000e+02  3.530500e+02
   endloop
 endfacet
 facet normal  0.000000e+00 -1.000000e+00  0.000000e+00
   outer loop
     vertex  2.030500e+02  2.190000e+02  3.509500e+02
     vertex  2.029500e+02  2.190000e+02  3.550500e+02
     vertex  2.009500e+02  2.190000e+02  3.540500e+02
   endloop
 endfacet
 facet normal  0.000000e+00 -1.000000e+00  0.000000e+00
   outer loop
     vertex  2.030500e+02  2.190000e+02  3.509500e+02
     vertex  2.070500e+02  2.190000e+02  3.550500e+02
     vertex  2.029500e+02  2.190000e+02  3.550500e+02
   endloop
 endfacet
 facet normal -0.000000e+00 -1.000000e+00  0.000000e+00
   outer loop
     vertex  2.030500e+02  2.190000e+02  3.509500e+02
     vertex  2.009500e+02  2.190000e+02  3.540500e+02
     vertex  2.020500e+02  2.190000e+02  3.499500e+02
   endloop
 endfacet
 facet normal  0.000000e+00 -1.000000e+00  0.000000e+00
   outer loop
     vertex  2.030500e+02  2.190000e+02  3.499500e+02
     vertex  2.030500e+02  2.190000e+02  3.509500e+02
     vertex  2.020500e+02  2.190000e+02  3.499500e+02
   endloop
 endfacet
 facet normal  0.000000e+00 -1.000000e+00  0.000000e+00
   outer loop
     vertex  2.010500e+02  2.190000e+02  3.479500e+02
     vertex  2.020500e+02  2.190000e+02  3.499500e+02
     vertex  1.979500e+02  2.190000e+02  3.510500e+02
   endloop
 endfacet
 facet normal  0.000000e+00 -1.000000e+00  0.000000e+00
   outer loop
     vertex  2.010500e+02  2.190000e+02  3.479500e+02
     vertex  1.979500e+02  2.190000e+02  3.510500e+02
     vertex  1.969500e+02  2.190000e+02  3.480500e+02
   endloop
 endfacet
 facet normal  0.000000e+00 -1.000000e+00  0.000000e+00
   outer loop
     vertex  1.969500e+02  2.190000e+02  3.429500e+02
     vertex  2.010500e+02  2.190000e+02  3.479500e+02
     vertex  1.969500e+02  2.190000e+02  3.480500e+02
   endloop
 endfacet
 facet normal  0.000000e+00 -1.000000e+00  0.000000e+00
   outer loop
     vertex  1.969500e+02  2.190000e+02  3.429500e+02
     vertex  1.969500e+02  2.190000e+02  3.480500e+02
     vertex  1.959500e+02  2.190000e+02  3.480500e+02
   endloop
 endfacet
 facet normal  0.000000e+00 -1.000000e+00  0.000000e+00
   outer loop
     vertex  1.969500e+02  2.190000e+02  3.429500e+02
     vertex  1.959500e+02  2.190000e+02  3.480500e+02
     vertex  1.959500e+02  2.190000e+02  3.429500e+02
   endloop
 endfacet
 facet normal  0.000000e+00 -1.000000e+00  0.000000e+00
   outer loop
     vertex  2.020500e+02  2.190000e+02  3.479500e+02
     vertex  2.020500e+02  2.190000e+02  3.499500e+02
     vertex  2.010500e+02  2.190000e+02  3.479500e+02
   endloop
 endfacet
 facet normal  0.000000e+00 -1.000000e+00  0.000000e+00
   outer loop
     vertex  2.100500e+02  2.190000e+02  3.540500e+02
     vertex  2.100500e+02  2.190000e+02  3.550500e+02
     vertex  2.070500e+02  2.190000e+02  3.550500e+02
   endloop
 endfacet
 facet normal  0.000000e+00 -1.000000e+00  0.000000e+00
   outer loop
     vertex  2.079500e+02  2.190000e+02  3.509500e+02
     vertex  2.100500e+02  2.190000e+02  3.540500e+02
     vertex  2.070500e+02  2.190000e+02  3.550500e+02
   endloop
 endfacet
 facet normal  0.000000e+00 -1.000000e+00  0.000000e+00
   outer loop
     vertex  2.079500e+02  2.190000e+02  3.509500e+02
     vertex  2.070500e+02  2.190000e+02  3.550500e+02
     vertex  2.030500e+02  2.190000e+02  3.509500e+02
   endloop
 endfacet
 facet normal -0.000000e+00 -1.000000e+00  0.000000e+00
   outer loop
     vertex  2.010500e+02  2.190000e+02  3.430500e+02
     vertex  2.010500e+02  2.190000e+02  3.479500e+02
     vertex  1.969500e+02  2.190000e+02  3.429500e+02
   endloop
 endfacet
 facet normal -0.000000e+00 -1.000000e+00  0.000000e+00
   outer loop
     vertex  2.110500e+02  2.190000e+02  3.530500e+02
     vertex  2.100500e+02  2.190000e+02  3.540500e+02
     vertex  2.079500e+02  2.190000e+02  3.509500e+02
   endloop
 endfacet
 facet normal  0.000000e+00 -1.000000e+00  0.000000e+00
   outer loop
     vertex  2.110500e+02  2.190000e+02  3.530500e+02
     vertex  2.110500e+02  2.190000e+02  3.540500e+02
     vertex  2.100500e+02  2.190000e+02  3.540500e+02
   endloop
 endfacet
 facet normal  0.000000e+00 -1.000000e+00  0.000000e+00
   outer loop
     vertex  1.979500e+02  2.190000e+02  3.399500e+02
     vertex  2.010500e+02  2.190000e+02  3.430500e+02
     vertex  1.969500e+02  2.190000e+02  3.429500e+02
   endloop
 endfacet
 facet normal  0.000000e+00 -1.000000e+00  0.000000e+00
   outer loop
     vertex  1.979500e+02  2.190000e+02  3.399500e+02
     vertex  1.969500e+02  2.190000e+02  3.429500e+02
     vertex  1.969500e+02  2.190000e+02  3.399500e+02
   endloop
 endfacet
 facet normal  0.000000e+00 -1.000000e+00  0.000000e+00
   outer loop
     vertex  2.120500e+02  2.190000e+02  3.520500e+02
     vertex  2.120500e+02  2.190000e+02  3.530500e+02
     vertex  2.110500e+02  2.190000e+02  3.530500e+02
   endloop
 endfacet
 facet normal -0.000000e+00 -1.000000e+00  0.000000e+00
   outer loop
     vertex  2.120500e+02  2.190000e+02  3.520500e+02
     vertex  2.110500e+02  2.190000e+02  3.530500e+02
     vertex  2.079500e+02  2.190000e+02  3.509500e+02
   endloop
 endfacet
 facet normal  0.000000e+00 -1.000000e+00  0.000000e+00
   outer loop
     vertex  2.089500e+02  2.190000e+02  3.489500e+02
     vertex  2.120500e+02  2.190000e+02  3.520500e+02
     vertex  2.079500e+02  2.190000e+02  3.509500e+02
   endloop
 endfacet
 facet normal  0.000000e+00 -1.000000e+00  0.000000e+00
   outer loop
     vertex  2.089500e+02  2.190000e+02  3.489500e+02
     vertex  2.079500e+02  2.190000e+02  3.509500e+02
     vertex  2.079500e+02  2.190000e+02  3.489500e+02
   endloop
 endfacet
 facet normal -0.000000e+00 -1.000000e+00  0.000000e+00
   outer loop
     vertex  2.020500e+02  2.190000e+02  3.410500e+02
     vertex  2.010500e+02  2.190000e+02  3.430500e+02
     vertex  1.979500e+02  2.190000e+02  3.399500e+02
   endloop
 endfacet
 facet normal  0.000000e+00 -1.000000e+00  0.000000e+00
   outer loop
     vertex  2.020500e+02  2.190000e+02  3.410500e+02
     vertex  2.020500e+02  2.190000e+02  3.430500e+02
     vertex  2.010500e+02  2.190000e+02  3.430500e+02
   endloop
 endfacet
 facet normal  0.000000e+00 -1.000000e+00  0.000000e+00
   outer loop
     vertex  1.989500e+02  2.190000e+02  3.379500e+02
     vertex  2.020500e+02  2.190000e+02  3.410500e+02
     vertex  1.979500e+02  2.190000e+02  3.399500e+02
   endloop
 endfacet
 facet normal  0.000000e+00 -1.000000e+00  0.000000e+00
   outer loop
     vertex  1.989500e+02  2.190000e+02  3.379500e+02
     vertex  1.979500e+02  2.190000e+02  3.399500e+02
     vertex  1.979500e+02  2.190000e+02  3.379500e+02
   endloop
 endfacet
 facet normal -0.000000e+00 -1.000000e+00  0.000000e+00
   outer loop
     vertex  2.130500e+02  2.190000e+02  3.500500e+02
     vertex  2.120500e+02  2.190000e+02  3.520500e+02
     vertex  2.089500e+02  2.190000e+02  3.489500e+02
   endloop
 endfacet
 facet normal  0.000000e+00 -1.000000e+00  0.000000e+00
   outer loop
     vertex  2.130500e+02  2.190000e+02  3.500500e+02
     vertex  2.130500e+02  2.190000e+02  3.520500e+02
     vertex  2.120500e+02  2.190000e+02  3.520500e+02
   endloop
 endfacet
 facet normal  0.000000e+00 -1.000000e+00  0.000000e+00
   outer loop
     vertex  2.030500e+02  2.190000e+02  3.400500e+02
     vertex  2.030500e+02  2.190000e+02  3.410500e+02
     vertex  2.020500e+02  2.190000e+02  3.410500e+02
   endloop
 endfacet
 facet normal  0.000000e+00 -1.000000e+00  0.000000e+00
   outer loop
     vertex  2.009500e+02  2.190000e+02  3.369500e+02
     vertex  1.989500e+02  2.190000e+02  3.379500e+02
     vertex  1.989500e+02  2.190000e+02  3.369500e+02
   endloop
 endfacet
 facet normal  0.000000e+00 -1.000000e+00  0.000000e+00
   outer loop
     vertex  2.009500e+02  2.190000e+02  3.369500e+02
     vertex  2.020500e+02  2.190000e+02  3.410500e+02
     vertex  1.989500e+02  2.190000e+02  3.379500e+02
   endloop
 endfacet
 facet normal  0.000000e+00 -1.000000e+00  0.000000e+00
   outer loop
     vertex  2.009500e+02  2.190000e+02  3.369500e+02
     vertex  2.030500e+02  2.190000e+02  3.400500e+02
     vertex  2.020500e+02  2.190000e+02  3.410500e+02
   endloop
 endfacet
 facet normal  0.000000e+00 -1.000000e+00  0.000000e+00
   outer loop
     vertex  2.130500e+02  2.190000e+02  3.489500e+02
     vertex  2.130500e+02  2.190000e+02  3.500500e+02
     vertex  2.089500e+02  2.190000e+02  3.489500e+02
   endloop
 endfacet
 facet normal  0.000000e+00 -1.000000e+00  0.000000e+00
   outer loop
     vertex  2.130500e+02  2.190000e+02  3.489500e+02
     vertex  2.140500e+02  2.190000e+02  3.500500e+02
     vertex  2.130500e+02  2.190000e+02  3.500500e+02
   endloop
 endfacet
 facet normal  0.000000e+00 -1.000000e+00  0.000000e+00
   outer loop
     vertex  2.140500e+02  2.190000e+02  3.489500e+02
     vertex  2.140500e+02  2.190000e+02  3.500500e+02
     vertex  2.130500e+02  2.190000e+02  3.489500e+02
   endloop
 endfacet
 facet normal  0.000000e+00 -1.000000e+00  0.000000e+00
   outer loop
     vertex  2.130500e+02  2.190000e+02  3.479500e+02
     vertex  2.089500e+02  2.190000e+02  3.489500e+02
     vertex  2.089500e+02  2.190000e+02  3.479500e+02
   endloop
 endfacet
 facet normal  0.000000e+00 -1.000000e+00  0.000000e+00
   outer loop
     vertex  2.130500e+02  2.190000e+02  3.479500e+02
     vertex  2.130500e+02  2.190000e+02  3.489500e+02
     vertex  2.089500e+02  2.190000e+02  3.489500e+02
   endloop
 endfacet
 facet normal  0.000000e+00 -1.000000e+00  0.000000e+00
   outer loop
     vertex  2.079500e+02  2.190000e+02  3.400500e+02
     vertex  2.089500e+02  2.190000e+02  3.420500e+02
     vertex  2.079500e+02  2.190000e+02  3.420500e+02
   endloop
 endfacet
 facet normal  0.000000e+00 -1.000000e+00  0.000000e+00
   outer loop
     vertex  2.039500e+02  2.190000e+02  3.359500e+02
     vertex  2.009500e+02  2.190000e+02  3.369500e+02
     vertex  2.009500e+02  2.190000e+02  3.359500e+02
   endloop
 endfacet
 facet normal  0.000000e+00 -1.000000e+00  0.000000e+00
   outer loop
     vertex  2.039500e+02  2.190000e+02  3.359500e+02
     vertex  2.030500e+02  2.190000e+02  3.400500e+02
     vertex  2.009500e+02  2.190000e+02  3.369500e+02
   endloop
 endfacet
 facet normal  0.000000e+00 -1.000000e+00  0.000000e+00
   outer loop
     vertex  2.070500e+02  2.190000e+02  3.359500e+02
     vertex  2.079500e+02  2.190000e+02  3.400500e+02
     vertex  2.030500e+02  2.190000e+02  3.400500e+02
   endloop
 endfacet
 facet normal  0.000000e+00 -1.000000e+00  0.000000e+00
   outer loop
     vertex  2.070500e+02  2.190000e+02  3.359500e+02
     vertex  2.030500e+02  2.190000e+02  3.400500e+02
     vertex  2.039500e+02  2.190000e+02  3.359500e+02
   endloop
 endfacet
 facet normal  0.000000e+00 -1.000000e+00  0.000000e+00
   outer loop
     vertex  2.130500e+02  2.190000e+02  3.419500e+02
     vertex  2.140500e+02  2.190000e+02  3.430500e+02
     vertex  2.089500e+02  2.190000e+02  3.430500e+02
   endloop
 endfacet
 facet normal  0.000000e+00 -1.000000e+00  0.000000e+00
   outer loop
     vertex  2.130500e+02  2.190000e+02  3.419500e+02
     vertex  2.089500e+02  2.190000e+02  3.430500e+02
     vertex  2.089500e+02  2.190000e+02  3.420500e+02
   endloop
 endfacet
 facet normal  0.000000e+00 -1.000000e+00  0.000000e+00
   outer loop
     vertex  2.070500e+02  2.190000e+02  3.349500e+02
     vertex  2.039500e+02  2.190000e+02  3.359500e+02
     vertex  2.039500e+02  2.190000e+02  3.349500e+02
   endloop
 endfacet
 facet normal  0.000000e+00 -1.000000e+00  0.000000e+00
   outer loop
     vertex  2.070500e+02  2.190000e+02  3.349500e+02
     vertex  2.070500e+02  2.190000e+02  3.359500e+02
     vertex  2.039500e+02  2.190000e+02  3.359500e+02
   endloop
 endfacet
 facet normal  0.000000e+00 -1.000000e+00  0.000000e+00
   outer loop
     vertex  2.140500e+02  2.190000e+02  3.419500e+02
     vertex  2.140500e+02  2.190000e+02  3.430500e+02
     vertex  2.130500e+02  2.190000e+02  3.419500e+02
   endloop
 endfacet
 facet normal -0.000000e+00 -1.000000e+00  0.000000e+00
   outer loop
     vertex  2.100500e+02  2.190000e+02  3.369500e+02
     vertex  2.079500e+02  2.190000e+02  3.400500e+02
     vertex  2.070500e+02  2.190000e+02  3.359500e+02
   endloop
 endfacet
 facet normal  0.000000e+00 -1.000000e+00  0.000000e+00
   outer loop
     vertex  2.120500e+02  2.190000e+02  3.389500e+02
     vertex  2.089500e+02  2.190000e+02  3.420500e+02
     vertex  2.079500e+02  2.190000e+02  3.400500e+02
   endloop
 endfacet
 facet normal  0.000000e+00 -1.000000e+00  0.000000e+00
   outer loop
     vertex  2.120500e+02  2.190000e+02  3.389500e+02
     vertex  2.130500e+02  2.190000e+02  3.419500e+02
     vertex  2.089500e+02  2.190000e+02  3.420500e+02
   endloop
 endfacet
 facet normal -0.000000e+00 -1.000000e+00  0.000000e+00
   outer loop
     vertex  2.110500e+02  2.190000e+02  3.379500e+02
     vertex  2.079500e+02  2.190000e+02  3.400500e+02
     vertex  2.100500e+02  2.190000e+02  3.369500e+02
   endloop
 endfacet
 facet normal  0.000000e+00 -1.000000e+00  0.000000e+00
   outer loop
     vertex  2.110500e+02  2.190000e+02  3.379500e+02
     vertex  2.120500e+02  2.190000e+02  3.389500e+02
     vertex  2.079500e+02  2.190000e+02  3.400500e+02
   endloop
 endfacet
 facet normal  0.000000e+00 -1.000000e+00  0.000000e+00
   outer loop
     vertex  2.110500e+02  2.190000e+02  3.369500e+02
     vertex  2.110500e+02  2.190000e+02  3.379500e+02
     vertex  2.100500e+02  2.190000e+02  3.369500e+02
   endloop
 endfacet
 facet normal  0.000000e+00 -1.000000e+00  0.000000e+00
   outer loop
     vertex  2.100500e+02  2.190000e+02  3.359500e+02
     vertex  2.100500e+02  2.190000e+02  3.369500e+02
     vertex  2.070500e+02  2.190000e+02  3.359500e+02
   endloop
 endfacet
 facet normal  0.000000e+00 -1.000000e+00  0.000000e+00
   outer loop
     vertex  2.130500e+02  2.190000e+02  3.389500e+02
     vertex  2.130500e+02  2.190000e+02  3.419500e+02
     vertex  2.120500e+02  2.190000e+02  3.389500e+02
   endloop
 endfacet
 facet normal  0.000000e+00 -1.000000e+00  0.000000e+00
   outer loop
     vertex  2.120500e+02  2.190000e+02  3.379500e+02
     vertex  2.120500e+02  2.190000e+02  3.389500e+02
     vertex  2.110500e+02  2.190000e+02  3.379500e+02
   endloop
 endfacet
 facet normal  0.000000e+00  0.000000e+00  1.000000e+00
   outer loop
     vertex  1.979500e+02  2.200000e+02  3.510500e+02
     vertex  1.969500e+02  2.200000e+02  3.510500e+02
     vertex  1.969500e+02  2.190000e+02  3.510500e+02
   endloop
 endfacet
 facet normal  0.000000e+00  0.000000e+00  1.000000e+00
   outer loop
     vertex  1.979500e+02  2.200000e+02  3.510500e+02
     vertex  1.969500e+02  2.190000e+02  3.510500e+02
     vertex  1.979500e+02  2.190000e+02  3.510500e+02
   endloop
 endfacet
 facet normal  0.000000e+00  0.000000e+00  1.000000e+00
   outer loop
     vertex  1.969500e+02  2.200000e+02  3.480500e+02
     vertex  1.959500e+02  2.200000e+02  3.480500e+02
     vertex  1.959500e+02  2.190000e+02  3.480500e+02
   endloop
 endfacet
 facet normal  0.000000e+00  0.000000e+00  1.000000e+00
   outer loop
     vertex  1.969500e+02  2.200000e+02  3.480500e+02
     vertex  1.959500e+02  2.190000e+02  3.480500e+02
     vertex  1.969500e+02  2.190000e+02  3.480500e+02
   endloop
 endfacet
 facet normal -0.000000e+00  0.000000e+00 -1.000000e+00
   outer loop
     vertex  1.969500e+02  2.200000e+02  3.429500e+02
     vertex  1.959500e+02  2.190000e+02  3.429500e+02
     vertex  1.959500e+02  2.200000e+02  3.429500e+02
   endloop
 endfacet
 facet normal  0.000000e+00 -0.000000e+00 -1.000000e+00
   outer loop
     vertex  1.969500e+02  2.200000e+02  3.429500e+02
     vertex  1.969500e+02  2.190000e+02  3.429500e+02
     vertex  1.959500e+02  2.190000e+02  3.429500e+02
   endloop
 endfacet
 facet normal -0.000000e+00  0.000000e+00 -1.000000e+00
   outer loop
     vertex  1.979500e+02  2.200000e+02  3.399500e+02
     vertex  1.969500e+02  2.190000e+02  3.399500e+02
     vertex  1.969500e+02  2.200000e+02  3.399500e+02
   endloop
 endfacet
 facet normal  0.000000e+00 -0.000000e+00 -1.000000e+00
   outer loop
     vertex  1.979500e+02  2.200000e+02  3.399500e+02
     vertex  1.979500e+02  2.190000e+02  3.399500e+02
     vertex  1.969500e+02  2.190000e+02  3.399500e+02
   endloop
 endfacet
 facet normal -0.000000e+00  0.000000e+00 -1.000000e+00
   outer loop
     vertex  1.989500e+02  2.200000e+02  3.379500e+02
     vertex  1.979500e+02  2.190000e+02  3.379500e+02
     vertex  1.979500e+02  2.200000e+02  3.379500e+02
   endloop
 endfacet
 facet normal  0.000000e+00 -0.000000e+00 -1.000000e+00
   outer loop
     vertex  1.989500e+02  2.200000e+02  3.379500e+02
     vertex  1.989500e+02  2.190000e+02  3.379500e+02
     vertex  1.979500e+02  2.190000e+02  3.379500e+02
   endloop
 endfacet
 facet normal -1.000000e+00  0.000000e+00  0.000000e+00
   outer loop
     vertex  1.989500e+02  2.190000e+02  3.379500e+02
     vertex  1.989500e+02  2.200000e+02  3.369500e+02
     vertex  1.989500e+02  2.190000e+02  3.369500e+02
   endloop
 endfacet
 facet normal -1.000000e+00  0.000000e+00  0.000000e+00
   outer loop
     vertex  1.989500e+02  2.190000e+02  3.379500e+02
     vertex  1.989500e+02  2.200000e+02  3.379500e+02
     vertex  1.989500e+02  2.200000e+02  3.369500e+02
   endloop
 endfacet
 facet normal -0.000000e+00  0.000000e+00 -1.000000e+00
   outer loop
     vertex  2.009500e+02  2.200000e+02  3.369500e+02
     vertex  1.989500e+02  2.190000e+02  3.369500e+02
     vertex  1.989500e+02  2.200000e+02  3.369500e+02
   endloop
 endfacet
 facet normal  0.000000e+00 -0.000000e+00 -1.000000e+00
   outer loop
     vertex  2.009500e+02  2.200000e+02  3.369500e+02
     vertex  2.009500e+02  2.190000e+02  3.369500e+02
     vertex  1.989500e+02  2.190000e+02  3.369500e+02
   endloop
 endfacet
 facet normal -1.000000e+00  0.000000e+00  0.000000e+00
   outer loop
     vertex  2.009500e+02  2.190000e+02  3.369500e+02
     vertex  2.009500e+02  2.200000e+02  3.359500e+02
     vertex  2.009500e+02  2.190000e+02  3.359500e+02
   endloop
 endfacet
 facet normal -1.000000e+00  0.000000e+00  0.000000e+00
   outer loop
     vertex  2.009500e+02  2.190000e+02  3.369500e+02
     vertex  2.009500e+02  2.200000e+02  3.369500e+02
     vertex  2.009500e+02  2.200000e+02  3.359500e+02
   endloop
 endfacet
 facet normal -0.000000e+00  0.000000e+00 -1.000000e+00
   outer loop
     vertex  2.039500e+02  2.200000e+02  3.359500e+02
     vertex  2.009500e+02  2.190000e+02  3.359500e+02
     vertex  2.009500e+02  2.200000e+02  3.359500e+02
   endloop
 endfacet
 facet normal  0.000000e+00 -0.000000e+00 -1.000000e+00
   outer loop
     vertex  2.039500e+02  2.200000e+02  3.359500e+02
     vertex  2.039500e+02  2.190000e+02  3.359500e+02
     vertex  2.009500e+02  2.190000e+02  3.359500e+02
   endloop
 endfacet
 facet normal -1.000000e+00  0.000000e+00  0.000000e+00
   outer loop
     vertex  2.039500e+02  2.190000e+02  3.359500e+02
     vertex  2.039500e+02  2.200000e+02  3.349500e+02
     vertex  2.039500e+02  2.190000e+02  3.349500e+02
   endloop
 endfacet
 facet normal -1.000000e+00  0.000000e+00  0.000000e+00
   outer loop
     vertex  2.039500e+02  2.190000e+02  3.359500e+02
     vertex  2.039500e+02  2.200000e+02  3.359500e+02
     vertex  2.039500e+02  2.200000e+02  3.349500e+02
   endloop
 endfacet
 facet normal -0.000000e+00  0.000000e+00 -1.000000e+00
   outer loop
     vertex  2.070500e+02  2.200000e+02  3.349500e+02
     vertex  2.039500e+02  2.190000e+02  3.349500e+02
     vertex  2.039500e+02  2.200000e+02  3.349500e+02
   endloop
 endfacet
 facet normal  0.000000e+00 -0.000000e+00 -1.000000e+00
   outer loop
     vertex  2.070500e+02  2.200000e+02  3.349500e+02
     vertex  2.070500e+02  2.190000e+02  3.349500e+02
     vertex  2.039500e+02  2.190000e+02  3.349500e+02
   endloop
 endfacet
 facet normal -0.000000e+00  0.000000e+00 -1.000000e+00
   outer loop
     vertex  2.130500e+02  2.200000e+02  3.389500e+02
     vertex  2.120500e+02  2.190000e+02  3.389500e+02
     vertex  2.120500e+02  2.200000e+02  3.389500e+02
   endloop
 endfacet
 facet normal  0.000000e+00 -0.000000e+00 -1.000000e+00
   outer loop
     vertex  2.130500e+02  2.200000e+02  3.389500e+02
     vertex  2.130500e+02  2.190000e+02  3.389500e+02
     vertex  2.120500e+02  2.190000e+02  3.389500e+02
   endloop
 endfacet
 facet normal  1.000000e+00  0.000000e+00  0.000000e+00
   outer loop
     vertex  2.120500e+02  2.190000e+02  3.389500e+02
     vertex  2.120500e+02  2.190000e+02  3.379500e+02
     vertex  2.120500e+02  2.200000e+02  3.379500e+02
   endloop
 endfacet
 facet normal  1.000000e+00 -0.000000e+00  0.000000e+00
   outer loop
     vertex  2.120500e+02  2.190000e+02  3.389500e+02
     vertex  2.120500e+02  2.200000e+02  3.379500e+02
     vertex  2.120500e+02  2.200000e+02  3.389500e+02
   endloop
 endfacet
 facet normal -0.000000e+00  0.000000e+00 -1.000000e+00
   outer loop
     vertex  2.120500e+02  2.200000e+02  3.379500e+02
     vertex  2.110500e+02  2.190000e+02  3.379500e+02
     vertex  2.110500e+02  2.200000e+02  3.379500e+02
   endloop
 endfacet
 facet normal  0.000000e+00 -0.000000e+00 -1.000000e+00
   outer loop
     vertex  2.120500e+02  2.200000e+02  3.379500e+02
     vertex  2.120500e+02  2.190000e+02  3.379500e+02
     vertex  2.110500e+02  2.190000e+02  3.379500e+02
   endloop
 endfacet
 facet normal  1.000000e+00  0.000000e+00  0.000000e+00
   outer loop
     vertex  2.110500e+02  2.190000e+02  3.379500e+02
     vertex  2.110500e+02  2.190000e+02  3.369500e+02
     vertex  2.110500e+02  2.200000e+02  3.369500e+02
   endloop
 endfacet
 facet normal  1.000000e+00 -0.000000e+00  0.000000e+00
   outer loop
     vertex  2.110500e+02  2.190000e+02  3.379500e+02
     vertex  2.110500e+02  2.200000e+02  3.369500e+02
     vertex  2.110500e+02  2.200000e+02  3.379500e+02
   endloop
 endfacet
 facet normal -0.000000e+00  0.000000e+00 -1.000000e+00
   outer loop
     vertex  2.110500e+02  2.200000e+02  3.369500e+02
     vertex  2.100500e+02  2.190000e+02  3.369500e+02
     vertex  2.100500e+02  2.200000e+02  3.369500e+02
   endloop
 endfacet
 facet normal  0.000000e+00 -0.000000e+00 -1.000000e+00
   outer loop
     vertex  2.110500e+02  2.200000e+02  3.369500e+02
     vertex  2.110500e+02  2.190000e+02  3.369500e+02
     vertex  2.100500e+02  2.190000e+02  3.369500e+02
   endloop
 endfacet
 facet normal  1.000000e+00  0.000000e+00  0.000000e+00
   outer loop
     vertex  2.100500e+02  2.190000e+02  3.369500e+02
     vertex  2.100500e+02  2.190000e+02  3.359500e+02
     vertex  2.100500e+02  2.200000e+02  3.359500e+02
   endloop
 endfacet
 facet normal  1.000000e+00 -0.000000e+00  0.000000e+00
   outer loop
     vertex  2.100500e+02  2.190000e+02  3.369500e+02
     vertex  2.100500e+02  2.200000e+02  3.359500e+02
     vertex  2.100500e+02  2.200000e+02  3.369500e+02
   endloop
 endfacet
 facet normal -0.000000e+00  0.000000e+00 -1.000000e+00
   outer loop
     vertex  2.100500e+02  2.200000e+02  3.359500e+02
     vertex  2.070500e+02  2.190000e+02  3.359500e+02
     vertex  2.070500e+02  2.200000e+02  3.359500e+02
   endloop
 endfacet
 facet normal  0.000000e+00 -0.000000e+00 -1.000000e+00
   outer loop
     vertex  2.100500e+02  2.200000e+02  3.359500e+02
     vertex  2.100500e+02  2.190000e+02  3.359500e+02
     vertex  2.070500e+02  2.190000e+02  3.359500e+02
   endloop
 endfacet
 facet normal  1.000000e+00  0.000000e+00  0.000000e+00
   outer loop
     vertex  2.070500e+02  2.190000e+02  3.359500e+02
     vertex  2.070500e+02  2.190000e+02  3.349500e+02
     vertex  2.070500e+02  2.200000e+02  3.349500e+02
   endloop
 endfacet
 facet normal  1.000000e+00 -0.000000e+00  0.000000e+00
   outer loop
     vertex  2.070500e+02  2.190000e+02  3.359500e+02
     vertex  2.070500e+02  2.200000e+02  3.349500e+02
     vertex  2.070500e+02  2.200000e+02  3.359500e+02
   endloop
 endfacet
 facet normal  0.000000e+00  0.000000e+00  1.000000e+00
   outer loop
     vertex  2.089500e+02  2.200000e+02  3.420500e+02
     vertex  2.079500e+02  2.200000e+02  3.420500e+02
     vertex  2.079500e+02  2.190000e+02  3.420500e+02
   endloop
 endfacet
 facet normal  0.000000e+00  0.000000e+00  1.000000e+00
   outer loop
     vertex  2.089500e+02  2.200000e+02  3.420500e+02
     vertex  2.079500e+02  2.190000e+02  3.420500e+02
     vertex  2.089500e+02  2.190000e+02  3.420500e+02
   endloop
 endfacet
 facet normal -1.000000e+00  0.000000e+00  0.000000e+00
   outer loop
     vertex  2.089500e+02  2.190000e+02  3.430500e+02
     vertex  2.089500e+02  2.200000e+02  3.420500e+02
     vertex  2.089500e+02  2.190000e+02  3.420500e+02
   endloop
 endfacet
 facet normal -1.000000e+00  0.000000e+00  0.000000e+00
   outer loop
     vertex  2.089500e+02  2.190000e+02  3.430500e+02
     vertex  2.089500e+02  2.200000e+02  3.430500e+02
     vertex  2.089500e+02  2.200000e+02  3.420500e+02
   endloop
 endfacet
 facet normal  0.000000e+00  0.000000e+00  1.000000e+00
   outer loop
     vertex  2.140500e+02  2.200000e+02  3.430500e+02
     vertex  2.089500e+02  2.200000e+02  3.430500e+02
     vertex  2.089500e+02  2.190000e+02  3.430500e+02
   endloop
 endfacet
 facet normal  0.000000e+00  0.000000e+00  1.000000e+00
   outer loop
     vertex  2.140500e+02  2.200000e+02  3.430500e+02
     vertex  2.089500e+02  2.190000e+02  3.430500e+02
     vertex  2.140500e+02  2.190000e+02  3.430500e+02
   endloop
 endfacet
 facet normal  1.000000e+00  0.000000e+00  0.000000e+00
   outer loop
     vertex  2.140500e+02  2.190000e+02  3.430500e+02
     vertex  2.140500e+02  2.190000e+02  3.419500e+02
     vertex  2.140500e+02  2.200000e+02  3.419500e+02
   endloop
 endfacet
 facet normal  1.000000e+00 -0.000000e+00  0.000000e+00
   outer loop
     vertex  2.140500e+02  2.190000e+02  3.430500e+02
     vertex  2.140500e+02  2.200000e+02  3.419500e+02
     vertex  2.140500e+02  2.200000e+02  3.430500e+02
   endloop
 endfacet
 facet normal -0.000000e+00  0.000000e+00 -1.000000e+00
   outer loop
     vertex  2.140500e+02  2.200000e+02  3.419500e+02
     vertex  2.130500e+02  2.190000e+02  3.419500e+02
     vertex  2.130500e+02  2.200000e+02  3.419500e+02
   endloop
 endfacet
 facet normal  0.000000e+00 -0.000000e+00 -1.000000e+00
   outer loop
     vertex  2.140500e+02  2.200000e+02  3.419500e+02
     vertex  2.140500e+02  2.190000e+02  3.419500e+02
     vertex  2.130500e+02  2.190000e+02  3.419500e+02
   endloop
 endfacet
 facet normal  0.000000e+00  0.000000e+00  1.000000e+00
   outer loop
     vertex  2.030500e+02  2.200000e+02  3.410500e+02
     vertex  2.020500e+02  2.200000e+02  3.410500e+02
     vertex  2.020500e+02  2.190000e+02  3.410500e+02
   endloop
 endfacet
 facet normal  0.000000e+00  0.000000e+00  1.000000e+00
   outer loop
     vertex  2.030500e+02  2.200000e+02  3.410500e+02
     vertex  2.020500e+02  2.190000e+02  3.410500e+02
     vertex  2.030500e+02  2.190000e+02  3.410500e+02
   endloop
 endfacet
 facet normal  1.000000e+00  0.000000e+00  0.000000e+00
   outer loop
     vertex  2.030500e+02  2.190000e+02  3.410500e+02
     vertex  2.030500e+02  2.190000e+02  3.400500e+02
     vertex  2.030500e+02  2.200000e+02  3.400500e+02
   endloop
 endfacet
 facet normal  1.000000e+00 -0.000000e+00  0.000000e+00
   outer loop
     vertex  2.030500e+02  2.190000e+02  3.410500e+02
     vertex  2.030500e+02  2.200000e+02  3.400500e+02
     vertex  2.030500e+02  2.200000e+02  3.410500e+02
   endloop
 endfacet
 facet normal  0.000000e+00  0.000000e+00  1.000000e+00
   outer loop
     vertex  2.079500e+02  2.200000e+02  3.400500e+02
     vertex  2.030500e+02  2.200000e+02  3.400500e+02
     vertex  2.030500e+02  2.190000e+02  3.400500e+02
   endloop
 endfacet
 facet normal  0.000000e+00  0.000000e+00  1.000000e+00
   outer loop
     vertex  2.079500e+02  2.200000e+02  3.400500e+02
     vertex  2.030500e+02  2.190000e+02  3.400500e+02
     vertex  2.079500e+02  2.190000e+02  3.400500e+02
   endloop
 endfacet
 facet normal  0.000000e+00  0.000000e+00  1.000000e+00
   outer loop
     vertex  2.020500e+02  2.200000e+02  3.430500e+02
     vertex  2.010500e+02  2.200000e+02  3.430500e+02
     vertex  2.010500e+02  2.190000e+02  3.430500e+02
   endloop
 endfacet
 facet normal  0.000000e+00  0.000000e+00  1.000000e+00
   outer loop
     vertex  2.020500e+02  2.200000e+02  3.430500e+02
     vertex  2.010500e+02  2.190000e+02  3.430500e+02
     vertex  2.020500e+02  2.190000e+02  3.430500e+02
   endloop
 endfacet
 facet normal -0.000000e+00  0.000000e+00 -1.000000e+00
   outer loop
     vertex  2.020500e+02  2.200000e+02  3.479500e+02
     vertex  2.010500e+02  2.190000e+02  3.479500e+02
     vertex  2.010500e+02  2.200000e+02  3.479500e+02
   endloop
 endfacet
 facet normal  0.000000e+00 -0.000000e+00 -1.000000e+00
   outer loop
     vertex  2.020500e+02  2.200000e+02  3.479500e+02
     vertex  2.020500e+02  2.190000e+02  3.479500e+02
     vertex  2.010500e+02  2.190000e+02  3.479500e+02
   endloop
 endfacet
 facet normal -0.000000e+00  0.000000e+00 -1.000000e+00
   outer loop
     vertex  2.079500e+02  2.200000e+02  3.509500e+02
     vertex  2.030500e+02  2.190000e+02  3.509500e+02
     vertex  2.030500e+02  2.200000e+02  3.509500e+02
   endloop
 endfacet
 facet normal  0.000000e+00 -0.000000e+00 -1.000000e+00
   outer loop
     vertex  2.079500e+02  2.200000e+02  3.509500e+02
     vertex  2.079500e+02  2.190000e+02  3.509500e+02
     vertex  2.030500e+02  2.190000e+02  3.509500e+02
   endloop
 endfacet
 facet normal  1.000000e+00  0.000000e+00  0.000000e+00
   outer loop
     vertex  2.030500e+02  2.190000e+02  3.509500e+02
     vertex  2.030500e+02  2.190000e+02  3.499500e+02
     vertex  2.030500e+02  2.200000e+02  3.499500e+02
   endloop
 endfacet
 facet normal  1.000000e+00 -0.000000e+00  0.000000e+00
   outer loop
     vertex  2.030500e+02  2.190000e+02  3.509500e+02
     vertex  2.030500e+02  2.200000e+02  3.499500e+02
     vertex  2.030500e+02  2.200000e+02  3.509500e+02
   endloop
 endfacet
 facet normal -0.000000e+00  0.000000e+00 -1.000000e+00
   outer loop
     vertex  2.030500e+02  2.200000e+02  3.499500e+02
     vertex  2.020500e+02  2.190000e+02  3.499500e+02
     vertex  2.020500e+02  2.200000e+02  3.499500e+02
   endloop
 endfacet
 facet normal  0.000000e+00 -0.000000e+00 -1.000000e+00
   outer loop
     vertex  2.030500e+02  2.200000e+02  3.499500e+02
     vertex  2.030500e+02  2.190000e+02  3.499500e+02
     vertex  2.020500e+02  2.190000e+02  3.499500e+02
   endloop
 endfacet
 facet normal -0.000000e+00  0.000000e+00 -1.000000e+00
   outer loop
     vertex  2.089500e+02  2.200000e+02  3.489500e+02
     vertex  2.079500e+02  2.190000e+02  3.489500e+02
     vertex  2.079500e+02  2.200000e+02  3.489500e+02
   endloop
 endfacet
 facet normal  0.000000e+00 -0.000000e+00 -1.000000e+00
   outer loop
     vertex  2.089500e+02  2.200000e+02  3.489500e+02
     vertex  2.089500e+02  2.190000e+02  3.489500e+02
     vertex  2.079500e+02  2.190000e+02  3.489500e+02
   endloop
 endfacet
 facet normal -1.000000e+00  0.000000e+00  0.000000e+00
   outer loop
     vertex  2.089500e+02  2.190000e+02  3.489500e+02
     vertex  2.089500e+02  2.200000e+02  3.479500e+02
     vertex  2.089500e+02  2.190000e+02  3.479500e+02
   endloop
 endfacet
 facet normal -1.000000e+00  0.000000e+00  0.000000e+00
   outer loop
     vertex  2.089500e+02  2.190000e+02  3.489500e+02
     vertex  2.089500e+02  2.200000e+02  3.489500e+02
     vertex  2.089500e+02  2.200000e+02  3.479500e+02
   endloop
 endfacet
 facet normal -0.000000e+00  0.000000e+00 -1.000000e+00
   outer loop
     vertex  2.130500e+02  2.200000e+02  3.479500e+02
     vertex  2.089500e+02  2.190000e+02  3.479500e+02
     vertex  2.089500e+02  2.200000e+02  3.479500e+02
   endloop
 endfacet
 facet normal  0.000000e+00 -0.000000e+00 -1.000000e+00
   outer loop
     vertex  2.130500e+02  2.200000e+02  3.479500e+02
     vertex  2.130500e+02  2.190000e+02  3.479500e+02
     vertex  2.089500e+02  2.190000e+02  3.479500e+02
   endloop
 endfacet
 facet normal  0.000000e+00  0.000000e+00  1.000000e+00
   outer loop
     vertex  2.140500e+02  2.200000e+02  3.500500e+02
     vertex  2.130500e+02  2.200000e+02  3.500500e+02
     vertex  2.130500e+02  2.190000e+02  3.500500e+02
   endloop
 endfacet
 facet normal  0.000000e+00  0.000000e+00  1.000000e+00
   outer loop
     vertex  2.140500e+02  2.200000e+02  3.500500e+02
     vertex  2.130500e+02  2.190000e+02  3.500500e+02
     vertex  2.140500e+02  2.190000e+02  3.500500e+02
   endloop
 endfacet
 facet normal  1.000000e+00  0.000000e+00  0.000000e+00
   outer loop
     vertex  2.140500e+02  2.190000e+02  3.500500e+02
     vertex  2.140500e+02  2.190000e+02  3.489500e+02
     vertex  2.140500e+02  2.200000e+02  3.489500e+02
   endloop
 endfacet
 facet normal  1.000000e+00 -0.000000e+00  0.000000e+00
   outer loop
     vertex  2.140500e+02  2.190000e+02  3.500500e+02
     vertex  2.140500e+02  2.200000e+02  3.489500e+02
     vertex  2.140500e+02  2.200000e+02  3.500500e+02
   endloop
 endfacet
 facet normal -0.000000e+00  0.000000e+00 -1.000000e+00
   outer loop
     vertex  2.140500e+02  2.200000e+02  3.489500e+02
     vertex  2.130500e+02  2.190000e+02  3.489500e+02
     vertex  2.130500e+02  2.200000e+02  3.489500e+02
   endloop
 endfacet
 facet normal  0.000000e+00 -0.000000e+00 -1.000000e+00
   outer loop
     vertex  2.140500e+02  2.200000e+02  3.489500e+02
     vertex  2.140500e+02  2.190000e+02  3.489500e+02
     vertex  2.130500e+02  2.190000e+02  3.489500e+02
   endloop
 endfacet
 facet normal  1.000000e+00  0.000000e+00  0.000000e+00
   outer loop
     vertex  2.130500e+02  2.190000e+02  3.489500e+02
     vertex  2.130500e+02  2.190000e+02  3.479500e+02
     vertex  2.130500e+02  2.200000e+02  3.479500e+02
   endloop
 endfacet
 facet normal  1.000000e+00 -0.000000e+00  0.000000e+00
   outer loop
     vertex  2.130500e+02  2.190000e+02  3.489500e+02
     vertex  2.130500e+02  2.200000e+02  3.479500e+02
     vertex  2.130500e+02  2.200000e+02  3.489500e+02
   endloop
 endfacet
 facet normal  0.000000e+00  1.000000e+00  0.000000e+00
   outer loop
     vertex  1.979500e+02  2.200000e+02  3.399500e+02
     vertex  1.989500e+02  2.200000e+02  3.379500e+02
     vertex  1.979500e+02  2.200000e+02  3.379500e+02
   endloop
 endfacet
 facet normal  0.000000e+00  1.000000e+00  0.000000e+00
   outer loop
     vertex  2.009500e+02  2.200000e+02  3.369500e+02
     vertex  1.989500e+02  2.200000e+02  3.369500e+02
     vertex  1.989500e+02  2.200000e+02  3.379500e+02
   endloop
 endfacet
 facet normal  0.000000e+00  1.000000e+00  0.000000e+00
   outer loop
     vertex  1.969500e+02  2.200000e+02  3.429500e+02
     vertex  1.979500e+02  2.200000e+02  3.399500e+02
     vertex  1.969500e+02  2.200000e+02  3.399500e+02
   endloop
 endfacet
 facet normal  0.000000e+00  1.000000e+00  0.000000e+00
   outer loop
     vertex  2.039500e+02  2.200000e+02  3.359500e+02
     vertex  2.009500e+02  2.200000e+02  3.359500e+02
     vertex  2.009500e+02  2.200000e+02  3.369500e+02
   endloop
 endfacet
 facet normal  0.000000e+00  1.000000e+00  0.000000e+00
   outer loop
     vertex  2.070500e+02  2.200000e+02  3.359500e+02
     vertex  2.070500e+02  2.200000e+02  3.349500e+02
     vertex  2.039500e+02  2.200000e+02  3.349500e+02
   endloop
 endfacet
 facet normal  0.000000e+00  1.000000e+00  0.000000e+00
   outer loop
     vertex  2.070500e+02  2.200000e+02  3.359500e+02
     vertex  2.039500e+02  2.200000e+02  3.349500e+02
     vertex  2.039500e+02  2.200000e+02  3.359500e+02
   endloop
 endfacet
 facet normal  0.000000e+00  1.000000e+00  0.000000e+00
   outer loop
     vertex  2.020500e+02  2.200000e+02  3.410500e+02
     vertex  1.989500e+02  2.200000e+02  3.379500e+02
     vertex  1.979500e+02  2.200000e+02  3.399500e+02
   endloop
 endfacet
 facet normal  0.000000e+00  1.000000e+00  0.000000e+00
   outer loop
     vertex  2.020500e+02  2.200000e+02  3.410500e+02
     vertex  2.009500e+02  2.200000e+02  3.369500e+02
     vertex  1.989500e+02  2.200000e+02  3.379500e+02
   endloop
 endfacet
 facet normal  0.000000e+00  1.000000e+00  0.000000e+00
   outer loop
     vertex  2.030500e+02  2.200000e+02  3.400500e+02
     vertex  2.009500e+02  2.200000e+02  3.369500e+02
     vertex  2.020500e+02  2.200000e+02  3.410500e+02
   endloop
 endfacet
 facet normal  0.000000e+00  1.000000e+00  0.000000e+00
   outer loop
     vertex  2.030500e+02  2.200000e+02  3.400500e+02
     vertex  2.039500e+02  2.200000e+02  3.359500e+02
     vertex  2.009500e+02  2.200000e+02  3.369500e+02
   endloop
 endfacet
 facet normal  0.000000e+00  1.000000e+00  0.000000e+00
   outer loop
     vertex  2.030500e+02  2.200000e+02  3.410500e+02
     vertex  2.030500e+02  2.200000e+02  3.400500e+02
     vertex  2.020500e+02  2.200000e+02  3.410500e+02
   endloop
 endfacet
 facet normal  0.000000e+00  1.000000e+00  0.000000e+00
   outer loop
     vertex  2.010500e+02  2.200000e+02  3.430500e+02
     vertex  2.020500e+02  2.200000e+02  3.410500e+02
     vertex  1.979500e+02  2.200000e+02  3.399500e+02
   endloop
 endfacet
 facet normal  0.000000e+00  1.000000e+00  0.000000e+00
   outer loop
     vertex  2.010500e+02  2.200000e+02  3.430500e+02
     vertex  1.979500e+02  2.200000e+02  3.399500e+02
     vertex  1.969500e+02  2.200000e+02  3.429500e+02
   endloop
 endfacet
 facet normal  0.000000e+00  1.000000e+00  0.000000e+00
   outer loop
     vertex  1.969500e+02  2.200000e+02  3.480500e+02
     vertex  2.010500e+02  2.200000e+02  3.430500e+02
     vertex  1.969500e+02  2.200000e+02  3.429500e+02
   endloop
 endfacet
 facet normal  0.000000e+00  1.000000e+00  0.000000e+00
   outer loop
     vertex  1.969500e+02  2.200000e+02  3.480500e+02
     vertex  1.969500e+02  2.200000e+02  3.429500e+02
     vertex  1.959500e+02  2.200000e+02  3.429500e+02
   endloop
 endfacet
 facet normal  0.000000e+00  1.000000e+00  0.000000e+00
   outer loop
     vertex  1.969500e+02  2.200000e+02  3.480500e+02
     vertex  1.959500e+02  2.200000e+02  3.429500e+02
     vertex  1.959500e+02  2.200000e+02  3.480500e+02
   endloop
 endfacet
 facet normal  0.000000e+00  1.000000e+00  0.000000e+00
   outer loop
     vertex  2.020500e+02  2.200000e+02  3.430500e+02
     vertex  2.020500e+02  2.200000e+02  3.410500e+02
     vertex  2.010500e+02  2.200000e+02  3.430500e+02
   endloop
 endfacet
 facet normal  0.000000e+00  1.000000e+00  0.000000e+00
   outer loop
     vertex  2.100500e+02  2.200000e+02  3.369500e+02
     vertex  2.100500e+02  2.200000e+02  3.359500e+02
     vertex  2.070500e+02  2.200000e+02  3.359500e+02
   endloop
 endfacet
 facet normal  0.000000e+00  1.000000e+00  0.000000e+00
   outer loop
     vertex  2.079500e+02  2.200000e+02  3.400500e+02
     vertex  2.039500e+02  2.200000e+02  3.359500e+02
     vertex  2.030500e+02  2.200000e+02  3.400500e+02
   endloop
 endfacet
 facet normal  0.000000e+00  1.000000e+00  0.000000e+00
   outer loop
     vertex  2.079500e+02  2.200000e+02  3.400500e+02
     vertex  2.070500e+02  2.200000e+02  3.359500e+02
     vertex  2.039500e+02  2.200000e+02  3.359500e+02
   endloop
 endfacet
 facet normal  0.000000e+00  1.000000e+00  0.000000e+00
   outer loop
     vertex  2.079500e+02  2.200000e+02  3.400500e+02
     vertex  2.100500e+02  2.200000e+02  3.369500e+02
     vertex  2.070500e+02  2.200000e+02  3.359500e+02
   endloop
 endfacet
 facet normal  0.000000e+00  1.000000e+00  0.000000e+00
   outer loop
     vertex  2.010500e+02  2.200000e+02  3.479500e+02
     vertex  2.010500e+02  2.200000e+02  3.430500e+02
     vertex  1.969500e+02  2.200000e+02  3.480500e+02
   endloop
 endfacet
 facet normal  0.000000e+00  1.000000e+00  0.000000e+00
   outer loop
     vertex  2.110500e+02  2.200000e+02  3.379500e+02
     vertex  2.100500e+02  2.200000e+02  3.369500e+02
     vertex  2.079500e+02  2.200000e+02  3.400500e+02
   endloop
 endfacet
 facet normal  0.000000e+00  1.000000e+00  0.000000e+00
   outer loop
     vertex  2.110500e+02  2.200000e+02  3.379500e+02
     vertex  2.110500e+02  2.200000e+02  3.369500e+02
     vertex  2.100500e+02  2.200000e+02  3.369500e+02
   endloop
 endfacet
 facet normal  0.000000e+00  1.000000e+00  0.000000e+00
   outer loop
     vertex  1.979500e+02  2.200000e+02  3.510500e+02
     vertex  2.010500e+02  2.200000e+02  3.479500e+02
     vertex  1.969500e+02  2.200000e+02  3.480500e+02
   endloop
 endfacet
 facet normal  0.000000e+00  1.000000e+00  0.000000e+00
   outer loop
     vertex  1.979500e+02  2.200000e+02  3.510500e+02
     vertex  1.969500e+02  2.200000e+02  3.480500e+02
     vertex  1.969500e+02  2.200000e+02  3.510500e+02
   endloop
 endfacet
 facet normal  0.000000e+00  1.000000e+00  0.000000e+00
   outer loop
     vertex  2.120500e+02  2.200000e+02  3.389500e+02
     vertex  2.110500e+02  2.200000e+02  3.379500e+02
     vertex  2.079500e+02  2.200000e+02  3.400500e+02
   endloop
 endfacet
 facet normal  0.000000e+00  1.000000e+00  0.000000e+00
   outer loop
     vertex  2.120500e+02  2.200000e+02  3.389500e+02
     vertex  2.120500e+02  2.200000e+02  3.379500e+02
     vertex  2.110500e+02  2.200000e+02  3.379500e+02
   endloop
 endfacet
 facet normal  0.000000e+00  1.000000e+00  0.000000e+00
   outer loop
     vertex  2.089500e+02  2.200000e+02  3.420500e+02
     vertex  2.079500e+02  2.200000e+02  3.400500e+02
     vertex  2.079500e+02  2.200000e+02  3.420500e+02
   endloop
 endfacet
 facet normal  0.000000e+00  1.000000e+00  0.000000e+00
   outer loop
     vertex  2.089500e+02  2.200000e+02  3.420500e+02
     vertex  2.120500e+02  2.200000e+02  3.389500e+02
     vertex  2.079500e+02  2.200000e+02  3.400500e+02
   endloop
 endfacet
 facet normal  0.000000e+00  1.000000e+00  0.000000e+00
   outer loop
     vertex  2.020500e+02  2.200000e+02  3.499500e+02
     vertex  2.010500e+02  2.200000e+02  3.479500e+02
     vertex  1.979500e+02  2.200000e+02  3.510500e+02
   endloop
 endfacet
 facet normal  0.000000e+00  1.000000e+00  0.000000e+00
   outer loop
     vertex  2.020500e+02  2.200000e+02  3.499500e+02
     vertex  2.020500e+02  2.200000e+02  3.479500e+02
     vertex  2.010500e+02  2.200000e+02  3.479500e+02
   endloop
 endfacet
 facet normal  0.000000e+00  1.000000e+00  0.000000e+00
   outer loop
     vertex  1.989500e+02  2.200000e+02  3.530500e+02
     vertex  2.020500e+02  2.200000e+02  3.499500e+02
     vertex  1.979500e+02  2.200000e+02  3.510500e+02
   endloop
 endfacet
 facet normal  0.000000e+00  1.000000e+00  0.000000e+00
   outer loop
     vertex  1.989500e+02  2.200000e+02  3.530500e+02
     vertex  1.979500e+02  2.200000e+02  3.510500e+02
     vertex  1.979500e+02  2.200000e+02  3.530500e+02
   endloop
 endfacet
 facet normal  0.000000e+00  1.000000e+00  0.000000e+00
   outer loop
     vertex  2.030500e+02  2.200000e+02  3.509500e+02
     vertex  2.030500e+02  2.200000e+02  3.499500e+02
     vertex  2.020500e+02  2.200000e+02  3.499500e+02
   endloop
 endfacet
 facet normal  0.000000e+00  1.000000e+00  0.000000e+00
   outer loop
     vertex  2.130500e+02  2.200000e+02  3.419500e+02
     vertex  2.089500e+02  2.200000e+02  3.420500e+02
     vertex  2.089500e+02  2.200000e+02  3.430500e+02
   endloop
 endfacet
 facet normal  0.000000e+00  1.000000e+00  0.000000e+00
   outer loop
     vertex  2.130500e+02  2.200000e+02  3.419500e+02
     vertex  2.130500e+02  2.200000e+02  3.389500e+02
     vertex  2.120500e+02  2.200000e+02  3.389500e+02
   endloop
 endfacet
 facet normal  0.000000e+00  1.000000e+00  0.000000e+00
   outer loop
     vertex  2.130500e+02  2.200000e+02  3.419500e+02
     vertex  2.120500e+02  2.200000e+02  3.389500e+02
     vertex  2.089500e+02  2.200000e+02  3.420500e+02
   endloop
 endfacet
 facet normal  0.000000e+00  1.000000e+00  0.000000e+00
   outer loop
     vertex  2.009500e+02  2.200000e+02  3.540500e+02
     vertex  2.020500e+02  2.200000e+02  3.499500e+02
     vertex  1.989500e+02  2.200000e+02  3.530500e+02
   endloop
 endfacet
 facet normal  0.000000e+00  1.000000e+00  0.000000e+00
   outer loop
     vertex  2.009500e+02  2.200000e+02  3.540500e+02
     vertex  2.030500e+02  2.200000e+02  3.509500e+02
     vertex  2.020500e+02  2.200000e+02  3.499500e+02
   endloop
 endfacet
 facet normal  0.000000e+00  1.000000e+00  0.000000e+00
   outer loop
     vertex  2.009500e+02  2.200000e+02  3.540500e+02
     vertex  1.989500e+02  2.200000e+02  3.530500e+02
     vertex  1.989500e+02  2.200000e+02  3.540500e+02
   endloop
 endfacet
 facet normal  0.000000e+00  1.000000e+00  0.000000e+00
   outer loop
     vertex  2.140500e+02  2.200000e+02  3.430500e+02
     vertex  2.140500e+02  2.200000e+02  3.419500e+02
     vertex  2.130500e+02  2.200000e+02  3.419500e+02
   endloop
 endfacet
 facet normal  0.000000e+00  1.000000e+00  0.000000e+00
   outer loop
     vertex  2.140500e+02  2.200000e+02  3.430500e+02
     vertex  2.130500e+02  2.200000e+02  3.419500e+02
     vertex  2.089500e+02  2.200000e+02  3.430500e+02
   endloop
 endfacet
 facet normal  0.000000e+00  1.000000e+00  0.000000e+00
   outer loop
     vertex  2.029500e+02  2.200000e+02  3.550500e+02
     vertex  2.030500e+02  2.200000e+02  3.509500e+02
     vertex  2.009500e+02  2.200000e+02  3.540500e+02
   endloop
 endfacet
 facet normal  0.000000e+00  1.000000e+00  0.000000e+00
   outer loop
     vertex  2.029500e+02  2.200000e+02  3.550500e+02
     vertex  2.009500e+02  2.200000e+02  3.540500e+02
     vertex  2.009500e+02  2.200000e+02  3.550500e+02
   endloop
 endfacet
 facet normal  0.000000e+00  1.000000e+00  0.000000e+00
   outer loop
     vertex  2.079500e+02  2.200000e+02  3.509500e+02
     vertex  2.089500e+02  2.200000e+02  3.489500e+02
     vertex  2.079500e+02  2.200000e+02  3.489500e+02
   endloop
 endfacet
 facet normal  0.000000e+00  1.000000e+00  0.000000e+00
   outer loop
     vertex  2.130500e+02  2.200000e+02  3.479500e+02
     vertex  2.089500e+02  2.200000e+02  3.479500e+02
     vertex  2.089500e+02  2.200000e+02  3.489500e+02
   endloop
 endfacet
 facet normal  0.000000e+00  1.000000e+00  0.000000e+00
   outer loop
     vertex  2.130500e+02  2.200000e+02  3.489500e+02
     vertex  2.130500e+02  2.200000e+02  3.479500e+02
     vertex  2.089500e+02  2.200000e+02  3.489500e+02
   endloop
 endfacet
 facet normal  0.000000e+00  1.000000e+00  0.000000e+00
   outer loop
     vertex  2.070500e+02  2.200000e+02  3.550500e+02
     vertex  2.079500e+02  2.200000e+02  3.509500e+02
     vertex  2.030500e+02  2.200000e+02  3.509500e+02
   endloop
 endfacet
 facet normal  0.000000e+00  1.000000e+00  0.000000e+00
   outer loop
     vertex  2.070500e+02  2.200000e+02  3.550500e+02
     vertex  2.030500e+02  2.200000e+02  3.509500e+02
     vertex  2.029500e+02  2.200000e+02  3.550500e+02
   endloop
 endfacet
 facet normal  0.000000e+00  1.000000e+00  0.000000e+00
   outer loop
     vertex  2.130500e+02  2.200000e+02  3.500500e+02
     vertex  2.130500e+02  2.200000e+02  3.489500e+02
     vertex  2.089500e+02  2.200000e+02  3.489500e+02
   endloop
 endfacet
 facet normal  0.000000e+00  1.000000e+00  0.000000e+00
   outer loop
     vertex  2.070500e+02  2.200000e+02  3.560500e+02
     vertex  2.029500e+02  2.200000e+02  3.550500e+02
     vertex  2.029500e+02  2.200000e+02  3.560500e+02
   endloop
 endfacet
 facet normal  0.000000e+00  1.000000e+00  0.000000e+00
   outer loop
     vertex  2.070500e+02  2.200000e+02  3.560500e+02
     vertex  2.070500e+02  2.200000e+02  3.550500e+02
     vertex  2.029500e+02  2.200000e+02  3.550500e+02
   endloop
 endfacet
 facet normal  0.000000e+00  1.000000e+00  0.000000e+00
   outer loop
     vertex  2.120500e+02  2.200000e+02  3.520500e+02
     vertex  2.089500e+02  2.200000e+02  3.489500e+02
     vertex  2.079500e+02  2.200000e+02  3.509500e+02
   endloop
 endfacet
 facet normal  0.000000e+00  1.000000e+00  0.000000e+00
   outer loop
     vertex  2.120500e+02  2.200000e+02  3.520500e+02
     vertex  2.130500e+02  2.200000e+02  3.500500e+02
     vertex  2.089500e+02  2.200000e+02  3.489500e+02
   endloop
 endfacet
 facet normal  0.000000e+00  1.000000e+00  0.000000e+00
   outer loop
     vertex  2.100500e+02  2.200000e+02  3.540500e+02
     vertex  2.079500e+02  2.200000e+02  3.509500e+02
     vertex  2.070500e+02  2.200000e+02  3.550500e+02
   endloop
 endfacet
 facet normal  0.000000e+00  1.000000e+00  0.000000e+00
   outer loop
     vertex  2.110500e+02  2.200000e+02  3.530500e+02
     vertex  2.120500e+02  2.200000e+02  3.520500e+02
     vertex  2.079500e+02  2.200000e+02  3.509500e+02
   endloop
 endfacet
 facet normal  0.000000e+00  1.000000e+00  0.000000e+00
   outer loop
     vertex  2.110500e+02  2.200000e+02  3.530500e+02
     vertex  2.079500e+02  2.200000e+02  3.509500e+02
     vertex  2.100500e+02  2.200000e+02  3.540500e+02
   endloop
 endfacet
 facet normal  0.000000e+00  1.000000e+00  0.000000e+00
   outer loop
     vertex  2.140500e+02  2.200000e+02  3.500500e+02
     vertex  2.140500e+02  2.200000e+02  3.489500e+02
     vertex  2.130500e+02  2.200000e+02  3.489500e+02
   endloop
 endfacet
 facet normal  0.000000e+00  1.000000e+00  0.000000e+00
   outer loop
     vertex  2.140500e+02  2.200000e+02  3.500500e+02
     vertex  2.130500e+02  2.200000e+02  3.489500e+02
     vertex  2.130500e+02  2.200000e+02  3.500500e+02
   endloop
 endfacet
 facet normal  0.000000e+00  1.000000e+00  0.000000e+00
   outer loop
     vertex  2.110500e+02  2.200000e+02  3.540500e+02
     vertex  2.110500e+02  2.200000e+02  3.530500e+02
     vertex  2.100500e+02  2.200000e+02  3.540500e+02
   endloop
 endfacet
 facet normal  0.000000e+00  1.000000e+00  0.000000e+00
   outer loop
     vertex  2.130500e+02  2.200000e+02  3.520500e+02
     vertex  2.130500e+02  2.200000e+02  3.500500e+02
     vertex  2.120500e+02  2.200000e+02  3.520500e+02
   endloop
 endfacet
 facet normal  0.000000e+00  1.000000e+00  0.000000e+00
   outer loop
     vertex  2.100500e+02  2.200000e+02  3.550500e+02
     vertex  2.100500e+02  2.200000e+02  3.540500e+02
     vertex  2.070500e+02  2.200000e+02  3.550500e+02
   endloop
 endfacet
 facet normal  0.000000e+00  1.000000e+00  0.000000e+00
   outer loop
     vertex  2.120500e+02  2.200000e+02  3.530500e+02
     vertex  2.120500e+02  2.200000e+02  3.520500e+02
     vertex  2.110500e+02  2.200000e+02  3.530500e+02
   endloop
 endfacet
 facet normal -1.000000e+00  0.000000e+00  0.000000e+00
   outer loop
     vertex  1.979500e+02  2.190000e+02  3.510500e+02
     vertex  1.979500e+02  2.190000e+02  3.530500e+02
     vertex  1.979500e+02  2.200000e+02  3.530500e+02
   endloop
 endfacet
 facet normal -1.000000e+00  0.000000e+00  0.000000e+00
   outer loop
     vertex  1.979500e+02  2.190000e+02  3.510500e+02
     vertex  1.979500e+02  2.200000e+02  3.530500e+02
     vertex  1.979500e+02  2.200000e+02  3.510500e+02
   endloop
 endfacet
 facet normal -1.000000e+00  0.000000e+00  0.000000e+00
   outer loop
     vertex  1.979500e+02  2.190000e+02  3.379500e+02
     vertex  1.979500e+02  2.190000e+02  3.399500e+02
     vertex  1.979500e+02  2.200000e+02  3.399500e+02
   endloop
 endfacet
 facet normal -1.000000e+00  0.000000e+00  0.000000e+00
   outer loop
     vertex  1.979500e+02  2.190000e+02  3.379500e+02
     vertex  1.979500e+02  2.200000e+02  3.399500e+02
     vertex  1.979500e+02  2.200000e+02  3.379500e+02
   endloop
 endfacet
 facet normal  1.000000e+00  0.000000e+00  0.000000e+00
   outer loop
     vertex  2.130500e+02  2.190000e+02  3.520500e+02
     vertex  2.130500e+02  2.190000e+02  3.500500e+02
     vertex  2.130500e+02  2.200000e+02  3.500500e+02
   endloop
 endfacet
 facet normal  1.000000e+00 -0.000000e+00  0.000000e+00
   outer loop
     vertex  2.130500e+02  2.190000e+02  3.520500e+02
     vertex  2.130500e+02  2.200000e+02  3.500500e+02
     vertex  2.130500e+02  2.200000e+02  3.520500e+02
   endloop
 endfacet
 facet normal  1.000000e+00  0.000000e+00  0.000000e+00
   outer loop
     vertex  2.130500e+02  2.190000e+02  3.419500e+02
     vertex  2.130500e+02  2.190000e+02  3.389500e+02
     vertex  2.130500e+02  2.200000e+02  3.389500e+02
   endloop
 endfacet
 facet normal  1.000000e+00 -0.000000e+00  0.000000e+00
   outer loop
     vertex  2.130500e+02  2.190000e+02  3.419500e+02
     vertex  2.130500e+02  2.200000e+02  3.389500e+02
     vertex  2.130500e+02  2.200000e+02  3.419500e+02
   endloop
 endfacet
 facet normal -1.000000e+00  0.000000e+00  0.000000e+00
   outer loop
     vertex  2.079500e+02  2.190000e+02  3.489500e+02
     vertex  2.079500e+02  2.190000e+02  3.509500e+02
     vertex  2.079500e+02  2.200000e+02  3.509500e+02
   endloop
 endfacet
 facet normal -1.000000e+00  0.000000e+00  0.000000e+00
   outer loop
     vertex  2.079500e+02  2.190000e+02  3.489500e+02
     vertex  2.079500e+02  2.200000e+02  3.509500e+02
     vertex  2.079500e+02  2.200000e+02  3.489500e+02
   endloop
 endfacet
 facet normal -1.000000e+00  0.000000e+00  0.000000e+00
   outer loop
     vertex  2.079500e+02  2.190000e+02  3.400500e+02
     vertex  2.079500e+02  2.200000e+02  3.420500e+02
     vertex  2.079500e+02  2.200000e+02  3.400500e+02
   endloop
 endfacet
 facet normal -1.000000e+00  0.000000e+00  0.000000e+00
   outer loop
     vertex  2.079500e+02  2.190000e+02  3.400500e+02
     vertex  2.079500e+02  2.190000e+02  3.420500e+02
     vertex  2.079500e+02  2.200000e+02  3.420500e+02
   endloop
 endfacet
 facet normal -1.000000e+00  0.000000e+00  0.000000e+00
   outer loop
     vertex  1.969500e+02  2.190000e+02  3.480500e+02
     vertex  1.969500e+02  2.190000e+02  3.510500e+02
     vertex  1.969500e+02  2.200000e+02  3.510500e+02
   endloop
 endfacet
 facet normal -1.000000e+00  0.000000e+00  0.000000e+00
   outer loop
     vertex  1.969500e+02  2.190000e+02  3.480500e+02
     vertex  1.969500e+02  2.200000e+02  3.510500e+02
     vertex  1.969500e+02  2.200000e+02  3.480500e+02
   endloop
 endfacet
 facet normal -1.000000e+00  0.000000e+00  0.000000e+00
   outer loop
     vertex  1.969500e+02  2.190000e+02  3.399500e+02
     vertex  1.969500e+02  2.190000e+02  3.429500e+02
     vertex  1.969500e+02  2.200000e+02  3.429500e+02
   endloop
 endfacet
 facet normal -1.000000e+00  0.000000e+00  0.000000e+00
   outer loop
     vertex  1.969500e+02  2.190000e+02  3.399500e+02
     vertex  1.969500e+02  2.200000e+02  3.429500e+02
     vertex  1.969500e+02  2.200000e+02  3.399500e+02
   endloop
 endfacet
 facet normal  1.000000e+00  0.000000e+00  0.000000e+00
   outer loop
     vertex  2.020500e+02  2.190000e+02  3.499500e+02
     vertex  2.020500e+02  2.190000e+02  3.479500e+02
     vertex  2.020500e+02  2.200000e+02  3.479500e+02
   endloop
 endfacet
 facet normal  1.000000e+00 -0.000000e+00  0.000000e+00
   outer loop
     vertex  2.020500e+02  2.190000e+02  3.499500e+02
     vertex  2.020500e+02  2.200000e+02  3.479500e+02
     vertex  2.020500e+02  2.200000e+02  3.499500e+02
   endloop
 endfacet
 facet normal  1.000000e+00  0.000000e+00  0.000000e+00
   outer loop
     vertex  2.020500e+02  2.190000e+02  3.430500e+02
     vertex  2.020500e+02  2.190000e+02  3.410500e+02
     vertex  2.020500e+02  2.200000e+02  3.410500e+02
   endloop
 endfacet
 facet normal  1.000000e+00 -0.000000e+00  0.000000e+00
   outer loop
     vertex  2.020500e+02  2.190000e+02  3.430500e+02
     vertex  2.020500e+02  2.200000e+02  3.410500e+02
     vertex  2.020500e+02  2.200000e+02  3.430500e+02
   endloop
 endfacet
 facet normal  1.000000e+00  0.000000e+00  0.000000e+00
   outer loop
     vertex  2.010500e+02  2.190000e+02  3.479500e+02
     vertex  2.010500e+02  2.190000e+02  3.430500e+02
     vertex  2.010500e+02  2.200000e+02  3.430500e+02
   endloop
 endfacet
 facet normal  1.000000e+00 -0.000000e+00  0.000000e+00
   outer loop
     vertex  2.010500e+02  2.190000e+02  3.479500e+02
     vertex  2.010500e+02  2.200000e+02  3.430500e+02
     vertex  2.010500e+02  2.200000e+02  3.479500e+02
   endloop
 endfacet
 facet normal -1.000000e+00  0.000000e+00  0.000000e+00
   outer loop
     vertex  1.959500e+02  2.190000e+02  3.429500e+02
     vertex  1.959500e+02  2.190000e+02  3.480500e+02
     vertex  1.959500e+02  2.200000e+02  3.480500e+02
   endloop
 endfacet
 facet normal -1.000000e+00  0.000000e+00  0.000000e+00
   outer loop
     vertex  1.959500e+02  2.190000e+02  3.429500e+02
     vertex  1.959500e+02  2.200000e+02  3.480500e+02
     vertex  1.959500e+02  2.200000e+02  3.429500e+02
   endloop
 endfacet
 facet normal  0.000000e+00  0.000000e+00  1.000000e+00
   outer loop
     vertex  1.120500e+02  2.200000e+02  3.550500e+02
     vertex  1.079500e+02  2.200000e+02  3.550500e+02
     vertex  1.079500e+02  2.190000e+02  3.550500e+02
   endloop
 endfacet
 facet normal  0.000000e+00  0.000000e+00  1.000000e+00
   outer loop
     vertex  1.120500e+02  2.200000e+02  3.550500e+02
     vertex  1.079500e+02  2.190000e+02  3.550500e+02
     vertex  1.120500e+02  2.190000e+02  3.550500e+02
   endloop
 endfacet
 facet normal -1.000000e+00  0.000000e+00  0.000000e+00
   outer loop
     vertex  1.079500e+02  2.200000e+02  3.359500e+02
     vertex  1.079500e+02  2.190000e+02  3.550500e+02
     vertex  1.079500e+02  2.200000e+02  3.550500e+02
   endloop
 endfacet
 facet normal -1.000000e+00  0.000000e+00  0.000000e+00
   outer loop
     vertex  1.079500e+02  2.190000e+02  3.359500e+02
     vertex  1.079500e+02  2.190000e+02  3.550500e+02
     vertex  1.079500e+02  2.200000e+02  3.359500e+02
   endloop
 endfacet
 facet normal -0.000000e+00  0.000000e+00 -1.000000e+00
   outer loop
     vertex  1.220500e+02  2.200000e+02  3.359500e+02
     vertex  1.079500e+02  2.190000e+02  3.359500e+02
     vertex  1.079500e+02  2.200000e+02  3.359500e+02
   endloop
 endfacet
 facet normal  0.000000e+00 -0.000000e+00 -1.000000e+00
   outer loop
     vertex  1.220500e+02  2.200000e+02  3.359500e+02
     vertex  1.220500e+02  2.190000e+02  3.359500e+02
     vertex  1.079500e+02  2.190000e+02  3.359500e+02
   endloop
 endfacet
 facet normal  0.000000e+00 -1.000000e+00  0.000000e+00
   outer loop
     vertex  1.120500e+02  2.190000e+02  3.400500e+02
     vertex  1.120500e+02  2.190000e+02  3.550500e+02
     vertex  1.079500e+02  2.190000e+02  3.550500e+02
   endloop
 endfacet
 facet normal  0.000000e+00 -1.000000e+00  0.000000e+00
   outer loop
     vertex  1.079500e+02  2.190000e+02  3.359500e+02
     vertex  1.120500e+02  2.190000e+02  3.400500e+02
     vertex  1.079500e+02  2.190000e+02  3.550500e+02
   endloop
 endfacet
 facet normal  0.000000e+00 -1.000000e+00  0.000000e+00
   outer loop
     vertex  1.220500e+02  2.190000e+02  3.359500e+02
     vertex  1.220500e+02  2.190000e+02  3.400500e+02
     vertex  1.120500e+02  2.190000e+02  3.400500e+02
   endloop
 endfacet
 facet normal  0.000000e+00 -1.000000e+00  0.000000e+00
   outer loop
     vertex  1.220500e+02  2.190000e+02  3.359500e+02
     vertex  1.120500e+02  2.190000e+02  3.400500e+02
     vertex  1.079500e+02  2.190000e+02  3.359500e+02
   endloop
 endfacet
 facet normal  0.000000e+00  0.000000e+00  1.000000e+00
   outer loop
     vertex  1.220500e+02  2.190000e+02  3.400500e+02
     vertex  1.120500e+02  2.200000e+02  3.400500e+02
     vertex  1.120500e+02  2.190000e+02  3.400500e+02
   endloop
 endfacet
 facet normal  0.000000e+00  0.000000e+00  1.000000e+00
   outer loop
     vertex  1.220500e+02  2.200000e+02  3.400500e+02
     vertex  1.120500e+02  2.200000e+02  3.400500e+02
     vertex  1.220500e+02  2.190000e+02  3.400500e+02
   endloop
 endfacet
 facet normal  0.000000e+00  1.000000e+00  0.000000e+00
   outer loop
     vertex  1.220500e+02  2.200000e+02  3.359500e+02
     vertex  1.079500e+02  2.200000e+02  3.359500e+02
     vertex  1.120500e+02  2.200000e+02  3.400500e+02
   endloop
 endfacet
 facet normal  0.000000e+00  1.000000e+00  0.000000e+00
   outer loop
     vertex  1.220500e+02  2.200000e+02  3.400500e+02
     vertex  1.220500e+02  2.200000e+02  3.359500e+02
     vertex  1.120500e+02  2.200000e+02  3.400500e+02
   endloop
 endfacet
 facet normal  0.000000e+00  1.000000e+00  0.000000e+00
   outer loop
     vertex  1.079500e+02  2.200000e+02  3.550500e+02
     vertex  1.120500e+02  2.200000e+02  3.400500e+02
     vertex  1.079500e+02  2.200000e+02  3.359500e+02
   endloop
 endfacet
 facet normal  0.000000e+00  1.000000e+00  0.000000e+00
   outer loop
     vertex  1.120500e+02  2.200000e+02  3.550500e+02
     vertex  1.120500e+02  2.200000e+02  3.400500e+02
     vertex  1.079500e+02  2.200000e+02  3.550500e+02
   endloop
 endfacet
 facet normal  1.000000e+00  0.000000e+00  0.000000e+00
   outer loop
     vertex  1.120500e+02  2.190000e+02  3.550500e+02
     vertex  1.120500e+02  2.190000e+02  3.400500e+02
     vertex  1.120500e+02  2.200000e+02  3.400500e+02
   endloop
 endfacet
 facet normal  1.000000e+00 -0.000000e+00  0.000000e+00
   outer loop
     vertex  1.120500e+02  2.190000e+02  3.550500e+02
     vertex  1.120500e+02  2.200000e+02  3.400500e+02
     vertex  1.120500e+02  2.200000e+02  3.550500e+02
   endloop
 endfacet
 facet normal  1.000000e+00  0.000000e+00  0.000000e+00
   outer loop
     vertex  1.220500e+02  2.190000e+02  3.400500e+02
     vertex  1.220500e+02  2.190000e+02  3.359500e+02
     vertex  1.220500e+02  2.200000e+02  3.359500e+02
   endloop
 endfacet
 facet normal  1.000000e+00 -0.000000e+00  0.000000e+00
   outer loop
     vertex  1.220500e+02  2.190000e+02  3.400500e+02
     vertex  1.220500e+02  2.200000e+02  3.359500e+02
     vertex  1.220500e+02  2.200000e+02  3.400500e+02
   endloop
 endfacet
 facet normal  0.000000e+00  0.000000e+00  1.000000e+00
   outer loop
     vertex  1.720500e+02  2.200000e+02  3.550500e+02
     vertex  1.679500e+02  2.200000e+02  3.550500e+02
     vertex  1.679500e+02  2.190000e+02  3.550500e+02
   endloop
 endfacet
 facet normal  0.000000e+00  0.000000e+00  1.000000e+00
   outer loop
     vertex  1.720500e+02  2.200000e+02  3.550500e+02
     vertex  1.679500e+02  2.190000e+02  3.550500e+02
     vertex  1.720500e+02  2.190000e+02  3.550500e+02
   endloop
 endfacet
 facet normal -1.000000e+00  0.000000e+00  0.000000e+00
   outer loop
     vertex  1.679500e+02  2.200000e+02  3.359500e+02
     vertex  1.679500e+02  2.190000e+02  3.550500e+02
     vertex  1.679500e+02  2.200000e+02  3.550500e+02
   endloop
 endfacet
 facet normal -1.000000e+00  0.000000e+00  0.000000e+00
   outer loop
     vertex  1.679500e+02  2.190000e+02  3.359500e+02
     vertex  1.679500e+02  2.190000e+02  3.550500e+02
     vertex  1.679500e+02  2.200000e+02  3.359500e+02
   endloop
 endfacet
 facet normal -0.000000e+00  0.000000e+00 -1.000000e+00
   outer loop
     vertex  1.720500e+02  2.200000e+02  3.359500e+02
     vertex  1.679500e+02  2.190000e+02  3.359500e+02
     vertex  1.679500e+02  2.200000e+02  3.359500e+02
   endloop
 endfacet
 facet normal  0.000000e+00 -0.000000e+00 -1.000000e+00
   outer loop
     vertex  1.720500e+02  2.200000e+02  3.359500e+02
     vertex  1.720500e+02  2.190000e+02  3.359500e+02
     vertex  1.679500e+02  2.190000e+02  3.359500e+02
   endloop
 endfacet
 facet normal  0.000000e+00 -1.000000e+00  0.000000e+00
   outer loop
     vertex  1.720500e+02  2.190000e+02  3.359500e+02
     vertex  1.720500e+02  2.190000e+02  3.550500e+02
     vertex  1.679500e+02  2.190000e+02  3.550500e+02
   endloop
 endfacet
 facet normal  0.000000e+00 -1.000000e+00  0.000000e+00
   outer loop
     vertex  1.720500e+02  2.190000e+02  3.359500e+02
     vertex  1.679500e+02  2.190000e+02  3.550500e+02
     vertex  1.679500e+02  2.190000e+02  3.359500e+02
   endloop
 endfacet
 facet normal  0.000000e+00  1.000000e+00  0.000000e+00
   outer loop
     vertex  1.720500e+02  2.200000e+02  3.550500e+02
     vertex  1.720500e+02  2.200000e+02  3.359500e+02
     vertex  1.679500e+02  2.200000e+02  3.359500e+02
   endloop
 endfacet
 facet normal  0.000000e+00  1.000000e+00  0.000000e+00
   outer loop
     vertex  1.720500e+02  2.200000e+02  3.550500e+02
     vertex  1.679500e+02  2.200000e+02  3.359500e+02
     vertex  1.679500e+02  2.200000e+02  3.550500e+02
   endloop
 endfacet
 facet normal  1.000000e+00  0.000000e+00  0.000000e+00
   outer loop
     vertex  1.720500e+02  2.200000e+02  3.550500e+02
     vertex  1.720500e+02  2.190000e+02  3.359500e+02
     vertex  1.720500e+02  2.200000e+02  3.359500e+02
   endloop
 endfacet
 facet normal  1.000000e+00 -0.000000e+00  0.000000e+00
   outer loop
     vertex  1.720500e+02  2.190000e+02  3.550500e+02
     vertex  1.720500e+02  2.190000e+02  3.359500e+02
     vertex  1.720500e+02  2.200000e+02  3.550500e+02
   endloop
 endfacet
 facet normal  1.000000e+00  0.000000e+00  0.000000e+00
   outer loop
     vertex  1.350500e+02  2.190000e+02  3.500500e+02
     vertex  1.350500e+02  2.190000e+02  3.490500e+02
     vertex  1.350500e+02  2.200000e+02  3.490500e+02
   endloop
 endfacet
 facet normal  1.000000e+00 -0.000000e+00  0.000000e+00
   outer loop
     vertex  1.350500e+02  2.190000e+02  3.500500e+02
     vertex  1.350500e+02  2.200000e+02  3.490500e+02
     vertex  1.350500e+02  2.200000e+02  3.500500e+02
   endloop
 endfacet
 facet normal  0.000000e+00  0.000000e+00  1.000000e+00
   outer loop
     vertex  1.350500e+02  2.200000e+02  3.500500e+02
     vertex  1.330500e+02  2.200000e+02  3.500500e+02
     vertex  1.330500e+02  2.190000e+02  3.500500e+02
   endloop
 endfacet
 facet normal  0.000000e+00  0.000000e+00  1.000000e+00
   outer loop
     vertex  1.350500e+02  2.200000e+02  3.500500e+02
     vertex  1.330500e+02  2.190000e+02  3.500500e+02
     vertex  1.350500e+02  2.190000e+02  3.500500e+02
   endloop
 endfacet
 facet normal  1.000000e+00  0.000000e+00  0.000000e+00
   outer loop
     vertex  1.330500e+02  2.190000e+02  3.510500e+02
     vertex  1.330500e+02  2.190000e+02  3.500500e+02
     vertex  1.330500e+02  2.200000e+02  3.500500e+02
   endloop
 endfacet
 facet normal  1.000000e+00 -0.000000e+00  0.000000e+00
   outer loop
     vertex  1.330500e+02  2.190000e+02  3.510500e+02
     vertex  1.330500e+02  2.200000e+02  3.500500e+02
     vertex  1.330500e+02  2.200000e+02  3.510500e+02
   endloop
 endfacet
 facet normal  0.000000e+00  0.000000e+00  1.000000e+00
   outer loop
     vertex  1.330500e+02  2.200000e+02  3.510500e+02
     vertex  1.269500e+02  2.200000e+02  3.510500e+02
     vertex  1.269500e+02  2.190000e+02  3.510500e+02
   endloop
 endfacet
 facet normal  0.000000e+00  0.000000e+00  1.000000e+00
   outer loop
     vertex  1.330500e+02  2.200000e+02  3.510500e+02
     vertex  1.269500e+02  2.190000e+02  3.510500e+02
     vertex  1.330500e+02  2.190000e+02  3.510500e+02
   endloop
 endfacet
 facet normal -1.000000e+00  0.000000e+00  0.000000e+00
   outer loop
     vertex  1.269500e+02  2.190000e+02  3.510500e+02
     vertex  1.269500e+02  2.200000e+02  3.500500e+02
     vertex  1.269500e+02  2.190000e+02  3.500500e+02
   endloop
 endfacet
 facet normal -1.000000e+00  0.000000e+00  0.000000e+00
   outer loop
     vertex  1.269500e+02  2.190000e+02  3.510500e+02
     vertex  1.269500e+02  2.200000e+02  3.510500e+02
     vertex  1.269500e+02  2.200000e+02  3.500500e+02
   endloop
 endfacet
 facet normal  0.000000e+00  0.000000e+00  1.000000e+00
   outer loop
     vertex  1.269500e+02  2.200000e+02  3.500500e+02
     vertex  1.249500e+02  2.200000e+02  3.500500e+02
     vertex  1.249500e+02  2.190000e+02  3.500500e+02
   endloop
 endfacet
 facet normal  0.000000e+00  0.000000e+00  1.000000e+00
   outer loop
     vertex  1.269500e+02  2.200000e+02  3.500500e+02
     vertex  1.249500e+02  2.190000e+02  3.500500e+02
     vertex  1.269500e+02  2.190000e+02  3.500500e+02
   endloop
 endfacet
 facet normal -1.000000e+00  0.000000e+00  0.000000e+00
   outer loop
     vertex  1.249500e+02  2.190000e+02  3.500500e+02
     vertex  1.249500e+02  2.200000e+02  3.490500e+02
     vertex  1.249500e+02  2.190000e+02  3.490500e+02
   endloop
 endfacet
 facet normal -1.000000e+00  0.000000e+00  0.000000e+00
   outer loop
     vertex  1.249500e+02  2.190000e+02  3.500500e+02
     vertex  1.249500e+02  2.200000e+02  3.500500e+02
     vertex  1.249500e+02  2.200000e+02  3.490500e+02
   endloop
 endfacet
 facet normal  0.000000e+00  0.000000e+00  1.000000e+00
   outer loop
     vertex  1.360500e+02  2.200000e+02  3.490500e+02
     vertex  1.350500e+02  2.200000e+02  3.490500e+02
     vertex  1.350500e+02  2.190000e+02  3.490500e+02
   endloop
 endfacet
 facet normal  0.000000e+00  0.000000e+00  1.000000e+00
   outer loop
     vertex  1.360500e+02  2.200000e+02  3.490500e+02
     vertex  1.350500e+02  2.190000e+02  3.490500e+02
     vertex  1.360500e+02  2.190000e+02  3.490500e+02
   endloop
 endfacet
 facet normal  0.000000e+00  0.000000e+00  1.000000e+00
   outer loop
     vertex  1.249500e+02  2.200000e+02  3.490500e+02
     vertex  1.239500e+02  2.200000e+02  3.490500e+02
     vertex  1.239500e+02  2.190000e+02  3.490500e+02
   endloop
 endfacet
 facet normal  0.000000e+00  0.000000e+00  1.000000e+00
   outer loop
     vertex  1.249500e+02  2.200000e+02  3.490500e+02
     vertex  1.239500e+02  2.190000e+02  3.490500e+02
     vertex  1.249500e+02  2.190000e+02  3.490500e+02
   endloop
 endfacet
 facet normal  0.000000e+00 -1.000000e+00  0.000000e+00
   outer loop
     vertex  1.239500e+02  2.190000e+02  3.470500e+02
     vertex  1.249500e+02  2.190000e+02  3.490500e+02
     vertex  1.239500e+02  2.190000e+02  3.490500e+02
   endloop
 endfacet
 facet normal -0.000000e+00 -1.000000e+00  0.000000e+00
   outer loop
     vertex  1.269500e+02  2.190000e+02  3.500500e+02
     vertex  1.249500e+02  2.190000e+02  3.500500e+02
     vertex  1.249500e+02  2.190000e+02  3.490500e+02
   endloop
 endfacet
 facet normal  0.000000e+00 -1.000000e+00  0.000000e+00
   outer loop
     vertex  1.229500e+02  2.190000e+02  3.440500e+02
     vertex  1.239500e+02  2.190000e+02  3.470500e+02
     vertex  1.229500e+02  2.190000e+02  3.470500e+02
   endloop
 endfacet
 facet normal  0.000000e+00 -1.000000e+00  0.000000e+00
   outer loop
     vertex  1.229500e+02  2.190000e+02  3.419500e+02
     vertex  1.229500e+02  2.190000e+02  3.440500e+02
     vertex  1.219500e+02  2.190000e+02  3.440500e+02
   endloop
 endfacet
 facet normal  0.000000e+00 -1.000000e+00  0.000000e+00
   outer loop
     vertex  1.229500e+02  2.190000e+02  3.419500e+02
     vertex  1.219500e+02  2.190000e+02  3.440500e+02
     vertex  1.219500e+02  2.190000e+02  3.419500e+02
   endloop
 endfacet
 facet normal  0.000000e+00 -1.000000e+00  0.000000e+00
   outer loop
     vertex  1.280500e+02  2.190000e+02  3.469500e+02
     vertex  1.249500e+02  2.190000e+02  3.490500e+02
     vertex  1.239500e+02  2.190000e+02  3.470500e+02
   endloop
 endfacet
 facet normal  0.000000e+00 -1.000000e+00  0.000000e+00
   outer loop
     vertex  1.280500e+02  2.190000e+02  3.469500e+02
     vertex  1.269500e+02  2.190000e+02  3.500500e+02
     vertex  1.249500e+02  2.190000e+02  3.490500e+02
   endloop
 endfacet
 facet normal -0.000000e+00 -1.000000e+00  0.000000e+00
   outer loop
     vertex  1.270500e+02  2.190000e+02  3.449500e+02
     vertex  1.239500e+02  2.190000e+02  3.470500e+02
     vertex  1.229500e+02  2.190000e+02  3.440500e+02
   endloop
 endfacet
 facet normal  0.000000e+00 -1.000000e+00  0.000000e+00
   outer loop
     vertex  1.270500e+02  2.190000e+02  3.449500e+02
     vertex  1.280500e+02  2.190000e+02  3.469500e+02
     vertex  1.239500e+02  2.190000e+02  3.470500e+02
   endloop
 endfacet
 facet normal  0.000000e+00 -1.000000e+00  0.000000e+00
   outer loop
     vertex  1.330500e+02  2.190000e+02  3.500500e+02
     vertex  1.330500e+02  2.190000e+02  3.510500e+02
     vertex  1.269500e+02  2.190000e+02  3.510500e+02
   endloop
 endfacet
 facet normal  0.000000e+00 -1.000000e+00  0.000000e+00
   outer loop
     vertex  1.330500e+02  2.190000e+02  3.500500e+02
     vertex  1.269500e+02  2.190000e+02  3.510500e+02
     vertex  1.269500e+02  2.190000e+02  3.500500e+02
   endloop
 endfacet
 facet normal  0.000000e+00 -1.000000e+00  0.000000e+00
   outer loop
     vertex  1.280500e+02  2.190000e+02  3.449500e+02
     vertex  1.280500e+02  2.190000e+02  3.469500e+02
     vertex  1.270500e+02  2.190000e+02  3.449500e+02
   endloop
 endfacet
 facet normal  0.000000e+00 -1.000000e+00  0.000000e+00
   outer loop
     vertex  1.309500e+02  2.190000e+02  3.469500e+02
     vertex  1.269500e+02  2.190000e+02  3.500500e+02
     vertex  1.280500e+02  2.190000e+02  3.469500e+02
   endloop
 endfacet
 facet normal  0.000000e+00 -1.000000e+00  0.000000e+00
   outer loop
     vertex  1.309500e+02  2.190000e+02  3.469500e+02
     vertex  1.330500e+02  2.190000e+02  3.500500e+02
     vertex  1.269500e+02  2.190000e+02  3.500500e+02
   endloop
 endfacet
 facet normal  0.000000e+00 -1.000000e+00  0.000000e+00
   outer loop
     vertex  1.239500e+02  2.190000e+02  3.389500e+02
     vertex  1.229500e+02  2.190000e+02  3.419500e+02
     vertex  1.229500e+02  2.190000e+02  3.389500e+02
   endloop
 endfacet
 facet normal  0.000000e+00 -1.000000e+00  0.000000e+00
   outer loop
     vertex  1.270500e+02  2.190000e+02  3.410500e+02
     vertex  1.229500e+02  2.190000e+02  3.440500e+02
     vertex  1.229500e+02  2.190000e+02  3.419500e+02
   endloop
 endfacet
 facet normal  0.000000e+00 -1.000000e+00  0.000000e+00
   outer loop
     vertex  1.270500e+02  2.190000e+02  3.410500e+02
     vertex  1.270500e+02  2.190000e+02  3.449500e+02
     vertex  1.229500e+02  2.190000e+02  3.440500e+02
   endloop
 endfacet
 facet normal -0.000000e+00 -1.000000e+00  0.000000e+00
   outer loop
     vertex  1.270500e+02  2.190000e+02  3.410500e+02
     vertex  1.229500e+02  2.190000e+02  3.419500e+02
     vertex  1.239500e+02  2.190000e+02  3.389500e+02
   endloop
 endfacet
 facet normal  0.000000e+00 -1.000000e+00  0.000000e+00
   outer loop
     vertex  1.350500e+02  2.190000e+02  3.490500e+02
     vertex  1.350500e+02  2.190000e+02  3.500500e+02
     vertex  1.330500e+02  2.190000e+02  3.500500e+02
   endloop
 endfacet
 facet normal  0.000000e+00 -1.000000e+00  0.000000e+00
   outer loop
     vertex  1.319500e+02  2.190000e+02  3.459500e+02
     vertex  1.309500e+02  2.190000e+02  3.469500e+02
     vertex  1.309500e+02  2.190000e+02  3.459500e+02
   endloop
 endfacet
 facet normal  0.000000e+00 -1.000000e+00  0.000000e+00
   outer loop
     vertex  1.319500e+02  2.190000e+02  3.459500e+02
     vertex  1.330500e+02  2.190000e+02  3.500500e+02
     vertex  1.309500e+02  2.190000e+02  3.469500e+02
   endloop
 endfacet
 facet normal  0.000000e+00 -1.000000e+00  0.000000e+00
   outer loop
     vertex  1.319500e+02  2.190000e+02  3.459500e+02
     vertex  1.350500e+02  2.190000e+02  3.490500e+02
     vertex  1.330500e+02  2.190000e+02  3.500500e+02
   endloop
 endfacet
 facet normal -0.000000e+00 -1.000000e+00  0.000000e+00
   outer loop
     vertex  1.280500e+02  2.190000e+02  3.400500e+02
     vertex  1.270500e+02  2.190000e+02  3.410500e+02
     vertex  1.239500e+02  2.190000e+02  3.389500e+02
   endloop
 endfacet
 facet normal  0.000000e+00 -1.000000e+00  0.000000e+00
   outer loop
     vertex  1.280500e+02  2.190000e+02  3.400500e+02
     vertex  1.280500e+02  2.190000e+02  3.410500e+02
     vertex  1.270500e+02  2.190000e+02  3.410500e+02
   endloop
 endfacet
 facet normal  0.000000e+00 -1.000000e+00  0.000000e+00
   outer loop
     vertex  1.329500e+02  2.190000e+02  3.449500e+02
     vertex  1.319500e+02  2.190000e+02  3.459500e+02
     vertex  1.319500e+02  2.190000e+02  3.449500e+02
   endloop
 endfacet
 facet normal  0.000000e+00 -1.000000e+00  0.000000e+00
   outer loop
     vertex  1.360500e+02  2.190000e+02  3.470500e+02
     vertex  1.319500e+02  2.190000e+02  3.459500e+02
     vertex  1.329500e+02  2.190000e+02  3.449500e+02
   endloop
 endfacet
 facet normal  0.000000e+00 -1.000000e+00  0.000000e+00
   outer loop
     vertex  1.360500e+02  2.190000e+02  3.470500e+02
     vertex  1.360500e+02  2.190000e+02  3.490500e+02
     vertex  1.350500e+02  2.190000e+02  3.490500e+02
   endloop
 endfacet
 facet normal -0.000000e+00 -1.000000e+00  0.000000e+00
   outer loop
     vertex  1.360500e+02  2.190000e+02  3.470500e+02
     vertex  1.350500e+02  2.190000e+02  3.490500e+02
     vertex  1.319500e+02  2.190000e+02  3.459500e+02
   endloop
 endfacet
 facet normal  0.000000e+00 -1.000000e+00  0.000000e+00
   outer loop
     vertex  1.259500e+02  2.190000e+02  3.369500e+02
     vertex  1.280500e+02  2.190000e+02  3.400500e+02
     vertex  1.239500e+02  2.190000e+02  3.389500e+02
   endloop
 endfacet
 facet normal  0.000000e+00 -1.000000e+00  0.000000e+00
   outer loop
     vertex  1.259500e+02  2.190000e+02  3.369500e+02
     vertex  1.239500e+02  2.190000e+02  3.389500e+02
     vertex  1.239500e+02  2.190000e+02  3.369500e+02
   endloop
 endfacet
 facet normal  0.000000e+00 -1.000000e+00  0.000000e+00
   outer loop
     vertex  1.290500e+02  2.190000e+02  3.390500e+02
     vertex  1.290500e+02  2.190000e+02  3.400500e+02
     vertex  1.280500e+02  2.190000e+02  3.400500e+02
   endloop
 endfacet
 facet normal -0.000000e+00 -1.000000e+00  0.000000e+00
   outer loop
     vertex  1.290500e+02  2.190000e+02  3.390500e+02
     vertex  1.280500e+02  2.190000e+02  3.400500e+02
     vertex  1.259500e+02  2.190000e+02  3.369500e+02
   endloop
 endfacet
 facet normal  0.000000e+00 -1.000000e+00  0.000000e+00
   outer loop
     vertex  1.329500e+02  2.190000e+02  3.420500e+02
     vertex  1.360500e+02  2.190000e+02  3.470500e+02
     vertex  1.329500e+02  2.190000e+02  3.449500e+02
   endloop
 endfacet
 facet normal  0.000000e+00 -1.000000e+00  0.000000e+00
   outer loop
     vertex  1.329500e+02  2.190000e+02  3.420500e+02
     vertex  1.370500e+02  2.190000e+02  3.470500e+02
     vertex  1.360500e+02  2.190000e+02  3.470500e+02
   endloop
 endfacet
 facet normal  0.000000e+00 -1.000000e+00  0.000000e+00
   outer loop
     vertex  1.319500e+02  2.190000e+02  3.400500e+02
     vertex  1.329500e+02  2.190000e+02  3.420500e+02
     vertex  1.319500e+02  2.190000e+02  3.420500e+02
   endloop
 endfacet
 facet normal -0.000000e+00 -1.000000e+00  0.000000e+00
   outer loop
     vertex  1.319500e+02  2.190000e+02  3.400500e+02
     vertex  1.309500e+02  2.190000e+02  3.400500e+02
     vertex  1.309500e+02  2.190000e+02  3.390500e+02
   endloop
 endfacet
 facet normal  0.000000e+00 -1.000000e+00  0.000000e+00
   outer loop
     vertex  1.289500e+02  2.190000e+02  3.359500e+02
     vertex  1.259500e+02  2.190000e+02  3.369500e+02
     vertex  1.259500e+02  2.190000e+02  3.359500e+02
   endloop
 endfacet
 facet normal  0.000000e+00 -1.000000e+00  0.000000e+00
   outer loop
     vertex  1.289500e+02  2.190000e+02  3.359500e+02
     vertex  1.290500e+02  2.190000e+02  3.390500e+02
     vertex  1.259500e+02  2.190000e+02  3.369500e+02
   endloop
 endfacet
 facet normal  0.000000e+00 -1.000000e+00  0.000000e+00
   outer loop
     vertex  1.310500e+02  2.190000e+02  3.359500e+02
     vertex  1.290500e+02  2.190000e+02  3.390500e+02
     vertex  1.289500e+02  2.190000e+02  3.359500e+02
   endloop
 endfacet
 facet normal  0.000000e+00 -1.000000e+00  0.000000e+00
   outer loop
     vertex  1.310500e+02  2.190000e+02  3.359500e+02
     vertex  1.309500e+02  2.190000e+02  3.390500e+02
     vertex  1.290500e+02  2.190000e+02  3.390500e+02
   endloop
 endfacet
 facet normal  0.000000e+00 -1.000000e+00  0.000000e+00
   outer loop
     vertex  1.310500e+02  2.190000e+02  3.349500e+02
     vertex  1.289500e+02  2.190000e+02  3.359500e+02
     vertex  1.289500e+02  2.190000e+02  3.349500e+02
   endloop
 endfacet
 facet normal  0.000000e+00 -1.000000e+00  0.000000e+00
   outer loop
     vertex  1.310500e+02  2.190000e+02  3.349500e+02
     vertex  1.310500e+02  2.190000e+02  3.359500e+02
     vertex  1.289500e+02  2.190000e+02  3.359500e+02
   endloop
 endfacet
 facet normal  0.000000e+00 -1.000000e+00  0.000000e+00
   outer loop
     vertex  1.360500e+02  2.190000e+02  3.389500e+02
     vertex  1.329500e+02  2.190000e+02  3.420500e+02
     vertex  1.319500e+02  2.190000e+02  3.400500e+02
   endloop
 endfacet
 facet normal  0.000000e+00 -1.000000e+00  0.000000e+00
   outer loop
     vertex  1.350500e+02  2.190000e+02  3.379500e+02
     vertex  1.360500e+02  2.190000e+02  3.389500e+02
     vertex  1.319500e+02  2.190000e+02  3.400500e+02
   endloop
 endfacet
 facet normal  0.000000e+00 -1.000000e+00  0.000000e+00
   outer loop
     vertex  1.340500e+02  2.190000e+02  3.369500e+02
     vertex  1.319500e+02  2.190000e+02  3.400500e+02
     vertex  1.309500e+02  2.190000e+02  3.390500e+02
   endloop
 endfacet
 facet normal -0.000000e+00 -1.000000e+00  0.000000e+00
   outer loop
     vertex  1.340500e+02  2.190000e+02  3.369500e+02
     vertex  1.309500e+02  2.190000e+02  3.390500e+02
     vertex  1.310500e+02  2.190000e+02  3.359500e+02
   endloop
 endfacet
 facet normal  0.000000e+00 -1.000000e+00  0.000000e+00
   outer loop
     vertex  1.340500e+02  2.190000e+02  3.369500e+02
     vertex  1.350500e+02  2.190000e+02  3.379500e+02
     vertex  1.319500e+02  2.190000e+02  3.400500e+02
   endloop
 endfacet
 facet normal  0.000000e+00 -1.000000e+00  0.000000e+00
   outer loop
     vertex  1.370500e+02  2.190000e+02  3.389500e+02
     vertex  1.370500e+02  2.190000e+02  3.470500e+02
     vertex  1.329500e+02  2.190000e+02  3.420500e+02
   endloop
 endfacet
 facet normal  0.000000e+00 -1.000000e+00  0.000000e+00
   outer loop
     vertex  1.370500e+02  2.190000e+02  3.389500e+02
     vertex  1.329500e+02  2.190000e+02  3.420500e+02
     vertex  1.360500e+02  2.190000e+02  3.389500e+02
   endloop
 endfacet
 facet normal  0.000000e+00 -1.000000e+00  0.000000e+00
   outer loop
     vertex  1.360500e+02  2.190000e+02  3.379500e+02
     vertex  1.360500e+02  2.190000e+02  3.389500e+02
     vertex  1.350500e+02  2.190000e+02  3.379500e+02
   endloop
 endfacet
 facet normal  0.000000e+00 -1.000000e+00  0.000000e+00
   outer loop
     vertex  1.350500e+02  2.190000e+02  3.369500e+02
     vertex  1.350500e+02  2.190000e+02  3.379500e+02
     vertex  1.340500e+02  2.190000e+02  3.369500e+02
   endloop
 endfacet
 facet normal  0.000000e+00 -1.000000e+00  0.000000e+00
   outer loop
     vertex  1.340500e+02  2.190000e+02  3.359500e+02
     vertex  1.340500e+02  2.190000e+02  3.369500e+02
     vertex  1.310500e+02  2.190000e+02  3.359500e+02
   endloop
 endfacet
 facet normal  0.000000e+00  0.000000e+00  1.000000e+00
   outer loop
     vertex  1.239500e+02  2.200000e+02  3.470500e+02
     vertex  1.229500e+02  2.200000e+02  3.470500e+02
     vertex  1.229500e+02  2.190000e+02  3.470500e+02
   endloop
 endfacet
 facet normal  0.000000e+00  0.000000e+00  1.000000e+00
   outer loop
     vertex  1.239500e+02  2.200000e+02  3.470500e+02
     vertex  1.229500e+02  2.190000e+02  3.470500e+02
     vertex  1.239500e+02  2.190000e+02  3.470500e+02
   endloop
 endfacet
 facet normal  0.000000e+00  0.000000e+00  1.000000e+00
   outer loop
     vertex  1.229500e+02  2.200000e+02  3.440500e+02
     vertex  1.219500e+02  2.200000e+02  3.440500e+02
     vertex  1.219500e+02  2.190000e+02  3.440500e+02
   endloop
 endfacet
 facet normal  0.000000e+00  0.000000e+00  1.000000e+00
   outer loop
     vertex  1.229500e+02  2.200000e+02  3.440500e+02
     vertex  1.219500e+02  2.190000e+02  3.440500e+02
     vertex  1.229500e+02  2.190000e+02  3.440500e+02
   endloop
 endfacet
 facet normal -0.000000e+00  0.000000e+00 -1.000000e+00
   outer loop
     vertex  1.229500e+02  2.200000e+02  3.419500e+02
     vertex  1.219500e+02  2.190000e+02  3.419500e+02
     vertex  1.219500e+02  2.200000e+02  3.419500e+02
   endloop
 endfacet
 facet normal  0.000000e+00 -0.000000e+00 -1.000000e+00
   outer loop
     vertex  1.229500e+02  2.200000e+02  3.419500e+02
     vertex  1.229500e+02  2.190000e+02  3.419500e+02
     vertex  1.219500e+02  2.190000e+02  3.419500e+02
   endloop
 endfacet
 facet normal -0.000000e+00  0.000000e+00 -1.000000e+00
   outer loop
     vertex  1.239500e+02  2.200000e+02  3.389500e+02
     vertex  1.229500e+02  2.190000e+02  3.389500e+02
     vertex  1.229500e+02  2.200000e+02  3.389500e+02
   endloop
 endfacet
 facet normal  0.000000e+00 -0.000000e+00 -1.000000e+00
   outer loop
     vertex  1.239500e+02  2.200000e+02  3.389500e+02
     vertex  1.239500e+02  2.190000e+02  3.389500e+02
     vertex  1.229500e+02  2.190000e+02  3.389500e+02
   endloop
 endfacet
 facet normal -0.000000e+00  0.000000e+00 -1.000000e+00
   outer loop
     vertex  1.259500e+02  2.200000e+02  3.369500e+02
     vertex  1.239500e+02  2.190000e+02  3.369500e+02
     vertex  1.239500e+02  2.200000e+02  3.369500e+02
   endloop
 endfacet
 facet normal  0.000000e+00 -0.000000e+00 -1.000000e+00
   outer loop
     vertex  1.259500e+02  2.200000e+02  3.369500e+02
     vertex  1.259500e+02  2.190000e+02  3.369500e+02
     vertex  1.239500e+02  2.190000e+02  3.369500e+02
   endloop
 endfacet
 facet normal -1.000000e+00  0.000000e+00  0.000000e+00
   outer loop
     vertex  1.259500e+02  2.190000e+02  3.369500e+02
     vertex  1.259500e+02  2.200000e+02  3.359500e+02
     vertex  1.259500e+02  2.190000e+02  3.359500e+02
   endloop
 endfacet
 facet normal -1.000000e+00  0.000000e+00  0.000000e+00
   outer loop
     vertex  1.259500e+02  2.190000e+02  3.369500e+02
     vertex  1.259500e+02  2.200000e+02  3.369500e+02
     vertex  1.259500e+02  2.200000e+02  3.359500e+02
   endloop
 endfacet
 facet normal -0.000000e+00  0.000000e+00 -1.000000e+00
   outer loop
     vertex  1.289500e+02  2.200000e+02  3.359500e+02
     vertex  1.259500e+02  2.190000e+02  3.359500e+02
     vertex  1.259500e+02  2.200000e+02  3.359500e+02
   endloop
 endfacet
 facet normal  0.000000e+00 -0.000000e+00 -1.000000e+00
   outer loop
     vertex  1.289500e+02  2.200000e+02  3.359500e+02
     vertex  1.289500e+02  2.190000e+02  3.359500e+02
     vertex  1.259500e+02  2.190000e+02  3.359500e+02
   endloop
 endfacet
 facet normal -1.000000e+00  0.000000e+00  0.000000e+00
   outer loop
     vertex  1.289500e+02  2.190000e+02  3.359500e+02
     vertex  1.289500e+02  2.200000e+02  3.349500e+02
     vertex  1.289500e+02  2.190000e+02  3.349500e+02
   endloop
 endfacet
 facet normal -1.000000e+00  0.000000e+00  0.000000e+00
   outer loop
     vertex  1.289500e+02  2.190000e+02  3.359500e+02
     vertex  1.289500e+02  2.200000e+02  3.359500e+02
     vertex  1.289500e+02  2.200000e+02  3.349500e+02
   endloop
 endfacet
 facet normal -0.000000e+00  0.000000e+00 -1.000000e+00
   outer loop
     vertex  1.310500e+02  2.200000e+02  3.349500e+02
     vertex  1.289500e+02  2.190000e+02  3.349500e+02
     vertex  1.289500e+02  2.200000e+02  3.349500e+02
   endloop
 endfacet
 facet normal  0.000000e+00 -0.000000e+00 -1.000000e+00
   outer loop
     vertex  1.310500e+02  2.200000e+02  3.349500e+02
     vertex  1.310500e+02  2.190000e+02  3.349500e+02
     vertex  1.289500e+02  2.190000e+02  3.349500e+02
   endloop
 endfacet
 facet normal -0.000000e+00  0.000000e+00 -1.000000e+00
   outer loop
     vertex  1.370500e+02  2.200000e+02  3.389500e+02
     vertex  1.360500e+02  2.190000e+02  3.389500e+02
     vertex  1.360500e+02  2.200000e+02  3.389500e+02
   endloop
 endfacet
 facet normal  0.000000e+00 -0.000000e+00 -1.000000e+00
   outer loop
     vertex  1.370500e+02  2.200000e+02  3.389500e+02
     vertex  1.370500e+02  2.190000e+02  3.389500e+02
     vertex  1.360500e+02  2.190000e+02  3.389500e+02
   endloop
 endfacet
 facet normal  1.000000e+00  0.000000e+00  0.000000e+00
   outer loop
     vertex  1.360500e+02  2.190000e+02  3.389500e+02
     vertex  1.360500e+02  2.190000e+02  3.379500e+02
     vertex  1.360500e+02  2.200000e+02  3.379500e+02
   endloop
 endfacet
 facet normal  1.000000e+00 -0.000000e+00  0.000000e+00
   outer loop
     vertex  1.360500e+02  2.190000e+02  3.389500e+02
     vertex  1.360500e+02  2.200000e+02  3.379500e+02
     vertex  1.360500e+02  2.200000e+02  3.389500e+02
   endloop
 endfacet
 facet normal -0.000000e+00  0.000000e+00 -1.000000e+00
   outer loop
     vertex  1.360500e+02  2.200000e+02  3.379500e+02
     vertex  1.350500e+02  2.190000e+02  3.379500e+02
     vertex  1.350500e+02  2.200000e+02  3.379500e+02
   endloop
 endfacet
 facet normal  0.000000e+00 -0.000000e+00 -1.000000e+00
   outer loop
     vertex  1.360500e+02  2.200000e+02  3.379500e+02
     vertex  1.360500e+02  2.190000e+02  3.379500e+02
     vertex  1.350500e+02  2.190000e+02  3.379500e+02
   endloop
 endfacet
 facet normal  1.000000e+00  0.000000e+00  0.000000e+00
   outer loop
     vertex  1.350500e+02  2.190000e+02  3.379500e+02
     vertex  1.350500e+02  2.190000e+02  3.369500e+02
     vertex  1.350500e+02  2.200000e+02  3.369500e+02
   endloop
 endfacet
 facet normal  1.000000e+00 -0.000000e+00  0.000000e+00
   outer loop
     vertex  1.350500e+02  2.190000e+02  3.379500e+02
     vertex  1.350500e+02  2.200000e+02  3.369500e+02
     vertex  1.350500e+02  2.200000e+02  3.379500e+02
   endloop
 endfacet
 facet normal -0.000000e+00  0.000000e+00 -1.000000e+00
   outer loop
     vertex  1.350500e+02  2.200000e+02  3.369500e+02
     vertex  1.340500e+02  2.190000e+02  3.369500e+02
     vertex  1.340500e+02  2.200000e+02  3.369500e+02
   endloop
 endfacet
 facet normal  0.000000e+00 -0.000000e+00 -1.000000e+00
   outer loop
     vertex  1.350500e+02  2.200000e+02  3.369500e+02
     vertex  1.350500e+02  2.190000e+02  3.369500e+02
     vertex  1.340500e+02  2.190000e+02  3.369500e+02
   endloop
 endfacet
 facet normal  1.000000e+00  0.000000e+00  0.000000e+00
   outer loop
     vertex  1.340500e+02  2.190000e+02  3.369500e+02
     vertex  1.340500e+02  2.190000e+02  3.359500e+02
     vertex  1.340500e+02  2.200000e+02  3.359500e+02
   endloop
 endfacet
 facet normal  1.000000e+00 -0.000000e+00  0.000000e+00
   outer loop
     vertex  1.340500e+02  2.190000e+02  3.369500e+02
     vertex  1.340500e+02  2.200000e+02  3.359500e+02
     vertex  1.340500e+02  2.200000e+02  3.369500e+02
   endloop
 endfacet
 facet normal -0.000000e+00  0.000000e+00 -1.000000e+00
   outer loop
     vertex  1.340500e+02  2.200000e+02  3.359500e+02
     vertex  1.310500e+02  2.190000e+02  3.359500e+02
     vertex  1.310500e+02  2.200000e+02  3.359500e+02
   endloop
 endfacet
 facet normal  0.000000e+00 -0.000000e+00 -1.000000e+00
   outer loop
     vertex  1.340500e+02  2.200000e+02  3.359500e+02
     vertex  1.340500e+02  2.190000e+02  3.359500e+02
     vertex  1.310500e+02  2.190000e+02  3.359500e+02
   endloop
 endfacet
 facet normal  1.000000e+00  0.000000e+00  0.000000e+00
   outer loop
     vertex  1.310500e+02  2.190000e+02  3.359500e+02
     vertex  1.310500e+02  2.190000e+02  3.349500e+02
     vertex  1.310500e+02  2.200000e+02  3.349500e+02
   endloop
 endfacet
 facet normal  1.000000e+00 -0.000000e+00  0.000000e+00
   outer loop
     vertex  1.310500e+02  2.190000e+02  3.359500e+02
     vertex  1.310500e+02  2.200000e+02  3.349500e+02
     vertex  1.310500e+02  2.200000e+02  3.359500e+02
   endloop
 endfacet
 facet normal  0.000000e+00  0.000000e+00  1.000000e+00
   outer loop
     vertex  1.370500e+02  2.200000e+02  3.470500e+02
     vertex  1.360500e+02  2.200000e+02  3.470500e+02
     vertex  1.360500e+02  2.190000e+02  3.470500e+02
   endloop
 endfacet
 facet normal  0.000000e+00  0.000000e+00  1.000000e+00
   outer loop
     vertex  1.370500e+02  2.200000e+02  3.470500e+02
     vertex  1.360500e+02  2.190000e+02  3.470500e+02
     vertex  1.370500e+02  2.190000e+02  3.470500e+02
   endloop
 endfacet
 facet normal -0.000000e+00  0.000000e+00 -1.000000e+00
   outer loop
     vertex  1.309500e+02  2.200000e+02  3.469500e+02
     vertex  1.280500e+02  2.190000e+02  3.469500e+02
     vertex  1.280500e+02  2.200000e+02  3.469500e+02
   endloop
 endfacet
 facet normal  0.000000e+00 -0.000000e+00 -1.000000e+00
   outer loop
     vertex  1.309500e+02  2.200000e+02  3.469500e+02
     vertex  1.309500e+02  2.190000e+02  3.469500e+02
     vertex  1.280500e+02  2.190000e+02  3.469500e+02
   endloop
 endfacet
 facet normal -1.000000e+00  0.000000e+00  0.000000e+00
   outer loop
     vertex  1.309500e+02  2.190000e+02  3.469500e+02
     vertex  1.309500e+02  2.200000e+02  3.459500e+02
     vertex  1.309500e+02  2.190000e+02  3.459500e+02
   endloop
 endfacet
 facet normal -1.000000e+00  0.000000e+00  0.000000e+00
   outer loop
     vertex  1.309500e+02  2.190000e+02  3.469500e+02
     vertex  1.309500e+02  2.200000e+02  3.469500e+02
     vertex  1.309500e+02  2.200000e+02  3.459500e+02
   endloop
 endfacet
 facet normal -0.000000e+00  0.000000e+00 -1.000000e+00
   outer loop
     vertex  1.319500e+02  2.200000e+02  3.459500e+02
     vertex  1.309500e+02  2.190000e+02  3.459500e+02
     vertex  1.309500e+02  2.200000e+02  3.459500e+02
   endloop
 endfacet
 facet normal  0.000000e+00 -0.000000e+00 -1.000000e+00
   outer loop
     vertex  1.319500e+02  2.200000e+02  3.459500e+02
     vertex  1.319500e+02  2.190000e+02  3.459500e+02
     vertex  1.309500e+02  2.190000e+02  3.459500e+02
   endloop
 endfacet
 facet normal -1.000000e+00  0.000000e+00  0.000000e+00
   outer loop
     vertex  1.319500e+02  2.190000e+02  3.459500e+02
     vertex  1.319500e+02  2.200000e+02  3.449500e+02
     vertex  1.319500e+02  2.190000e+02  3.449500e+02
   endloop
 endfacet
 facet normal -1.000000e+00  0.000000e+00  0.000000e+00
   outer loop
     vertex  1.319500e+02  2.190000e+02  3.459500e+02
     vertex  1.319500e+02  2.200000e+02  3.459500e+02
     vertex  1.319500e+02  2.200000e+02  3.449500e+02
   endloop
 endfacet
 facet normal -0.000000e+00  0.000000e+00 -1.000000e+00
   outer loop
     vertex  1.329500e+02  2.200000e+02  3.449500e+02
     vertex  1.319500e+02  2.190000e+02  3.449500e+02
     vertex  1.319500e+02  2.200000e+02  3.449500e+02
   endloop
 endfacet
 facet normal  0.000000e+00 -0.000000e+00 -1.000000e+00
   outer loop
     vertex  1.329500e+02  2.200000e+02  3.449500e+02
     vertex  1.329500e+02  2.190000e+02  3.449500e+02
     vertex  1.319500e+02  2.190000e+02  3.449500e+02
   endloop
 endfacet
 facet normal  0.000000e+00  0.000000e+00  1.000000e+00
   outer loop
     vertex  1.329500e+02  2.200000e+02  3.420500e+02
     vertex  1.319500e+02  2.200000e+02  3.420500e+02
     vertex  1.319500e+02  2.190000e+02  3.420500e+02
   endloop
 endfacet
 facet normal  0.000000e+00  0.000000e+00  1.000000e+00
   outer loop
     vertex  1.329500e+02  2.200000e+02  3.420500e+02
     vertex  1.319500e+02  2.190000e+02  3.420500e+02
     vertex  1.329500e+02  2.190000e+02  3.420500e+02
   endloop
 endfacet
 facet normal  0.000000e+00  0.000000e+00  1.000000e+00
   outer loop
     vertex  1.280500e+02  2.200000e+02  3.410500e+02
     vertex  1.270500e+02  2.200000e+02  3.410500e+02
     vertex  1.270500e+02  2.190000e+02  3.410500e+02
   endloop
 endfacet
 facet normal  0.000000e+00  0.000000e+00  1.000000e+00
   outer loop
     vertex  1.280500e+02  2.200000e+02  3.410500e+02
     vertex  1.270500e+02  2.190000e+02  3.410500e+02
     vertex  1.280500e+02  2.190000e+02  3.410500e+02
   endloop
 endfacet
 facet normal  1.000000e+00  0.000000e+00  0.000000e+00
   outer loop
     vertex  1.280500e+02  2.190000e+02  3.410500e+02
     vertex  1.280500e+02  2.190000e+02  3.400500e+02
     vertex  1.280500e+02  2.200000e+02  3.400500e+02
   endloop
 endfacet
 facet normal  1.000000e+00 -0.000000e+00  0.000000e+00
   outer loop
     vertex  1.280500e+02  2.190000e+02  3.410500e+02
     vertex  1.280500e+02  2.200000e+02  3.400500e+02
     vertex  1.280500e+02  2.200000e+02  3.410500e+02
   endloop
 endfacet
 facet normal  0.000000e+00  0.000000e+00  1.000000e+00
   outer loop
     vertex  1.290500e+02  2.200000e+02  3.400500e+02
     vertex  1.280500e+02  2.200000e+02  3.400500e+02
     vertex  1.280500e+02  2.190000e+02  3.400500e+02
   endloop
 endfacet
 facet normal  0.000000e+00  0.000000e+00  1.000000e+00
   outer loop
     vertex  1.290500e+02  2.200000e+02  3.400500e+02
     vertex  1.280500e+02  2.190000e+02  3.400500e+02
     vertex  1.290500e+02  2.190000e+02  3.400500e+02
   endloop
 endfacet
 facet normal  1.000000e+00  0.000000e+00  0.000000e+00
   outer loop
     vertex  1.290500e+02  2.190000e+02  3.400500e+02
     vertex  1.290500e+02  2.190000e+02  3.390500e+02
     vertex  1.290500e+02  2.200000e+02  3.390500e+02
   endloop
 endfacet
 facet normal  1.000000e+00 -0.000000e+00  0.000000e+00
   outer loop
     vertex  1.290500e+02  2.190000e+02  3.400500e+02
     vertex  1.290500e+02  2.200000e+02  3.390500e+02
     vertex  1.290500e+02  2.200000e+02  3.400500e+02
   endloop
 endfacet
 facet normal  0.000000e+00  0.000000e+00  1.000000e+00
   outer loop
     vertex  1.309500e+02  2.200000e+02  3.390500e+02
     vertex  1.290500e+02  2.200000e+02  3.390500e+02
     vertex  1.290500e+02  2.190000e+02  3.390500e+02
   endloop
 endfacet
 facet normal  0.000000e+00  0.000000e+00  1.000000e+00
   outer loop
     vertex  1.309500e+02  2.200000e+02  3.390500e+02
     vertex  1.290500e+02  2.190000e+02  3.390500e+02
     vertex  1.309500e+02  2.190000e+02  3.390500e+02
   endloop
 endfacet
 facet normal  0.000000e+00  0.000000e+00  1.000000e+00
   outer loop
     vertex  1.319500e+02  2.200000e+02  3.400500e+02
     vertex  1.309500e+02  2.200000e+02  3.400500e+02
     vertex  1.309500e+02  2.190000e+02  3.400500e+02
   endloop
 endfacet
 facet normal  0.000000e+00  0.000000e+00  1.000000e+00
   outer loop
     vertex  1.319500e+02  2.200000e+02  3.400500e+02
     vertex  1.309500e+02  2.190000e+02  3.400500e+02
     vertex  1.319500e+02  2.190000e+02  3.400500e+02
   endloop
 endfacet
 facet normal -1.000000e+00  0.000000e+00  0.000000e+00
   outer loop
     vertex  1.309500e+02  2.190000e+02  3.400500e+02
     vertex  1.309500e+02  2.200000e+02  3.390500e+02
     vertex  1.309500e+02  2.190000e+02  3.390500e+02
   endloop
 endfacet
 facet normal -1.000000e+00  0.000000e+00  0.000000e+00
   outer loop
     vertex  1.309500e+02  2.190000e+02  3.400500e+02
     vertex  1.309500e+02  2.200000e+02  3.400500e+02
     vertex  1.309500e+02  2.200000e+02  3.390500e+02
   endloop
 endfacet
 facet normal -0.000000e+00  0.000000e+00 -1.000000e+00
   outer loop
     vertex  1.280500e+02  2.200000e+02  3.449500e+02
     vertex  1.270500e+02  2.190000e+02  3.449500e+02
     vertex  1.270500e+02  2.200000e+02  3.449500e+02
   endloop
 endfacet
 facet normal  0.000000e+00 -0.000000e+00 -1.000000e+00
   outer loop
     vertex  1.280500e+02  2.200000e+02  3.449500e+02
     vertex  1.280500e+02  2.190000e+02  3.449500e+02
     vertex  1.270500e+02  2.190000e+02  3.449500e+02
   endloop
 endfacet
 facet normal  0.000000e+00  1.000000e+00  0.000000e+00
   outer loop
     vertex  1.239500e+02  2.200000e+02  3.389500e+02
     vertex  1.259500e+02  2.200000e+02  3.369500e+02
     vertex  1.239500e+02  2.200000e+02  3.369500e+02
   endloop
 endfacet
 facet normal  0.000000e+00  1.000000e+00  0.000000e+00
   outer loop
     vertex  1.289500e+02  2.200000e+02  3.359500e+02
     vertex  1.259500e+02  2.200000e+02  3.359500e+02
     vertex  1.259500e+02  2.200000e+02  3.369500e+02
   endloop
 endfacet
 facet normal  0.000000e+00  1.000000e+00  0.000000e+00
   outer loop
     vertex  1.229500e+02  2.200000e+02  3.419500e+02
     vertex  1.239500e+02  2.200000e+02  3.389500e+02
     vertex  1.229500e+02  2.200000e+02  3.389500e+02
   endloop
 endfacet
 facet normal  0.000000e+00  1.000000e+00  0.000000e+00
   outer loop
     vertex  1.310500e+02  2.200000e+02  3.349500e+02
     vertex  1.289500e+02  2.200000e+02  3.349500e+02
     vertex  1.289500e+02  2.200000e+02  3.359500e+02
   endloop
 endfacet
 facet normal  0.000000e+00  1.000000e+00  0.000000e+00
   outer loop
     vertex  1.310500e+02  2.200000e+02  3.359500e+02
     vertex  1.310500e+02  2.200000e+02  3.349500e+02
     vertex  1.289500e+02  2.200000e+02  3.359500e+02
   endloop
 endfacet
 facet normal  0.000000e+00  1.000000e+00  0.000000e+00
   outer loop
     vertex  1.229500e+02  2.200000e+02  3.440500e+02
     vertex  1.229500e+02  2.200000e+02  3.419500e+02
     vertex  1.219500e+02  2.200000e+02  3.419500e+02
   endloop
 endfacet
 facet normal  0.000000e+00  1.000000e+00  0.000000e+00
   outer loop
     vertex  1.229500e+02  2.200000e+02  3.440500e+02
     vertex  1.219500e+02  2.200000e+02  3.419500e+02
     vertex  1.219500e+02  2.200000e+02  3.440500e+02
   endloop
 endfacet
 facet normal  0.000000e+00  1.000000e+00  0.000000e+00
   outer loop
     vertex  1.270500e+02  2.200000e+02  3.410500e+02
     vertex  1.239500e+02  2.200000e+02  3.389500e+02
     vertex  1.229500e+02  2.200000e+02  3.419500e+02
   endloop
 endfacet
 facet normal  0.000000e+00  1.000000e+00  0.000000e+00
   outer loop
     vertex  1.290500e+02  2.200000e+02  3.390500e+02
     vertex  1.289500e+02  2.200000e+02  3.359500e+02
     vertex  1.259500e+02  2.200000e+02  3.369500e+02
   endloop
 endfacet
 facet normal  0.000000e+00  1.000000e+00  0.000000e+00
   outer loop
     vertex  1.290500e+02  2.200000e+02  3.390500e+02
     vertex  1.310500e+02  2.200000e+02  3.359500e+02
     vertex  1.289500e+02  2.200000e+02  3.359500e+02
   endloop
 endfacet
 facet normal  0.000000e+00  1.000000e+00  0.000000e+00
   outer loop
     vertex  1.280500e+02  2.200000e+02  3.400500e+02
     vertex  1.290500e+02  2.200000e+02  3.390500e+02
     vertex  1.259500e+02  2.200000e+02  3.369500e+02
   endloop
 endfacet
 facet normal  0.000000e+00  1.000000e+00  0.000000e+00
   outer loop
     vertex  1.280500e+02  2.200000e+02  3.400500e+02
     vertex  1.259500e+02  2.200000e+02  3.369500e+02
     vertex  1.239500e+02  2.200000e+02  3.389500e+02
   endloop
 endfacet
 facet normal  0.000000e+00  1.000000e+00  0.000000e+00
   outer loop
     vertex  1.280500e+02  2.200000e+02  3.400500e+02
     vertex  1.239500e+02  2.200000e+02  3.389500e+02
     vertex  1.270500e+02  2.200000e+02  3.410500e+02
   endloop
 endfacet
 facet normal  0.000000e+00  1.000000e+00  0.000000e+00
   outer loop
     vertex  1.290500e+02  2.200000e+02  3.400500e+02
     vertex  1.290500e+02  2.200000e+02  3.390500e+02
     vertex  1.280500e+02  2.200000e+02  3.400500e+02
   endloop
 endfacet
 facet normal  0.000000e+00  1.000000e+00  0.000000e+00
   outer loop
     vertex  1.280500e+02  2.200000e+02  3.410500e+02
     vertex  1.280500e+02  2.200000e+02  3.400500e+02
     vertex  1.270500e+02  2.200000e+02  3.410500e+02
   endloop
 endfacet
 facet normal  0.000000e+00  1.000000e+00  0.000000e+00
   outer loop
     vertex  1.309500e+02  2.200000e+02  3.390500e+02
     vertex  1.310500e+02  2.200000e+02  3.359500e+02
     vertex  1.290500e+02  2.200000e+02  3.390500e+02
   endloop
 endfacet
 facet normal  0.000000e+00  1.000000e+00  0.000000e+00
   outer loop
     vertex  1.340500e+02  2.200000e+02  3.369500e+02
     vertex  1.340500e+02  2.200000e+02  3.359500e+02
     vertex  1.310500e+02  2.200000e+02  3.359500e+02
   endloop
 endfacet
 facet normal  0.000000e+00  1.000000e+00  0.000000e+00
   outer loop
     vertex  1.340500e+02  2.200000e+02  3.369500e+02
     vertex  1.310500e+02  2.200000e+02  3.359500e+02
     vertex  1.309500e+02  2.200000e+02  3.390500e+02
   endloop
 endfacet
 facet normal  0.000000e+00  1.000000e+00  0.000000e+00
   outer loop
     vertex  1.239500e+02  2.200000e+02  3.470500e+02
     vertex  1.229500e+02  2.200000e+02  3.440500e+02
     vertex  1.229500e+02  2.200000e+02  3.470500e+02
   endloop
 endfacet
 facet normal  0.000000e+00  1.000000e+00  0.000000e+00
   outer loop
     vertex  1.270500e+02  2.200000e+02  3.449500e+02
     vertex  1.229500e+02  2.200000e+02  3.419500e+02
     vertex  1.229500e+02  2.200000e+02  3.440500e+02
   endloop
 endfacet
 facet normal  0.000000e+00  1.000000e+00  0.000000e+00
   outer loop
     vertex  1.270500e+02  2.200000e+02  3.449500e+02
     vertex  1.270500e+02  2.200000e+02  3.410500e+02
     vertex  1.229500e+02  2.200000e+02  3.419500e+02
   endloop
 endfacet
 facet normal  0.000000e+00  1.000000e+00  0.000000e+00
   outer loop
     vertex  1.270500e+02  2.200000e+02  3.449500e+02
     vertex  1.229500e+02  2.200000e+02  3.440500e+02
     vertex  1.239500e+02  2.200000e+02  3.470500e+02
   endloop
 endfacet
 facet normal  0.000000e+00  1.000000e+00  0.000000e+00
   outer loop
     vertex  1.319500e+02  2.200000e+02  3.400500e+02
     vertex  1.340500e+02  2.200000e+02  3.369500e+02
     vertex  1.309500e+02  2.200000e+02  3.390500e+02
   endloop
 endfacet
 facet normal  0.000000e+00  1.000000e+00  0.000000e+00
   outer loop
     vertex  1.319500e+02  2.200000e+02  3.400500e+02
     vertex  1.309500e+02  2.200000e+02  3.390500e+02
     vertex  1.309500e+02  2.200000e+02  3.400500e+02
   endloop
 endfacet
 facet normal  0.000000e+00  1.000000e+00  0.000000e+00
   outer loop
     vertex  1.350500e+02  2.200000e+02  3.379500e+02
     vertex  1.340500e+02  2.200000e+02  3.369500e+02
     vertex  1.319500e+02  2.200000e+02  3.400500e+02
   endloop
 endfacet
 facet normal  0.000000e+00  1.000000e+00  0.000000e+00
   outer loop
     vertex  1.350500e+02  2.200000e+02  3.379500e+02
     vertex  1.350500e+02  2.200000e+02  3.369500e+02
     vertex  1.340500e+02  2.200000e+02  3.369500e+02
   endloop
 endfacet
 facet normal  0.000000e+00  1.000000e+00  0.000000e+00
   outer loop
     vertex  1.249500e+02  2.200000e+02  3.490500e+02
     vertex  1.239500e+02  2.200000e+02  3.470500e+02
     vertex  1.239500e+02  2.200000e+02  3.490500e+02
   endloop
 endfacet
 facet normal  0.000000e+00  1.000000e+00  0.000000e+00
   outer loop
     vertex  1.360500e+02  2.200000e+02  3.389500e+02
     vertex  1.360500e+02  2.200000e+02  3.379500e+02
     vertex  1.350500e+02  2.200000e+02  3.379500e+02
   endloop
 endfacet
 facet normal  0.000000e+00  1.000000e+00  0.000000e+00
   outer loop
     vertex  1.360500e+02  2.200000e+02  3.389500e+02
     vertex  1.350500e+02  2.200000e+02  3.379500e+02
     vertex  1.319500e+02  2.200000e+02  3.400500e+02
   endloop
 endfacet
 facet normal  0.000000e+00  1.000000e+00  0.000000e+00
   outer loop
     vertex  1.329500e+02  2.200000e+02  3.420500e+02
     vertex  1.360500e+02  2.200000e+02  3.389500e+02
     vertex  1.319500e+02  2.200000e+02  3.400500e+02
   endloop
 endfacet
 facet normal  0.000000e+00  1.000000e+00  0.000000e+00
   outer loop
     vertex  1.329500e+02  2.200000e+02  3.420500e+02
     vertex  1.319500e+02  2.200000e+02  3.400500e+02
     vertex  1.319500e+02  2.200000e+02  3.420500e+02
   endloop
 endfacet
 facet normal  0.000000e+00  1.000000e+00  0.000000e+00
   outer loop
     vertex  1.280500e+02  2.200000e+02  3.469500e+02
     vertex  1.270500e+02  2.200000e+02  3.449500e+02
     vertex  1.239500e+02  2.200000e+02  3.470500e+02
   endloop
 endfacet
 facet normal  0.000000e+00  1.000000e+00  0.000000e+00
   outer loop
     vertex  1.280500e+02  2.200000e+02  3.469500e+02
     vertex  1.280500e+02  2.200000e+02  3.449500e+02
     vertex  1.270500e+02  2.200000e+02  3.449500e+02
   endloop
 endfacet
 facet normal  0.000000e+00  1.000000e+00  0.000000e+00
   outer loop
     vertex  1.280500e+02  2.200000e+02  3.469500e+02
     vertex  1.239500e+02  2.200000e+02  3.470500e+02
     vertex  1.249500e+02  2.200000e+02  3.490500e+02
   endloop
 endfacet
 facet normal  0.000000e+00  1.000000e+00  0.000000e+00
   outer loop
     vertex  1.370500e+02  2.200000e+02  3.389500e+02
     vertex  1.360500e+02  2.200000e+02  3.389500e+02
     vertex  1.329500e+02  2.200000e+02  3.420500e+02
   endloop
 endfacet
 facet normal  0.000000e+00  1.000000e+00  0.000000e+00
   outer loop
     vertex  1.269500e+02  2.200000e+02  3.500500e+02
     vertex  1.280500e+02  2.200000e+02  3.469500e+02
     vertex  1.249500e+02  2.200000e+02  3.490500e+02
   endloop
 endfacet
 facet normal  0.000000e+00  1.000000e+00  0.000000e+00
   outer loop
     vertex  1.269500e+02  2.200000e+02  3.500500e+02
     vertex  1.249500e+02  2.200000e+02  3.490500e+02
     vertex  1.249500e+02  2.200000e+02  3.500500e+02
   endloop
 endfacet
 facet normal  0.000000e+00  1.000000e+00  0.000000e+00
   outer loop
     vertex  1.329500e+02  2.200000e+02  3.449500e+02
     vertex  1.319500e+02  2.200000e+02  3.449500e+02
     vertex  1.319500e+02  2.200000e+02  3.459500e+02
   endloop
 endfacet
 facet normal  0.000000e+00  1.000000e+00  0.000000e+00
   outer loop
     vertex  1.309500e+02  2.200000e+02  3.469500e+02
     vertex  1.280500e+02  2.200000e+02  3.469500e+02
     vertex  1.269500e+02  2.200000e+02  3.500500e+02
   endloop
 endfacet
 facet normal  0.000000e+00  1.000000e+00  0.000000e+00
   outer loop
     vertex  1.309500e+02  2.200000e+02  3.469500e+02
     vertex  1.319500e+02  2.200000e+02  3.459500e+02
     vertex  1.309500e+02  2.200000e+02  3.459500e+02
   endloop
 endfacet
 facet normal  0.000000e+00  1.000000e+00  0.000000e+00
   outer loop
     vertex  1.360500e+02  2.200000e+02  3.470500e+02
     vertex  1.329500e+02  2.200000e+02  3.449500e+02
     vertex  1.319500e+02  2.200000e+02  3.459500e+02
   endloop
 endfacet
 facet normal  0.000000e+00  1.000000e+00  0.000000e+00
   outer loop
     vertex  1.360500e+02  2.200000e+02  3.470500e+02
     vertex  1.329500e+02  2.200000e+02  3.420500e+02
     vertex  1.329500e+02  2.200000e+02  3.449500e+02
   endloop
 endfacet
 facet normal  0.000000e+00  1.000000e+00  0.000000e+00
   outer loop
     vertex  1.330500e+02  2.200000e+02  3.500500e+02
     vertex  1.309500e+02  2.200000e+02  3.469500e+02
     vertex  1.269500e+02  2.200000e+02  3.500500e+02
   endloop
 endfacet
 facet normal  0.000000e+00  1.000000e+00  0.000000e+00
   outer loop
     vertex  1.330500e+02  2.200000e+02  3.500500e+02
     vertex  1.319500e+02  2.200000e+02  3.459500e+02
     vertex  1.309500e+02  2.200000e+02  3.469500e+02
   endloop
 endfacet
 facet normal  0.000000e+00  1.000000e+00  0.000000e+00
   outer loop
     vertex  1.370500e+02  2.200000e+02  3.470500e+02
     vertex  1.370500e+02  2.200000e+02  3.389500e+02
     vertex  1.329500e+02  2.200000e+02  3.420500e+02
   endloop
 endfacet
 facet normal  0.000000e+00  1.000000e+00  0.000000e+00
   outer loop
     vertex  1.370500e+02  2.200000e+02  3.470500e+02
     vertex  1.329500e+02  2.200000e+02  3.420500e+02
     vertex  1.360500e+02  2.200000e+02  3.470500e+02
   endloop
 endfacet
 facet normal  0.000000e+00  1.000000e+00  0.000000e+00
   outer loop
     vertex  1.350500e+02  2.200000e+02  3.490500e+02
     vertex  1.360500e+02  2.200000e+02  3.470500e+02
     vertex  1.319500e+02  2.200000e+02  3.459500e+02
   endloop
 endfacet
 facet normal  0.000000e+00  1.000000e+00  0.000000e+00
   outer loop
     vertex  1.350500e+02  2.200000e+02  3.490500e+02
     vertex  1.319500e+02  2.200000e+02  3.459500e+02
     vertex  1.330500e+02  2.200000e+02  3.500500e+02
   endloop
 endfacet
 facet normal  0.000000e+00  1.000000e+00  0.000000e+00
   outer loop
     vertex  1.330500e+02  2.200000e+02  3.510500e+02
     vertex  1.269500e+02  2.200000e+02  3.500500e+02
     vertex  1.269500e+02  2.200000e+02  3.510500e+02
   endloop
 endfacet
 facet normal  0.000000e+00  1.000000e+00  0.000000e+00
   outer loop
     vertex  1.330500e+02  2.200000e+02  3.510500e+02
     vertex  1.330500e+02  2.200000e+02  3.500500e+02
     vertex  1.269500e+02  2.200000e+02  3.500500e+02
   endloop
 endfacet
 facet normal  0.000000e+00  1.000000e+00  0.000000e+00
   outer loop
     vertex  1.360500e+02  2.200000e+02  3.490500e+02
     vertex  1.360500e+02  2.200000e+02  3.470500e+02
     vertex  1.350500e+02  2.200000e+02  3.490500e+02
   endloop
 endfacet
 facet normal  0.000000e+00  1.000000e+00  0.000000e+00
   outer loop
     vertex  1.350500e+02  2.200000e+02  3.500500e+02
     vertex  1.350500e+02  2.200000e+02  3.490500e+02
     vertex  1.330500e+02  2.200000e+02  3.500500e+02
   endloop
 endfacet
 facet normal  1.000000e+00  0.000000e+00  0.000000e+00
   outer loop
     vertex  1.360500e+02  2.190000e+02  3.490500e+02
     vertex  1.360500e+02  2.190000e+02  3.470500e+02
     vertex  1.360500e+02  2.200000e+02  3.470500e+02
   endloop
 endfacet
 facet normal  1.000000e+00 -0.000000e+00  0.000000e+00
   outer loop
     vertex  1.360500e+02  2.190000e+02  3.490500e+02
     vertex  1.360500e+02  2.200000e+02  3.470500e+02
     vertex  1.360500e+02  2.200000e+02  3.490500e+02
   endloop
 endfacet
 facet normal -1.000000e+00  0.000000e+00  0.000000e+00
   outer loop
     vertex  1.239500e+02  2.190000e+02  3.470500e+02
     vertex  1.239500e+02  2.190000e+02  3.490500e+02
     vertex  1.239500e+02  2.200000e+02  3.490500e+02
   endloop
 endfacet
 facet normal -1.000000e+00  0.000000e+00  0.000000e+00
   outer loop
     vertex  1.239500e+02  2.190000e+02  3.470500e+02
     vertex  1.239500e+02  2.200000e+02  3.490500e+02
     vertex  1.239500e+02  2.200000e+02  3.470500e+02
   endloop
 endfacet
 facet normal -1.000000e+00  0.000000e+00  0.000000e+00
   outer loop
     vertex  1.239500e+02  2.190000e+02  3.369500e+02
     vertex  1.239500e+02  2.190000e+02  3.389500e+02
     vertex  1.239500e+02  2.200000e+02  3.389500e+02
   endloop
 endfacet
 facet normal -1.000000e+00  0.000000e+00  0.000000e+00
   outer loop
     vertex  1.239500e+02  2.190000e+02  3.369500e+02
     vertex  1.239500e+02  2.200000e+02  3.389500e+02
     vertex  1.239500e+02  2.200000e+02  3.369500e+02
   endloop
 endfacet
 facet normal  1.000000e+00  0.000000e+00  0.000000e+00
   outer loop
     vertex  1.280500e+02  2.190000e+02  3.469500e+02
     vertex  1.280500e+02  2.190000e+02  3.449500e+02
     vertex  1.280500e+02  2.200000e+02  3.449500e+02
   endloop
 endfacet
 facet normal  1.000000e+00 -0.000000e+00  0.000000e+00
   outer loop
     vertex  1.280500e+02  2.190000e+02  3.469500e+02
     vertex  1.280500e+02  2.200000e+02  3.449500e+02
     vertex  1.280500e+02  2.200000e+02  3.469500e+02
   endloop
 endfacet
 facet normal  1.000000e+00  0.000000e+00  0.000000e+00
   outer loop
     vertex  1.370500e+02  2.190000e+02  3.470500e+02
     vertex  1.370500e+02  2.190000e+02  3.389500e+02
     vertex  1.370500e+02  2.200000e+02  3.389500e+02
   endloop
 endfacet
 facet normal  1.000000e+00 -0.000000e+00  0.000000e+00
   outer loop
     vertex  1.370500e+02  2.190000e+02  3.470500e+02
     vertex  1.370500e+02  2.200000e+02  3.389500e+02
     vertex  1.370500e+02  2.200000e+02  3.470500e+02
   endloop
 endfacet
 facet normal -1.000000e+00  0.000000e+00  0.000000e+00
   outer loop
     vertex  1.229500e+02  2.190000e+02  3.440500e+02
     vertex  1.229500e+02  2.190000e+02  3.470500e+02
     vertex  1.229500e+02  2.200000e+02  3.470500e+02
   endloop
 endfacet
 facet normal -1.000000e+00  0.000000e+00  0.000000e+00
   outer loop
     vertex  1.229500e+02  2.190000e+02  3.440500e+02
     vertex  1.229500e+02  2.200000e+02  3.470500e+02
     vertex  1.229500e+02  2.200000e+02  3.440500e+02
   endloop
 endfacet
 facet normal -1.000000e+00  0.000000e+00  0.000000e+00
   outer loop
     vertex  1.229500e+02  2.190000e+02  3.389500e+02
     vertex  1.229500e+02  2.190000e+02  3.419500e+02
     vertex  1.229500e+02  2.200000e+02  3.419500e+02
   endloop
 endfacet
 facet normal -1.000000e+00  0.000000e+00  0.000000e+00
   outer loop
     vertex  1.229500e+02  2.190000e+02  3.389500e+02
     vertex  1.229500e+02  2.200000e+02  3.419500e+02
     vertex  1.229500e+02  2.200000e+02  3.389500e+02
   endloop
 endfacet
 facet normal -1.000000e+00  0.000000e+00  0.000000e+00
   outer loop
     vertex  1.319500e+02  2.190000e+02  3.400500e+02
     vertex  1.319500e+02  2.190000e+02  3.420500e+02
     vertex  1.319500e+02  2.200000e+02  3.420500e+02
   endloop
 endfacet
 facet normal -1.000000e+00  0.000000e+00  0.000000e+00
   outer loop
     vertex  1.319500e+02  2.190000e+02  3.400500e+02
     vertex  1.319500e+02  2.200000e+02  3.420500e+02
     vertex  1.319500e+02  2.200000e+02  3.400500e+02
   endloop
 endfacet
 facet normal  1.000000e+00  0.000000e+00  0.000000e+00
   outer loop
     vertex  1.270500e+02  2.190000e+02  3.449500e+02
     vertex  1.270500e+02  2.190000e+02  3.410500e+02
     vertex  1.270500e+02  2.200000e+02  3.410500e+02
   endloop
 endfacet
 facet normal  1.000000e+00 -0.000000e+00  0.000000e+00
   outer loop
     vertex  1.270500e+02  2.190000e+02  3.449500e+02
     vertex  1.270500e+02  2.200000e+02  3.410500e+02
     vertex  1.270500e+02  2.200000e+02  3.449500e+02
   endloop
 endfacet
 facet normal -1.000000e+00  0.000000e+00  0.000000e+00
   outer loop
     vertex  1.329500e+02  2.190000e+02  3.420500e+02
     vertex  1.329500e+02  2.190000e+02  3.449500e+02
     vertex  1.329500e+02  2.200000e+02  3.449500e+02
   endloop
 endfacet
 facet normal -1.000000e+00  0.000000e+00  0.000000e+00
   outer loop
     vertex  1.329500e+02  2.190000e+02  3.420500e+02
     vertex  1.329500e+02  2.200000e+02  3.449500e+02
     vertex  1.329500e+02  2.200000e+02  3.420500e+02
   endloop
 endfacet
 facet normal -1.000000e+00  0.000000e+00  0.000000e+00
   outer loop
     vertex  1.219500e+02  2.190000e+02  3.419500e+02
     vertex  1.219500e+02  2.190000e+02  3.440500e+02
     vertex  1.219500e+02  2.200000e+02  3.440500e+02
   endloop
 endfacet
 facet normal -1.000000e+00  0.000000e+00  0.000000e+00
   outer loop
     vertex  1.219500e+02  2.190000e+02  3.419500e+02
     vertex  1.219500e+02  2.200000e+02  3.440500e+02
     vertex  1.219500e+02  2.200000e+02  3.419500e+02
   endloop
 endfacet
 facet normal  0.000000e+00  0.000000e+00  1.000000e+00
   outer loop
     vertex  1.430500e+02  2.200000e+02  3.500500e+02
     vertex  1.420500e+02  2.200000e+02  3.500500e+02
     vertex  1.420500e+02  2.190000e+02  3.500500e+02
   endloop
 endfacet
 facet normal  0.000000e+00  0.000000e+00  1.000000e+00
   outer loop
     vertex  1.430500e+02  2.200000e+02  3.500500e+02
     vertex  1.420500e+02  2.190000e+02  3.500500e+02
     vertex  1.430500e+02  2.190000e+02  3.500500e+02
   endloop
 endfacet
 facet normal  1.000000e+00  0.000000e+00  0.000000e+00
   outer loop
     vertex  1.420500e+02  2.190000e+02  3.510500e+02
     vertex  1.420500e+02  2.190000e+02  3.500500e+02
     vertex  1.420500e+02  2.200000e+02  3.500500e+02
   endloop
 endfacet
 facet normal  1.000000e+00 -0.000000e+00  0.000000e+00
   outer loop
     vertex  1.420500e+02  2.190000e+02  3.510500e+02
     vertex  1.420500e+02  2.200000e+02  3.500500e+02
     vertex  1.420500e+02  2.200000e+02  3.510500e+02
   endloop
 endfacet
 facet normal  0.000000e+00  0.000000e+00  1.000000e+00
   outer loop
     vertex  1.420500e+02  2.200000e+02  3.510500e+02
     vertex  1.389500e+02  2.200000e+02  3.510500e+02
     vertex  1.389500e+02  2.190000e+02  3.510500e+02
   endloop
 endfacet
 facet normal  0.000000e+00  0.000000e+00  1.000000e+00
   outer loop
     vertex  1.420500e+02  2.200000e+02  3.510500e+02
     vertex  1.389500e+02  2.190000e+02  3.510500e+02
     vertex  1.420500e+02  2.190000e+02  3.510500e+02
   endloop
 endfacet
 facet normal -1.000000e+00  0.000000e+00  0.000000e+00
   outer loop
     vertex  1.389500e+02  2.190000e+02  3.510500e+02
     vertex  1.389500e+02  2.200000e+02  3.500500e+02
     vertex  1.389500e+02  2.190000e+02  3.500500e+02
   endloop
 endfacet
 facet normal -1.000000e+00  0.000000e+00  0.000000e+00
   outer loop
     vertex  1.389500e+02  2.190000e+02  3.510500e+02
     vertex  1.389500e+02  2.200000e+02  3.510500e+02
     vertex  1.389500e+02  2.200000e+02  3.500500e+02
   endloop
 endfacet
 facet normal  0.000000e+00  0.000000e+00  1.000000e+00
   outer loop
     vertex  1.389500e+02  2.200000e+02  3.500500e+02
     vertex  1.379500e+02  2.200000e+02  3.500500e+02
     vertex  1.379500e+02  2.190000e+02  3.500500e+02
   endloop
 endfacet
 facet normal  0.000000e+00  0.000000e+00  1.000000e+00
   outer loop
     vertex  1.389500e+02  2.200000e+02  3.500500e+02
     vertex  1.379500e+02  2.190000e+02  3.500500e+02
     vertex  1.389500e+02  2.190000e+02  3.500500e+02
   endloop
 endfacet
 facet normal  0.000000e+00 -1.000000e+00  0.000000e+00
   outer loop
     vertex  1.389500e+02  2.190000e+02  3.479500e+02
     vertex  1.389500e+02  2.190000e+02  3.500500e+02
     vertex  1.379500e+02  2.190000e+02  3.500500e+02
   endloop
 endfacet
 facet normal  0.000000e+00 -1.000000e+00  0.000000e+00
   outer loop
     vertex  1.389500e+02  2.190000e+02  3.479500e+02
     vertex  1.379500e+02  2.190000e+02  3.500500e+02
     vertex  1.379500e+02  2.190000e+02  3.479500e+02
   endloop
 endfacet
 facet normal  0.000000e+00 -1.000000e+00  0.000000e+00
   outer loop
     vertex  1.420500e+02  2.190000e+02  3.500500e+02
     vertex  1.420500e+02  2.190000e+02  3.510500e+02
     vertex  1.389500e+02  2.190000e+02  3.510500e+02
   endloop
 endfacet
 facet normal  0.000000e+00 -1.000000e+00  0.000000e+00
   outer loop
     vertex  1.420500e+02  2.190000e+02  3.500500e+02
     vertex  1.389500e+02  2.190000e+02  3.510500e+02
     vertex  1.389500e+02  2.190000e+02  3.500500e+02
   endloop
 endfacet
 facet normal -0.000000e+00 -1.000000e+00  0.000000e+00
   outer loop
     vertex  1.420500e+02  2.190000e+02  3.500500e+02
     vertex  1.389500e+02  2.190000e+02  3.500500e+02
     vertex  1.389500e+02  2.190000e+02  3.479500e+02
   endloop
 endfacet
 facet normal  0.000000e+00 -1.000000e+00  0.000000e+00
   outer loop
     vertex  1.430500e+02  2.190000e+02  3.480500e+02
     vertex  1.430500e+02  2.190000e+02  3.500500e+02
     vertex  1.420500e+02  2.190000e+02  3.500500e+02
   endloop
 endfacet
 facet normal -0.000000e+00 -1.000000e+00  0.000000e+00
   outer loop
     vertex  1.430500e+02  2.190000e+02  3.480500e+02
     vertex  1.420500e+02  2.190000e+02  3.500500e+02
     vertex  1.389500e+02  2.190000e+02  3.479500e+02
   endloop
 endfacet
 facet normal  0.000000e+00 -1.000000e+00  0.000000e+00
   outer loop
     vertex  1.399500e+02  2.190000e+02  3.449500e+02
     vertex  1.389500e+02  2.190000e+02  3.479500e+02
     vertex  1.389500e+02  2.190000e+02  3.449500e+02
   endloop
 endfacet
 facet normal  0.000000e+00 -1.000000e+00  0.000000e+00
   outer loop
     vertex  1.399500e+02  2.190000e+02  3.449500e+02
     vertex  1.430500e+02  2.190000e+02  3.480500e+02
     vertex  1.389500e+02  2.190000e+02  3.479500e+02
   endloop
 endfacet
 facet normal  0.000000e+00 -1.000000e+00  0.000000e+00
   outer loop
     vertex  1.409500e+02  2.190000e+02  3.429500e+02
     vertex  1.399500e+02  2.190000e+02  3.449500e+02
     vertex  1.399500e+02  2.190000e+02  3.429500e+02
   endloop
 endfacet
 facet normal  0.000000e+00 -1.000000e+00  0.000000e+00
   outer loop
     vertex  1.440500e+02  2.190000e+02  3.440500e+02
     vertex  1.440500e+02  2.190000e+02  3.480500e+02
     vertex  1.430500e+02  2.190000e+02  3.480500e+02
   endloop
 endfacet
 facet normal  0.000000e+00 -1.000000e+00  0.000000e+00
   outer loop
     vertex  1.440500e+02  2.190000e+02  3.440500e+02
     vertex  1.430500e+02  2.190000e+02  3.480500e+02
     vertex  1.399500e+02  2.190000e+02  3.449500e+02
   endloop
 endfacet
 facet normal -0.000000e+00 -1.000000e+00  0.000000e+00
   outer loop
     vertex  1.440500e+02  2.190000e+02  3.440500e+02
     vertex  1.399500e+02  2.190000e+02  3.449500e+02
     vertex  1.409500e+02  2.190000e+02  3.429500e+02
   endloop
 endfacet
 facet normal  0.000000e+00 -1.000000e+00  0.000000e+00
   outer loop
     vertex  1.469500e+02  2.190000e+02  3.460500e+02
     vertex  1.479500e+02  2.190000e+02  3.490500e+02
     vertex  1.469500e+02  2.190000e+02  3.490500e+02
   endloop
 endfacet
 facet normal -0.000000e+00 -1.000000e+00  0.000000e+00
   outer loop
     vertex  1.520500e+02  2.190000e+02  3.510500e+02
     vertex  1.479500e+02  2.190000e+02  3.510500e+02
     vertex  1.479500e+02  2.190000e+02  3.490500e+02
   endloop
 endfacet
 facet normal  0.000000e+00 -1.000000e+00  0.000000e+00
   outer loop
     vertex  1.450500e+02  2.190000e+02  3.430500e+02
     vertex  1.450500e+02  2.190000e+02  3.440500e+02
     vertex  1.440500e+02  2.190000e+02  3.440500e+02
   endloop
 endfacet
 facet normal -0.000000e+00 -1.000000e+00  0.000000e+00
   outer loop
     vertex  1.450500e+02  2.190000e+02  3.430500e+02
     vertex  1.440500e+02  2.190000e+02  3.440500e+02
     vertex  1.409500e+02  2.190000e+02  3.429500e+02
   endloop
 endfacet
 facet normal  0.000000e+00 -1.000000e+00  0.000000e+00
   outer loop
     vertex  1.419500e+02  2.190000e+02  3.399500e+02
     vertex  1.409500e+02  2.190000e+02  3.429500e+02
     vertex  1.409500e+02  2.190000e+02  3.399500e+02
   endloop
 endfacet
 facet normal  0.000000e+00 -1.000000e+00  0.000000e+00
   outer loop
     vertex  1.419500e+02  2.190000e+02  3.399500e+02
     vertex  1.450500e+02  2.190000e+02  3.430500e+02
     vertex  1.409500e+02  2.190000e+02  3.429500e+02
   endloop
 endfacet
 facet normal  0.000000e+00 -1.000000e+00  0.000000e+00
   outer loop
     vertex  1.510500e+02  2.190000e+02  3.469500e+02
     vertex  1.520500e+02  2.190000e+02  3.510500e+02
     vertex  1.479500e+02  2.190000e+02  3.490500e+02
   endloop
 endfacet
 facet normal -0.000000e+00 -1.000000e+00  0.000000e+00
   outer loop
     vertex  1.510500e+02  2.190000e+02  3.469500e+02
     vertex  1.479500e+02  2.190000e+02  3.490500e+02
     vertex  1.469500e+02  2.190000e+02  3.460500e+02
   endloop
 endfacet
 facet normal  0.000000e+00 -1.000000e+00  0.000000e+00
   outer loop
     vertex  1.520500e+02  2.190000e+02  3.469500e+02
     vertex  1.520500e+02  2.190000e+02  3.510500e+02
     vertex  1.510500e+02  2.190000e+02  3.469500e+02
   endloop
 endfacet
 facet normal  0.000000e+00 -1.000000e+00  0.000000e+00
   outer loop
     vertex  1.429500e+02  2.190000e+02  3.369500e+02
     vertex  1.419500e+02  2.190000e+02  3.399500e+02
     vertex  1.419500e+02  2.190000e+02  3.369500e+02
   endloop
 endfacet
 facet normal -0.000000e+00 -1.000000e+00  0.000000e+00
   outer loop
     vertex  1.500500e+02  2.190000e+02  3.439500e+02
     vertex  1.469500e+02  2.190000e+02  3.460500e+02
     vertex  1.459500e+02  2.190000e+02  3.430500e+02
   endloop
 endfacet
 facet normal  0.000000e+00 -1.000000e+00  0.000000e+00
   outer loop
     vertex  1.500500e+02  2.190000e+02  3.439500e+02
     vertex  1.510500e+02  2.190000e+02  3.469500e+02
     vertex  1.469500e+02  2.190000e+02  3.460500e+02
   endloop
 endfacet
 facet normal  0.000000e+00 -1.000000e+00  0.000000e+00
   outer loop
     vertex  1.510500e+02  2.190000e+02  3.439500e+02
     vertex  1.510500e+02  2.190000e+02  3.469500e+02
     vertex  1.500500e+02  2.190000e+02  3.439500e+02
   endloop
 endfacet
 facet normal  0.000000e+00 -1.000000e+00  0.000000e+00
   outer loop
     vertex  1.490500e+02  2.190000e+02  3.409500e+02
     vertex  1.500500e+02  2.190000e+02  3.439500e+02
     vertex  1.459500e+02  2.190000e+02  3.430500e+02
   endloop
 endfacet
 facet normal  0.000000e+00 -1.000000e+00  0.000000e+00
   outer loop
     vertex  1.500500e+02  2.190000e+02  3.409500e+02
     vertex  1.500500e+02  2.190000e+02  3.439500e+02
     vertex  1.490500e+02  2.190000e+02  3.409500e+02
   endloop
 endfacet
 facet normal  0.000000e+00 -1.000000e+00  0.000000e+00
   outer loop
     vertex  1.480500e+02  2.190000e+02  3.389500e+02
     vertex  1.490500e+02  2.190000e+02  3.409500e+02
     vertex  1.459500e+02  2.190000e+02  3.430500e+02
   endloop
 endfacet
 facet normal  0.000000e+00 -1.000000e+00  0.000000e+00
   outer loop
     vertex  1.480500e+02  2.190000e+02  3.389500e+02
     vertex  1.459500e+02  2.190000e+02  3.430500e+02
     vertex  1.450500e+02  2.190000e+02  3.430500e+02
   endloop
 endfacet
 facet normal  0.000000e+00 -1.000000e+00  0.000000e+00
   outer loop
     vertex  1.480500e+02  2.190000e+02  3.389500e+02
     vertex  1.450500e+02  2.190000e+02  3.430500e+02
     vertex  1.419500e+02  2.190000e+02  3.399500e+02
   endloop
 endfacet
 facet normal -0.000000e+00 -1.000000e+00  0.000000e+00
   outer loop
     vertex  1.480500e+02  2.190000e+02  3.389500e+02
     vertex  1.419500e+02  2.190000e+02  3.399500e+02
     vertex  1.429500e+02  2.190000e+02  3.369500e+02
   endloop
 endfacet
 facet normal  0.000000e+00 -1.000000e+00  0.000000e+00
   outer loop
     vertex  1.490500e+02  2.190000e+02  3.389500e+02
     vertex  1.490500e+02  2.190000e+02  3.409500e+02
     vertex  1.480500e+02  2.190000e+02  3.389500e+02
   endloop
 endfacet
 facet normal  0.000000e+00 -1.000000e+00  0.000000e+00
   outer loop
     vertex  1.480500e+02  2.190000e+02  3.359500e+02
     vertex  1.480500e+02  2.190000e+02  3.389500e+02
     vertex  1.429500e+02  2.190000e+02  3.369500e+02
   endloop
 endfacet
 facet normal  0.000000e+00 -1.000000e+00  0.000000e+00
   outer loop
     vertex  1.480500e+02  2.190000e+02  3.359500e+02
     vertex  1.429500e+02  2.190000e+02  3.369500e+02
     vertex  1.429500e+02  2.190000e+02  3.359500e+02
   endloop
 endfacet
 facet normal  0.000000e+00 -1.000000e+00  0.000000e+00
   outer loop
     vertex  1.459500e+02  2.190000e+02  3.460500e+02
     vertex  1.459500e+02  2.190000e+02  3.430500e+02
     vertex  1.469500e+02  2.190000e+02  3.460500e+02
   endloop
 endfacet
 facet normal -0.000000e+00  0.000000e+00 -1.000000e+00
   outer loop
     vertex  1.389500e+02  2.200000e+02  3.479500e+02
     vertex  1.379500e+02  2.190000e+02  3.479500e+02
     vertex  1.379500e+02  2.200000e+02  3.479500e+02
   endloop
 endfacet
 facet normal  0.000000e+00 -0.000000e+00 -1.000000e+00
   outer loop
     vertex  1.389500e+02  2.200000e+02  3.479500e+02
     vertex  1.389500e+02  2.190000e+02  3.479500e+02
     vertex  1.379500e+02  2.190000e+02  3.479500e+02
   endloop
 endfacet
 facet normal -0.000000e+00  0.000000e+00 -1.000000e+00
   outer loop
     vertex  1.399500e+02  2.200000e+02  3.449500e+02
     vertex  1.389500e+02  2.190000e+02  3.449500e+02
     vertex  1.389500e+02  2.200000e+02  3.449500e+02
   endloop
 endfacet
 facet normal  0.000000e+00 -0.000000e+00 -1.000000e+00
   outer loop
     vertex  1.399500e+02  2.200000e+02  3.449500e+02
     vertex  1.399500e+02  2.190000e+02  3.449500e+02
     vertex  1.389500e+02  2.190000e+02  3.449500e+02
   endloop
 endfacet
 facet normal -0.000000e+00  0.000000e+00 -1.000000e+00
   outer loop
     vertex  1.409500e+02  2.200000e+02  3.429500e+02
     vertex  1.399500e+02  2.190000e+02  3.429500e+02
     vertex  1.399500e+02  2.200000e+02  3.429500e+02
   endloop
 endfacet
 facet normal  0.000000e+00 -0.000000e+00 -1.000000e+00
   outer loop
     vertex  1.409500e+02  2.200000e+02  3.429500e+02
     vertex  1.409500e+02  2.190000e+02  3.429500e+02
     vertex  1.399500e+02  2.190000e+02  3.429500e+02
   endloop
 endfacet
 facet normal -0.000000e+00  0.000000e+00 -1.000000e+00
   outer loop
     vertex  1.419500e+02  2.200000e+02  3.399500e+02
     vertex  1.409500e+02  2.190000e+02  3.399500e+02
     vertex  1.409500e+02  2.200000e+02  3.399500e+02
   endloop
 endfacet
 facet normal  0.000000e+00 -0.000000e+00 -1.000000e+00
   outer loop
     vertex  1.419500e+02  2.200000e+02  3.399500e+02
     vertex  1.419500e+02  2.190000e+02  3.399500e+02
     vertex  1.409500e+02  2.190000e+02  3.399500e+02
   endloop
 endfacet
 facet normal -0.000000e+00  0.000000e+00 -1.000000e+00
   outer loop
     vertex  1.429500e+02  2.200000e+02  3.369500e+02
     vertex  1.419500e+02  2.190000e+02  3.369500e+02
     vertex  1.419500e+02  2.200000e+02  3.369500e+02
   endloop
 endfacet
 facet normal  0.000000e+00 -0.000000e+00 -1.000000e+00
   outer loop
     vertex  1.429500e+02  2.200000e+02  3.369500e+02
     vertex  1.429500e+02  2.190000e+02  3.369500e+02
     vertex  1.419500e+02  2.190000e+02  3.369500e+02
   endloop
 endfacet
 facet normal -1.000000e+00  0.000000e+00  0.000000e+00
   outer loop
     vertex  1.429500e+02  2.190000e+02  3.369500e+02
     vertex  1.429500e+02  2.200000e+02  3.359500e+02
     vertex  1.429500e+02  2.190000e+02  3.359500e+02
   endloop
 endfacet
 facet normal -1.000000e+00  0.000000e+00  0.000000e+00
   outer loop
     vertex  1.429500e+02  2.190000e+02  3.369500e+02
     vertex  1.429500e+02  2.200000e+02  3.369500e+02
     vertex  1.429500e+02  2.200000e+02  3.359500e+02
   endloop
 endfacet
 facet normal -0.000000e+00  0.000000e+00 -1.000000e+00
   outer loop
     vertex  1.480500e+02  2.200000e+02  3.359500e+02
     vertex  1.429500e+02  2.190000e+02  3.359500e+02
     vertex  1.429500e+02  2.200000e+02  3.359500e+02
   endloop
 endfacet
 facet normal  0.000000e+00 -0.000000e+00 -1.000000e+00
   outer loop
     vertex  1.480500e+02  2.200000e+02  3.359500e+02
     vertex  1.480500e+02  2.190000e+02  3.359500e+02
     vertex  1.429500e+02  2.190000e+02  3.359500e+02
   endloop
 endfacet
 facet normal -0.000000e+00  0.000000e+00 -1.000000e+00
   outer loop
     vertex  1.490500e+02  2.200000e+02  3.389500e+02
     vertex  1.480500e+02  2.190000e+02  3.389500e+02
     vertex  1.480500e+02  2.200000e+02  3.389500e+02
   endloop
 endfacet
 facet normal  0.000000e+00 -0.000000e+00 -1.000000e+00
   outer loop
     vertex  1.490500e+02  2.200000e+02  3.389500e+02
     vertex  1.490500e+02  2.190000e+02  3.389500e+02
     vertex  1.480500e+02  2.190000e+02  3.389500e+02
   endloop
 endfacet
 facet normal -0.000000e+00  0.000000e+00 -1.000000e+00
   outer loop
     vertex  1.500500e+02  2.200000e+02  3.409500e+02
     vertex  1.490500e+02  2.190000e+02  3.409500e+02
     vertex  1.490500e+02  2.200000e+02  3.409500e+02
   endloop
 endfacet
 facet normal  0.000000e+00 -0.000000e+00 -1.000000e+00
   outer loop
     vertex  1.500500e+02  2.200000e+02  3.409500e+02
     vertex  1.500500e+02  2.190000e+02  3.409500e+02
     vertex  1.490500e+02  2.190000e+02  3.409500e+02
   endloop
 endfacet
 facet normal -0.000000e+00  0.000000e+00 -1.000000e+00
   outer loop
     vertex  1.510500e+02  2.200000e+02  3.439500e+02
     vertex  1.500500e+02  2.190000e+02  3.439500e+02
     vertex  1.500500e+02  2.200000e+02  3.439500e+02
   endloop
 endfacet
 facet normal  0.000000e+00 -0.000000e+00 -1.000000e+00
   outer loop
     vertex  1.510500e+02  2.200000e+02  3.439500e+02
     vertex  1.510500e+02  2.190000e+02  3.439500e+02
     vertex  1.500500e+02  2.190000e+02  3.439500e+02
   endloop
 endfacet
 facet normal -0.000000e+00  0.000000e+00 -1.000000e+00
   outer loop
     vertex  1.520500e+02  2.200000e+02  3.469500e+02
     vertex  1.510500e+02  2.190000e+02  3.469500e+02
     vertex  1.510500e+02  2.200000e+02  3.469500e+02
   endloop
 endfacet
 facet normal  0.000000e+00 -0.000000e+00 -1.000000e+00
   outer loop
     vertex  1.520500e+02  2.200000e+02  3.469500e+02
     vertex  1.520500e+02  2.190000e+02  3.469500e+02
     vertex  1.510500e+02  2.190000e+02  3.469500e+02
   endloop
 endfacet
 facet normal  0.000000e+00  0.000000e+00  1.000000e+00
   outer loop
     vertex  1.520500e+02  2.200000e+02  3.510500e+02
     vertex  1.479500e+02  2.200000e+02  3.510500e+02
     vertex  1.479500e+02  2.190000e+02  3.510500e+02
   endloop
 endfacet
 facet normal  0.000000e+00  0.000000e+00  1.000000e+00
   outer loop
     vertex  1.520500e+02  2.200000e+02  3.510500e+02
     vertex  1.479500e+02  2.190000e+02  3.510500e+02
     vertex  1.520500e+02  2.190000e+02  3.510500e+02
   endloop
 endfacet
 facet normal  0.000000e+00  0.000000e+00  1.000000e+00
   outer loop
     vertex  1.479500e+02  2.200000e+02  3.490500e+02
     vertex  1.469500e+02  2.200000e+02  3.490500e+02
     vertex  1.469500e+02  2.190000e+02  3.490500e+02
   endloop
 endfacet
 facet normal  0.000000e+00  0.000000e+00  1.000000e+00
   outer loop
     vertex  1.479500e+02  2.200000e+02  3.490500e+02
     vertex  1.469500e+02  2.190000e+02  3.490500e+02
     vertex  1.479500e+02  2.190000e+02  3.490500e+02
   endloop
 endfacet
 facet normal  0.000000e+00  0.000000e+00  1.000000e+00
   outer loop
     vertex  1.469500e+02  2.200000e+02  3.460500e+02
     vertex  1.459500e+02  2.200000e+02  3.460500e+02
     vertex  1.459500e+02  2.190000e+02  3.460500e+02
   endloop
 endfacet
 facet normal  0.000000e+00  0.000000e+00  1.000000e+00
   outer loop
     vertex  1.469500e+02  2.200000e+02  3.460500e+02
     vertex  1.459500e+02  2.190000e+02  3.460500e+02
     vertex  1.469500e+02  2.190000e+02  3.460500e+02
   endloop
 endfacet
 facet normal  0.000000e+00  0.000000e+00  1.000000e+00
   outer loop
     vertex  1.450500e+02  2.200000e+02  3.440500e+02
     vertex  1.440500e+02  2.200000e+02  3.440500e+02
     vertex  1.440500e+02  2.190000e+02  3.440500e+02
   endloop
 endfacet
 facet normal  0.000000e+00  0.000000e+00  1.000000e+00
   outer loop
     vertex  1.450500e+02  2.200000e+02  3.440500e+02
     vertex  1.440500e+02  2.190000e+02  3.440500e+02
     vertex  1.450500e+02  2.190000e+02  3.440500e+02
   endloop
 endfacet
 facet normal  1.000000e+00  0.000000e+00  0.000000e+00
   outer loop
     vertex  1.450500e+02  2.190000e+02  3.440500e+02
     vertex  1.450500e+02  2.190000e+02  3.430500e+02
     vertex  1.450500e+02  2.200000e+02  3.430500e+02
   endloop
 endfacet
 facet normal  1.000000e+00 -0.000000e+00  0.000000e+00
   outer loop
     vertex  1.450500e+02  2.190000e+02  3.440500e+02
     vertex  1.450500e+02  2.200000e+02  3.430500e+02
     vertex  1.450500e+02  2.200000e+02  3.440500e+02
   endloop
 endfacet
 facet normal  0.000000e+00  0.000000e+00  1.000000e+00
   outer loop
     vertex  1.459500e+02  2.200000e+02  3.430500e+02
     vertex  1.450500e+02  2.200000e+02  3.430500e+02
     vertex  1.450500e+02  2.190000e+02  3.430500e+02
   endloop
 endfacet
 facet normal  0.000000e+00  0.000000e+00  1.000000e+00
   outer loop
     vertex  1.459500e+02  2.200000e+02  3.430500e+02
     vertex  1.450500e+02  2.190000e+02  3.430500e+02
     vertex  1.459500e+02  2.190000e+02  3.430500e+02
   endloop
 endfacet
 facet normal  0.000000e+00  0.000000e+00  1.000000e+00
   outer loop
     vertex  1.440500e+02  2.200000e+02  3.480500e+02
     vertex  1.430500e+02  2.200000e+02  3.480500e+02
     vertex  1.430500e+02  2.190000e+02  3.480500e+02
   endloop
 endfacet
 facet normal  0.000000e+00  0.000000e+00  1.000000e+00
   outer loop
     vertex  1.440500e+02  2.200000e+02  3.480500e+02
     vertex  1.430500e+02  2.190000e+02  3.480500e+02
     vertex  1.440500e+02  2.190000e+02  3.480500e+02
   endloop
 endfacet
 facet normal  1.000000e+00  0.000000e+00  0.000000e+00
   outer loop
     vertex  1.430500e+02  2.190000e+02  3.500500e+02
     vertex  1.430500e+02  2.190000e+02  3.480500e+02
     vertex  1.430500e+02  2.200000e+02  3.480500e+02
   endloop
 endfacet
 facet normal  1.000000e+00 -0.000000e+00  0.000000e+00
   outer loop
     vertex  1.430500e+02  2.190000e+02  3.500500e+02
     vertex  1.430500e+02  2.200000e+02  3.480500e+02
     vertex  1.430500e+02  2.200000e+02  3.500500e+02
   endloop
 endfacet
 facet normal -1.000000e+00  0.000000e+00  0.000000e+00
   outer loop
     vertex  1.379500e+02  2.190000e+02  3.479500e+02
     vertex  1.379500e+02  2.190000e+02  3.500500e+02
     vertex  1.379500e+02  2.200000e+02  3.500500e+02
   endloop
 endfacet
 facet normal -1.000000e+00  0.000000e+00  0.000000e+00
   outer loop
     vertex  1.379500e+02  2.190000e+02  3.479500e+02
     vertex  1.379500e+02  2.200000e+02  3.500500e+02
     vertex  1.379500e+02  2.200000e+02  3.479500e+02
   endloop
 endfacet
 facet normal -1.000000e+00  0.000000e+00  0.000000e+00
   outer loop
     vertex  1.389500e+02  2.190000e+02  3.449500e+02
     vertex  1.389500e+02  2.190000e+02  3.479500e+02
     vertex  1.389500e+02  2.200000e+02  3.479500e+02
   endloop
 endfacet
 facet normal -1.000000e+00  0.000000e+00  0.000000e+00
   outer loop
     vertex  1.389500e+02  2.190000e+02  3.449500e+02
     vertex  1.389500e+02  2.200000e+02  3.479500e+02
     vertex  1.389500e+02  2.200000e+02  3.449500e+02
   endloop
 endfacet
 facet normal  0.000000e+00  1.000000e+00  0.000000e+00
   outer loop
     vertex  1.419500e+02  2.200000e+02  3.399500e+02
     vertex  1.429500e+02  2.200000e+02  3.369500e+02
     vertex  1.419500e+02  2.200000e+02  3.369500e+02
   endloop
 endfacet
 facet normal  0.000000e+00  1.000000e+00  0.000000e+00
   outer loop
     vertex  1.409500e+02  2.200000e+02  3.429500e+02
     vertex  1.419500e+02  2.200000e+02  3.399500e+02
     vertex  1.409500e+02  2.200000e+02  3.399500e+02
   endloop
 endfacet
 facet normal  0.000000e+00  1.000000e+00  0.000000e+00
   outer loop
     vertex  1.480500e+02  2.200000e+02  3.359500e+02
     vertex  1.429500e+02  2.200000e+02  3.359500e+02
     vertex  1.429500e+02  2.200000e+02  3.369500e+02
   endloop
 endfacet
 facet normal  0.000000e+00  1.000000e+00  0.000000e+00
   outer loop
     vertex  1.399500e+02  2.200000e+02  3.449500e+02
     vertex  1.409500e+02  2.200000e+02  3.429500e+02
     vertex  1.399500e+02  2.200000e+02  3.429500e+02
   endloop
 endfacet
 facet normal  0.000000e+00  1.000000e+00  0.000000e+00
   outer loop
     vertex  1.389500e+02  2.200000e+02  3.479500e+02
     vertex  1.399500e+02  2.200000e+02  3.449500e+02
     vertex  1.389500e+02  2.200000e+02  3.449500e+02
   endloop
 endfacet
 facet normal  0.000000e+00  1.000000e+00  0.000000e+00
   outer loop
     vertex  1.480500e+02  2.200000e+02  3.389500e+02
     vertex  1.480500e+02  2.200000e+02  3.359500e+02
     vertex  1.429500e+02  2.200000e+02  3.369500e+02
   endloop
 endfacet
 facet normal  0.000000e+00  1.000000e+00  0.000000e+00
   outer loop
     vertex  1.480500e+02  2.200000e+02  3.389500e+02
     vertex  1.429500e+02  2.200000e+02  3.369500e+02
     vertex  1.419500e+02  2.200000e+02  3.399500e+02
   endloop
 endfacet
 facet normal  0.000000e+00  1.000000e+00  0.000000e+00
   outer loop
     vertex  1.450500e+02  2.200000e+02  3.430500e+02
     vertex  1.419500e+02  2.200000e+02  3.399500e+02
     vertex  1.409500e+02  2.200000e+02  3.429500e+02
   endloop
 endfacet
 facet normal  0.000000e+00  1.000000e+00  0.000000e+00
   outer loop
     vertex  1.450500e+02  2.200000e+02  3.430500e+02
     vertex  1.480500e+02  2.200000e+02  3.389500e+02
     vertex  1.419500e+02  2.200000e+02  3.399500e+02
   endloop
 endfacet
 facet normal  0.000000e+00  1.000000e+00  0.000000e+00
   outer loop
     vertex  1.440500e+02  2.200000e+02  3.440500e+02
     vertex  1.409500e+02  2.200000e+02  3.429500e+02
     vertex  1.399500e+02  2.200000e+02  3.449500e+02
   endloop
 endfacet
 facet normal  0.000000e+00  1.000000e+00  0.000000e+00
   outer loop
     vertex  1.440500e+02  2.200000e+02  3.440500e+02
     vertex  1.450500e+02  2.200000e+02  3.430500e+02
     vertex  1.409500e+02  2.200000e+02  3.429500e+02
   endloop
 endfacet
 facet normal  0.000000e+00  1.000000e+00  0.000000e+00
   outer loop
     vertex  1.459500e+02  2.200000e+02  3.430500e+02
     vertex  1.480500e+02  2.200000e+02  3.389500e+02
     vertex  1.450500e+02  2.200000e+02  3.430500e+02
   endloop
 endfacet
 facet normal  0.000000e+00  1.000000e+00  0.000000e+00
   outer loop
     vertex  1.389500e+02  2.200000e+02  3.500500e+02
     vertex  1.389500e+02  2.200000e+02  3.479500e+02
     vertex  1.379500e+02  2.200000e+02  3.479500e+02
   endloop
 endfacet
 facet normal  0.000000e+00  1.000000e+00  0.000000e+00
   outer loop
     vertex  1.389500e+02  2.200000e+02  3.500500e+02
     vertex  1.379500e+02  2.200000e+02  3.479500e+02
     vertex  1.379500e+02  2.200000e+02  3.500500e+02
   endloop
 endfacet
 facet normal  0.000000e+00  1.000000e+00  0.000000e+00
   outer loop
     vertex  1.450500e+02  2.200000e+02  3.440500e+02
     vertex  1.450500e+02  2.200000e+02  3.430500e+02
     vertex  1.440500e+02  2.200000e+02  3.440500e+02
   endloop
 endfacet
 facet normal  0.000000e+00  1.000000e+00  0.000000e+00
   outer loop
     vertex  1.490500e+02  2.200000e+02  3.409500e+02
     vertex  1.490500e+02  2.200000e+02  3.389500e+02
     vertex  1.480500e+02  2.200000e+02  3.389500e+02
   endloop
 endfacet
 facet normal  0.000000e+00  1.000000e+00  0.000000e+00
   outer loop
     vertex  1.490500e+02  2.200000e+02  3.409500e+02
     vertex  1.480500e+02  2.200000e+02  3.389500e+02
     vertex  1.459500e+02  2.200000e+02  3.430500e+02
   endloop
 endfacet
 facet normal  0.000000e+00  1.000000e+00  0.000000e+00
   outer loop
     vertex  1.430500e+02  2.200000e+02  3.480500e+02
     vertex  1.399500e+02  2.200000e+02  3.449500e+02
     vertex  1.389500e+02  2.200000e+02  3.479500e+02
   endloop
 endfacet
 facet normal  0.000000e+00  1.000000e+00  0.000000e+00
   outer loop
     vertex  1.430500e+02  2.200000e+02  3.480500e+02
     vertex  1.440500e+02  2.200000e+02  3.440500e+02
     vertex  1.399500e+02  2.200000e+02  3.449500e+02
   endloop
 endfacet
 facet normal  0.000000e+00  1.000000e+00  0.000000e+00
   outer loop
     vertex  1.440500e+02  2.200000e+02  3.480500e+02
     vertex  1.440500e+02  2.200000e+02  3.440500e+02
     vertex  1.430500e+02  2.200000e+02  3.480500e+02
   endloop
 endfacet
 facet normal  0.000000e+00  1.000000e+00  0.000000e+00
   outer loop
     vertex  1.420500e+02  2.200000e+02  3.500500e+02
     vertex  1.389500e+02  2.200000e+02  3.479500e+02
     vertex  1.389500e+02  2.200000e+02  3.500500e+02
   endloop
 endfacet
 facet normal  0.000000e+00  1.000000e+00  0.000000e+00
   outer loop
     vertex  1.420500e+02  2.200000e+02  3.500500e+02
     vertex  1.430500e+02  2.200000e+02  3.480500e+02
     vertex  1.389500e+02  2.200000e+02  3.479500e+02
   endloop
 endfacet
 facet normal  0.000000e+00  1.000000e+00  0.000000e+00
   outer loop
     vertex  1.430500e+02  2.200000e+02  3.500500e+02
     vertex  1.430500e+02  2.200000e+02  3.480500e+02
     vertex  1.420500e+02  2.200000e+02  3.500500e+02
   endloop
 endfacet
 facet normal  0.000000e+00  1.000000e+00  0.000000e+00
   outer loop
     vertex  1.420500e+02  2.200000e+02  3.510500e+02
     vertex  1.389500e+02  2.200000e+02  3.500500e+02
     vertex  1.389500e+02  2.200000e+02  3.510500e+02
   endloop
 endfacet
 facet normal  0.000000e+00  1.000000e+00  0.000000e+00
   outer loop
     vertex  1.420500e+02  2.200000e+02  3.510500e+02
     vertex  1.420500e+02  2.200000e+02  3.500500e+02
     vertex  1.389500e+02  2.200000e+02  3.500500e+02
   endloop
 endfacet
 facet normal  0.000000e+00  1.000000e+00  0.000000e+00
   outer loop
     vertex  1.500500e+02  2.200000e+02  3.439500e+02
     vertex  1.500500e+02  2.200000e+02  3.409500e+02
     vertex  1.490500e+02  2.200000e+02  3.409500e+02
   endloop
 endfacet
 facet normal  0.000000e+00  1.000000e+00  0.000000e+00
   outer loop
     vertex  1.500500e+02  2.200000e+02  3.439500e+02
     vertex  1.490500e+02  2.200000e+02  3.409500e+02
     vertex  1.459500e+02  2.200000e+02  3.430500e+02
   endloop
 endfacet
 facet normal  0.000000e+00  1.000000e+00  0.000000e+00
   outer loop
     vertex  1.500500e+02  2.200000e+02  3.439500e+02
     vertex  1.459500e+02  2.200000e+02  3.430500e+02
     vertex  1.469500e+02  2.200000e+02  3.460500e+02
   endloop
 endfacet
 facet normal  0.000000e+00  1.000000e+00  0.000000e+00
   outer loop
     vertex  1.479500e+02  2.200000e+02  3.490500e+02
     vertex  1.469500e+02  2.200000e+02  3.460500e+02
     vertex  1.469500e+02  2.200000e+02  3.490500e+02
   endloop
 endfacet
 facet normal  0.000000e+00  1.000000e+00  0.000000e+00
   outer loop
     vertex  1.510500e+02  2.200000e+02  3.469500e+02
     vertex  1.469500e+02  2.200000e+02  3.460500e+02
     vertex  1.479500e+02  2.200000e+02  3.490500e+02
   endloop
 endfacet
 facet normal  0.000000e+00  1.000000e+00  0.000000e+00
   outer loop
     vertex  1.510500e+02  2.200000e+02  3.469500e+02
     vertex  1.500500e+02  2.200000e+02  3.439500e+02
     vertex  1.469500e+02  2.200000e+02  3.460500e+02
   endloop
 endfacet
 facet normal  0.000000e+00  1.000000e+00  0.000000e+00
   outer loop
     vertex  1.510500e+02  2.200000e+02  3.469500e+02
     vertex  1.510500e+02  2.200000e+02  3.439500e+02
     vertex  1.500500e+02  2.200000e+02  3.439500e+02
   endloop
 endfacet
 facet normal  0.000000e+00  1.000000e+00  0.000000e+00
   outer loop
     vertex  1.520500e+02  2.200000e+02  3.510500e+02
     vertex  1.510500e+02  2.200000e+02  3.469500e+02
     vertex  1.479500e+02  2.200000e+02  3.490500e+02
   endloop
 endfacet
 facet normal  0.000000e+00  1.000000e+00  0.000000e+00
   outer loop
     vertex  1.520500e+02  2.200000e+02  3.510500e+02
     vertex  1.479500e+02  2.200000e+02  3.490500e+02
     vertex  1.479500e+02  2.200000e+02  3.510500e+02
   endloop
 endfacet
 facet normal  0.000000e+00  1.000000e+00  0.000000e+00
   outer loop
     vertex  1.520500e+02  2.200000e+02  3.510500e+02
     vertex  1.520500e+02  2.200000e+02  3.469500e+02
     vertex  1.510500e+02  2.200000e+02  3.469500e+02
   endloop
 endfacet
 facet normal  0.000000e+00  1.000000e+00  0.000000e+00
   outer loop
     vertex  1.459500e+02  2.200000e+02  3.430500e+02
     vertex  1.459500e+02  2.200000e+02  3.460500e+02
     vertex  1.469500e+02  2.200000e+02  3.460500e+02
   endloop
 endfacet
 facet normal  1.000000e+00  0.000000e+00  0.000000e+00
   outer loop
     vertex  1.440500e+02  2.190000e+02  3.480500e+02
     vertex  1.440500e+02  2.190000e+02  3.440500e+02
     vertex  1.440500e+02  2.200000e+02  3.440500e+02
   endloop
 endfacet
 facet normal  1.000000e+00 -0.000000e+00  0.000000e+00
   outer loop
     vertex  1.440500e+02  2.190000e+02  3.480500e+02
     vertex  1.440500e+02  2.200000e+02  3.440500e+02
     vertex  1.440500e+02  2.200000e+02  3.480500e+02
   endloop
 endfacet
 facet normal -1.000000e+00  0.000000e+00  0.000000e+00
   outer loop
     vertex  1.399500e+02  2.190000e+02  3.429500e+02
     vertex  1.399500e+02  2.190000e+02  3.449500e+02
     vertex  1.399500e+02  2.200000e+02  3.449500e+02
   endloop
 endfacet
 facet normal -1.000000e+00  0.000000e+00  0.000000e+00
   outer loop
     vertex  1.399500e+02  2.190000e+02  3.429500e+02
     vertex  1.399500e+02  2.200000e+02  3.449500e+02
     vertex  1.399500e+02  2.200000e+02  3.429500e+02
   endloop
 endfacet
 facet normal -1.000000e+00  0.000000e+00  0.000000e+00
   outer loop
     vertex  1.409500e+02  2.190000e+02  3.399500e+02
     vertex  1.409500e+02  2.190000e+02  3.429500e+02
     vertex  1.409500e+02  2.200000e+02  3.429500e+02
   endloop
 endfacet
 facet normal -1.000000e+00  0.000000e+00  0.000000e+00
   outer loop
     vertex  1.409500e+02  2.190000e+02  3.399500e+02
     vertex  1.409500e+02  2.200000e+02  3.429500e+02
     vertex  1.409500e+02  2.200000e+02  3.399500e+02
   endloop
 endfacet
 facet normal  1.000000e+00  0.000000e+00  0.000000e+00
   outer loop
     vertex  1.500500e+02  2.190000e+02  3.439500e+02
     vertex  1.500500e+02  2.190000e+02  3.409500e+02
     vertex  1.500500e+02  2.200000e+02  3.409500e+02
   endloop
 endfacet
 facet normal  1.000000e+00 -0.000000e+00  0.000000e+00
   outer loop
     vertex  1.500500e+02  2.190000e+02  3.439500e+02
     vertex  1.500500e+02  2.200000e+02  3.409500e+02
     vertex  1.500500e+02  2.200000e+02  3.439500e+02
   endloop
 endfacet
 facet normal -1.000000e+00  0.000000e+00  0.000000e+00
   outer loop
     vertex  1.459500e+02  2.190000e+02  3.430500e+02
     vertex  1.459500e+02  2.200000e+02  3.460500e+02
     vertex  1.459500e+02  2.200000e+02  3.430500e+02
   endloop
 endfacet
 facet normal -1.000000e+00  0.000000e+00  0.000000e+00
   outer loop
     vertex  1.459500e+02  2.190000e+02  3.430500e+02
     vertex  1.459500e+02  2.190000e+02  3.460500e+02
     vertex  1.459500e+02  2.200000e+02  3.460500e+02
   endloop
 endfacet
 facet normal  1.000000e+00  0.000000e+00  0.000000e+00
   outer loop
     vertex  1.490500e+02  2.190000e+02  3.409500e+02
     vertex  1.490500e+02  2.190000e+02  3.389500e+02
     vertex  1.490500e+02  2.200000e+02  3.389500e+02
   endloop
 endfacet
 facet normal  1.000000e+00 -0.000000e+00  0.000000e+00
   outer loop
     vertex  1.490500e+02  2.190000e+02  3.409500e+02
     vertex  1.490500e+02  2.200000e+02  3.389500e+02
     vertex  1.490500e+02  2.200000e+02  3.409500e+02
   endloop
 endfacet
 facet normal  1.000000e+00  0.000000e+00  0.000000e+00
   outer loop
     vertex  1.510500e+02  2.190000e+02  3.469500e+02
     vertex  1.510500e+02  2.190000e+02  3.439500e+02
     vertex  1.510500e+02  2.200000e+02  3.439500e+02
   endloop
 endfacet
 facet normal  1.000000e+00 -0.000000e+00  0.000000e+00
   outer loop
     vertex  1.510500e+02  2.190000e+02  3.469500e+02
     vertex  1.510500e+02  2.200000e+02  3.439500e+02
     vertex  1.510500e+02  2.200000e+02  3.469500e+02
   endloop
 endfacet
 facet normal -1.000000e+00  0.000000e+00  0.000000e+00
   outer loop
     vertex  1.419500e+02  2.190000e+02  3.369500e+02
     vertex  1.419500e+02  2.190000e+02  3.399500e+02
     vertex  1.419500e+02  2.200000e+02  3.399500e+02
   endloop
 endfacet
 facet normal -1.000000e+00  0.000000e+00  0.000000e+00
   outer loop
     vertex  1.419500e+02  2.190000e+02  3.369500e+02
     vertex  1.419500e+02  2.200000e+02  3.399500e+02
     vertex  1.419500e+02  2.200000e+02  3.369500e+02
   endloop
 endfacet
 facet normal -1.000000e+00  0.000000e+00  0.000000e+00
   outer loop
     vertex  1.469500e+02  2.190000e+02  3.460500e+02
     vertex  1.469500e+02  2.200000e+02  3.490500e+02
     vertex  1.469500e+02  2.200000e+02  3.460500e+02
   endloop
 endfacet
 facet normal -1.000000e+00  0.000000e+00  0.000000e+00
   outer loop
     vertex  1.469500e+02  2.190000e+02  3.460500e+02
     vertex  1.469500e+02  2.190000e+02  3.490500e+02
     vertex  1.469500e+02  2.200000e+02  3.490500e+02
   endloop
 endfacet
 facet normal  1.000000e+00  0.000000e+00  0.000000e+00
   outer loop
     vertex  1.480500e+02  2.190000e+02  3.389500e+02
     vertex  1.480500e+02  2.190000e+02  3.359500e+02
     vertex  1.480500e+02  2.200000e+02  3.359500e+02
   endloop
 endfacet
 facet normal  1.000000e+00 -0.000000e+00  0.000000e+00
   outer loop
     vertex  1.480500e+02  2.190000e+02  3.389500e+02
     vertex  1.480500e+02  2.200000e+02  3.359500e+02
     vertex  1.480500e+02  2.200000e+02  3.389500e+02
   endloop
 endfacet
 facet normal  1.000000e+00  0.000000e+00  0.000000e+00
   outer loop
     vertex  1.520500e+02  2.190000e+02  3.510500e+02
     vertex  1.520500e+02  2.190000e+02  3.469500e+02
     vertex  1.520500e+02  2.200000e+02  3.469500e+02
   endloop
 endfacet
 facet normal  1.000000e+00 -0.000000e+00  0.000000e+00
   outer loop
     vertex  1.520500e+02  2.190000e+02  3.510500e+02
     vertex  1.520500e+02  2.200000e+02  3.469500e+02
     vertex  1.520500e+02  2.200000e+02  3.510500e+02
   endloop
 endfacet
 facet normal -1.000000e+00  0.000000e+00  0.000000e+00
   outer loop
     vertex  1.479500e+02  2.190000e+02  3.490500e+02
     vertex  1.479500e+02  2.200000e+02  3.510500e+02
     vertex  1.479500e+02  2.200000e+02  3.490500e+02
   endloop
 endfacet
 facet normal -1.000000e+00  0.000000e+00  0.000000e+00
   outer loop
     vertex  1.479500e+02  2.190000e+02  3.490500e+02
     vertex  1.479500e+02  2.190000e+02  3.510500e+02
     vertex  1.479500e+02  2.200000e+02  3.510500e+02
   endloop
 endfacet
 facet normal  1.000000e+00  0.000000e+00  0.000000e+00
   outer loop
     vertex  1.640500e+02  2.190000e+02  3.500500e+02
     vertex  1.640500e+02  2.190000e+02  3.490500e+02
     vertex  1.640500e+02  2.200000e+02  3.490500e+02
   endloop
 endfacet
 facet normal  1.000000e+00 -0.000000e+00  0.000000e+00
   outer loop
     vertex  1.640500e+02  2.190000e+02  3.500500e+02
     vertex  1.640500e+02  2.200000e+02  3.490500e+02
     vertex  1.640500e+02  2.200000e+02  3.500500e+02
   endloop
 endfacet
 facet normal  0.000000e+00  0.000000e+00  1.000000e+00
   outer loop
     vertex  1.640500e+02  2.200000e+02  3.500500e+02
     vertex  1.620500e+02  2.200000e+02  3.500500e+02
     vertex  1.620500e+02  2.190000e+02  3.500500e+02
   endloop
 endfacet
 facet normal  0.000000e+00  0.000000e+00  1.000000e+00
   outer loop
     vertex  1.640500e+02  2.200000e+02  3.500500e+02
     vertex  1.620500e+02  2.190000e+02  3.500500e+02
     vertex  1.640500e+02  2.190000e+02  3.500500e+02
   endloop
 endfacet
 facet normal  1.000000e+00  0.000000e+00  0.000000e+00
   outer loop
     vertex  1.620500e+02  2.190000e+02  3.510500e+02
     vertex  1.620500e+02  2.190000e+02  3.500500e+02
     vertex  1.620500e+02  2.200000e+02  3.500500e+02
   endloop
 endfacet
 facet normal  1.000000e+00 -0.000000e+00  0.000000e+00
   outer loop
     vertex  1.620500e+02  2.190000e+02  3.510500e+02
     vertex  1.620500e+02  2.200000e+02  3.500500e+02
     vertex  1.620500e+02  2.200000e+02  3.510500e+02
   endloop
 endfacet
 facet normal  0.000000e+00  0.000000e+00  1.000000e+00
   outer loop
     vertex  1.620500e+02  2.200000e+02  3.510500e+02
     vertex  1.569500e+02  2.200000e+02  3.510500e+02
     vertex  1.569500e+02  2.190000e+02  3.510500e+02
   endloop
 endfacet
 facet normal  0.000000e+00  0.000000e+00  1.000000e+00
   outer loop
     vertex  1.620500e+02  2.200000e+02  3.510500e+02
     vertex  1.569500e+02  2.190000e+02  3.510500e+02
     vertex  1.620500e+02  2.190000e+02  3.510500e+02
   endloop
 endfacet
 facet normal -1.000000e+00  0.000000e+00  0.000000e+00
   outer loop
     vertex  1.569500e+02  2.190000e+02  3.510500e+02
     vertex  1.569500e+02  2.200000e+02  3.500500e+02
     vertex  1.569500e+02  2.190000e+02  3.500500e+02
   endloop
 endfacet
 facet normal -1.000000e+00  0.000000e+00  0.000000e+00
   outer loop
     vertex  1.569500e+02  2.190000e+02  3.510500e+02
     vertex  1.569500e+02  2.200000e+02  3.510500e+02
     vertex  1.569500e+02  2.200000e+02  3.500500e+02
   endloop
 endfacet
 facet normal  0.000000e+00  0.000000e+00  1.000000e+00
   outer loop
     vertex  1.569500e+02  2.200000e+02  3.500500e+02
     vertex  1.549500e+02  2.200000e+02  3.500500e+02
     vertex  1.549500e+02  2.190000e+02  3.500500e+02
   endloop
 endfacet
 facet normal  0.000000e+00  0.000000e+00  1.000000e+00
   outer loop
     vertex  1.569500e+02  2.200000e+02  3.500500e+02
     vertex  1.549500e+02  2.190000e+02  3.500500e+02
     vertex  1.569500e+02  2.190000e+02  3.500500e+02
   endloop
 endfacet
 facet normal -1.000000e+00  0.000000e+00  0.000000e+00
   outer loop
     vertex  1.549500e+02  2.190000e+02  3.500500e+02
     vertex  1.549500e+02  2.200000e+02  3.490500e+02
     vertex  1.549500e+02  2.190000e+02  3.490500e+02
   endloop
 endfacet
 facet normal -1.000000e+00  0.000000e+00  0.000000e+00
   outer loop
     vertex  1.549500e+02  2.190000e+02  3.500500e+02
     vertex  1.549500e+02  2.200000e+02  3.500500e+02
     vertex  1.549500e+02  2.200000e+02  3.490500e+02
   endloop
 endfacet
 facet normal  0.000000e+00  0.000000e+00  1.000000e+00
   outer loop
     vertex  1.650500e+02  2.200000e+02  3.490500e+02
     vertex  1.640500e+02  2.200000e+02  3.490500e+02
     vertex  1.640500e+02  2.190000e+02  3.490500e+02
   endloop
 endfacet
 facet normal  0.000000e+00  0.000000e+00  1.000000e+00
   outer loop
     vertex  1.650500e+02  2.200000e+02  3.490500e+02
     vertex  1.640500e+02  2.190000e+02  3.490500e+02
     vertex  1.650500e+02  2.190000e+02  3.490500e+02
   endloop
 endfacet
 facet normal  0.000000e+00  0.000000e+00  1.000000e+00
   outer loop
     vertex  1.549500e+02  2.200000e+02  3.490500e+02
     vertex  1.539500e+02  2.200000e+02  3.490500e+02
     vertex  1.539500e+02  2.190000e+02  3.490500e+02
   endloop
 endfacet
 facet normal  0.000000e+00  0.000000e+00  1.000000e+00
   outer loop
     vertex  1.549500e+02  2.200000e+02  3.490500e+02
     vertex  1.539500e+02  2.190000e+02  3.490500e+02
     vertex  1.549500e+02  2.190000e+02  3.490500e+02
   endloop
 endfacet
 facet normal  1.000000e+00  0.000000e+00  0.000000e+00
   outer loop
     vertex  1.650500e+02  2.190000e+02  3.490500e+02
     vertex  1.650500e+02  2.190000e+02  3.480500e+02
     vertex  1.650500e+02  2.200000e+02  3.480500e+02
   endloop
 endfacet
 facet normal  1.000000e+00 -0.000000e+00  0.000000e+00
   outer loop
     vertex  1.650500e+02  2.190000e+02  3.490500e+02
     vertex  1.650500e+02  2.200000e+02  3.480500e+02
     vertex  1.650500e+02  2.200000e+02  3.490500e+02
   endloop
 endfacet
 facet normal  0.000000e+00  0.000000e+00  1.000000e+00
   outer loop
     vertex  1.660500e+02  2.200000e+02  3.480500e+02
     vertex  1.650500e+02  2.200000e+02  3.480500e+02
     vertex  1.650500e+02  2.190000e+02  3.480500e+02
   endloop
 endfacet
 facet normal  0.000000e+00  0.000000e+00  1.000000e+00
   outer loop
     vertex  1.660500e+02  2.200000e+02  3.480500e+02
     vertex  1.650500e+02  2.190000e+02  3.480500e+02
     vertex  1.660500e+02  2.190000e+02  3.480500e+02
   endloop
 endfacet
 facet normal -0.000000e+00 -1.000000e+00  0.000000e+00
   outer loop
     vertex  1.569500e+02  2.190000e+02  3.500500e+02
     vertex  1.549500e+02  2.190000e+02  3.500500e+02
     vertex  1.549500e+02  2.190000e+02  3.490500e+02
   endloop
 endfacet
 facet normal  0.000000e+00 -1.000000e+00  0.000000e+00
   outer loop
     vertex  1.539500e+02  2.190000e+02  3.470500e+02
     vertex  1.549500e+02  2.190000e+02  3.490500e+02
     vertex  1.539500e+02  2.190000e+02  3.490500e+02
   endloop
 endfacet
 facet normal  0.000000e+00 -1.000000e+00  0.000000e+00
   outer loop
     vertex  1.580500e+02  2.190000e+02  3.469500e+02
     vertex  1.569500e+02  2.190000e+02  3.500500e+02
     vertex  1.549500e+02  2.190000e+02  3.490500e+02
   endloop
 endfacet
 facet normal  0.000000e+00 -1.000000e+00  0.000000e+00
   outer loop
     vertex  1.580500e+02  2.190000e+02  3.469500e+02
     vertex  1.549500e+02  2.190000e+02  3.490500e+02
     vertex  1.539500e+02  2.190000e+02  3.470500e+02
   endloop
 endfacet
 facet normal  0.000000e+00 -1.000000e+00  0.000000e+00
   outer loop
     vertex  1.620500e+02  2.190000e+02  3.500500e+02
     vertex  1.620500e+02  2.190000e+02  3.510500e+02
     vertex  1.569500e+02  2.190000e+02  3.510500e+02
   endloop
 endfacet
 facet normal  0.000000e+00 -1.000000e+00  0.000000e+00
   outer loop
     vertex  1.620500e+02  2.190000e+02  3.500500e+02
     vertex  1.569500e+02  2.190000e+02  3.510500e+02
     vertex  1.569500e+02  2.190000e+02  3.500500e+02
   endloop
 endfacet
 facet normal  0.000000e+00 -1.000000e+00  0.000000e+00
   outer loop
     vertex  1.580500e+02  2.190000e+02  3.450500e+02
     vertex  1.580500e+02  2.190000e+02  3.469500e+02
     vertex  1.539500e+02  2.190000e+02  3.470500e+02
   endloop
 endfacet
 facet normal  0.000000e+00 -1.000000e+00  0.000000e+00
   outer loop
     vertex  1.609500e+02  2.190000e+02  3.469500e+02
     vertex  1.620500e+02  2.190000e+02  3.500500e+02
     vertex  1.569500e+02  2.190000e+02  3.500500e+02
   endloop
 endfacet
 facet normal  0.000000e+00 -1.000000e+00  0.000000e+00
   outer loop
     vertex  1.609500e+02  2.190000e+02  3.469500e+02
     vertex  1.569500e+02  2.190000e+02  3.500500e+02
     vertex  1.580500e+02  2.190000e+02  3.469500e+02
   endloop
 endfacet
 facet normal  0.000000e+00 -1.000000e+00  0.000000e+00
   outer loop
     vertex  1.640500e+02  2.190000e+02  3.490500e+02
     vertex  1.640500e+02  2.190000e+02  3.500500e+02
     vertex  1.620500e+02  2.190000e+02  3.500500e+02
   endloop
 endfacet
 facet normal -0.000000e+00 -1.000000e+00  0.000000e+00
   outer loop
     vertex  1.640500e+02  2.190000e+02  3.490500e+02
     vertex  1.620500e+02  2.190000e+02  3.500500e+02
     vertex  1.609500e+02  2.190000e+02  3.469500e+02
   endloop
 endfacet
 facet normal  0.000000e+00 -1.000000e+00  0.000000e+00
   outer loop
     vertex  1.570500e+02  2.190000e+02  3.419500e+02
     vertex  1.539500e+02  2.190000e+02  3.470500e+02
     vertex  1.529500e+02  2.190000e+02  3.470500e+02
   endloop
 endfacet
 facet normal -0.000000e+00 -1.000000e+00  0.000000e+00
   outer loop
     vertex  1.570500e+02  2.190000e+02  3.419500e+02
     vertex  1.529500e+02  2.190000e+02  3.470500e+02
     vertex  1.529500e+02  2.190000e+02  3.389500e+02
   endloop
 endfacet
 facet normal  0.000000e+00 -1.000000e+00  0.000000e+00
   outer loop
     vertex  1.570500e+02  2.190000e+02  3.419500e+02
     vertex  1.529500e+02  2.190000e+02  3.389500e+02
     vertex  1.539500e+02  2.190000e+02  3.389500e+02
   endloop
 endfacet
 facet normal  0.000000e+00 -1.000000e+00  0.000000e+00
   outer loop
     vertex  1.570500e+02  2.190000e+02  3.419500e+02
     vertex  1.580500e+02  2.190000e+02  3.450500e+02
     vertex  1.539500e+02  2.190000e+02  3.470500e+02
   endloop
 endfacet
 facet normal -0.000000e+00 -1.000000e+00  0.000000e+00
   outer loop
     vertex  1.570500e+02  2.190000e+02  3.410500e+02
     vertex  1.570500e+02  2.190000e+02  3.419500e+02
     vertex  1.539500e+02  2.190000e+02  3.389500e+02
   endloop
 endfacet
 facet normal  0.000000e+00 -1.000000e+00  0.000000e+00
   outer loop
     vertex  1.619500e+02  2.190000e+02  3.459500e+02
     vertex  1.609500e+02  2.190000e+02  3.469500e+02
     vertex  1.609500e+02  2.190000e+02  3.459500e+02
   endloop
 endfacet
 facet normal  0.000000e+00 -1.000000e+00  0.000000e+00
   outer loop
     vertex  1.619500e+02  2.190000e+02  3.459500e+02
     vertex  1.640500e+02  2.190000e+02  3.490500e+02
     vertex  1.609500e+02  2.190000e+02  3.469500e+02
   endloop
 endfacet
 facet normal  0.000000e+00 -1.000000e+00  0.000000e+00
   outer loop
     vertex  1.650500e+02  2.190000e+02  3.480500e+02
     vertex  1.650500e+02  2.190000e+02  3.490500e+02
     vertex  1.640500e+02  2.190000e+02  3.490500e+02
   endloop
 endfacet
 facet normal -0.000000e+00 -1.000000e+00  0.000000e+00
   outer loop
     vertex  1.650500e+02  2.190000e+02  3.480500e+02
     vertex  1.640500e+02  2.190000e+02  3.490500e+02
     vertex  1.619500e+02  2.190000e+02  3.459500e+02
   endloop
 endfacet
 facet normal  0.000000e+00 -1.000000e+00  0.000000e+00
   outer loop
     vertex  1.549500e+02  2.190000e+02  3.379500e+02
     vertex  1.539500e+02  2.190000e+02  3.389500e+02
     vertex  1.539500e+02  2.190000e+02  3.379500e+02
   endloop
 endfacet
 facet normal  0.000000e+00 -1.000000e+00  0.000000e+00
   outer loop
     vertex  1.549500e+02  2.190000e+02  3.379500e+02
     vertex  1.570500e+02  2.190000e+02  3.410500e+02
     vertex  1.539500e+02  2.190000e+02  3.389500e+02
   endloop
 endfacet
 facet normal -0.000000e+00 -1.000000e+00  0.000000e+00
   outer loop
     vertex  1.580500e+02  2.190000e+02  3.400500e+02
     vertex  1.570500e+02  2.190000e+02  3.410500e+02
     vertex  1.549500e+02  2.190000e+02  3.379500e+02
   endloop
 endfacet
 facet normal  0.000000e+00 -1.000000e+00  0.000000e+00
   outer loop
     vertex  1.580500e+02  2.190000e+02  3.400500e+02
     vertex  1.580500e+02  2.190000e+02  3.410500e+02
     vertex  1.570500e+02  2.190000e+02  3.410500e+02
   endloop
 endfacet
 facet normal  0.000000e+00 -1.000000e+00  0.000000e+00
   outer loop
     vertex  1.559500e+02  2.190000e+02  3.369500e+02
     vertex  1.580500e+02  2.190000e+02  3.400500e+02
     vertex  1.549500e+02  2.190000e+02  3.379500e+02
   endloop
 endfacet
 facet normal  0.000000e+00 -1.000000e+00  0.000000e+00
   outer loop
     vertex  1.559500e+02  2.190000e+02  3.369500e+02
     vertex  1.549500e+02  2.190000e+02  3.379500e+02
     vertex  1.549500e+02  2.190000e+02  3.369500e+02
   endloop
 endfacet
 facet normal -0.000000e+00 -1.000000e+00  0.000000e+00
   outer loop
     vertex  1.590500e+02  2.190000e+02  3.390500e+02
     vertex  1.580500e+02  2.190000e+02  3.400500e+02
     vertex  1.559500e+02  2.190000e+02  3.369500e+02
   endloop
 endfacet
 facet normal  0.000000e+00 -1.000000e+00  0.000000e+00
   outer loop
     vertex  1.590500e+02  2.190000e+02  3.390500e+02
     vertex  1.590500e+02  2.190000e+02  3.400500e+02
     vertex  1.580500e+02  2.190000e+02  3.400500e+02
   endloop
 endfacet
 facet normal  0.000000e+00 -1.000000e+00  0.000000e+00
   outer loop
     vertex  1.660500e+02  2.190000e+02  3.450500e+02
     vertex  1.660500e+02  2.190000e+02  3.480500e+02
     vertex  1.650500e+02  2.190000e+02  3.480500e+02
   endloop
 endfacet
 facet normal  0.000000e+00 -1.000000e+00  0.000000e+00
   outer loop
     vertex  1.660500e+02  2.190000e+02  3.450500e+02
     vertex  1.619500e+02  2.190000e+02  3.459500e+02
     vertex  1.619500e+02  2.190000e+02  3.450500e+02
   endloop
 endfacet
 facet normal  0.000000e+00 -1.000000e+00  0.000000e+00
   outer loop
     vertex  1.660500e+02  2.190000e+02  3.450500e+02
     vertex  1.650500e+02  2.190000e+02  3.480500e+02
     vertex  1.619500e+02  2.190000e+02  3.459500e+02
   endloop
 endfacet
 facet normal -0.000000e+00 -1.000000e+00  0.000000e+00
   outer loop
     vertex  1.619500e+02  2.190000e+02  3.400500e+02
     vertex  1.599500e+02  2.190000e+02  3.400500e+02
     vertex  1.599500e+02  2.190000e+02  3.390500e+02
   endloop
 endfacet
 facet normal  0.000000e+00 -1.000000e+00  0.000000e+00
   outer loop
     vertex  1.589500e+02  2.190000e+02  3.359500e+02
     vertex  1.590500e+02  2.190000e+02  3.390500e+02
     vertex  1.559500e+02  2.190000e+02  3.369500e+02
   endloop
 endfacet
 facet normal  0.000000e+00 -1.000000e+00  0.000000e+00
   outer loop
     vertex  1.589500e+02  2.190000e+02  3.359500e+02
     vertex  1.559500e+02  2.190000e+02  3.369500e+02
     vertex  1.559500e+02  2.190000e+02  3.359500e+02
   endloop
 endfacet
 facet normal  0.000000e+00 -1.000000e+00  0.000000e+00
   outer loop
     vertex  1.589500e+02  2.190000e+02  3.359500e+02
     vertex  1.599500e+02  2.190000e+02  3.390500e+02
     vertex  1.590500e+02  2.190000e+02  3.390500e+02
   endloop
 endfacet
 facet normal -0.000000e+00 -1.000000e+00  0.000000e+00
   outer loop
     vertex  1.660500e+02  2.190000e+02  3.410500e+02
     vertex  1.619500e+02  2.190000e+02  3.410500e+02
     vertex  1.619500e+02  2.190000e+02  3.400500e+02
   endloop
 endfacet
 facet normal -0.000000e+00 -1.000000e+00  0.000000e+00
   outer loop
     vertex  1.610500e+02  2.190000e+02  3.359500e+02
     vertex  1.589500e+02  2.190000e+02  3.359500e+02
     vertex  1.589500e+02  2.190000e+02  3.349500e+02
   endloop
 endfacet
 facet normal  0.000000e+00 -1.000000e+00  0.000000e+00
   outer loop
     vertex  1.610500e+02  2.190000e+02  3.359500e+02
     vertex  1.619500e+02  2.190000e+02  3.400500e+02
     vertex  1.599500e+02  2.190000e+02  3.390500e+02
   endloop
 endfacet
 facet normal  0.000000e+00 -1.000000e+00  0.000000e+00
   outer loop
     vertex  1.610500e+02  2.190000e+02  3.359500e+02
     vertex  1.599500e+02  2.190000e+02  3.390500e+02
     vertex  1.589500e+02  2.190000e+02  3.359500e+02
   endloop
 endfacet
 facet normal  0.000000e+00 -1.000000e+00  0.000000e+00
   outer loop
     vertex  1.670500e+02  2.190000e+02  3.419500e+02
     vertex  1.670500e+02  2.190000e+02  3.450500e+02
     vertex  1.660500e+02  2.190000e+02  3.450500e+02
   endloop
 endfacet
 facet normal  0.000000e+00 -1.000000e+00  0.000000e+00
   outer loop
     vertex  1.610500e+02  2.190000e+02  3.349500e+02
     vertex  1.610500e+02  2.190000e+02  3.359500e+02
     vertex  1.589500e+02  2.190000e+02  3.349500e+02
   endloop
 endfacet
 facet normal  0.000000e+00 -1.000000e+00  0.000000e+00
   outer loop
     vertex  1.650500e+02  2.190000e+02  3.379500e+02
     vertex  1.660500e+02  2.190000e+02  3.410500e+02
     vertex  1.619500e+02  2.190000e+02  3.400500e+02
   endloop
 endfacet
 facet normal -0.000000e+00 -1.000000e+00  0.000000e+00
   outer loop
     vertex  1.640500e+02  2.190000e+02  3.369500e+02
     vertex  1.619500e+02  2.190000e+02  3.400500e+02
     vertex  1.610500e+02  2.190000e+02  3.359500e+02
   endloop
 endfacet
 facet normal  0.000000e+00 -1.000000e+00  0.000000e+00
   outer loop
     vertex  1.640500e+02  2.190000e+02  3.369500e+02
     vertex  1.650500e+02  2.190000e+02  3.379500e+02
     vertex  1.619500e+02  2.190000e+02  3.400500e+02
   endloop
 endfacet
 facet normal  0.000000e+00 -1.000000e+00  0.000000e+00
   outer loop
     vertex  1.660500e+02  2.190000e+02  3.379500e+02
     vertex  1.660500e+02  2.190000e+02  3.410500e+02
     vertex  1.650500e+02  2.190000e+02  3.379500e+02
   endloop
 endfacet
 facet normal  0.000000e+00 -1.000000e+00  0.000000e+00
   outer loop
     vertex  1.650500e+02  2.190000e+02  3.369500e+02
     vertex  1.650500e+02  2.190000e+02  3.379500e+02
     vertex  1.640500e+02  2.190000e+02  3.369500e+02
   endloop
 endfacet
 facet normal  0.000000e+00 -1.000000e+00  0.000000e+00
   outer loop
     vertex  1.640500e+02  2.190000e+02  3.359500e+02
     vertex  1.640500e+02  2.190000e+02  3.369500e+02
     vertex  1.610500e+02  2.190000e+02  3.359500e+02
   endloop
 endfacet
 facet normal  0.000000e+00 -1.000000e+00  0.000000e+00
   outer loop
     vertex  1.570500e+02  2.190000e+02  3.419500e+02
     vertex  1.670500e+02  2.190000e+02  3.419500e+02
     vertex  1.660500e+02  2.190000e+02  3.450500e+02
   endloop
 endfacet
 facet normal  0.000000e+00 -1.000000e+00  0.000000e+00
   outer loop
     vertex  1.570500e+02  2.190000e+02  3.419500e+02
     vertex  1.660500e+02  2.190000e+02  3.450500e+02
     vertex  1.619500e+02  2.190000e+02  3.450500e+02
   endloop
 endfacet
 facet normal  0.000000e+00 -1.000000e+00  0.000000e+00
   outer loop
     vertex  1.570500e+02  2.190000e+02  3.419500e+02
     vertex  1.619500e+02  2.190000e+02  3.450500e+02
     vertex  1.580500e+02  2.190000e+02  3.450500e+02
   endloop
 endfacet
 facet normal  0.000000e+00  0.000000e+00  1.000000e+00
   outer loop
     vertex  1.539500e+02  2.200000e+02  3.470500e+02
     vertex  1.529500e+02  2.200000e+02  3.470500e+02
     vertex  1.529500e+02  2.190000e+02  3.470500e+02
   endloop
 endfacet
 facet normal  0.000000e+00  0.000000e+00  1.000000e+00
   outer loop
     vertex  1.539500e+02  2.200000e+02  3.470500e+02
     vertex  1.529500e+02  2.190000e+02  3.470500e+02
     vertex  1.539500e+02  2.190000e+02  3.470500e+02
   endloop
 endfacet
 facet normal -0.000000e+00  0.000000e+00 -1.000000e+00
   outer loop
     vertex  1.539500e+02  2.200000e+02  3.389500e+02
     vertex  1.529500e+02  2.190000e+02  3.389500e+02
     vertex  1.529500e+02  2.200000e+02  3.389500e+02
   endloop
 endfacet
 facet normal  0.000000e+00 -0.000000e+00 -1.000000e+00
   outer loop
     vertex  1.539500e+02  2.200000e+02  3.389500e+02
     vertex  1.539500e+02  2.190000e+02  3.389500e+02
     vertex  1.529500e+02  2.190000e+02  3.389500e+02
   endloop
 endfacet
 facet normal -1.000000e+00  0.000000e+00  0.000000e+00
   outer loop
     vertex  1.539500e+02  2.190000e+02  3.389500e+02
     vertex  1.539500e+02  2.200000e+02  3.379500e+02
     vertex  1.539500e+02  2.190000e+02  3.379500e+02
   endloop
 endfacet
 facet normal -1.000000e+00  0.000000e+00  0.000000e+00
   outer loop
     vertex  1.539500e+02  2.190000e+02  3.389500e+02
     vertex  1.539500e+02  2.200000e+02  3.389500e+02
     vertex  1.539500e+02  2.200000e+02  3.379500e+02
   endloop
 endfacet
 facet normal -0.000000e+00  0.000000e+00 -1.000000e+00
   outer loop
     vertex  1.549500e+02  2.200000e+02  3.379500e+02
     vertex  1.539500e+02  2.190000e+02  3.379500e+02
     vertex  1.539500e+02  2.200000e+02  3.379500e+02
   endloop
 endfacet
 facet normal  0.000000e+00 -0.000000e+00 -1.000000e+00
   outer loop
     vertex  1.549500e+02  2.200000e+02  3.379500e+02
     vertex  1.549500e+02  2.190000e+02  3.379500e+02
     vertex  1.539500e+02  2.190000e+02  3.379500e+02
   endloop
 endfacet
 facet normal -1.000000e+00  0.000000e+00  0.000000e+00
   outer loop
     vertex  1.549500e+02  2.190000e+02  3.379500e+02
     vertex  1.549500e+02  2.200000e+02  3.369500e+02
     vertex  1.549500e+02  2.190000e+02  3.369500e+02
   endloop
 endfacet
 facet normal -1.000000e+00  0.000000e+00  0.000000e+00
   outer loop
     vertex  1.549500e+02  2.190000e+02  3.379500e+02
     vertex  1.549500e+02  2.200000e+02  3.379500e+02
     vertex  1.549500e+02  2.200000e+02  3.369500e+02
   endloop
 endfacet
 facet normal -0.000000e+00  0.000000e+00 -1.000000e+00
   outer loop
     vertex  1.559500e+02  2.200000e+02  3.369500e+02
     vertex  1.549500e+02  2.190000e+02  3.369500e+02
     vertex  1.549500e+02  2.200000e+02  3.369500e+02
   endloop
 endfacet
 facet normal  0.000000e+00 -0.000000e+00 -1.000000e+00
   outer loop
     vertex  1.559500e+02  2.200000e+02  3.369500e+02
     vertex  1.559500e+02  2.190000e+02  3.369500e+02
     vertex  1.549500e+02  2.190000e+02  3.369500e+02
   endloop
 endfacet
 facet normal -1.000000e+00  0.000000e+00  0.000000e+00
   outer loop
     vertex  1.559500e+02  2.190000e+02  3.369500e+02
     vertex  1.559500e+02  2.200000e+02  3.359500e+02
     vertex  1.559500e+02  2.190000e+02  3.359500e+02
   endloop
 endfacet
 facet normal -1.000000e+00  0.000000e+00  0.000000e+00
   outer loop
     vertex  1.559500e+02  2.190000e+02  3.369500e+02
     vertex  1.559500e+02  2.200000e+02  3.369500e+02
     vertex  1.559500e+02  2.200000e+02  3.359500e+02
   endloop
 endfacet
 facet normal -0.000000e+00  0.000000e+00 -1.000000e+00
   outer loop
     vertex  1.589500e+02  2.200000e+02  3.359500e+02
     vertex  1.559500e+02  2.190000e+02  3.359500e+02
     vertex  1.559500e+02  2.200000e+02  3.359500e+02
   endloop
 endfacet
 facet normal  0.000000e+00 -0.000000e+00 -1.000000e+00
   outer loop
     vertex  1.589500e+02  2.200000e+02  3.359500e+02
     vertex  1.589500e+02  2.190000e+02  3.359500e+02
     vertex  1.559500e+02  2.190000e+02  3.359500e+02
   endloop
 endfacet
 facet normal -1.000000e+00  0.000000e+00  0.000000e+00
   outer loop
     vertex  1.589500e+02  2.190000e+02  3.359500e+02
     vertex  1.589500e+02  2.200000e+02  3.349500e+02
     vertex  1.589500e+02  2.190000e+02  3.349500e+02
   endloop
 endfacet
 facet normal -1.000000e+00  0.000000e+00  0.000000e+00
   outer loop
     vertex  1.589500e+02  2.190000e+02  3.359500e+02
     vertex  1.589500e+02  2.200000e+02  3.359500e+02
     vertex  1.589500e+02  2.200000e+02  3.349500e+02
   endloop
 endfacet
 facet normal -0.000000e+00  0.000000e+00 -1.000000e+00
   outer loop
     vertex  1.610500e+02  2.200000e+02  3.349500e+02
     vertex  1.589500e+02  2.190000e+02  3.349500e+02
     vertex  1.589500e+02  2.200000e+02  3.349500e+02
   endloop
 endfacet
 facet normal  0.000000e+00 -0.000000e+00 -1.000000e+00
   outer loop
     vertex  1.610500e+02  2.200000e+02  3.349500e+02
     vertex  1.610500e+02  2.190000e+02  3.349500e+02
     vertex  1.589500e+02  2.190000e+02  3.349500e+02
   endloop
 endfacet
 facet normal -0.000000e+00  0.000000e+00 -1.000000e+00
   outer loop
     vertex  1.660500e+02  2.200000e+02  3.379500e+02
     vertex  1.650500e+02  2.190000e+02  3.379500e+02
     vertex  1.650500e+02  2.200000e+02  3.379500e+02
   endloop
 endfacet
 facet normal  0.000000e+00 -0.000000e+00 -1.000000e+00
   outer loop
     vertex  1.660500e+02  2.200000e+02  3.379500e+02
     vertex  1.660500e+02  2.190000e+02  3.379500e+02
     vertex  1.650500e+02  2.190000e+02  3.379500e+02
   endloop
 endfacet
 facet normal  1.000000e+00  0.000000e+00  0.000000e+00
   outer loop
     vertex  1.650500e+02  2.190000e+02  3.379500e+02
     vertex  1.650500e+02  2.190000e+02  3.369500e+02
     vertex  1.650500e+02  2.200000e+02  3.369500e+02
   endloop
 endfacet
 facet normal  1.000000e+00 -0.000000e+00  0.000000e+00
   outer loop
     vertex  1.650500e+02  2.190000e+02  3.379500e+02
     vertex  1.650500e+02  2.200000e+02  3.369500e+02
     vertex  1.650500e+02  2.200000e+02  3.379500e+02
   endloop
 endfacet
 facet normal -0.000000e+00  0.000000e+00 -1.000000e+00
   outer loop
     vertex  1.650500e+02  2.200000e+02  3.369500e+02
     vertex  1.640500e+02  2.190000e+02  3.369500e+02
     vertex  1.640500e+02  2.200000e+02  3.369500e+02
   endloop
 endfacet
 facet normal  0.000000e+00 -0.000000e+00 -1.000000e+00
   outer loop
     vertex  1.650500e+02  2.200000e+02  3.369500e+02
     vertex  1.650500e+02  2.190000e+02  3.369500e+02
     vertex  1.640500e+02  2.190000e+02  3.369500e+02
   endloop
 endfacet
 facet normal  1.000000e+00  0.000000e+00  0.000000e+00
   outer loop
     vertex  1.640500e+02  2.190000e+02  3.369500e+02
     vertex  1.640500e+02  2.190000e+02  3.359500e+02
     vertex  1.640500e+02  2.200000e+02  3.359500e+02
   endloop
 endfacet
 facet normal  1.000000e+00 -0.000000e+00  0.000000e+00
   outer loop
     vertex  1.640500e+02  2.190000e+02  3.369500e+02
     vertex  1.640500e+02  2.200000e+02  3.359500e+02
     vertex  1.640500e+02  2.200000e+02  3.369500e+02
   endloop
 endfacet
 facet normal -0.000000e+00  0.000000e+00 -1.000000e+00
   outer loop
     vertex  1.640500e+02  2.200000e+02  3.359500e+02
     vertex  1.610500e+02  2.190000e+02  3.359500e+02
     vertex  1.610500e+02  2.200000e+02  3.359500e+02
   endloop
 endfacet
 facet normal  0.000000e+00 -0.000000e+00 -1.000000e+00
   outer loop
     vertex  1.640500e+02  2.200000e+02  3.359500e+02
     vertex  1.640500e+02  2.190000e+02  3.359500e+02
     vertex  1.610500e+02  2.190000e+02  3.359500e+02
   endloop
 endfacet
 facet normal  1.000000e+00  0.000000e+00  0.000000e+00
   outer loop
     vertex  1.610500e+02  2.190000e+02  3.359500e+02
     vertex  1.610500e+02  2.190000e+02  3.349500e+02
     vertex  1.610500e+02  2.200000e+02  3.349500e+02
   endloop
 endfacet
 facet normal  1.000000e+00 -0.000000e+00  0.000000e+00
   outer loop
     vertex  1.610500e+02  2.190000e+02  3.359500e+02
     vertex  1.610500e+02  2.200000e+02  3.349500e+02
     vertex  1.610500e+02  2.200000e+02  3.359500e+02
   endloop
 endfacet
 facet normal  0.000000e+00  0.000000e+00 -1.000000e+00
   outer loop
     vertex  1.670500e+02  2.190000e+02  3.419500e+02
     vertex  1.570500e+02  2.190000e+02  3.419500e+02
     vertex  1.570500e+02  2.200000e+02  3.419500e+02
   endloop
 endfacet
 facet normal -0.000000e+00 -0.000000e+00 -1.000000e+00
   outer loop
     vertex  1.670500e+02  2.200000e+02  3.419500e+02
     vertex  1.670500e+02  2.190000e+02  3.419500e+02
     vertex  1.570500e+02  2.200000e+02  3.419500e+02
   endloop
 endfacet
 facet normal  1.000000e+00  0.000000e+00  0.000000e+00
   outer loop
     vertex  1.570500e+02  2.190000e+02  3.419500e+02
     vertex  1.570500e+02  2.190000e+02  3.410500e+02
     vertex  1.570500e+02  2.200000e+02  3.410500e+02
   endloop
 endfacet
 facet normal  1.000000e+00 -0.000000e+00  0.000000e+00
   outer loop
     vertex  1.570500e+02  2.190000e+02  3.419500e+02
     vertex  1.570500e+02  2.200000e+02  3.410500e+02
     vertex  1.570500e+02  2.200000e+02  3.419500e+02
   endloop
 endfacet
 facet normal  0.000000e+00  0.000000e+00  1.000000e+00
   outer loop
     vertex  1.580500e+02  2.200000e+02  3.410500e+02
     vertex  1.570500e+02  2.200000e+02  3.410500e+02
     vertex  1.570500e+02  2.190000e+02  3.410500e+02
   endloop
 endfacet
 facet normal  0.000000e+00  0.000000e+00  1.000000e+00
   outer loop
     vertex  1.580500e+02  2.200000e+02  3.410500e+02
     vertex  1.570500e+02  2.190000e+02  3.410500e+02
     vertex  1.580500e+02  2.190000e+02  3.410500e+02
   endloop
 endfacet
 facet normal  1.000000e+00  0.000000e+00  0.000000e+00
   outer loop
     vertex  1.580500e+02  2.190000e+02  3.410500e+02
     vertex  1.580500e+02  2.190000e+02  3.400500e+02
     vertex  1.580500e+02  2.200000e+02  3.400500e+02
   endloop
 endfacet
 facet normal  1.000000e+00 -0.000000e+00  0.000000e+00
   outer loop
     vertex  1.580500e+02  2.190000e+02  3.410500e+02
     vertex  1.580500e+02  2.200000e+02  3.400500e+02
     vertex  1.580500e+02  2.200000e+02  3.410500e+02
   endloop
 endfacet
 facet normal  0.000000e+00  0.000000e+00  1.000000e+00
   outer loop
     vertex  1.590500e+02  2.200000e+02  3.400500e+02
     vertex  1.580500e+02  2.200000e+02  3.400500e+02
     vertex  1.580500e+02  2.190000e+02  3.400500e+02
   endloop
 endfacet
 facet normal  0.000000e+00  0.000000e+00  1.000000e+00
   outer loop
     vertex  1.590500e+02  2.200000e+02  3.400500e+02
     vertex  1.580500e+02  2.190000e+02  3.400500e+02
     vertex  1.590500e+02  2.190000e+02  3.400500e+02
   endloop
 endfacet
 facet normal  1.000000e+00  0.000000e+00  0.000000e+00
   outer loop
     vertex  1.590500e+02  2.190000e+02  3.400500e+02
     vertex  1.590500e+02  2.190000e+02  3.390500e+02
     vertex  1.590500e+02  2.200000e+02  3.390500e+02
   endloop
 endfacet
 facet normal  1.000000e+00 -0.000000e+00  0.000000e+00
   outer loop
     vertex  1.590500e+02  2.190000e+02  3.400500e+02
     vertex  1.590500e+02  2.200000e+02  3.390500e+02
     vertex  1.590500e+02  2.200000e+02  3.400500e+02
   endloop
 endfacet
 facet normal  0.000000e+00  0.000000e+00  1.000000e+00
   outer loop
     vertex  1.599500e+02  2.200000e+02  3.390500e+02
     vertex  1.590500e+02  2.200000e+02  3.390500e+02
     vertex  1.590500e+02  2.190000e+02  3.390500e+02
   endloop
 endfacet
 facet normal  0.000000e+00  0.000000e+00  1.000000e+00
   outer loop
     vertex  1.599500e+02  2.200000e+02  3.390500e+02
     vertex  1.590500e+02  2.190000e+02  3.390500e+02
     vertex  1.599500e+02  2.190000e+02  3.390500e+02
   endloop
 endfacet
 facet normal -1.000000e+00  0.000000e+00  0.000000e+00
   outer loop
     vertex  1.599500e+02  2.190000e+02  3.400500e+02
     vertex  1.599500e+02  2.200000e+02  3.390500e+02
     vertex  1.599500e+02  2.190000e+02  3.390500e+02
   endloop
 endfacet
 facet normal -1.000000e+00  0.000000e+00  0.000000e+00
   outer loop
     vertex  1.599500e+02  2.190000e+02  3.400500e+02
     vertex  1.599500e+02  2.200000e+02  3.400500e+02
     vertex  1.599500e+02  2.200000e+02  3.390500e+02
   endloop
 endfacet
 facet normal  0.000000e+00  0.000000e+00  1.000000e+00
   outer loop
     vertex  1.619500e+02  2.200000e+02  3.400500e+02
     vertex  1.599500e+02  2.200000e+02  3.400500e+02
     vertex  1.599500e+02  2.190000e+02  3.400500e+02
   endloop
 endfacet
 facet normal  0.000000e+00  0.000000e+00  1.000000e+00
   outer loop
     vertex  1.619500e+02  2.200000e+02  3.400500e+02
     vertex  1.599500e+02  2.190000e+02  3.400500e+02
     vertex  1.619500e+02  2.190000e+02  3.400500e+02
   endloop
 endfacet
 facet normal -1.000000e+00  0.000000e+00  0.000000e+00
   outer loop
     vertex  1.619500e+02  2.190000e+02  3.410500e+02
     vertex  1.619500e+02  2.200000e+02  3.400500e+02
     vertex  1.619500e+02  2.190000e+02  3.400500e+02
   endloop
 endfacet
 facet normal -1.000000e+00  0.000000e+00  0.000000e+00
   outer loop
     vertex  1.619500e+02  2.190000e+02  3.410500e+02
     vertex  1.619500e+02  2.200000e+02  3.410500e+02
     vertex  1.619500e+02  2.200000e+02  3.400500e+02
   endloop
 endfacet
 facet normal  0.000000e+00  0.000000e+00  1.000000e+00
   outer loop
     vertex  1.660500e+02  2.200000e+02  3.410500e+02
     vertex  1.619500e+02  2.200000e+02  3.410500e+02
     vertex  1.619500e+02  2.190000e+02  3.410500e+02
   endloop
 endfacet
 facet normal  0.000000e+00  0.000000e+00  1.000000e+00
   outer loop
     vertex  1.660500e+02  2.200000e+02  3.410500e+02
     vertex  1.619500e+02  2.190000e+02  3.410500e+02
     vertex  1.660500e+02  2.190000e+02  3.410500e+02
   endloop
 endfacet
 facet normal  0.000000e+00  0.000000e+00  1.000000e+00
   outer loop
     vertex  1.670500e+02  2.200000e+02  3.450500e+02
     vertex  1.660500e+02  2.200000e+02  3.450500e+02
     vertex  1.660500e+02  2.190000e+02  3.450500e+02
   endloop
 endfacet
 facet normal  0.000000e+00  0.000000e+00  1.000000e+00
   outer loop
     vertex  1.670500e+02  2.200000e+02  3.450500e+02
     vertex  1.660500e+02  2.190000e+02  3.450500e+02
     vertex  1.670500e+02  2.190000e+02  3.450500e+02
   endloop
 endfacet
 facet normal -0.000000e+00  0.000000e+00 -1.000000e+00
   outer loop
     vertex  1.609500e+02  2.200000e+02  3.469500e+02
     vertex  1.580500e+02  2.190000e+02  3.469500e+02
     vertex  1.580500e+02  2.200000e+02  3.469500e+02
   endloop
 endfacet
 facet normal  0.000000e+00 -0.000000e+00 -1.000000e+00
   outer loop
     vertex  1.609500e+02  2.200000e+02  3.469500e+02
     vertex  1.609500e+02  2.190000e+02  3.469500e+02
     vertex  1.580500e+02  2.190000e+02  3.469500e+02
   endloop
 endfacet
 facet normal -1.000000e+00  0.000000e+00  0.000000e+00
   outer loop
     vertex  1.609500e+02  2.190000e+02  3.469500e+02
     vertex  1.609500e+02  2.200000e+02  3.459500e+02
     vertex  1.609500e+02  2.190000e+02  3.459500e+02
   endloop
 endfacet
 facet normal -1.000000e+00  0.000000e+00  0.000000e+00
   outer loop
     vertex  1.609500e+02  2.190000e+02  3.469500e+02
     vertex  1.609500e+02  2.200000e+02  3.469500e+02
     vertex  1.609500e+02  2.200000e+02  3.459500e+02
   endloop
 endfacet
 facet normal -0.000000e+00  0.000000e+00 -1.000000e+00
   outer loop
     vertex  1.619500e+02  2.200000e+02  3.459500e+02
     vertex  1.609500e+02  2.190000e+02  3.459500e+02
     vertex  1.609500e+02  2.200000e+02  3.459500e+02
   endloop
 endfacet
 facet normal  0.000000e+00 -0.000000e+00 -1.000000e+00
   outer loop
     vertex  1.619500e+02  2.200000e+02  3.459500e+02
     vertex  1.619500e+02  2.190000e+02  3.459500e+02
     vertex  1.609500e+02  2.190000e+02  3.459500e+02
   endloop
 endfacet
 facet normal -1.000000e+00  0.000000e+00  0.000000e+00
   outer loop
     vertex  1.619500e+02  2.190000e+02  3.459500e+02
     vertex  1.619500e+02  2.200000e+02  3.450500e+02
     vertex  1.619500e+02  2.190000e+02  3.450500e+02
   endloop
 endfacet
 facet normal -1.000000e+00  0.000000e+00  0.000000e+00
   outer loop
     vertex  1.619500e+02  2.190000e+02  3.459500e+02
     vertex  1.619500e+02  2.200000e+02  3.459500e+02
     vertex  1.619500e+02  2.200000e+02  3.450500e+02
   endloop
 endfacet
 facet normal  0.000000e+00  0.000000e+00  1.000000e+00
   outer loop
     vertex  1.619500e+02  2.200000e+02  3.450500e+02
     vertex  1.580500e+02  2.200000e+02  3.450500e+02
     vertex  1.580500e+02  2.190000e+02  3.450500e+02
   endloop
 endfacet
 facet normal  0.000000e+00  0.000000e+00  1.000000e+00
   outer loop
     vertex  1.619500e+02  2.200000e+02  3.450500e+02
     vertex  1.580500e+02  2.190000e+02  3.450500e+02
     vertex  1.619500e+02  2.190000e+02  3.450500e+02
   endloop
 endfacet
 facet normal  0.000000e+00  1.000000e+00  0.000000e+00
   outer loop
     vertex  1.549500e+02  2.200000e+02  3.379500e+02
     vertex  1.559500e+02  2.200000e+02  3.369500e+02
     vertex  1.549500e+02  2.200000e+02  3.369500e+02
   endloop
 endfacet
 facet normal  0.000000e+00  1.000000e+00  0.000000e+00
   outer loop
     vertex  1.539500e+02  2.200000e+02  3.389500e+02
     vertex  1.549500e+02  2.200000e+02  3.379500e+02
     vertex  1.539500e+02  2.200000e+02  3.379500e+02
   endloop
 endfacet
 facet normal  0.000000e+00  1.000000e+00  0.000000e+00
   outer loop
     vertex  1.589500e+02  2.200000e+02  3.359500e+02
     vertex  1.559500e+02  2.200000e+02  3.359500e+02
     vertex  1.559500e+02  2.200000e+02  3.369500e+02
   endloop
 endfacet
 facet normal  0.000000e+00  1.000000e+00  0.000000e+00
   outer loop
     vertex  1.610500e+02  2.200000e+02  3.359500e+02
     vertex  1.610500e+02  2.200000e+02  3.349500e+02
     vertex  1.589500e+02  2.200000e+02  3.349500e+02
   endloop
 endfacet
 facet normal  0.000000e+00  1.000000e+00  0.000000e+00
   outer loop
     vertex  1.610500e+02  2.200000e+02  3.359500e+02
     vertex  1.589500e+02  2.200000e+02  3.349500e+02
     vertex  1.589500e+02  2.200000e+02  3.359500e+02
   endloop
 endfacet
 facet normal  0.000000e+00  1.000000e+00  0.000000e+00
   outer loop
     vertex  1.590500e+02  2.200000e+02  3.390500e+02
     vertex  1.589500e+02  2.200000e+02  3.359500e+02
     vertex  1.559500e+02  2.200000e+02  3.369500e+02
   endloop
 endfacet
 facet normal  0.000000e+00  1.000000e+00  0.000000e+00
   outer loop
     vertex  1.580500e+02  2.200000e+02  3.400500e+02
     vertex  1.559500e+02  2.200000e+02  3.369500e+02
     vertex  1.549500e+02  2.200000e+02  3.379500e+02
   endloop
 endfacet
 facet normal  0.000000e+00  1.000000e+00  0.000000e+00
   outer loop
     vertex  1.580500e+02  2.200000e+02  3.400500e+02
     vertex  1.590500e+02  2.200000e+02  3.390500e+02
     vertex  1.559500e+02  2.200000e+02  3.369500e+02
   endloop
 endfacet
 facet normal  0.000000e+00  1.000000e+00  0.000000e+00
   outer loop
     vertex  1.570500e+02  2.200000e+02  3.410500e+02
     vertex  1.549500e+02  2.200000e+02  3.379500e+02
     vertex  1.539500e+02  2.200000e+02  3.389500e+02
   endloop
 endfacet
 facet normal  0.000000e+00  1.000000e+00  0.000000e+00
   outer loop
     vertex  1.570500e+02  2.200000e+02  3.410500e+02
     vertex  1.580500e+02  2.200000e+02  3.400500e+02
     vertex  1.549500e+02  2.200000e+02  3.379500e+02
   endloop
 endfacet
 facet normal  0.000000e+00  1.000000e+00  0.000000e+00
   outer loop
     vertex  1.570500e+02  2.200000e+02  3.419500e+02
     vertex  1.539500e+02  2.200000e+02  3.389500e+02
     vertex  1.529500e+02  2.200000e+02  3.389500e+02
   endloop
 endfacet
 facet normal  0.000000e+00  1.000000e+00  0.000000e+00
   outer loop
     vertex  1.570500e+02  2.200000e+02  3.419500e+02
     vertex  1.570500e+02  2.200000e+02  3.410500e+02
     vertex  1.539500e+02  2.200000e+02  3.389500e+02
   endloop
 endfacet
 facet normal  0.000000e+00  1.000000e+00  0.000000e+00
   outer loop
     vertex  1.599500e+02  2.200000e+02  3.390500e+02
     vertex  1.610500e+02  2.200000e+02  3.359500e+02
     vertex  1.589500e+02  2.200000e+02  3.359500e+02
   endloop
 endfacet
 facet normal  0.000000e+00  1.000000e+00  0.000000e+00
   outer loop
     vertex  1.599500e+02  2.200000e+02  3.390500e+02
     vertex  1.589500e+02  2.200000e+02  3.359500e+02
     vertex  1.590500e+02  2.200000e+02  3.390500e+02
   endloop
 endfacet
 facet normal  0.000000e+00  1.000000e+00  0.000000e+00
   outer loop
     vertex  1.590500e+02  2.200000e+02  3.400500e+02
     vertex  1.590500e+02  2.200000e+02  3.390500e+02
     vertex  1.580500e+02  2.200000e+02  3.400500e+02
   endloop
 endfacet
 facet normal  0.000000e+00  1.000000e+00  0.000000e+00
   outer loop
     vertex  1.580500e+02  2.200000e+02  3.410500e+02
     vertex  1.580500e+02  2.200000e+02  3.400500e+02
     vertex  1.570500e+02  2.200000e+02  3.410500e+02
   endloop
 endfacet
 facet normal  0.000000e+00  1.000000e+00  0.000000e+00
   outer loop
     vertex  1.529500e+02  2.200000e+02  3.470500e+02
     vertex  1.570500e+02  2.200000e+02  3.419500e+02
     vertex  1.529500e+02  2.200000e+02  3.389500e+02
   endloop
 endfacet
 facet normal  0.000000e+00  1.000000e+00  0.000000e+00
   outer loop
     vertex  1.640500e+02  2.200000e+02  3.369500e+02
     vertex  1.640500e+02  2.200000e+02  3.359500e+02
     vertex  1.610500e+02  2.200000e+02  3.359500e+02
   endloop
 endfacet
 facet normal  0.000000e+00  1.000000e+00  0.000000e+00
   outer loop
     vertex  1.539500e+02  2.200000e+02  3.470500e+02
     vertex  1.570500e+02  2.200000e+02  3.419500e+02
     vertex  1.529500e+02  2.200000e+02  3.470500e+02
   endloop
 endfacet
 facet normal  0.000000e+00  1.000000e+00  0.000000e+00
   outer loop
     vertex  1.619500e+02  2.200000e+02  3.400500e+02
     vertex  1.599500e+02  2.200000e+02  3.390500e+02
     vertex  1.599500e+02  2.200000e+02  3.400500e+02
   endloop
 endfacet
 facet normal  0.000000e+00  1.000000e+00  0.000000e+00
   outer loop
     vertex  1.619500e+02  2.200000e+02  3.400500e+02
     vertex  1.610500e+02  2.200000e+02  3.359500e+02
     vertex  1.599500e+02  2.200000e+02  3.390500e+02
   endloop
 endfacet
 facet normal  0.000000e+00  1.000000e+00  0.000000e+00
   outer loop
     vertex  1.619500e+02  2.200000e+02  3.400500e+02
     vertex  1.640500e+02  2.200000e+02  3.369500e+02
     vertex  1.610500e+02  2.200000e+02  3.359500e+02
   endloop
 endfacet
 facet normal  0.000000e+00  1.000000e+00  0.000000e+00
   outer loop
     vertex  1.650500e+02  2.200000e+02  3.379500e+02
     vertex  1.650500e+02  2.200000e+02  3.369500e+02
     vertex  1.640500e+02  2.200000e+02  3.369500e+02
   endloop
 endfacet
 facet normal  0.000000e+00  1.000000e+00  0.000000e+00
   outer loop
     vertex  1.650500e+02  2.200000e+02  3.379500e+02
     vertex  1.640500e+02  2.200000e+02  3.369500e+02
     vertex  1.619500e+02  2.200000e+02  3.400500e+02
   endloop
 endfacet
 facet normal  0.000000e+00  1.000000e+00  0.000000e+00
   outer loop
     vertex  1.580500e+02  2.200000e+02  3.450500e+02
     vertex  1.570500e+02  2.200000e+02  3.419500e+02
     vertex  1.539500e+02  2.200000e+02  3.470500e+02
   endloop
 endfacet
 facet normal  0.000000e+00  1.000000e+00  0.000000e+00
   outer loop
     vertex  1.549500e+02  2.200000e+02  3.490500e+02
     vertex  1.539500e+02  2.200000e+02  3.470500e+02
     vertex  1.539500e+02  2.200000e+02  3.490500e+02
   endloop
 endfacet
 facet normal  0.000000e+00  1.000000e+00  0.000000e+00
   outer loop
     vertex  1.580500e+02  2.200000e+02  3.469500e+02
     vertex  1.539500e+02  2.200000e+02  3.470500e+02
     vertex  1.549500e+02  2.200000e+02  3.490500e+02
   endloop
 endfacet
 facet normal  0.000000e+00  1.000000e+00  0.000000e+00
   outer loop
     vertex  1.580500e+02  2.200000e+02  3.469500e+02
     vertex  1.580500e+02  2.200000e+02  3.450500e+02
     vertex  1.539500e+02  2.200000e+02  3.470500e+02
   endloop
 endfacet
 facet normal  0.000000e+00  1.000000e+00  0.000000e+00
   outer loop
     vertex  1.569500e+02  2.200000e+02  3.500500e+02
     vertex  1.580500e+02  2.200000e+02  3.469500e+02
     vertex  1.549500e+02  2.200000e+02  3.490500e+02
   endloop
 endfacet
 facet normal  0.000000e+00  1.000000e+00  0.000000e+00
   outer loop
     vertex  1.569500e+02  2.200000e+02  3.500500e+02
     vertex  1.549500e+02  2.200000e+02  3.490500e+02
     vertex  1.549500e+02  2.200000e+02  3.500500e+02
   endloop
 endfacet
 facet normal  0.000000e+00  1.000000e+00  0.000000e+00
   outer loop
     vertex  1.660500e+02  2.200000e+02  3.410500e+02
     vertex  1.650500e+02  2.200000e+02  3.379500e+02
     vertex  1.619500e+02  2.200000e+02  3.400500e+02
   endloop
 endfacet
 facet normal  0.000000e+00  1.000000e+00  0.000000e+00
   outer loop
     vertex  1.660500e+02  2.200000e+02  3.410500e+02
     vertex  1.619500e+02  2.200000e+02  3.400500e+02
     vertex  1.619500e+02  2.200000e+02  3.410500e+02
   endloop
 endfacet
 facet normal  0.000000e+00  1.000000e+00  0.000000e+00
   outer loop
     vertex  1.660500e+02  2.200000e+02  3.410500e+02
     vertex  1.660500e+02  2.200000e+02  3.379500e+02
     vertex  1.650500e+02  2.200000e+02  3.379500e+02
   endloop
 endfacet
 facet normal  0.000000e+00  1.000000e+00  0.000000e+00
   outer loop
     vertex  1.609500e+02  2.200000e+02  3.469500e+02
     vertex  1.619500e+02  2.200000e+02  3.459500e+02
     vertex  1.609500e+02  2.200000e+02  3.459500e+02
   endloop
 endfacet
 facet normal  0.000000e+00  1.000000e+00  0.000000e+00
   outer loop
     vertex  1.660500e+02  2.200000e+02  3.450500e+02
     vertex  1.619500e+02  2.200000e+02  3.450500e+02
     vertex  1.619500e+02  2.200000e+02  3.459500e+02
   endloop
 endfacet
 facet normal  0.000000e+00  1.000000e+00  0.000000e+00
   outer loop
     vertex  1.670500e+02  2.200000e+02  3.450500e+02
     vertex  1.670500e+02  2.200000e+02  3.419500e+02
     vertex  1.660500e+02  2.200000e+02  3.450500e+02
   endloop
 endfacet
 facet normal  0.000000e+00  1.000000e+00  0.000000e+00
   outer loop
     vertex  1.620500e+02  2.200000e+02  3.500500e+02
     vertex  1.580500e+02  2.200000e+02  3.469500e+02
     vertex  1.569500e+02  2.200000e+02  3.500500e+02
   endloop
 endfacet
 facet normal  0.000000e+00  1.000000e+00  0.000000e+00
   outer loop
     vertex  1.620500e+02  2.200000e+02  3.500500e+02
     vertex  1.609500e+02  2.200000e+02  3.469500e+02
     vertex  1.580500e+02  2.200000e+02  3.469500e+02
   endloop
 endfacet
 facet normal  0.000000e+00  1.000000e+00  0.000000e+00
   outer loop
     vertex  1.640500e+02  2.200000e+02  3.490500e+02
     vertex  1.619500e+02  2.200000e+02  3.459500e+02
     vertex  1.609500e+02  2.200000e+02  3.469500e+02
   endloop
 endfacet
 facet normal  0.000000e+00  1.000000e+00  0.000000e+00
   outer loop
     vertex  1.640500e+02  2.200000e+02  3.490500e+02
     vertex  1.609500e+02  2.200000e+02  3.469500e+02
     vertex  1.620500e+02  2.200000e+02  3.500500e+02
   endloop
 endfacet
 facet normal  0.000000e+00  1.000000e+00  0.000000e+00
   outer loop
     vertex  1.620500e+02  2.200000e+02  3.510500e+02
     vertex  1.620500e+02  2.200000e+02  3.500500e+02
     vertex  1.569500e+02  2.200000e+02  3.500500e+02
   endloop
 endfacet
 facet normal  0.000000e+00  1.000000e+00  0.000000e+00
   outer loop
     vertex  1.620500e+02  2.200000e+02  3.510500e+02
     vertex  1.569500e+02  2.200000e+02  3.500500e+02
     vertex  1.569500e+02  2.200000e+02  3.510500e+02
   endloop
 endfacet
 facet normal  0.000000e+00  1.000000e+00  0.000000e+00
   outer loop
     vertex  1.650500e+02  2.200000e+02  3.480500e+02
     vertex  1.660500e+02  2.200000e+02  3.450500e+02
     vertex  1.619500e+02  2.200000e+02  3.459500e+02
   endloop
 endfacet
 facet normal  0.000000e+00  1.000000e+00  0.000000e+00
   outer loop
     vertex  1.650500e+02  2.200000e+02  3.480500e+02
     vertex  1.619500e+02  2.200000e+02  3.459500e+02
     vertex  1.640500e+02  2.200000e+02  3.490500e+02
   endloop
 endfacet
 facet normal  0.000000e+00  1.000000e+00  0.000000e+00
   outer loop
     vertex  1.650500e+02  2.200000e+02  3.490500e+02
     vertex  1.650500e+02  2.200000e+02  3.480500e+02
     vertex  1.640500e+02  2.200000e+02  3.490500e+02
   endloop
 endfacet
 facet normal  0.000000e+00  1.000000e+00  0.000000e+00
   outer loop
     vertex  1.640500e+02  2.200000e+02  3.500500e+02
     vertex  1.640500e+02  2.200000e+02  3.490500e+02
     vertex  1.620500e+02  2.200000e+02  3.500500e+02
   endloop
 endfacet
 facet normal  0.000000e+00  1.000000e+00  0.000000e+00
   outer loop
     vertex  1.660500e+02  2.200000e+02  3.480500e+02
     vertex  1.660500e+02  2.200000e+02  3.450500e+02
     vertex  1.650500e+02  2.200000e+02  3.480500e+02
   endloop
 endfacet
 facet normal  0.000000e+00  1.000000e+00  0.000000e+00
   outer loop
     vertex  1.670500e+02  2.200000e+02  3.419500e+02
     vertex  1.570500e+02  2.200000e+02  3.419500e+02
     vertex  1.580500e+02  2.200000e+02  3.450500e+02
   endloop
 endfacet
 facet normal  0.000000e+00  1.000000e+00  0.000000e+00
   outer loop
     vertex  1.670500e+02  2.200000e+02  3.419500e+02
     vertex  1.580500e+02  2.200000e+02  3.450500e+02
     vertex  1.619500e+02  2.200000e+02  3.450500e+02
   endloop
 endfacet
 facet normal  0.000000e+00  1.000000e+00  0.000000e+00
   outer loop
     vertex  1.670500e+02  2.200000e+02  3.419500e+02
     vertex  1.619500e+02  2.200000e+02  3.450500e+02
     vertex  1.660500e+02  2.200000e+02  3.450500e+02
   endloop
 endfacet
 facet normal -1.000000e+00  0.000000e+00  0.000000e+00
   outer loop
     vertex  1.539500e+02  2.190000e+02  3.470500e+02
     vertex  1.539500e+02  2.190000e+02  3.490500e+02
     vertex  1.539500e+02  2.200000e+02  3.490500e+02
   endloop
 endfacet
 facet normal -1.000000e+00  0.000000e+00  0.000000e+00
   outer loop
     vertex  1.539500e+02  2.190000e+02  3.470500e+02
     vertex  1.539500e+02  2.200000e+02  3.490500e+02
     vertex  1.539500e+02  2.200000e+02  3.470500e+02
   endloop
 endfacet
 facet normal  1.000000e+00  0.000000e+00  0.000000e+00
   outer loop
     vertex  1.660500e+02  2.190000e+02  3.480500e+02
     vertex  1.660500e+02  2.190000e+02  3.450500e+02
     vertex  1.660500e+02  2.200000e+02  3.450500e+02
   endloop
 endfacet
 facet normal  1.000000e+00 -0.000000e+00  0.000000e+00
   outer loop
     vertex  1.660500e+02  2.190000e+02  3.480500e+02
     vertex  1.660500e+02  2.200000e+02  3.450500e+02
     vertex  1.660500e+02  2.200000e+02  3.480500e+02
   endloop
 endfacet
 facet normal  1.000000e+00  0.000000e+00  0.000000e+00
   outer loop
     vertex  1.660500e+02  2.190000e+02  3.410500e+02
     vertex  1.660500e+02  2.190000e+02  3.379500e+02
     vertex  1.660500e+02  2.200000e+02  3.379500e+02
   endloop
 endfacet
 facet normal  1.000000e+00 -0.000000e+00  0.000000e+00
   outer loop
     vertex  1.660500e+02  2.190000e+02  3.410500e+02
     vertex  1.660500e+02  2.200000e+02  3.379500e+02
     vertex  1.660500e+02  2.200000e+02  3.410500e+02
   endloop
 endfacet
 facet normal  1.000000e+00  0.000000e+00  0.000000e+00
   outer loop
     vertex  1.580500e+02  2.190000e+02  3.469500e+02
     vertex  1.580500e+02  2.190000e+02  3.450500e+02
     vertex  1.580500e+02  2.200000e+02  3.450500e+02
   endloop
 endfacet
 facet normal  1.000000e+00 -0.000000e+00  0.000000e+00
   outer loop
     vertex  1.580500e+02  2.190000e+02  3.469500e+02
     vertex  1.580500e+02  2.200000e+02  3.450500e+02
     vertex  1.580500e+02  2.200000e+02  3.469500e+02
   endloop
 endfacet
 facet normal -1.000000e+00  0.000000e+00  0.000000e+00
   outer loop
     vertex  1.529500e+02  2.190000e+02  3.389500e+02
     vertex  1.529500e+02  2.190000e+02  3.470500e+02
     vertex  1.529500e+02  2.200000e+02  3.470500e+02
   endloop
 endfacet
 facet normal -1.000000e+00  0.000000e+00  0.000000e+00
   outer loop
     vertex  1.529500e+02  2.190000e+02  3.389500e+02
     vertex  1.529500e+02  2.200000e+02  3.470500e+02
     vertex  1.529500e+02  2.200000e+02  3.389500e+02
   endloop
 endfacet
 facet normal  1.000000e+00  0.000000e+00  0.000000e+00
   outer loop
     vertex  1.670500e+02  2.190000e+02  3.450500e+02
     vertex  1.670500e+02  2.190000e+02  3.419500e+02
     vertex  1.670500e+02  2.200000e+02  3.419500e+02
   endloop
 endfacet
 facet normal  1.000000e+00 -0.000000e+00  0.000000e+00
   outer loop
     vertex  1.670500e+02  2.190000e+02  3.450500e+02
     vertex  1.670500e+02  2.200000e+02  3.419500e+02
     vertex  1.670500e+02  2.200000e+02  3.450500e+02
   endloop
 endfacet
 facet normal  0.000000e+00  0.000000e+00  1.000000e+00
   outer loop
     vertex  1.790500e+02  2.200000e+02  3.500500e+02
     vertex  1.780500e+02  2.200000e+02  3.500500e+02
     vertex  1.780500e+02  2.190000e+02  3.500500e+02
   endloop
 endfacet
 facet normal  0.000000e+00  0.000000e+00  1.000000e+00
   outer loop
     vertex  1.790500e+02  2.200000e+02  3.500500e+02
     vertex  1.780500e+02  2.190000e+02  3.500500e+02
     vertex  1.790500e+02  2.190000e+02  3.500500e+02
   endloop
 endfacet
 facet normal  1.000000e+00  0.000000e+00  0.000000e+00
   outer loop
     vertex  1.780500e+02  2.190000e+02  3.510500e+02
     vertex  1.780500e+02  2.190000e+02  3.500500e+02
     vertex  1.780500e+02  2.200000e+02  3.500500e+02
   endloop
 endfacet
 facet normal  1.000000e+00 -0.000000e+00  0.000000e+00
   outer loop
     vertex  1.780500e+02  2.190000e+02  3.510500e+02
     vertex  1.780500e+02  2.200000e+02  3.500500e+02
     vertex  1.780500e+02  2.200000e+02  3.510500e+02
   endloop
 endfacet
 facet normal  0.000000e+00  0.000000e+00  1.000000e+00
   outer loop
     vertex  1.780500e+02  2.200000e+02  3.510500e+02
     vertex  1.749500e+02  2.200000e+02  3.510500e+02
     vertex  1.749500e+02  2.190000e+02  3.510500e+02
   endloop
 endfacet
 facet normal  0.000000e+00  0.000000e+00  1.000000e+00
   outer loop
     vertex  1.780500e+02  2.200000e+02  3.510500e+02
     vertex  1.749500e+02  2.190000e+02  3.510500e+02
     vertex  1.780500e+02  2.190000e+02  3.510500e+02
   endloop
 endfacet
 facet normal -1.000000e+00  0.000000e+00  0.000000e+00
   outer loop
     vertex  1.749500e+02  2.190000e+02  3.510500e+02
     vertex  1.749500e+02  2.200000e+02  3.500500e+02
     vertex  1.749500e+02  2.190000e+02  3.500500e+02
   endloop
 endfacet
 facet normal -1.000000e+00  0.000000e+00  0.000000e+00
   outer loop
     vertex  1.749500e+02  2.190000e+02  3.510500e+02
     vertex  1.749500e+02  2.200000e+02  3.510500e+02
     vertex  1.749500e+02  2.200000e+02  3.500500e+02
   endloop
 endfacet
 facet normal  0.000000e+00  0.000000e+00  1.000000e+00
   outer loop
     vertex  1.749500e+02  2.200000e+02  3.500500e+02
     vertex  1.739500e+02  2.200000e+02  3.500500e+02
     vertex  1.739500e+02  2.190000e+02  3.500500e+02
   endloop
 endfacet
 facet normal  0.000000e+00  0.000000e+00  1.000000e+00
   outer loop
     vertex  1.749500e+02  2.200000e+02  3.500500e+02
     vertex  1.739500e+02  2.190000e+02  3.500500e+02
     vertex  1.749500e+02  2.190000e+02  3.500500e+02
   endloop
 endfacet
 facet normal  0.000000e+00 -1.000000e+00  0.000000e+00
   outer loop
     vertex  1.749500e+02  2.190000e+02  3.479500e+02
     vertex  1.749500e+02  2.190000e+02  3.500500e+02
     vertex  1.739500e+02  2.190000e+02  3.500500e+02
   endloop
 endfacet
 facet normal  0.000000e+00 -1.000000e+00  0.000000e+00
   outer loop
     vertex  1.749500e+02  2.190000e+02  3.479500e+02
     vertex  1.739500e+02  2.190000e+02  3.500500e+02
     vertex  1.739500e+02  2.190000e+02  3.479500e+02
   endloop
 endfacet
 facet normal  0.000000e+00 -1.000000e+00  0.000000e+00
   outer loop
     vertex  1.780500e+02  2.190000e+02  3.500500e+02
     vertex  1.780500e+02  2.190000e+02  3.510500e+02
     vertex  1.749500e+02  2.190000e+02  3.510500e+02
   endloop
 endfacet
 facet normal  0.000000e+00 -1.000000e+00  0.000000e+00
   outer loop
     vertex  1.780500e+02  2.190000e+02  3.500500e+02
     vertex  1.749500e+02  2.190000e+02  3.510500e+02
     vertex  1.749500e+02  2.190000e+02  3.500500e+02
   endloop
 endfacet
 facet normal -0.000000e+00 -1.000000e+00  0.000000e+00
   outer loop
     vertex  1.780500e+02  2.190000e+02  3.500500e+02
     vertex  1.749500e+02  2.190000e+02  3.500500e+02
     vertex  1.749500e+02  2.190000e+02  3.479500e+02
   endloop
 endfacet
 facet normal  0.000000e+00 -1.000000e+00  0.000000e+00
   outer loop
     vertex  1.790500e+02  2.190000e+02  3.480500e+02
     vertex  1.790500e+02  2.190000e+02  3.500500e+02
     vertex  1.780500e+02  2.190000e+02  3.500500e+02
   endloop
 endfacet
 facet normal -0.000000e+00 -1.000000e+00  0.000000e+00
   outer loop
     vertex  1.790500e+02  2.190000e+02  3.480500e+02
     vertex  1.780500e+02  2.190000e+02  3.500500e+02
     vertex  1.749500e+02  2.190000e+02  3.479500e+02
   endloop
 endfacet
 facet normal  0.000000e+00 -1.000000e+00  0.000000e+00
   outer loop
     vertex  1.759500e+02  2.190000e+02  3.449500e+02
     vertex  1.749500e+02  2.190000e+02  3.479500e+02
     vertex  1.749500e+02  2.190000e+02  3.449500e+02
   endloop
 endfacet
 facet normal  0.000000e+00 -1.000000e+00  0.000000e+00
   outer loop
     vertex  1.759500e+02  2.190000e+02  3.449500e+02
     vertex  1.790500e+02  2.190000e+02  3.480500e+02
     vertex  1.749500e+02  2.190000e+02  3.479500e+02
   endloop
 endfacet
 facet normal  0.000000e+00 -1.000000e+00  0.000000e+00
   outer loop
     vertex  1.769500e+02  2.190000e+02  3.419500e+02
     vertex  1.759500e+02  2.190000e+02  3.449500e+02
     vertex  1.759500e+02  2.190000e+02  3.419500e+02
   endloop
 endfacet
 facet normal  0.000000e+00 -1.000000e+00  0.000000e+00
   outer loop
     vertex  1.800500e+02  2.190000e+02  3.440500e+02
     vertex  1.800500e+02  2.190000e+02  3.480500e+02
     vertex  1.790500e+02  2.190000e+02  3.480500e+02
   endloop
 endfacet
 facet normal -0.000000e+00 -1.000000e+00  0.000000e+00
   outer loop
     vertex  1.800500e+02  2.190000e+02  3.440500e+02
     vertex  1.759500e+02  2.190000e+02  3.449500e+02
     vertex  1.769500e+02  2.190000e+02  3.419500e+02
   endloop
 endfacet
 facet normal  0.000000e+00 -1.000000e+00  0.000000e+00
   outer loop
     vertex  1.800500e+02  2.190000e+02  3.440500e+02
     vertex  1.790500e+02  2.190000e+02  3.480500e+02
     vertex  1.759500e+02  2.190000e+02  3.449500e+02
   endloop
 endfacet
 facet normal  0.000000e+00 -1.000000e+00  0.000000e+00
   outer loop
     vertex  1.829500e+02  2.190000e+02  3.460500e+02
     vertex  1.839500e+02  2.190000e+02  3.500500e+02
     vertex  1.829500e+02  2.190000e+02  3.500500e+02
   endloop
 endfacet
 facet normal -0.000000e+00 -1.000000e+00  0.000000e+00
   outer loop
     vertex  1.880500e+02  2.190000e+02  3.510500e+02
     vertex  1.839500e+02  2.190000e+02  3.510500e+02
     vertex  1.839500e+02  2.190000e+02  3.500500e+02
   endloop
 endfacet
 facet normal  0.000000e+00 -1.000000e+00  0.000000e+00
   outer loop
     vertex  1.810500e+02  2.190000e+02  3.420500e+02
     vertex  1.810500e+02  2.190000e+02  3.440500e+02
     vertex  1.800500e+02  2.190000e+02  3.440500e+02
   endloop
 endfacet
 facet normal -0.000000e+00 -1.000000e+00  0.000000e+00
   outer loop
     vertex  1.810500e+02  2.190000e+02  3.420500e+02
     vertex  1.800500e+02  2.190000e+02  3.440500e+02
     vertex  1.769500e+02  2.190000e+02  3.419500e+02
   endloop
 endfacet
 facet normal  0.000000e+00 -1.000000e+00  0.000000e+00
   outer loop
     vertex  1.779500e+02  2.190000e+02  3.389500e+02
     vertex  1.769500e+02  2.190000e+02  3.419500e+02
     vertex  1.769500e+02  2.190000e+02  3.389500e+02
   endloop
 endfacet
 facet normal  0.000000e+00 -1.000000e+00  0.000000e+00
   outer loop
     vertex  1.779500e+02  2.190000e+02  3.389500e+02
     vertex  1.810500e+02  2.190000e+02  3.420500e+02
     vertex  1.769500e+02  2.190000e+02  3.419500e+02
   endloop
 endfacet
 facet normal  0.000000e+00 -1.000000e+00  0.000000e+00
   outer loop
     vertex  1.870500e+02  2.190000e+02  3.469500e+02
     vertex  1.880500e+02  2.190000e+02  3.510500e+02
     vertex  1.839500e+02  2.190000e+02  3.500500e+02
   endloop
 endfacet
 facet normal -0.000000e+00 -1.000000e+00  0.000000e+00
   outer loop
     vertex  1.870500e+02  2.190000e+02  3.469500e+02
     vertex  1.839500e+02  2.190000e+02  3.500500e+02
     vertex  1.829500e+02  2.190000e+02  3.460500e+02
   endloop
 endfacet
 facet normal  0.000000e+00 -1.000000e+00  0.000000e+00
   outer loop
     vertex  1.880500e+02  2.190000e+02  3.469500e+02
     vertex  1.880500e+02  2.190000e+02  3.510500e+02
     vertex  1.870500e+02  2.190000e+02  3.469500e+02
   endloop
 endfacet
 facet normal  0.000000e+00 -1.000000e+00  0.000000e+00
   outer loop
     vertex  1.789500e+02  2.190000e+02  3.369500e+02
     vertex  1.779500e+02  2.190000e+02  3.389500e+02
     vertex  1.779500e+02  2.190000e+02  3.369500e+02
   endloop
 endfacet
 facet normal  0.000000e+00 -1.000000e+00  0.000000e+00
   outer loop
     vertex  1.789500e+02  2.190000e+02  3.369500e+02
     vertex  1.810500e+02  2.190000e+02  3.420500e+02
     vertex  1.779500e+02  2.190000e+02  3.389500e+02
   endloop
 endfacet
 facet normal  0.000000e+00 -1.000000e+00  0.000000e+00
   outer loop
     vertex  1.860500e+02  2.190000e+02  3.439500e+02
     vertex  1.870500e+02  2.190000e+02  3.469500e+02
     vertex  1.829500e+02  2.190000e+02  3.460500e+02
   endloop
 endfacet
 facet normal -0.000000e+00 -1.000000e+00  0.000000e+00
   outer loop
     vertex  1.860500e+02  2.190000e+02  3.439500e+02
     vertex  1.829500e+02  2.190000e+02  3.460500e+02
     vertex  1.819500e+02  2.190000e+02  3.420500e+02
   endloop
 endfacet
 facet normal  0.000000e+00 -1.000000e+00  0.000000e+00
   outer loop
     vertex  1.870500e+02  2.190000e+02  3.439500e+02
     vertex  1.870500e+02  2.190000e+02  3.469500e+02
     vertex  1.860500e+02  2.190000e+02  3.439500e+02
   endloop
 endfacet
 facet normal -0.000000e+00 -1.000000e+00  0.000000e+00
   outer loop
     vertex  1.779500e+02  2.190000e+02  3.340500e+02
     vertex  1.759500e+02  2.190000e+02  3.340500e+02
     vertex  1.759500e+02  2.190000e+02  3.329500e+02
   endloop
 endfacet
 facet normal -0.000000e+00 -1.000000e+00  0.000000e+00
   outer loop
     vertex  1.789500e+02  2.190000e+02  3.350500e+02
     vertex  1.779500e+02  2.190000e+02  3.350500e+02
     vertex  1.779500e+02  2.190000e+02  3.340500e+02
   endloop
 endfacet
 facet normal  0.000000e+00 -1.000000e+00  0.000000e+00
   outer loop
     vertex  1.850500e+02  2.190000e+02  3.409500e+02
     vertex  1.860500e+02  2.190000e+02  3.439500e+02
     vertex  1.819500e+02  2.190000e+02  3.420500e+02
   endloop
 endfacet
 facet normal  0.000000e+00 -1.000000e+00  0.000000e+00
   outer loop
     vertex  1.860500e+02  2.190000e+02  3.409500e+02
     vertex  1.860500e+02  2.190000e+02  3.439500e+02
     vertex  1.850500e+02  2.190000e+02  3.409500e+02
   endloop
 endfacet
 facet normal -0.000000e+00 -1.000000e+00  0.000000e+00
   outer loop
     vertex  1.840500e+02  2.190000e+02  3.389500e+02
     vertex  1.810500e+02  2.190000e+02  3.420500e+02
     vertex  1.789500e+02  2.190000e+02  3.369500e+02
   endloop
 endfacet
 facet normal  0.000000e+00 -1.000000e+00  0.000000e+00
   outer loop
     vertex  1.840500e+02  2.190000e+02  3.389500e+02
     vertex  1.850500e+02  2.190000e+02  3.409500e+02
     vertex  1.819500e+02  2.190000e+02  3.420500e+02
   endloop
 endfacet
 facet normal  0.000000e+00 -1.000000e+00  0.000000e+00
   outer loop
     vertex  1.840500e+02  2.190000e+02  3.389500e+02
     vertex  1.819500e+02  2.190000e+02  3.420500e+02
     vertex  1.810500e+02  2.190000e+02  3.420500e+02
   endloop
 endfacet
 facet normal  0.000000e+00 -1.000000e+00  0.000000e+00
   outer loop
     vertex  1.850500e+02  2.190000e+02  3.389500e+02
     vertex  1.850500e+02  2.190000e+02  3.409500e+02
     vertex  1.840500e+02  2.190000e+02  3.389500e+02
   endloop
 endfacet
 facet normal  0.000000e+00 -1.000000e+00  0.000000e+00
   outer loop
     vertex  1.830500e+02  2.190000e+02  3.359500e+02
     vertex  1.840500e+02  2.190000e+02  3.389500e+02
     vertex  1.789500e+02  2.190000e+02  3.369500e+02
   endloop
 endfacet
 facet normal -0.000000e+00 -1.000000e+00  0.000000e+00
   outer loop
     vertex  1.830500e+02  2.190000e+02  3.359500e+02
     vertex  1.789500e+02  2.190000e+02  3.369500e+02
     vertex  1.789500e+02  2.190000e+02  3.350500e+02
   endloop
 endfacet
 facet normal  0.000000e+00 -1.000000e+00  0.000000e+00
   outer loop
     vertex  1.840500e+02  2.190000e+02  3.359500e+02
     vertex  1.840500e+02  2.190000e+02  3.389500e+02
     vertex  1.830500e+02  2.190000e+02  3.359500e+02
   endloop
 endfacet
 facet normal  0.000000e+00 -1.000000e+00  0.000000e+00
   outer loop
     vertex  1.830500e+02  2.190000e+02  3.329500e+02
     vertex  1.779500e+02  2.190000e+02  3.340500e+02
     vertex  1.759500e+02  2.190000e+02  3.329500e+02
   endloop
 endfacet
 facet normal  0.000000e+00 -1.000000e+00  0.000000e+00
   outer loop
     vertex  1.830500e+02  2.190000e+02  3.329500e+02
     vertex  1.789500e+02  2.190000e+02  3.350500e+02
     vertex  1.779500e+02  2.190000e+02  3.340500e+02
   endloop
 endfacet
 facet normal  0.000000e+00 -1.000000e+00  0.000000e+00
   outer loop
     vertex  1.830500e+02  2.190000e+02  3.329500e+02
     vertex  1.830500e+02  2.190000e+02  3.359500e+02
     vertex  1.789500e+02  2.190000e+02  3.350500e+02
   endloop
 endfacet
 facet normal  0.000000e+00 -1.000000e+00  0.000000e+00
   outer loop
     vertex  1.819500e+02  2.190000e+02  3.460500e+02
     vertex  1.819500e+02  2.190000e+02  3.420500e+02
     vertex  1.829500e+02  2.190000e+02  3.460500e+02
   endloop
 endfacet
 facet normal -0.000000e+00  0.000000e+00 -1.000000e+00
   outer loop
     vertex  1.749500e+02  2.200000e+02  3.479500e+02
     vertex  1.739500e+02  2.190000e+02  3.479500e+02
     vertex  1.739500e+02  2.200000e+02  3.479500e+02
   endloop
 endfacet
 facet normal  0.000000e+00 -0.000000e+00 -1.000000e+00
   outer loop
     vertex  1.749500e+02  2.200000e+02  3.479500e+02
     vertex  1.749500e+02  2.190000e+02  3.479500e+02
     vertex  1.739500e+02  2.190000e+02  3.479500e+02
   endloop
 endfacet
 facet normal -0.000000e+00  0.000000e+00 -1.000000e+00
   outer loop
     vertex  1.759500e+02  2.200000e+02  3.449500e+02
     vertex  1.749500e+02  2.190000e+02  3.449500e+02
     vertex  1.749500e+02  2.200000e+02  3.449500e+02
   endloop
 endfacet
 facet normal  0.000000e+00 -0.000000e+00 -1.000000e+00
   outer loop
     vertex  1.759500e+02  2.200000e+02  3.449500e+02
     vertex  1.759500e+02  2.190000e+02  3.449500e+02
     vertex  1.749500e+02  2.190000e+02  3.449500e+02
   endloop
 endfacet
 facet normal -0.000000e+00  0.000000e+00 -1.000000e+00
   outer loop
     vertex  1.769500e+02  2.200000e+02  3.419500e+02
     vertex  1.759500e+02  2.190000e+02  3.419500e+02
     vertex  1.759500e+02  2.200000e+02  3.419500e+02
   endloop
 endfacet
 facet normal  0.000000e+00 -0.000000e+00 -1.000000e+00
   outer loop
     vertex  1.769500e+02  2.200000e+02  3.419500e+02
     vertex  1.769500e+02  2.190000e+02  3.419500e+02
     vertex  1.759500e+02  2.190000e+02  3.419500e+02
   endloop
 endfacet
 facet normal -0.000000e+00  0.000000e+00 -1.000000e+00
   outer loop
     vertex  1.779500e+02  2.200000e+02  3.389500e+02
     vertex  1.769500e+02  2.190000e+02  3.389500e+02
     vertex  1.769500e+02  2.200000e+02  3.389500e+02
   endloop
 endfacet
 facet normal  0.000000e+00 -0.000000e+00 -1.000000e+00
   outer loop
     vertex  1.779500e+02  2.200000e+02  3.389500e+02
     vertex  1.779500e+02  2.190000e+02  3.389500e+02
     vertex  1.769500e+02  2.190000e+02  3.389500e+02
   endloop
 endfacet
 facet normal -0.000000e+00  0.000000e+00 -1.000000e+00
   outer loop
     vertex  1.789500e+02  2.200000e+02  3.369500e+02
     vertex  1.779500e+02  2.190000e+02  3.369500e+02
     vertex  1.779500e+02  2.200000e+02  3.369500e+02
   endloop
 endfacet
 facet normal  0.000000e+00 -0.000000e+00 -1.000000e+00
   outer loop
     vertex  1.789500e+02  2.200000e+02  3.369500e+02
     vertex  1.789500e+02  2.190000e+02  3.369500e+02
     vertex  1.779500e+02  2.190000e+02  3.369500e+02
   endloop
 endfacet
 facet normal  0.000000e+00  0.000000e+00  1.000000e+00
   outer loop
     vertex  1.789500e+02  2.200000e+02  3.350500e+02
     vertex  1.779500e+02  2.200000e+02  3.350500e+02
     vertex  1.779500e+02  2.190000e+02  3.350500e+02
   endloop
 endfacet
 facet normal  0.000000e+00  0.000000e+00  1.000000e+00
   outer loop
     vertex  1.789500e+02  2.200000e+02  3.350500e+02
     vertex  1.779500e+02  2.190000e+02  3.350500e+02
     vertex  1.789500e+02  2.190000e+02  3.350500e+02
   endloop
 endfacet
 facet normal -1.000000e+00  0.000000e+00  0.000000e+00
   outer loop
     vertex  1.779500e+02  2.190000e+02  3.350500e+02
     vertex  1.779500e+02  2.200000e+02  3.340500e+02
     vertex  1.779500e+02  2.190000e+02  3.340500e+02
   endloop
 endfacet
 facet normal -1.000000e+00  0.000000e+00  0.000000e+00
   outer loop
     vertex  1.779500e+02  2.190000e+02  3.350500e+02
     vertex  1.779500e+02  2.200000e+02  3.350500e+02
     vertex  1.779500e+02  2.200000e+02  3.340500e+02
   endloop
 endfacet
 facet normal  0.000000e+00  0.000000e+00  1.000000e+00
   outer loop
     vertex  1.779500e+02  2.200000e+02  3.340500e+02
     vertex  1.759500e+02  2.200000e+02  3.340500e+02
     vertex  1.759500e+02  2.190000e+02  3.340500e+02
   endloop
 endfacet
 facet normal  0.000000e+00  0.000000e+00  1.000000e+00
   outer loop
     vertex  1.779500e+02  2.200000e+02  3.340500e+02
     vertex  1.759500e+02  2.190000e+02  3.340500e+02
     vertex  1.779500e+02  2.190000e+02  3.340500e+02
   endloop
 endfacet
 facet normal -1.000000e+00  0.000000e+00  0.000000e+00
   outer loop
     vertex  1.759500e+02  2.190000e+02  3.340500e+02
     vertex  1.759500e+02  2.200000e+02  3.329500e+02
     vertex  1.759500e+02  2.190000e+02  3.329500e+02
   endloop
 endfacet
 facet normal -1.000000e+00  0.000000e+00  0.000000e+00
   outer loop
     vertex  1.759500e+02  2.190000e+02  3.340500e+02
     vertex  1.759500e+02  2.200000e+02  3.340500e+02
     vertex  1.759500e+02  2.200000e+02  3.329500e+02
   endloop
 endfacet
 facet normal -0.000000e+00  0.000000e+00 -1.000000e+00
   outer loop
     vertex  1.830500e+02  2.200000e+02  3.329500e+02
     vertex  1.759500e+02  2.190000e+02  3.329500e+02
     vertex  1.759500e+02  2.200000e+02  3.329500e+02
   endloop
 endfacet
 facet normal  0.000000e+00 -0.000000e+00 -1.000000e+00
   outer loop
     vertex  1.830500e+02  2.200000e+02  3.329500e+02
     vertex  1.830500e+02  2.190000e+02  3.329500e+02
     vertex  1.759500e+02  2.190000e+02  3.329500e+02
   endloop
 endfacet
 facet normal -0.000000e+00  0.000000e+00 -1.000000e+00
   outer loop
     vertex  1.840500e+02  2.200000e+02  3.359500e+02
     vertex  1.830500e+02  2.190000e+02  3.359500e+02
     vertex  1.830500e+02  2.200000e+02  3.359500e+02
   endloop
 endfacet
 facet normal  0.000000e+00 -0.000000e+00 -1.000000e+00
   outer loop
     vertex  1.840500e+02  2.200000e+02  3.359500e+02
     vertex  1.840500e+02  2.190000e+02  3.359500e+02
     vertex  1.830500e+02  2.190000e+02  3.359500e+02
   endloop
 endfacet
 facet normal -0.000000e+00  0.000000e+00 -1.000000e+00
   outer loop
     vertex  1.850500e+02  2.200000e+02  3.389500e+02
     vertex  1.840500e+02  2.190000e+02  3.389500e+02
     vertex  1.840500e+02  2.200000e+02  3.389500e+02
   endloop
 endfacet
 facet normal  0.000000e+00 -0.000000e+00 -1.000000e+00
   outer loop
     vertex  1.850500e+02  2.200000e+02  3.389500e+02
     vertex  1.850500e+02  2.190000e+02  3.389500e+02
     vertex  1.840500e+02  2.190000e+02  3.389500e+02
   endloop
 endfacet
 facet normal -0.000000e+00  0.000000e+00 -1.000000e+00
   outer loop
     vertex  1.860500e+02  2.200000e+02  3.409500e+02
     vertex  1.850500e+02  2.190000e+02  3.409500e+02
     vertex  1.850500e+02  2.200000e+02  3.409500e+02
   endloop
 endfacet
 facet normal  0.000000e+00 -0.000000e+00 -1.000000e+00
   outer loop
     vertex  1.860500e+02  2.200000e+02  3.409500e+02
     vertex  1.860500e+02  2.190000e+02  3.409500e+02
     vertex  1.850500e+02  2.190000e+02  3.409500e+02
   endloop
 endfacet
 facet normal -0.000000e+00  0.000000e+00 -1.000000e+00
   outer loop
     vertex  1.870500e+02  2.200000e+02  3.439500e+02
     vertex  1.860500e+02  2.190000e+02  3.439500e+02
     vertex  1.860500e+02  2.200000e+02  3.439500e+02
   endloop
 endfacet
 facet normal  0.000000e+00 -0.000000e+00 -1.000000e+00
   outer loop
     vertex  1.870500e+02  2.200000e+02  3.439500e+02
     vertex  1.870500e+02  2.190000e+02  3.439500e+02
     vertex  1.860500e+02  2.190000e+02  3.439500e+02
   endloop
 endfacet
 facet normal -0.000000e+00  0.000000e+00 -1.000000e+00
   outer loop
     vertex  1.880500e+02  2.200000e+02  3.469500e+02
     vertex  1.870500e+02  2.190000e+02  3.469500e+02
     vertex  1.870500e+02  2.200000e+02  3.469500e+02
   endloop
 endfacet
 facet normal  0.000000e+00 -0.000000e+00 -1.000000e+00
   outer loop
     vertex  1.880500e+02  2.200000e+02  3.469500e+02
     vertex  1.880500e+02  2.190000e+02  3.469500e+02
     vertex  1.870500e+02  2.190000e+02  3.469500e+02
   endloop
 endfacet
 facet normal  0.000000e+00  0.000000e+00  1.000000e+00
   outer loop
     vertex  1.839500e+02  2.200000e+02  3.500500e+02
     vertex  1.829500e+02  2.200000e+02  3.500500e+02
     vertex  1.829500e+02  2.190000e+02  3.500500e+02
   endloop
 endfacet
 facet normal  0.000000e+00  0.000000e+00  1.000000e+00
   outer loop
     vertex  1.839500e+02  2.200000e+02  3.500500e+02
     vertex  1.829500e+02  2.190000e+02  3.500500e+02
     vertex  1.839500e+02  2.190000e+02  3.500500e+02
   endloop
 endfacet
 facet normal -1.000000e+00  0.000000e+00  0.000000e+00
   outer loop
     vertex  1.839500e+02  2.190000e+02  3.510500e+02
     vertex  1.839500e+02  2.200000e+02  3.500500e+02
     vertex  1.839500e+02  2.190000e+02  3.500500e+02
   endloop
 endfacet
 facet normal -1.000000e+00  0.000000e+00  0.000000e+00
   outer loop
     vertex  1.839500e+02  2.190000e+02  3.510500e+02
     vertex  1.839500e+02  2.200000e+02  3.510500e+02
     vertex  1.839500e+02  2.200000e+02  3.500500e+02
   endloop
 endfacet
 facet normal  0.000000e+00  0.000000e+00  1.000000e+00
   outer loop
     vertex  1.880500e+02  2.200000e+02  3.510500e+02
     vertex  1.839500e+02  2.200000e+02  3.510500e+02
     vertex  1.839500e+02  2.190000e+02  3.510500e+02
   endloop
 endfacet
 facet normal  0.000000e+00  0.000000e+00  1.000000e+00
   outer loop
     vertex  1.880500e+02  2.200000e+02  3.510500e+02
     vertex  1.839500e+02  2.190000e+02  3.510500e+02
     vertex  1.880500e+02  2.190000e+02  3.510500e+02
   endloop
 endfacet
 facet normal  0.000000e+00  0.000000e+00  1.000000e+00
   outer loop
     vertex  1.829500e+02  2.200000e+02  3.460500e+02
     vertex  1.819500e+02  2.200000e+02  3.460500e+02
     vertex  1.819500e+02  2.190000e+02  3.460500e+02
   endloop
 endfacet
 facet normal  0.000000e+00  0.000000e+00  1.000000e+00
   outer loop
     vertex  1.829500e+02  2.200000e+02  3.460500e+02
     vertex  1.819500e+02  2.190000e+02  3.460500e+02
     vertex  1.829500e+02  2.190000e+02  3.460500e+02
   endloop
 endfacet
 facet normal  0.000000e+00  0.000000e+00  1.000000e+00
   outer loop
     vertex  1.819500e+02  2.200000e+02  3.420500e+02
     vertex  1.810500e+02  2.200000e+02  3.420500e+02
     vertex  1.810500e+02  2.190000e+02  3.420500e+02
   endloop
 endfacet
 facet normal  0.000000e+00  0.000000e+00  1.000000e+00
   outer loop
     vertex  1.819500e+02  2.200000e+02  3.420500e+02
     vertex  1.810500e+02  2.190000e+02  3.420500e+02
     vertex  1.819500e+02  2.190000e+02  3.420500e+02
   endloop
 endfacet
 facet normal  0.000000e+00  0.000000e+00  1.000000e+00
   outer loop
     vertex  1.810500e+02  2.200000e+02  3.440500e+02
     vertex  1.800500e+02  2.200000e+02  3.440500e+02
     vertex  1.800500e+02  2.190000e+02  3.440500e+02
   endloop
 endfacet
 facet normal  0.000000e+00  0.000000e+00  1.000000e+00
   outer loop
     vertex  1.810500e+02  2.200000e+02  3.440500e+02
     vertex  1.800500e+02  2.190000e+02  3.440500e+02
     vertex  1.810500e+02  2.190000e+02  3.440500e+02
   endloop
 endfacet
 facet normal  0.000000e+00  0.000000e+00  1.000000e+00
   outer loop
     vertex  1.800500e+02  2.200000e+02  3.480500e+02
     vertex  1.790500e+02  2.200000e+02  3.480500e+02
     vertex  1.790500e+02  2.190000e+02  3.480500e+02
   endloop
 endfacet
 facet normal  0.000000e+00  0.000000e+00  1.000000e+00
   outer loop
     vertex  1.800500e+02  2.200000e+02  3.480500e+02
     vertex  1.790500e+02  2.190000e+02  3.480500e+02
     vertex  1.800500e+02  2.190000e+02  3.480500e+02
   endloop
 endfacet
 facet normal  1.000000e+00  0.000000e+00  0.000000e+00
   outer loop
     vertex  1.790500e+02  2.190000e+02  3.500500e+02
     vertex  1.790500e+02  2.190000e+02  3.480500e+02
     vertex  1.790500e+02  2.200000e+02  3.480500e+02
   endloop
 endfacet
 facet normal  1.000000e+00 -0.000000e+00  0.000000e+00
   outer loop
     vertex  1.790500e+02  2.190000e+02  3.500500e+02
     vertex  1.790500e+02  2.200000e+02  3.480500e+02
     vertex  1.790500e+02  2.200000e+02  3.500500e+02
   endloop
 endfacet
 facet normal -1.000000e+00  0.000000e+00  0.000000e+00
   outer loop
     vertex  1.739500e+02  2.190000e+02  3.479500e+02
     vertex  1.739500e+02  2.190000e+02  3.500500e+02
     vertex  1.739500e+02  2.200000e+02  3.500500e+02
   endloop
 endfacet
 facet normal -1.000000e+00  0.000000e+00  0.000000e+00
   outer loop
     vertex  1.739500e+02  2.190000e+02  3.479500e+02
     vertex  1.739500e+02  2.200000e+02  3.500500e+02
     vertex  1.739500e+02  2.200000e+02  3.479500e+02
   endloop
 endfacet
 facet normal -1.000000e+00  0.000000e+00  0.000000e+00
   outer loop
     vertex  1.749500e+02  2.190000e+02  3.449500e+02
     vertex  1.749500e+02  2.190000e+02  3.479500e+02
     vertex  1.749500e+02  2.200000e+02  3.479500e+02
   endloop
 endfacet
 facet normal -1.000000e+00  0.000000e+00  0.000000e+00
   outer loop
     vertex  1.749500e+02  2.190000e+02  3.449500e+02
     vertex  1.749500e+02  2.200000e+02  3.479500e+02
     vertex  1.749500e+02  2.200000e+02  3.449500e+02
   endloop
 endfacet
 facet normal  0.000000e+00  1.000000e+00  0.000000e+00
   outer loop
     vertex  1.779500e+02  2.200000e+02  3.340500e+02
     vertex  1.759500e+02  2.200000e+02  3.329500e+02
     vertex  1.759500e+02  2.200000e+02  3.340500e+02
   endloop
 endfacet
 facet normal  0.000000e+00  1.000000e+00  0.000000e+00
   outer loop
     vertex  1.789500e+02  2.200000e+02  3.350500e+02
     vertex  1.779500e+02  2.200000e+02  3.340500e+02
     vertex  1.779500e+02  2.200000e+02  3.350500e+02
   endloop
 endfacet
 facet normal  0.000000e+00  1.000000e+00  0.000000e+00
   outer loop
     vertex  1.830500e+02  2.200000e+02  3.329500e+02
     vertex  1.759500e+02  2.200000e+02  3.329500e+02
     vertex  1.779500e+02  2.200000e+02  3.340500e+02
   endloop
 endfacet
 facet normal  0.000000e+00  1.000000e+00  0.000000e+00
   outer loop
     vertex  1.830500e+02  2.200000e+02  3.329500e+02
     vertex  1.779500e+02  2.200000e+02  3.340500e+02
     vertex  1.789500e+02  2.200000e+02  3.350500e+02
   endloop
 endfacet
 facet normal  0.000000e+00  1.000000e+00  0.000000e+00
   outer loop
     vertex  1.779500e+02  2.200000e+02  3.389500e+02
     vertex  1.789500e+02  2.200000e+02  3.369500e+02
     vertex  1.779500e+02  2.200000e+02  3.369500e+02
   endloop
 endfacet
 facet normal  0.000000e+00  1.000000e+00  0.000000e+00
   outer loop
     vertex  1.769500e+02  2.200000e+02  3.419500e+02
     vertex  1.779500e+02  2.200000e+02  3.389500e+02
     vertex  1.769500e+02  2.200000e+02  3.389500e+02
   endloop
 endfacet
 facet normal  0.000000e+00  1.000000e+00  0.000000e+00
   outer loop
     vertex  1.830500e+02  2.200000e+02  3.359500e+02
     vertex  1.789500e+02  2.200000e+02  3.350500e+02
     vertex  1.789500e+02  2.200000e+02  3.369500e+02
   endloop
 endfacet
 facet normal  0.000000e+00  1.000000e+00  0.000000e+00
   outer loop
     vertex  1.830500e+02  2.200000e+02  3.359500e+02
     vertex  1.830500e+02  2.200000e+02  3.329500e+02
     vertex  1.789500e+02  2.200000e+02  3.350500e+02
   endloop
 endfacet
 facet normal  0.000000e+00  1.000000e+00  0.000000e+00
   outer loop
     vertex  1.759500e+02  2.200000e+02  3.449500e+02
     vertex  1.769500e+02  2.200000e+02  3.419500e+02
     vertex  1.759500e+02  2.200000e+02  3.419500e+02
   endloop
 endfacet
 facet normal  0.000000e+00  1.000000e+00  0.000000e+00
   outer loop
     vertex  1.749500e+02  2.200000e+02  3.479500e+02
     vertex  1.759500e+02  2.200000e+02  3.449500e+02
     vertex  1.749500e+02  2.200000e+02  3.449500e+02
   endloop
 endfacet
 facet normal  0.000000e+00  1.000000e+00  0.000000e+00
   outer loop
     vertex  1.840500e+02  2.200000e+02  3.389500e+02
     vertex  1.840500e+02  2.200000e+02  3.359500e+02
     vertex  1.830500e+02  2.200000e+02  3.359500e+02
   endloop
 endfacet
 facet normal  0.000000e+00  1.000000e+00  0.000000e+00
   outer loop
     vertex  1.840500e+02  2.200000e+02  3.389500e+02
     vertex  1.830500e+02  2.200000e+02  3.359500e+02
     vertex  1.789500e+02  2.200000e+02  3.369500e+02
   endloop
 endfacet
 facet normal  0.000000e+00  1.000000e+00  0.000000e+00
   outer loop
     vertex  1.810500e+02  2.200000e+02  3.420500e+02
     vertex  1.789500e+02  2.200000e+02  3.369500e+02
     vertex  1.779500e+02  2.200000e+02  3.389500e+02
   endloop
 endfacet
 facet normal  0.000000e+00  1.000000e+00  0.000000e+00
   outer loop
     vertex  1.810500e+02  2.200000e+02  3.420500e+02
     vertex  1.779500e+02  2.200000e+02  3.389500e+02
     vertex  1.769500e+02  2.200000e+02  3.419500e+02
   endloop
 endfacet
 facet normal  0.000000e+00  1.000000e+00  0.000000e+00
   outer loop
     vertex  1.810500e+02  2.200000e+02  3.420500e+02
     vertex  1.840500e+02  2.200000e+02  3.389500e+02
     vertex  1.789500e+02  2.200000e+02  3.369500e+02
   endloop
 endfacet
 facet normal  0.000000e+00  1.000000e+00  0.000000e+00
   outer loop
     vertex  1.819500e+02  2.200000e+02  3.420500e+02
     vertex  1.840500e+02  2.200000e+02  3.389500e+02
     vertex  1.810500e+02  2.200000e+02  3.420500e+02
   endloop
 endfacet
 facet normal  0.000000e+00  1.000000e+00  0.000000e+00
   outer loop
     vertex  1.800500e+02  2.200000e+02  3.440500e+02
     vertex  1.810500e+02  2.200000e+02  3.420500e+02
     vertex  1.769500e+02  2.200000e+02  3.419500e+02
   endloop
 endfacet
 facet normal  0.000000e+00  1.000000e+00  0.000000e+00
   outer loop
     vertex  1.800500e+02  2.200000e+02  3.440500e+02
     vertex  1.769500e+02  2.200000e+02  3.419500e+02
     vertex  1.759500e+02  2.200000e+02  3.449500e+02
   endloop
 endfacet
 facet normal  0.000000e+00  1.000000e+00  0.000000e+00
   outer loop
     vertex  1.749500e+02  2.200000e+02  3.500500e+02
     vertex  1.749500e+02  2.200000e+02  3.479500e+02
     vertex  1.739500e+02  2.200000e+02  3.479500e+02
   endloop
 endfacet
 facet normal  0.000000e+00  1.000000e+00  0.000000e+00
   outer loop
     vertex  1.749500e+02  2.200000e+02  3.500500e+02
     vertex  1.739500e+02  2.200000e+02  3.479500e+02
     vertex  1.739500e+02  2.200000e+02  3.500500e+02
   endloop
 endfacet
 facet normal  0.000000e+00  1.000000e+00  0.000000e+00
   outer loop
     vertex  1.810500e+02  2.200000e+02  3.440500e+02
     vertex  1.810500e+02  2.200000e+02  3.420500e+02
     vertex  1.800500e+02  2.200000e+02  3.440500e+02
   endloop
 endfacet
 facet normal  0.000000e+00  1.000000e+00  0.000000e+00
   outer loop
     vertex  1.850500e+02  2.200000e+02  3.409500e+02
     vertex  1.850500e+02  2.200000e+02  3.389500e+02
     vertex  1.840500e+02  2.200000e+02  3.389500e+02
   endloop
 endfacet
 facet normal  0.000000e+00  1.000000e+00  0.000000e+00
   outer loop
     vertex  1.850500e+02  2.200000e+02  3.409500e+02
     vertex  1.840500e+02  2.200000e+02  3.389500e+02
     vertex  1.819500e+02  2.200000e+02  3.420500e+02
   endloop
 endfacet
 facet normal  0.000000e+00  1.000000e+00  0.000000e+00
   outer loop
     vertex  1.790500e+02  2.200000e+02  3.480500e+02
     vertex  1.759500e+02  2.200000e+02  3.449500e+02
     vertex  1.749500e+02  2.200000e+02  3.479500e+02
   endloop
 endfacet
 facet normal  0.000000e+00  1.000000e+00  0.000000e+00
   outer loop
     vertex  1.790500e+02  2.200000e+02  3.480500e+02
     vertex  1.800500e+02  2.200000e+02  3.440500e+02
     vertex  1.759500e+02  2.200000e+02  3.449500e+02
   endloop
 endfacet
 facet normal  0.000000e+00  1.000000e+00  0.000000e+00
   outer loop
     vertex  1.800500e+02  2.200000e+02  3.480500e+02
     vertex  1.800500e+02  2.200000e+02  3.440500e+02
     vertex  1.790500e+02  2.200000e+02  3.480500e+02
   endloop
 endfacet
 facet normal  0.000000e+00  1.000000e+00  0.000000e+00
   outer loop
     vertex  1.780500e+02  2.200000e+02  3.500500e+02
     vertex  1.790500e+02  2.200000e+02  3.480500e+02
     vertex  1.749500e+02  2.200000e+02  3.479500e+02
   endloop
 endfacet
 facet normal  0.000000e+00  1.000000e+00  0.000000e+00
   outer loop
     vertex  1.780500e+02  2.200000e+02  3.500500e+02
     vertex  1.749500e+02  2.200000e+02  3.479500e+02
     vertex  1.749500e+02  2.200000e+02  3.500500e+02
   endloop
 endfacet
 facet normal  0.000000e+00  1.000000e+00  0.000000e+00
   outer loop
     vertex  1.790500e+02  2.200000e+02  3.500500e+02
     vertex  1.790500e+02  2.200000e+02  3.480500e+02
     vertex  1.780500e+02  2.200000e+02  3.500500e+02
   endloop
 endfacet
 facet normal  0.000000e+00  1.000000e+00  0.000000e+00
   outer loop
     vertex  1.780500e+02  2.200000e+02  3.510500e+02
     vertex  1.780500e+02  2.200000e+02  3.500500e+02
     vertex  1.749500e+02  2.200000e+02  3.500500e+02
   endloop
 endfacet
 facet normal  0.000000e+00  1.000000e+00  0.000000e+00
   outer loop
     vertex  1.780500e+02  2.200000e+02  3.510500e+02
     vertex  1.749500e+02  2.200000e+02  3.500500e+02
     vertex  1.749500e+02  2.200000e+02  3.510500e+02
   endloop
 endfacet
 facet normal  0.000000e+00  1.000000e+00  0.000000e+00
   outer loop
     vertex  1.860500e+02  2.200000e+02  3.439500e+02
     vertex  1.850500e+02  2.200000e+02  3.409500e+02
     vertex  1.819500e+02  2.200000e+02  3.420500e+02
   endloop
 endfacet
 facet normal  0.000000e+00  1.000000e+00  0.000000e+00
   outer loop
     vertex  1.860500e+02  2.200000e+02  3.439500e+02
     vertex  1.819500e+02  2.200000e+02  3.420500e+02
     vertex  1.829500e+02  2.200000e+02  3.460500e+02
   endloop
 endfacet
 facet normal  0.000000e+00  1.000000e+00  0.000000e+00
   outer loop
     vertex  1.860500e+02  2.200000e+02  3.439500e+02
     vertex  1.860500e+02  2.200000e+02  3.409500e+02
     vertex  1.850500e+02  2.200000e+02  3.409500e+02
   endloop
 endfacet
 facet normal  0.000000e+00  1.000000e+00  0.000000e+00
   outer loop
     vertex  1.870500e+02  2.200000e+02  3.469500e+02
     vertex  1.860500e+02  2.200000e+02  3.439500e+02
     vertex  1.829500e+02  2.200000e+02  3.460500e+02
   endloop
 endfacet
 facet normal  0.000000e+00  1.000000e+00  0.000000e+00
   outer loop
     vertex  1.870500e+02  2.200000e+02  3.469500e+02
     vertex  1.870500e+02  2.200000e+02  3.439500e+02
     vertex  1.860500e+02  2.200000e+02  3.439500e+02
   endloop
 endfacet
 facet normal  0.000000e+00  1.000000e+00  0.000000e+00
   outer loop
     vertex  1.839500e+02  2.200000e+02  3.500500e+02
     vertex  1.829500e+02  2.200000e+02  3.460500e+02
     vertex  1.829500e+02  2.200000e+02  3.500500e+02
   endloop
 endfacet
 facet normal  0.000000e+00  1.000000e+00  0.000000e+00
   outer loop
     vertex  1.839500e+02  2.200000e+02  3.500500e+02
     vertex  1.870500e+02  2.200000e+02  3.469500e+02
     vertex  1.829500e+02  2.200000e+02  3.460500e+02
   endloop
 endfacet
 facet normal  0.000000e+00  1.000000e+00  0.000000e+00
   outer loop
     vertex  1.880500e+02  2.200000e+02  3.510500e+02
     vertex  1.839500e+02  2.200000e+02  3.500500e+02
     vertex  1.839500e+02  2.200000e+02  3.510500e+02
   endloop
 endfacet
 facet normal  0.000000e+00  1.000000e+00  0.000000e+00
   outer loop
     vertex  1.880500e+02  2.200000e+02  3.510500e+02
     vertex  1.880500e+02  2.200000e+02  3.469500e+02
     vertex  1.870500e+02  2.200000e+02  3.469500e+02
   endloop
 endfacet
 facet normal  0.000000e+00  1.000000e+00  0.000000e+00
   outer loop
     vertex  1.880500e+02  2.200000e+02  3.510500e+02
     vertex  1.870500e+02  2.200000e+02  3.469500e+02
     vertex  1.839500e+02  2.200000e+02  3.500500e+02
   endloop
 endfacet
 facet normal  0.000000e+00  1.000000e+00  0.000000e+00
   outer loop
     vertex  1.819500e+02  2.200000e+02  3.420500e+02
     vertex  1.819500e+02  2.200000e+02  3.460500e+02
     vertex  1.829500e+02  2.200000e+02  3.460500e+02
   endloop
 endfacet
 facet normal  1.000000e+00  0.000000e+00  0.000000e+00
   outer loop
     vertex  1.800500e+02  2.190000e+02  3.480500e+02
     vertex  1.800500e+02  2.190000e+02  3.440500e+02
     vertex  1.800500e+02  2.200000e+02  3.440500e+02
   endloop
 endfacet
 facet normal  1.000000e+00 -0.000000e+00  0.000000e+00
   outer loop
     vertex  1.800500e+02  2.190000e+02  3.480500e+02
     vertex  1.800500e+02  2.200000e+02  3.440500e+02
     vertex  1.800500e+02  2.200000e+02  3.480500e+02
   endloop
 endfacet
 facet normal -1.000000e+00  0.000000e+00  0.000000e+00
   outer loop
     vertex  1.759500e+02  2.190000e+02  3.419500e+02
     vertex  1.759500e+02  2.190000e+02  3.449500e+02
     vertex  1.759500e+02  2.200000e+02  3.449500e+02
   endloop
 endfacet
 facet normal -1.000000e+00  0.000000e+00  0.000000e+00
   outer loop
     vertex  1.759500e+02  2.190000e+02  3.419500e+02
     vertex  1.759500e+02  2.200000e+02  3.449500e+02
     vertex  1.759500e+02  2.200000e+02  3.419500e+02
   endloop
 endfacet
 facet normal  1.000000e+00  0.000000e+00  0.000000e+00
   outer loop
     vertex  1.810500e+02  2.190000e+02  3.440500e+02
     vertex  1.810500e+02  2.190000e+02  3.420500e+02
     vertex  1.810500e+02  2.200000e+02  3.420500e+02
   endloop
 endfacet
 facet normal  1.000000e+00 -0.000000e+00  0.000000e+00
   outer loop
     vertex  1.810500e+02  2.190000e+02  3.440500e+02
     vertex  1.810500e+02  2.200000e+02  3.420500e+02
     vertex  1.810500e+02  2.200000e+02  3.440500e+02
   endloop
 endfacet
 facet normal -1.000000e+00  0.000000e+00  0.000000e+00
   outer loop
     vertex  1.769500e+02  2.190000e+02  3.389500e+02
     vertex  1.769500e+02  2.190000e+02  3.419500e+02
     vertex  1.769500e+02  2.200000e+02  3.419500e+02
   endloop
 endfacet
 facet normal -1.000000e+00  0.000000e+00  0.000000e+00
   outer loop
     vertex  1.769500e+02  2.190000e+02  3.389500e+02
     vertex  1.769500e+02  2.200000e+02  3.419500e+02
     vertex  1.769500e+02  2.200000e+02  3.389500e+02
   endloop
 endfacet
 facet normal  1.000000e+00  0.000000e+00  0.000000e+00
   outer loop
     vertex  1.860500e+02  2.190000e+02  3.439500e+02
     vertex  1.860500e+02  2.190000e+02  3.409500e+02
     vertex  1.860500e+02  2.200000e+02  3.409500e+02
   endloop
 endfacet
 facet normal  1.000000e+00 -0.000000e+00  0.000000e+00
   outer loop
     vertex  1.860500e+02  2.190000e+02  3.439500e+02
     vertex  1.860500e+02  2.200000e+02  3.409500e+02
     vertex  1.860500e+02  2.200000e+02  3.439500e+02
   endloop
 endfacet
 facet normal -1.000000e+00  0.000000e+00  0.000000e+00
   outer loop
     vertex  1.819500e+02  2.190000e+02  3.420500e+02
     vertex  1.819500e+02  2.200000e+02  3.460500e+02
     vertex  1.819500e+02  2.200000e+02  3.420500e+02
   endloop
 endfacet
 facet normal -1.000000e+00  0.000000e+00  0.000000e+00
   outer loop
     vertex  1.819500e+02  2.190000e+02  3.420500e+02
     vertex  1.819500e+02  2.190000e+02  3.460500e+02
     vertex  1.819500e+02  2.200000e+02  3.460500e+02
   endloop
 endfacet
 facet normal  1.000000e+00  0.000000e+00  0.000000e+00
   outer loop
     vertex  1.850500e+02  2.190000e+02  3.409500e+02
     vertex  1.850500e+02  2.190000e+02  3.389500e+02
     vertex  1.850500e+02  2.200000e+02  3.389500e+02
   endloop
 endfacet
 facet normal  1.000000e+00 -0.000000e+00  0.000000e+00
   outer loop
     vertex  1.850500e+02  2.190000e+02  3.409500e+02
     vertex  1.850500e+02  2.200000e+02  3.389500e+02
     vertex  1.850500e+02  2.200000e+02  3.409500e+02
   endloop
 endfacet
 facet normal -1.000000e+00  0.000000e+00  0.000000e+00
   outer loop
     vertex  1.779500e+02  2.190000e+02  3.369500e+02
     vertex  1.779500e+02  2.190000e+02  3.389500e+02
     vertex  1.779500e+02  2.200000e+02  3.389500e+02
   endloop
 endfacet
 facet normal -1.000000e+00  0.000000e+00  0.000000e+00
   outer loop
     vertex  1.779500e+02  2.190000e+02  3.369500e+02
     vertex  1.779500e+02  2.200000e+02  3.389500e+02
     vertex  1.779500e+02  2.200000e+02  3.369500e+02
   endloop
 endfacet
 facet normal  1.000000e+00  0.000000e+00  0.000000e+00
   outer loop
     vertex  1.840500e+02  2.190000e+02  3.389500e+02
     vertex  1.840500e+02  2.190000e+02  3.359500e+02
     vertex  1.840500e+02  2.200000e+02  3.359500e+02
   endloop
 endfacet
 facet normal  1.000000e+00 -0.000000e+00  0.000000e+00
   outer loop
     vertex  1.840500e+02  2.190000e+02  3.389500e+02
     vertex  1.840500e+02  2.200000e+02  3.359500e+02
     vertex  1.840500e+02  2.200000e+02  3.389500e+02
   endloop
 endfacet
 facet normal  1.000000e+00  0.000000e+00  0.000000e+00
   outer loop
     vertex  1.870500e+02  2.190000e+02  3.469500e+02
     vertex  1.870500e+02  2.190000e+02  3.439500e+02
     vertex  1.870500e+02  2.200000e+02  3.439500e+02
   endloop
 endfacet
 facet normal  1.000000e+00 -0.000000e+00  0.000000e+00
   outer loop
     vertex  1.870500e+02  2.190000e+02  3.469500e+02
     vertex  1.870500e+02  2.200000e+02  3.439500e+02
     vertex  1.870500e+02  2.200000e+02  3.469500e+02
   endloop
 endfacet
 facet normal -1.000000e+00  0.000000e+00  0.000000e+00
   outer loop
     vertex  1.829500e+02  2.190000e+02  3.460500e+02
     vertex  1.829500e+02  2.200000e+02  3.500500e+02
     vertex  1.829500e+02  2.200000e+02  3.460500e+02
   endloop
 endfacet
 facet normal -1.000000e+00  0.000000e+00  0.000000e+00
   outer loop
     vertex  1.829500e+02  2.190000e+02  3.460500e+02
     vertex  1.829500e+02  2.190000e+02  3.500500e+02
     vertex  1.829500e+02  2.200000e+02  3.500500e+02
   endloop
 endfacet
 facet normal -1.000000e+00  0.000000e+00  0.000000e+00
   outer loop
     vertex  1.789500e+02  2.190000e+02  3.350500e+02
     vertex  1.789500e+02  2.190000e+02  3.369500e+02
     vertex  1.789500e+02  2.200000e+02  3.369500e+02
   endloop
 endfacet
 facet normal -1.000000e+00  0.000000e+00  0.000000e+00
   outer loop
     vertex  1.789500e+02  2.190000e+02  3.350500e+02
     vertex  1.789500e+02  2.200000e+02  3.369500e+02
     vertex  1.789500e+02  2.200000e+02  3.350500e+02
   endloop
 endfacet
 facet normal  1.000000e+00  0.000000e+00  0.000000e+00
   outer loop
     vertex  1.830500e+02  2.190000e+02  3.359500e+02
     vertex  1.830500e+02  2.190000e+02  3.329500e+02
     vertex  1.830500e+02  2.200000e+02  3.329500e+02
   endloop
 endfacet
 facet normal  1.000000e+00 -0.000000e+00  0.000000e+00
   outer loop
     vertex  1.830500e+02  2.190000e+02  3.359500e+02
     vertex  1.830500e+02  2.200000e+02  3.329500e+02
     vertex  1.830500e+02  2.200000e+02  3.359500e+02
   endloop
 endfacet
 facet normal  1.000000e+00  0.000000e+00  0.000000e+00
   outer loop
     vertex  1.880500e+02  2.190000e+02  3.510500e+02
     vertex  1.880500e+02  2.190000e+02  3.469500e+02
     vertex  1.880500e+02  2.200000e+02  3.469500e+02
   endloop
 endfacet
 facet normal  1.000000e+00 -0.000000e+00  0.000000e+00
   outer loop
     vertex  1.880500e+02  2.190000e+02  3.510500e+02
     vertex  1.880500e+02  2.200000e+02  3.469500e+02
     vertex  1.880500e+02  2.200000e+02  3.510500e+02
   endloop
 endfacet
 facet normal  1.000000e+00  0.000000e+00  0.000000e+00
   outer loop
     vertex  2.260500e+02  2.190000e+02  3.500500e+02
     vertex  2.260500e+02  2.190000e+02  3.490500e+02
     vertex  2.260500e+02  2.200000e+02  3.490500e+02
   endloop
 endfacet
 facet normal  1.000000e+00 -0.000000e+00  0.000000e+00
   outer loop
     vertex  2.260500e+02  2.190000e+02  3.500500e+02
     vertex  2.260500e+02  2.200000e+02  3.490500e+02
     vertex  2.260500e+02  2.200000e+02  3.500500e+02
   endloop
 endfacet
 facet normal  0.000000e+00  0.000000e+00  1.000000e+00
   outer loop
     vertex  2.260500e+02  2.200000e+02  3.500500e+02
     vertex  2.250500e+02  2.200000e+02  3.500500e+02
     vertex  2.250500e+02  2.190000e+02  3.500500e+02
   endloop
 endfacet
 facet normal  0.000000e+00  0.000000e+00  1.000000e+00
   outer loop
     vertex  2.260500e+02  2.200000e+02  3.500500e+02
     vertex  2.250500e+02  2.190000e+02  3.500500e+02
     vertex  2.260500e+02  2.190000e+02  3.500500e+02
   endloop
 endfacet
 facet normal  1.000000e+00  0.000000e+00  0.000000e+00
   outer loop
     vertex  2.250500e+02  2.190000e+02  3.510500e+02
     vertex  2.250500e+02  2.190000e+02  3.500500e+02
     vertex  2.250500e+02  2.200000e+02  3.500500e+02
   endloop
 endfacet
 facet normal  1.000000e+00 -0.000000e+00  0.000000e+00
   outer loop
     vertex  2.250500e+02  2.190000e+02  3.510500e+02
     vertex  2.250500e+02  2.200000e+02  3.500500e+02
     vertex  2.250500e+02  2.200000e+02  3.510500e+02
   endloop
 endfacet
 facet normal  0.000000e+00  0.000000e+00  1.000000e+00
   outer loop
     vertex  2.250500e+02  2.200000e+02  3.510500e+02
     vertex  2.189500e+02  2.200000e+02  3.510500e+02
     vertex  2.189500e+02  2.190000e+02  3.510500e+02
   endloop
 endfacet
 facet normal  0.000000e+00  0.000000e+00  1.000000e+00
   outer loop
     vertex  2.250500e+02  2.200000e+02  3.510500e+02
     vertex  2.189500e+02  2.190000e+02  3.510500e+02
     vertex  2.250500e+02  2.190000e+02  3.510500e+02
   endloop
 endfacet
 facet normal -1.000000e+00  0.000000e+00  0.000000e+00
   outer loop
     vertex  2.189500e+02  2.190000e+02  3.510500e+02
     vertex  2.189500e+02  2.200000e+02  3.500500e+02
     vertex  2.189500e+02  2.190000e+02  3.500500e+02
   endloop
 endfacet
 facet normal -1.000000e+00  0.000000e+00  0.000000e+00
   outer loop
     vertex  2.189500e+02  2.190000e+02  3.510500e+02
     vertex  2.189500e+02  2.200000e+02  3.510500e+02
     vertex  2.189500e+02  2.200000e+02  3.500500e+02
   endloop
 endfacet
 facet normal  0.000000e+00  0.000000e+00  1.000000e+00
   outer loop
     vertex  2.189500e+02  2.200000e+02  3.500500e+02
     vertex  2.169500e+02  2.200000e+02  3.500500e+02
     vertex  2.169500e+02  2.190000e+02  3.500500e+02
   endloop
 endfacet
 facet normal  0.000000e+00  0.000000e+00  1.000000e+00
   outer loop
     vertex  2.189500e+02  2.200000e+02  3.500500e+02
     vertex  2.169500e+02  2.190000e+02  3.500500e+02
     vertex  2.189500e+02  2.190000e+02  3.500500e+02
   endloop
 endfacet
 facet normal -1.000000e+00  0.000000e+00  0.000000e+00
   outer loop
     vertex  2.169500e+02  2.190000e+02  3.500500e+02
     vertex  2.169500e+02  2.200000e+02  3.490500e+02
     vertex  2.169500e+02  2.190000e+02  3.490500e+02
   endloop
 endfacet
 facet normal -1.000000e+00  0.000000e+00  0.000000e+00
   outer loop
     vertex  2.169500e+02  2.190000e+02  3.500500e+02
     vertex  2.169500e+02  2.200000e+02  3.500500e+02
     vertex  2.169500e+02  2.200000e+02  3.490500e+02
   endloop
 endfacet
 facet normal  0.000000e+00  0.000000e+00  1.000000e+00
   outer loop
     vertex  2.270500e+02  2.200000e+02  3.490500e+02
     vertex  2.260500e+02  2.200000e+02  3.490500e+02
     vertex  2.260500e+02  2.190000e+02  3.490500e+02
   endloop
 endfacet
 facet normal  0.000000e+00  0.000000e+00  1.000000e+00
   outer loop
     vertex  2.270500e+02  2.200000e+02  3.490500e+02
     vertex  2.260500e+02  2.190000e+02  3.490500e+02
     vertex  2.270500e+02  2.190000e+02  3.490500e+02
   endloop
 endfacet
 facet normal  0.000000e+00  0.000000e+00  1.000000e+00
   outer loop
     vertex  2.169500e+02  2.200000e+02  3.490500e+02
     vertex  2.159500e+02  2.200000e+02  3.490500e+02
     vertex  2.159500e+02  2.190000e+02  3.490500e+02
   endloop
 endfacet
 facet normal  0.000000e+00  0.000000e+00  1.000000e+00
   outer loop
     vertex  2.169500e+02  2.200000e+02  3.490500e+02
     vertex  2.159500e+02  2.190000e+02  3.490500e+02
     vertex  2.169500e+02  2.190000e+02  3.490500e+02
   endloop
 endfacet
 facet normal  1.000000e+00  0.000000e+00  0.000000e+00
   outer loop
     vertex  2.270500e+02  2.190000e+02  3.490500e+02
     vertex  2.270500e+02  2.190000e+02  3.480500e+02
     vertex  2.270500e+02  2.200000e+02  3.480500e+02
   endloop
 endfacet
 facet normal  1.000000e+00 -0.000000e+00  0.000000e+00
   outer loop
     vertex  2.270500e+02  2.190000e+02  3.490500e+02
     vertex  2.270500e+02  2.200000e+02  3.480500e+02
     vertex  2.270500e+02  2.200000e+02  3.490500e+02
   endloop
 endfacet
 facet normal  0.000000e+00  0.000000e+00  1.000000e+00
   outer loop
     vertex  2.280500e+02  2.200000e+02  3.480500e+02
     vertex  2.270500e+02  2.200000e+02  3.480500e+02
     vertex  2.270500e+02  2.190000e+02  3.480500e+02
   endloop
 endfacet
 facet normal  0.000000e+00  0.000000e+00  1.000000e+00
   outer loop
     vertex  2.280500e+02  2.200000e+02  3.480500e+02
     vertex  2.270500e+02  2.190000e+02  3.480500e+02
     vertex  2.280500e+02  2.190000e+02  3.480500e+02
   endloop
 endfacet
 facet normal  0.000000e+00 -1.000000e+00  0.000000e+00
   outer loop
     vertex  2.159500e+02  2.190000e+02  3.470500e+02
     vertex  2.169500e+02  2.190000e+02  3.490500e+02
     vertex  2.159500e+02  2.190000e+02  3.490500e+02
   endloop
 endfacet
 facet normal -0.000000e+00 -1.000000e+00  0.000000e+00
   outer loop
     vertex  2.189500e+02  2.190000e+02  3.500500e+02
     vertex  2.169500e+02  2.190000e+02  3.500500e+02
     vertex  2.169500e+02  2.190000e+02  3.490500e+02
   endloop
 endfacet
 facet normal  0.000000e+00 -1.000000e+00  0.000000e+00
   outer loop
     vertex  2.159500e+02  2.190000e+02  3.459500e+02
     vertex  2.159500e+02  2.190000e+02  3.470500e+02
     vertex  2.149500e+02  2.190000e+02  3.470500e+02
   endloop
 endfacet
 facet normal  0.000000e+00 -1.000000e+00  0.000000e+00
   outer loop
     vertex  2.159500e+02  2.190000e+02  3.459500e+02
     vertex  2.149500e+02  2.190000e+02  3.470500e+02
     vertex  2.149500e+02  2.190000e+02  3.459500e+02
   endloop
 endfacet
 facet normal  0.000000e+00 -1.000000e+00  0.000000e+00
   outer loop
     vertex  2.179500e+02  2.190000e+02  3.449500e+02
     vertex  2.159500e+02  2.190000e+02  3.459500e+02
     vertex  2.159500e+02  2.190000e+02  3.449500e+02
   endloop
 endfacet
 facet normal  0.000000e+00 -1.000000e+00  0.000000e+00
   outer loop
     vertex  2.179500e+02  2.190000e+02  3.449500e+02
     vertex  2.159500e+02  2.190000e+02  3.470500e+02
     vertex  2.159500e+02  2.190000e+02  3.459500e+02
   endloop
 endfacet
 facet normal  0.000000e+00 -1.000000e+00  0.000000e+00
   outer loop
     vertex  2.200500e+02  2.190000e+02  3.469500e+02
     vertex  2.169500e+02  2.190000e+02  3.490500e+02
     vertex  2.159500e+02  2.190000e+02  3.470500e+02
   endloop
 endfacet
 facet normal -0.000000e+00 -1.000000e+00  0.000000e+00
   outer loop
     vertex  2.200500e+02  2.190000e+02  3.469500e+02
     vertex  2.159500e+02  2.190000e+02  3.470500e+02
     vertex  2.179500e+02  2.190000e+02  3.449500e+02
   endloop
 endfacet
 facet normal  0.000000e+00 -1.000000e+00  0.000000e+00
   outer loop
     vertex  2.200500e+02  2.190000e+02  3.469500e+02
     vertex  2.189500e+02  2.190000e+02  3.500500e+02
     vertex  2.169500e+02  2.190000e+02  3.490500e+02
   endloop
 endfacet
 facet normal -0.000000e+00 -1.000000e+00  0.000000e+00
   outer loop
     vertex  2.179500e+02  2.190000e+02  3.440500e+02
     vertex  2.159500e+02  2.190000e+02  3.440500e+02
     vertex  2.159500e+02  2.190000e+02  3.430500e+02
   endloop
 endfacet
 facet normal  0.000000e+00 -1.000000e+00  0.000000e+00
   outer loop
     vertex  2.250500e+02  2.190000e+02  3.500500e+02
     vertex  2.250500e+02  2.190000e+02  3.510500e+02
     vertex  2.189500e+02  2.190000e+02  3.510500e+02
   endloop
 endfacet
 facet normal  0.000000e+00 -1.000000e+00  0.000000e+00
   outer loop
     vertex  2.250500e+02  2.190000e+02  3.500500e+02
     vertex  2.189500e+02  2.190000e+02  3.510500e+02
     vertex  2.189500e+02  2.190000e+02  3.500500e+02
   endloop
 endfacet
 facet normal  0.000000e+00 -1.000000e+00  0.000000e+00
   outer loop
     vertex  2.200500e+02  2.190000e+02  3.450500e+02
     vertex  2.179500e+02  2.190000e+02  3.449500e+02
     vertex  2.179500e+02  2.190000e+02  3.440500e+02
   endloop
 endfacet
 facet normal -0.000000e+00 -1.000000e+00  0.000000e+00
   outer loop
     vertex  2.200500e+02  2.190000e+02  3.450500e+02
     vertex  2.200500e+02  2.190000e+02  3.469500e+02
     vertex  2.179500e+02  2.190000e+02  3.449500e+02
   endloop
 endfacet
 facet normal  0.000000e+00 -1.000000e+00  0.000000e+00
   outer loop
     vertex  2.229500e+02  2.190000e+02  3.469500e+02
     vertex  2.250500e+02  2.190000e+02  3.500500e+02
     vertex  2.189500e+02  2.190000e+02  3.500500e+02
   endloop
 endfacet
 facet normal  0.000000e+00 -1.000000e+00  0.000000e+00
   outer loop
     vertex  2.229500e+02  2.190000e+02  3.469500e+02
     vertex  2.189500e+02  2.190000e+02  3.500500e+02
     vertex  2.200500e+02  2.190000e+02  3.469500e+02
   endloop
 endfacet
 facet normal  0.000000e+00 -1.000000e+00  0.000000e+00
   outer loop
     vertex  2.260500e+02  2.190000e+02  3.490500e+02
     vertex  2.260500e+02  2.190000e+02  3.500500e+02
     vertex  2.250500e+02  2.190000e+02  3.500500e+02
   endloop
 endfacet
 facet normal -0.000000e+00 -1.000000e+00  0.000000e+00
   outer loop
     vertex  2.260500e+02  2.190000e+02  3.490500e+02
     vertex  2.250500e+02  2.190000e+02  3.500500e+02
     vertex  2.229500e+02  2.190000e+02  3.469500e+02
   endloop
 endfacet
 facet normal  0.000000e+00 -1.000000e+00  0.000000e+00
   outer loop
     vertex  2.200500e+02  2.190000e+02  3.419500e+02
     vertex  2.179500e+02  2.190000e+02  3.440500e+02
     vertex  2.159500e+02  2.190000e+02  3.430500e+02
   endloop
 endfacet
 facet normal  0.000000e+00 -1.000000e+00  0.000000e+00
   outer loop
     vertex  2.200500e+02  2.190000e+02  3.419500e+02
     vertex  2.200500e+02  2.190000e+02  3.450500e+02
     vertex  2.179500e+02  2.190000e+02  3.440500e+02
   endloop
 endfacet
 facet normal  0.000000e+00 -1.000000e+00  0.000000e+00
   outer loop
     vertex  2.270500e+02  2.190000e+02  3.480500e+02
     vertex  2.270500e+02  2.190000e+02  3.490500e+02
     vertex  2.260500e+02  2.190000e+02  3.490500e+02
   endloop
 endfacet
 facet normal  0.000000e+00 -1.000000e+00  0.000000e+00
   outer loop
     vertex  2.270500e+02  2.190000e+02  3.480500e+02
     vertex  2.229500e+02  2.190000e+02  3.469500e+02
     vertex  2.229500e+02  2.190000e+02  3.450500e+02
   endloop
 endfacet
 facet normal -0.000000e+00 -1.000000e+00  0.000000e+00
   outer loop
     vertex  2.270500e+02  2.190000e+02  3.480500e+02
     vertex  2.260500e+02  2.190000e+02  3.490500e+02
     vertex  2.229500e+02  2.190000e+02  3.469500e+02
   endloop
 endfacet
 facet normal  0.000000e+00 -1.000000e+00  0.000000e+00
   outer loop
     vertex  2.159500e+02  2.190000e+02  3.369500e+02
     vertex  2.159500e+02  2.190000e+02  3.430500e+02
     vertex  2.149500e+02  2.190000e+02  3.430500e+02
   endloop
 endfacet
 facet normal  0.000000e+00 -1.000000e+00  0.000000e+00
   outer loop
     vertex  2.159500e+02  2.190000e+02  3.369500e+02
     vertex  2.149500e+02  2.190000e+02  3.430500e+02
     vertex  2.149500e+02  2.190000e+02  3.369500e+02
   endloop
 endfacet
 facet normal  0.000000e+00 -1.000000e+00  0.000000e+00
   outer loop
     vertex  2.200500e+02  2.190000e+02  3.390500e+02
     vertex  2.200500e+02  2.190000e+02  3.419500e+02
     vertex  2.159500e+02  2.190000e+02  3.430500e+02
   endloop
 endfacet
 facet normal -0.000000e+00 -1.000000e+00  0.000000e+00
   outer loop
     vertex  2.200500e+02  2.190000e+02  3.390500e+02
     vertex  2.159500e+02  2.190000e+02  3.430500e+02
     vertex  2.159500e+02  2.190000e+02  3.369500e+02
   endloop
 endfacet
 facet normal  0.000000e+00 -1.000000e+00  0.000000e+00
   outer loop
     vertex  2.229500e+02  2.190000e+02  3.419500e+02
     vertex  2.270500e+02  2.190000e+02  3.480500e+02
     vertex  2.229500e+02  2.190000e+02  3.450500e+02
   endloop
 endfacet
 facet normal  0.000000e+00 -1.000000e+00  0.000000e+00
   outer loop
     vertex  2.229500e+02  2.190000e+02  3.419500e+02
     vertex  2.280500e+02  2.190000e+02  3.480500e+02
     vertex  2.270500e+02  2.190000e+02  3.480500e+02
   endloop
 endfacet
 facet normal  0.000000e+00 -1.000000e+00  0.000000e+00
   outer loop
     vertex  2.229500e+02  2.190000e+02  3.419500e+02
     vertex  2.229500e+02  2.190000e+02  3.450500e+02
     vertex  2.200500e+02  2.190000e+02  3.450500e+02
   endloop
 endfacet
 facet normal  0.000000e+00 -1.000000e+00  0.000000e+00
   outer loop
     vertex  2.229500e+02  2.190000e+02  3.419500e+02
     vertex  2.200500e+02  2.190000e+02  3.450500e+02
     vertex  2.200500e+02  2.190000e+02  3.419500e+02
   endloop
 endfacet
 facet normal -0.000000e+00 -1.000000e+00  0.000000e+00
   outer loop
     vertex  2.229500e+02  2.190000e+02  3.400500e+02
     vertex  2.219500e+02  2.190000e+02  3.400500e+02
     vertex  2.219500e+02  2.190000e+02  3.390500e+02
   endloop
 endfacet
 facet normal  0.000000e+00 -1.000000e+00  0.000000e+00
   outer loop
     vertex  2.189500e+02  2.190000e+02  3.359500e+02
     vertex  2.159500e+02  2.190000e+02  3.369500e+02
     vertex  2.159500e+02  2.190000e+02  3.359500e+02
   endloop
 endfacet
 facet normal  0.000000e+00 -1.000000e+00  0.000000e+00
   outer loop
     vertex  2.189500e+02  2.190000e+02  3.359500e+02
     vertex  2.200500e+02  2.190000e+02  3.390500e+02
     vertex  2.159500e+02  2.190000e+02  3.369500e+02
   endloop
 endfacet
 facet normal  0.000000e+00 -1.000000e+00  0.000000e+00
   outer loop
     vertex  2.200500e+02  2.190000e+02  3.359500e+02
     vertex  2.200500e+02  2.190000e+02  3.390500e+02
     vertex  2.189500e+02  2.190000e+02  3.359500e+02
   endloop
 endfacet
 facet normal  0.000000e+00 -1.000000e+00  0.000000e+00
   outer loop
     vertex  2.200500e+02  2.190000e+02  3.359500e+02
     vertex  2.219500e+02  2.190000e+02  3.390500e+02
     vertex  2.200500e+02  2.190000e+02  3.390500e+02
   endloop
 endfacet
 facet normal  0.000000e+00 -1.000000e+00  0.000000e+00
   outer loop
     vertex  2.200500e+02  2.190000e+02  3.349500e+02
     vertex  2.189500e+02  2.190000e+02  3.359500e+02
     vertex  2.189500e+02  2.190000e+02  3.349500e+02
   endloop
 endfacet
 facet normal  0.000000e+00 -1.000000e+00  0.000000e+00
   outer loop
     vertex  2.200500e+02  2.190000e+02  3.349500e+02
     vertex  2.200500e+02  2.190000e+02  3.359500e+02
     vertex  2.189500e+02  2.190000e+02  3.359500e+02
   endloop
 endfacet
 facet normal -0.000000e+00 -1.000000e+00  0.000000e+00
   outer loop
     vertex  2.230500e+02  2.190000e+02  3.369500e+02
     vertex  2.219500e+02  2.190000e+02  3.390500e+02
     vertex  2.200500e+02  2.190000e+02  3.359500e+02
   endloop
 endfacet
 facet normal  0.000000e+00 -1.000000e+00  0.000000e+00
   outer loop
     vertex  2.230500e+02  2.190000e+02  3.369500e+02
     vertex  2.229500e+02  2.190000e+02  3.400500e+02
     vertex  2.219500e+02  2.190000e+02  3.390500e+02
   endloop
 endfacet
 facet normal  0.000000e+00 -1.000000e+00  0.000000e+00
   outer loop
     vertex  2.239500e+02  2.190000e+02  3.369500e+02
     vertex  2.229500e+02  2.190000e+02  3.400500e+02
     vertex  2.230500e+02  2.190000e+02  3.369500e+02
   endloop
 endfacet
 facet normal  0.000000e+00 -1.000000e+00  0.000000e+00
   outer loop
     vertex  2.230500e+02  2.190000e+02  3.359500e+02
     vertex  2.230500e+02  2.190000e+02  3.369500e+02
     vertex  2.200500e+02  2.190000e+02  3.359500e+02
   endloop
 endfacet
 facet normal -0.000000e+00 -1.000000e+00  0.000000e+00
   outer loop
     vertex  2.280500e+02  2.190000e+02  3.370500e+02
     vertex  2.229500e+02  2.190000e+02  3.400500e+02
     vertex  2.239500e+02  2.190000e+02  3.369500e+02
   endloop
 endfacet
 facet normal  0.000000e+00 -1.000000e+00  0.000000e+00
   outer loop
     vertex  2.280500e+02  2.190000e+02  3.370500e+02
     vertex  2.239500e+02  2.190000e+02  3.369500e+02
     vertex  2.239500e+02  2.190000e+02  3.359500e+02
   endloop
 endfacet
 facet normal  0.000000e+00 -1.000000e+00  0.000000e+00
   outer loop
     vertex  2.280500e+02  2.190000e+02  3.370500e+02
     vertex  2.229500e+02  2.190000e+02  3.419500e+02
     vertex  2.229500e+02  2.190000e+02  3.400500e+02
   endloop
 endfacet
 facet normal  0.000000e+00 -1.000000e+00  0.000000e+00
   outer loop
     vertex  2.280500e+02  2.190000e+02  3.370500e+02
     vertex  2.280500e+02  2.190000e+02  3.480500e+02
     vertex  2.229500e+02  2.190000e+02  3.419500e+02
   endloop
 endfacet
 facet normal  0.000000e+00 -1.000000e+00  0.000000e+00
   outer loop
     vertex  2.290500e+02  2.190000e+02  3.359500e+02
     vertex  2.280500e+02  2.190000e+02  3.370500e+02
     vertex  2.239500e+02  2.190000e+02  3.359500e+02
   endloop
 endfacet
 facet normal  0.000000e+00 -1.000000e+00  0.000000e+00
   outer loop
     vertex  2.290500e+02  2.190000e+02  3.359500e+02
     vertex  2.290500e+02  2.190000e+02  3.370500e+02
     vertex  2.280500e+02  2.190000e+02  3.370500e+02
   endloop
 endfacet
 facet normal  0.000000e+00  0.000000e+00  1.000000e+00
   outer loop
     vertex  2.159500e+02  2.200000e+02  3.470500e+02
     vertex  2.149500e+02  2.200000e+02  3.470500e+02
     vertex  2.149500e+02  2.190000e+02  3.470500e+02
   endloop
 endfacet
 facet normal  0.000000e+00  0.000000e+00  1.000000e+00
   outer loop
     vertex  2.159500e+02  2.200000e+02  3.470500e+02
     vertex  2.149500e+02  2.190000e+02  3.470500e+02
     vertex  2.159500e+02  2.190000e+02  3.470500e+02
   endloop
 endfacet
 facet normal -1.000000e+00  0.000000e+00  0.000000e+00
   outer loop
     vertex  2.149500e+02  2.190000e+02  3.470500e+02
     vertex  2.149500e+02  2.200000e+02  3.459500e+02
     vertex  2.149500e+02  2.190000e+02  3.459500e+02
   endloop
 endfacet
 facet normal -1.000000e+00  0.000000e+00  0.000000e+00
   outer loop
     vertex  2.149500e+02  2.190000e+02  3.470500e+02
     vertex  2.149500e+02  2.200000e+02  3.470500e+02
     vertex  2.149500e+02  2.200000e+02  3.459500e+02
   endloop
 endfacet
 facet normal -0.000000e+00  0.000000e+00 -1.000000e+00
   outer loop
     vertex  2.159500e+02  2.200000e+02  3.459500e+02
     vertex  2.149500e+02  2.190000e+02  3.459500e+02
     vertex  2.149500e+02  2.200000e+02  3.459500e+02
   endloop
 endfacet
 facet normal  0.000000e+00 -0.000000e+00 -1.000000e+00
   outer loop
     vertex  2.159500e+02  2.200000e+02  3.459500e+02
     vertex  2.159500e+02  2.190000e+02  3.459500e+02
     vertex  2.149500e+02  2.190000e+02  3.459500e+02
   endloop
 endfacet
 facet normal -1.000000e+00  0.000000e+00  0.000000e+00
   outer loop
     vertex  2.159500e+02  2.190000e+02  3.459500e+02
     vertex  2.159500e+02  2.200000e+02  3.449500e+02
     vertex  2.159500e+02  2.190000e+02  3.449500e+02
   endloop
 endfacet
 facet normal -1.000000e+00  0.000000e+00  0.000000e+00
   outer loop
     vertex  2.159500e+02  2.190000e+02  3.459500e+02
     vertex  2.159500e+02  2.200000e+02  3.459500e+02
     vertex  2.159500e+02  2.200000e+02  3.449500e+02
   endloop
 endfacet
 facet normal -0.000000e+00  0.000000e+00 -1.000000e+00
   outer loop
     vertex  2.179500e+02  2.200000e+02  3.449500e+02
     vertex  2.159500e+02  2.190000e+02  3.449500e+02
     vertex  2.159500e+02  2.200000e+02  3.449500e+02
   endloop
 endfacet
 facet normal  0.000000e+00 -0.000000e+00 -1.000000e+00
   outer loop
     vertex  2.179500e+02  2.200000e+02  3.449500e+02
     vertex  2.179500e+02  2.190000e+02  3.449500e+02
     vertex  2.159500e+02  2.190000e+02  3.449500e+02
   endloop
 endfacet
 facet normal -1.000000e+00  0.000000e+00  0.000000e+00
   outer loop
     vertex  2.179500e+02  2.190000e+02  3.449500e+02
     vertex  2.179500e+02  2.200000e+02  3.440500e+02
     vertex  2.179500e+02  2.190000e+02  3.440500e+02
   endloop
 endfacet
 facet normal -1.000000e+00  0.000000e+00  0.000000e+00
   outer loop
     vertex  2.179500e+02  2.190000e+02  3.449500e+02
     vertex  2.179500e+02  2.200000e+02  3.449500e+02
     vertex  2.179500e+02  2.200000e+02  3.440500e+02
   endloop
 endfacet
 facet normal  0.000000e+00  0.000000e+00  1.000000e+00
   outer loop
     vertex  2.179500e+02  2.200000e+02  3.440500e+02
     vertex  2.159500e+02  2.200000e+02  3.440500e+02
     vertex  2.159500e+02  2.190000e+02  3.440500e+02
   endloop
 endfacet
 facet normal  0.000000e+00  0.000000e+00  1.000000e+00
   outer loop
     vertex  2.179500e+02  2.200000e+02  3.440500e+02
     vertex  2.159500e+02  2.190000e+02  3.440500e+02
     vertex  2.179500e+02  2.190000e+02  3.440500e+02
   endloop
 endfacet
 facet normal -1.000000e+00  0.000000e+00  0.000000e+00
   outer loop
     vertex  2.159500e+02  2.190000e+02  3.440500e+02
     vertex  2.159500e+02  2.200000e+02  3.430500e+02
     vertex  2.159500e+02  2.190000e+02  3.430500e+02
   endloop
 endfacet
 facet normal -1.000000e+00  0.000000e+00  0.000000e+00
   outer loop
     vertex  2.159500e+02  2.190000e+02  3.440500e+02
     vertex  2.159500e+02  2.200000e+02  3.440500e+02
     vertex  2.159500e+02  2.200000e+02  3.430500e+02
   endloop
 endfacet
 facet normal  0.000000e+00  0.000000e+00  1.000000e+00
   outer loop
     vertex  2.159500e+02  2.200000e+02  3.430500e+02
     vertex  2.149500e+02  2.200000e+02  3.430500e+02
     vertex  2.149500e+02  2.190000e+02  3.430500e+02
   endloop
 endfacet
 facet normal  0.000000e+00  0.000000e+00  1.000000e+00
   outer loop
     vertex  2.159500e+02  2.200000e+02  3.430500e+02
     vertex  2.149500e+02  2.190000e+02  3.430500e+02
     vertex  2.159500e+02  2.190000e+02  3.430500e+02
   endloop
 endfacet
 facet normal -0.000000e+00  0.000000e+00 -1.000000e+00
   outer loop
     vertex  2.159500e+02  2.200000e+02  3.369500e+02
     vertex  2.149500e+02  2.190000e+02  3.369500e+02
     vertex  2.149500e+02  2.200000e+02  3.369500e+02
   endloop
 endfacet
 facet normal  0.000000e+00 -0.000000e+00 -1.000000e+00
   outer loop
     vertex  2.159500e+02  2.200000e+02  3.369500e+02
     vertex  2.159500e+02  2.190000e+02  3.369500e+02
     vertex  2.149500e+02  2.190000e+02  3.369500e+02
   endloop
 endfacet
 facet normal -1.000000e+00  0.000000e+00  0.000000e+00
   outer loop
     vertex  2.159500e+02  2.190000e+02  3.369500e+02
     vertex  2.159500e+02  2.200000e+02  3.359500e+02
     vertex  2.159500e+02  2.190000e+02  3.359500e+02
   endloop
 endfacet
 facet normal -1.000000e+00  0.000000e+00  0.000000e+00
   outer loop
     vertex  2.159500e+02  2.190000e+02  3.369500e+02
     vertex  2.159500e+02  2.200000e+02  3.369500e+02
     vertex  2.159500e+02  2.200000e+02  3.359500e+02
   endloop
 endfacet
 facet normal -0.000000e+00  0.000000e+00 -1.000000e+00
   outer loop
     vertex  2.189500e+02  2.200000e+02  3.359500e+02
     vertex  2.159500e+02  2.190000e+02  3.359500e+02
     vertex  2.159500e+02  2.200000e+02  3.359500e+02
   endloop
 endfacet
 facet normal  0.000000e+00 -0.000000e+00 -1.000000e+00
   outer loop
     vertex  2.189500e+02  2.200000e+02  3.359500e+02
     vertex  2.189500e+02  2.190000e+02  3.359500e+02
     vertex  2.159500e+02  2.190000e+02  3.359500e+02
   endloop
 endfacet
 facet normal -1.000000e+00  0.000000e+00  0.000000e+00
   outer loop
     vertex  2.189500e+02  2.190000e+02  3.359500e+02
     vertex  2.189500e+02  2.200000e+02  3.349500e+02
     vertex  2.189500e+02  2.190000e+02  3.349500e+02
   endloop
 endfacet
 facet normal -1.000000e+00  0.000000e+00  0.000000e+00
   outer loop
     vertex  2.189500e+02  2.190000e+02  3.359500e+02
     vertex  2.189500e+02  2.200000e+02  3.359500e+02
     vertex  2.189500e+02  2.200000e+02  3.349500e+02
   endloop
 endfacet
 facet normal -0.000000e+00  0.000000e+00 -1.000000e+00
   outer loop
     vertex  2.200500e+02  2.200000e+02  3.349500e+02
     vertex  2.189500e+02  2.190000e+02  3.349500e+02
     vertex  2.189500e+02  2.200000e+02  3.349500e+02
   endloop
 endfacet
 facet normal  0.000000e+00 -0.000000e+00 -1.000000e+00
   outer loop
     vertex  2.200500e+02  2.200000e+02  3.349500e+02
     vertex  2.200500e+02  2.190000e+02  3.349500e+02
     vertex  2.189500e+02  2.190000e+02  3.349500e+02
   endloop
 endfacet
 facet normal  0.000000e+00  0.000000e+00  1.000000e+00
   outer loop
     vertex  2.290500e+02  2.200000e+02  3.370500e+02
     vertex  2.280500e+02  2.200000e+02  3.370500e+02
     vertex  2.280500e+02  2.190000e+02  3.370500e+02
   endloop
 endfacet
 facet normal  0.000000e+00  0.000000e+00  1.000000e+00
   outer loop
     vertex  2.290500e+02  2.200000e+02  3.370500e+02
     vertex  2.280500e+02  2.190000e+02  3.370500e+02
     vertex  2.290500e+02  2.190000e+02  3.370500e+02
   endloop
 endfacet
 facet normal  1.000000e+00  0.000000e+00  0.000000e+00
   outer loop
     vertex  2.290500e+02  2.190000e+02  3.370500e+02
     vertex  2.290500e+02  2.190000e+02  3.359500e+02
     vertex  2.290500e+02  2.200000e+02  3.359500e+02
   endloop
 endfacet
 facet normal  1.000000e+00 -0.000000e+00  0.000000e+00
   outer loop
     vertex  2.290500e+02  2.190000e+02  3.370500e+02
     vertex  2.290500e+02  2.200000e+02  3.359500e+02
     vertex  2.290500e+02  2.200000e+02  3.370500e+02
   endloop
 endfacet
 facet normal -0.000000e+00  0.000000e+00 -1.000000e+00
   outer loop
     vertex  2.239500e+02  2.200000e+02  3.369500e+02
     vertex  2.230500e+02  2.190000e+02  3.369500e+02
     vertex  2.230500e+02  2.200000e+02  3.369500e+02
   endloop
 endfacet
 facet normal  0.000000e+00 -0.000000e+00 -1.000000e+00
   outer loop
     vertex  2.239500e+02  2.200000e+02  3.369500e+02
     vertex  2.239500e+02  2.190000e+02  3.369500e+02
     vertex  2.230500e+02  2.190000e+02  3.369500e+02
   endloop
 endfacet
 facet normal -1.000000e+00  0.000000e+00  0.000000e+00
   outer loop
     vertex  2.239500e+02  2.190000e+02  3.369500e+02
     vertex  2.239500e+02  2.200000e+02  3.359500e+02
     vertex  2.239500e+02  2.190000e+02  3.359500e+02
   endloop
 endfacet
 facet normal -1.000000e+00  0.000000e+00  0.000000e+00
   outer loop
     vertex  2.239500e+02  2.190000e+02  3.369500e+02
     vertex  2.239500e+02  2.200000e+02  3.369500e+02
     vertex  2.239500e+02  2.200000e+02  3.359500e+02
   endloop
 endfacet
 facet normal  1.000000e+00  0.000000e+00  0.000000e+00
   outer loop
     vertex  2.230500e+02  2.190000e+02  3.369500e+02
     vertex  2.230500e+02  2.190000e+02  3.359500e+02
     vertex  2.230500e+02  2.200000e+02  3.359500e+02
   endloop
 endfacet
 facet normal  1.000000e+00 -0.000000e+00  0.000000e+00
   outer loop
     vertex  2.230500e+02  2.190000e+02  3.369500e+02
     vertex  2.230500e+02  2.200000e+02  3.359500e+02
     vertex  2.230500e+02  2.200000e+02  3.369500e+02
   endloop
 endfacet
 facet normal -0.000000e+00  0.000000e+00 -1.000000e+00
   outer loop
     vertex  2.230500e+02  2.200000e+02  3.359500e+02
     vertex  2.200500e+02  2.190000e+02  3.359500e+02
     vertex  2.200500e+02  2.200000e+02  3.359500e+02
   endloop
 endfacet
 facet normal  0.000000e+00 -0.000000e+00 -1.000000e+00
   outer loop
     vertex  2.230500e+02  2.200000e+02  3.359500e+02
     vertex  2.230500e+02  2.190000e+02  3.359500e+02
     vertex  2.200500e+02  2.190000e+02  3.359500e+02
   endloop
 endfacet
 facet normal -0.000000e+00  0.000000e+00 -1.000000e+00
   outer loop
     vertex  2.290500e+02  2.200000e+02  3.359500e+02
     vertex  2.239500e+02  2.190000e+02  3.359500e+02
     vertex  2.239500e+02  2.200000e+02  3.359500e+02
   endloop
 endfacet
 facet normal  0.000000e+00 -0.000000e+00 -1.000000e+00
   outer loop
     vertex  2.290500e+02  2.200000e+02  3.359500e+02
     vertex  2.290500e+02  2.190000e+02  3.359500e+02
     vertex  2.239500e+02  2.190000e+02  3.359500e+02
   endloop
 endfacet
 facet normal  1.000000e+00  0.000000e+00  0.000000e+00
   outer loop
     vertex  2.200500e+02  2.190000e+02  3.359500e+02
     vertex  2.200500e+02  2.190000e+02  3.349500e+02
     vertex  2.200500e+02  2.200000e+02  3.349500e+02
   endloop
 endfacet
 facet normal  1.000000e+00 -0.000000e+00  0.000000e+00
   outer loop
     vertex  2.200500e+02  2.190000e+02  3.359500e+02
     vertex  2.200500e+02  2.200000e+02  3.349500e+02
     vertex  2.200500e+02  2.200000e+02  3.359500e+02
   endloop
 endfacet
 facet normal -0.000000e+00  0.000000e+00 -1.000000e+00
   outer loop
     vertex  2.229500e+02  2.200000e+02  3.419500e+02
     vertex  2.200500e+02  2.190000e+02  3.419500e+02
     vertex  2.200500e+02  2.200000e+02  3.419500e+02
   endloop
 endfacet
 facet normal  0.000000e+00 -0.000000e+00 -1.000000e+00
   outer loop
     vertex  2.229500e+02  2.200000e+02  3.419500e+02
     vertex  2.229500e+02  2.190000e+02  3.419500e+02
     vertex  2.200500e+02  2.190000e+02  3.419500e+02
   endloop
 endfacet
 facet normal  0.000000e+00  0.000000e+00  1.000000e+00
   outer loop
     vertex  2.229500e+02  2.200000e+02  3.400500e+02
     vertex  2.219500e+02  2.200000e+02  3.400500e+02
     vertex  2.219500e+02  2.190000e+02  3.400500e+02
   endloop
 endfacet
 facet normal  0.000000e+00  0.000000e+00  1.000000e+00
   outer loop
     vertex  2.229500e+02  2.200000e+02  3.400500e+02
     vertex  2.219500e+02  2.190000e+02  3.400500e+02
     vertex  2.229500e+02  2.190000e+02  3.400500e+02
   endloop
 endfacet
 facet normal -1.000000e+00  0.000000e+00  0.000000e+00
   outer loop
     vertex  2.219500e+02  2.190000e+02  3.400500e+02
     vertex  2.219500e+02  2.200000e+02  3.390500e+02
     vertex  2.219500e+02  2.190000e+02  3.390500e+02
   endloop
 endfacet
 facet normal -1.000000e+00  0.000000e+00  0.000000e+00
   outer loop
     vertex  2.219500e+02  2.190000e+02  3.400500e+02
     vertex  2.219500e+02  2.200000e+02  3.400500e+02
     vertex  2.219500e+02  2.200000e+02  3.390500e+02
   endloop
 endfacet
 facet normal  0.000000e+00  0.000000e+00  1.000000e+00
   outer loop
     vertex  2.219500e+02  2.200000e+02  3.390500e+02
     vertex  2.200500e+02  2.200000e+02  3.390500e+02
     vertex  2.200500e+02  2.190000e+02  3.390500e+02
   endloop
 endfacet
 facet normal  0.000000e+00  0.000000e+00  1.000000e+00
   outer loop
     vertex  2.219500e+02  2.200000e+02  3.390500e+02
     vertex  2.200500e+02  2.190000e+02  3.390500e+02
     vertex  2.219500e+02  2.190000e+02  3.390500e+02
   endloop
 endfacet
 facet normal -0.000000e+00  0.000000e+00 -1.000000e+00
   outer loop
     vertex  2.229500e+02  2.200000e+02  3.469500e+02
     vertex  2.200500e+02  2.190000e+02  3.469500e+02
     vertex  2.200500e+02  2.200000e+02  3.469500e+02
   endloop
 endfacet
 facet normal  0.000000e+00 -0.000000e+00 -1.000000e+00
   outer loop
     vertex  2.229500e+02  2.200000e+02  3.469500e+02
     vertex  2.229500e+02  2.190000e+02  3.469500e+02
     vertex  2.200500e+02  2.190000e+02  3.469500e+02
   endloop
 endfacet
 facet normal  0.000000e+00  0.000000e+00  1.000000e+00
   outer loop
     vertex  2.229500e+02  2.200000e+02  3.450500e+02
     vertex  2.200500e+02  2.200000e+02  3.450500e+02
     vertex  2.200500e+02  2.190000e+02  3.450500e+02
   endloop
 endfacet
 facet normal  0.000000e+00  0.000000e+00  1.000000e+00
   outer loop
     vertex  2.229500e+02  2.200000e+02  3.450500e+02
     vertex  2.200500e+02  2.190000e+02  3.450500e+02
     vertex  2.229500e+02  2.190000e+02  3.450500e+02
   endloop
 endfacet
 facet normal  0.000000e+00  1.000000e+00  0.000000e+00
   outer loop
     vertex  2.189500e+02  2.200000e+02  3.359500e+02
     vertex  2.159500e+02  2.200000e+02  3.359500e+02
     vertex  2.159500e+02  2.200000e+02  3.369500e+02
   endloop
 endfacet
 facet normal  0.000000e+00  1.000000e+00  0.000000e+00
   outer loop
     vertex  2.200500e+02  2.200000e+02  3.359500e+02
     vertex  2.200500e+02  2.200000e+02  3.349500e+02
     vertex  2.189500e+02  2.200000e+02  3.349500e+02
   endloop
 endfacet
 facet normal  0.000000e+00  1.000000e+00  0.000000e+00
   outer loop
     vertex  2.200500e+02  2.200000e+02  3.359500e+02
     vertex  2.189500e+02  2.200000e+02  3.349500e+02
     vertex  2.189500e+02  2.200000e+02  3.359500e+02
   endloop
 endfacet
 facet normal  0.000000e+00  1.000000e+00  0.000000e+00
   outer loop
     vertex  2.159500e+02  2.200000e+02  3.430500e+02
     vertex  2.159500e+02  2.200000e+02  3.369500e+02
     vertex  2.149500e+02  2.200000e+02  3.369500e+02
   endloop
 endfacet
 facet normal  0.000000e+00  1.000000e+00  0.000000e+00
   outer loop
     vertex  2.159500e+02  2.200000e+02  3.430500e+02
     vertex  2.149500e+02  2.200000e+02  3.369500e+02
     vertex  2.149500e+02  2.200000e+02  3.430500e+02
   endloop
 endfacet
 facet normal  0.000000e+00  1.000000e+00  0.000000e+00
   outer loop
     vertex  2.200500e+02  2.200000e+02  3.390500e+02
     vertex  2.189500e+02  2.200000e+02  3.359500e+02
     vertex  2.159500e+02  2.200000e+02  3.369500e+02
   endloop
 endfacet
 facet normal  0.000000e+00  1.000000e+00  0.000000e+00
   outer loop
     vertex  2.200500e+02  2.200000e+02  3.390500e+02
     vertex  2.200500e+02  2.200000e+02  3.359500e+02
     vertex  2.189500e+02  2.200000e+02  3.359500e+02
   endloop
 endfacet
 facet normal  0.000000e+00  1.000000e+00  0.000000e+00
   outer loop
     vertex  2.200500e+02  2.200000e+02  3.390500e+02
     vertex  2.159500e+02  2.200000e+02  3.369500e+02
     vertex  2.159500e+02  2.200000e+02  3.430500e+02
   endloop
 endfacet
 facet normal  0.000000e+00  1.000000e+00  0.000000e+00
   outer loop
     vertex  2.230500e+02  2.200000e+02  3.369500e+02
     vertex  2.230500e+02  2.200000e+02  3.359500e+02
     vertex  2.200500e+02  2.200000e+02  3.359500e+02
   endloop
 endfacet
 facet normal  0.000000e+00  1.000000e+00  0.000000e+00
   outer loop
     vertex  2.219500e+02  2.200000e+02  3.390500e+02
     vertex  2.200500e+02  2.200000e+02  3.359500e+02
     vertex  2.200500e+02  2.200000e+02  3.390500e+02
   endloop
 endfacet
 facet normal  0.000000e+00  1.000000e+00  0.000000e+00
   outer loop
     vertex  2.219500e+02  2.200000e+02  3.390500e+02
     vertex  2.230500e+02  2.200000e+02  3.369500e+02
     vertex  2.200500e+02  2.200000e+02  3.359500e+02
   endloop
 endfacet
 facet normal  0.000000e+00  1.000000e+00  0.000000e+00
   outer loop
     vertex  2.200500e+02  2.200000e+02  3.419500e+02
     vertex  2.200500e+02  2.200000e+02  3.390500e+02
     vertex  2.159500e+02  2.200000e+02  3.430500e+02
   endloop
 endfacet
 facet normal  0.000000e+00  1.000000e+00  0.000000e+00
   outer loop
     vertex  2.179500e+02  2.200000e+02  3.440500e+02
     vertex  2.159500e+02  2.200000e+02  3.430500e+02
     vertex  2.159500e+02  2.200000e+02  3.440500e+02
   endloop
 endfacet
 facet normal  0.000000e+00  1.000000e+00  0.000000e+00
   outer loop
     vertex  2.179500e+02  2.200000e+02  3.440500e+02
     vertex  2.200500e+02  2.200000e+02  3.419500e+02
     vertex  2.159500e+02  2.200000e+02  3.430500e+02
   endloop
 endfacet
 facet normal  0.000000e+00  1.000000e+00  0.000000e+00
   outer loop
     vertex  2.179500e+02  2.200000e+02  3.449500e+02
     vertex  2.159500e+02  2.200000e+02  3.449500e+02
     vertex  2.159500e+02  2.200000e+02  3.459500e+02
   endloop
 endfacet
 facet normal  0.000000e+00  1.000000e+00  0.000000e+00
   outer loop
     vertex  2.159500e+02  2.200000e+02  3.470500e+02
     vertex  2.159500e+02  2.200000e+02  3.459500e+02
     vertex  2.149500e+02  2.200000e+02  3.459500e+02
   endloop
 endfacet
 facet normal  0.000000e+00  1.000000e+00  0.000000e+00
   outer loop
     vertex  2.159500e+02  2.200000e+02  3.470500e+02
     vertex  2.149500e+02  2.200000e+02  3.459500e+02
     vertex  2.149500e+02  2.200000e+02  3.470500e+02
   endloop
 endfacet
 facet normal  0.000000e+00  1.000000e+00  0.000000e+00
   outer loop
     vertex  2.159500e+02  2.200000e+02  3.470500e+02
     vertex  2.179500e+02  2.200000e+02  3.449500e+02
     vertex  2.159500e+02  2.200000e+02  3.459500e+02
   endloop
 endfacet
 facet normal  0.000000e+00  1.000000e+00  0.000000e+00
   outer loop
     vertex  2.229500e+02  2.200000e+02  3.400500e+02
     vertex  2.239500e+02  2.200000e+02  3.369500e+02
     vertex  2.230500e+02  2.200000e+02  3.369500e+02
   endloop
 endfacet
 facet normal  0.000000e+00  1.000000e+00  0.000000e+00
   outer loop
     vertex  2.229500e+02  2.200000e+02  3.400500e+02
     vertex  2.219500e+02  2.200000e+02  3.390500e+02
     vertex  2.219500e+02  2.200000e+02  3.400500e+02
   endloop
 endfacet
 facet normal  0.000000e+00  1.000000e+00  0.000000e+00
   outer loop
     vertex  2.229500e+02  2.200000e+02  3.400500e+02
     vertex  2.230500e+02  2.200000e+02  3.369500e+02
     vertex  2.219500e+02  2.200000e+02  3.390500e+02
   endloop
 endfacet
 facet normal  0.000000e+00  1.000000e+00  0.000000e+00
   outer loop
     vertex  2.280500e+02  2.200000e+02  3.370500e+02
     vertex  2.290500e+02  2.200000e+02  3.359500e+02
     vertex  2.239500e+02  2.200000e+02  3.359500e+02
   endloop
 endfacet
 facet normal  0.000000e+00  1.000000e+00  0.000000e+00
   outer loop
     vertex  2.280500e+02  2.200000e+02  3.370500e+02
     vertex  2.239500e+02  2.200000e+02  3.359500e+02
     vertex  2.239500e+02  2.200000e+02  3.369500e+02
   endloop
 endfacet
 facet normal  0.000000e+00  1.000000e+00  0.000000e+00
   outer loop
     vertex  2.280500e+02  2.200000e+02  3.370500e+02
     vertex  2.229500e+02  2.200000e+02  3.400500e+02
     vertex  2.229500e+02  2.200000e+02  3.419500e+02
   endloop
 endfacet
 facet normal  0.000000e+00  1.000000e+00  0.000000e+00
   outer loop
     vertex  2.280500e+02  2.200000e+02  3.370500e+02
     vertex  2.239500e+02  2.200000e+02  3.369500e+02
     vertex  2.229500e+02  2.200000e+02  3.400500e+02
   endloop
 endfacet
 facet normal  0.000000e+00  1.000000e+00  0.000000e+00
   outer loop
     vertex  2.200500e+02  2.200000e+02  3.450500e+02
     vertex  2.179500e+02  2.200000e+02  3.440500e+02
     vertex  2.179500e+02  2.200000e+02  3.449500e+02
   endloop
 endfacet
 facet normal  0.000000e+00  1.000000e+00  0.000000e+00
   outer loop
     vertex  2.200500e+02  2.200000e+02  3.450500e+02
     vertex  2.200500e+02  2.200000e+02  3.419500e+02
     vertex  2.179500e+02  2.200000e+02  3.440500e+02
   endloop
 endfacet
 facet normal  0.000000e+00  1.000000e+00  0.000000e+00
   outer loop
     vertex  2.169500e+02  2.200000e+02  3.490500e+02
     vertex  2.159500e+02  2.200000e+02  3.470500e+02
     vertex  2.159500e+02  2.200000e+02  3.490500e+02
   endloop
 endfacet
 facet normal  0.000000e+00  1.000000e+00  0.000000e+00
   outer loop
     vertex  2.290500e+02  2.200000e+02  3.370500e+02
     vertex  2.290500e+02  2.200000e+02  3.359500e+02
     vertex  2.280500e+02  2.200000e+02  3.370500e+02
   endloop
 endfacet
 facet normal  0.000000e+00  1.000000e+00  0.000000e+00
   outer loop
     vertex  2.200500e+02  2.200000e+02  3.469500e+02
     vertex  2.179500e+02  2.200000e+02  3.449500e+02
     vertex  2.159500e+02  2.200000e+02  3.470500e+02
   endloop
 endfacet
 facet normal  0.000000e+00  1.000000e+00  0.000000e+00
   outer loop
     vertex  2.200500e+02  2.200000e+02  3.469500e+02
     vertex  2.200500e+02  2.200000e+02  3.450500e+02
     vertex  2.179500e+02  2.200000e+02  3.449500e+02
   endloop
 endfacet
 facet normal  0.000000e+00  1.000000e+00  0.000000e+00
   outer loop
     vertex  2.200500e+02  2.200000e+02  3.469500e+02
     vertex  2.159500e+02  2.200000e+02  3.470500e+02
     vertex  2.169500e+02  2.200000e+02  3.490500e+02
   endloop
 endfacet
 facet normal  0.000000e+00  1.000000e+00  0.000000e+00
   outer loop
     vertex  2.229500e+02  2.200000e+02  3.450500e+02
     vertex  2.200500e+02  2.200000e+02  3.419500e+02
     vertex  2.200500e+02  2.200000e+02  3.450500e+02
   endloop
 endfacet
 facet normal  0.000000e+00  1.000000e+00  0.000000e+00
   outer loop
     vertex  2.229500e+02  2.200000e+02  3.450500e+02
     vertex  2.229500e+02  2.200000e+02  3.419500e+02
     vertex  2.200500e+02  2.200000e+02  3.419500e+02
   endloop
 endfacet
 facet normal  0.000000e+00  1.000000e+00  0.000000e+00
   outer loop
     vertex  2.189500e+02  2.200000e+02  3.500500e+02
     vertex  2.200500e+02  2.200000e+02  3.469500e+02
     vertex  2.169500e+02  2.200000e+02  3.490500e+02
   endloop
 endfacet
 facet normal  0.000000e+00  1.000000e+00  0.000000e+00
   outer loop
     vertex  2.189500e+02  2.200000e+02  3.500500e+02
     vertex  2.169500e+02  2.200000e+02  3.490500e+02
     vertex  2.169500e+02  2.200000e+02  3.500500e+02
   endloop
 endfacet
 facet normal  0.000000e+00  1.000000e+00  0.000000e+00
   outer loop
     vertex  2.229500e+02  2.200000e+02  3.469500e+02
     vertex  2.200500e+02  2.200000e+02  3.469500e+02
     vertex  2.189500e+02  2.200000e+02  3.500500e+02
   endloop
 endfacet
 facet normal  0.000000e+00  1.000000e+00  0.000000e+00
   outer loop
     vertex  2.250500e+02  2.200000e+02  3.500500e+02
     vertex  2.229500e+02  2.200000e+02  3.469500e+02
     vertex  2.189500e+02  2.200000e+02  3.500500e+02
   endloop
 endfacet
 facet normal  0.000000e+00  1.000000e+00  0.000000e+00
   outer loop
     vertex  2.260500e+02  2.200000e+02  3.490500e+02
     vertex  2.229500e+02  2.200000e+02  3.469500e+02
     vertex  2.250500e+02  2.200000e+02  3.500500e+02
   endloop
 endfacet
 facet normal  0.000000e+00  1.000000e+00  0.000000e+00
   outer loop
     vertex  2.270500e+02  2.200000e+02  3.480500e+02
     vertex  2.229500e+02  2.200000e+02  3.469500e+02
     vertex  2.260500e+02  2.200000e+02  3.490500e+02
   endloop
 endfacet
 facet normal  0.000000e+00  1.000000e+00  0.000000e+00
   outer loop
     vertex  2.270500e+02  2.200000e+02  3.480500e+02
     vertex  2.229500e+02  2.200000e+02  3.450500e+02
     vertex  2.229500e+02  2.200000e+02  3.469500e+02
   endloop
 endfacet
 facet normal  0.000000e+00  1.000000e+00  0.000000e+00
   outer loop
     vertex  2.270500e+02  2.200000e+02  3.480500e+02
     vertex  2.229500e+02  2.200000e+02  3.419500e+02
     vertex  2.229500e+02  2.200000e+02  3.450500e+02
   endloop
 endfacet
 facet normal  0.000000e+00  1.000000e+00  0.000000e+00
   outer loop
     vertex  2.270500e+02  2.200000e+02  3.490500e+02
     vertex  2.270500e+02  2.200000e+02  3.480500e+02
     vertex  2.260500e+02  2.200000e+02  3.490500e+02
   endloop
 endfacet
 facet normal  0.000000e+00  1.000000e+00  0.000000e+00
   outer loop
     vertex  2.280500e+02  2.200000e+02  3.480500e+02
     vertex  2.280500e+02  2.200000e+02  3.370500e+02
     vertex  2.229500e+02  2.200000e+02  3.419500e+02
   endloop
 endfacet
 facet normal  0.000000e+00  1.000000e+00  0.000000e+00
   outer loop
     vertex  2.280500e+02  2.200000e+02  3.480500e+02
     vertex  2.229500e+02  2.200000e+02  3.419500e+02
     vertex  2.270500e+02  2.200000e+02  3.480500e+02
   endloop
 endfacet
 facet normal  0.000000e+00  1.000000e+00  0.000000e+00
   outer loop
     vertex  2.260500e+02  2.200000e+02  3.500500e+02
     vertex  2.260500e+02  2.200000e+02  3.490500e+02
     vertex  2.250500e+02  2.200000e+02  3.500500e+02
   endloop
 endfacet
 facet normal  0.000000e+00  1.000000e+00  0.000000e+00
   outer loop
     vertex  2.250500e+02  2.200000e+02  3.510500e+02
     vertex  2.250500e+02  2.200000e+02  3.500500e+02
     vertex  2.189500e+02  2.200000e+02  3.500500e+02
   endloop
 endfacet
 facet normal  0.000000e+00  1.000000e+00  0.000000e+00
   outer loop
     vertex  2.250500e+02  2.200000e+02  3.510500e+02
     vertex  2.189500e+02  2.200000e+02  3.500500e+02
     vertex  2.189500e+02  2.200000e+02  3.510500e+02
   endloop
 endfacet
 facet normal -1.000000e+00  0.000000e+00  0.000000e+00
   outer loop
     vertex  2.159500e+02  2.190000e+02  3.470500e+02
     vertex  2.159500e+02  2.190000e+02  3.490500e+02
     vertex  2.159500e+02  2.200000e+02  3.490500e+02
   endloop
 endfacet
 facet normal -1.000000e+00  0.000000e+00  0.000000e+00
   outer loop
     vertex  2.159500e+02  2.190000e+02  3.470500e+02
     vertex  2.159500e+02  2.200000e+02  3.490500e+02
     vertex  2.159500e+02  2.200000e+02  3.470500e+02
   endloop
 endfacet
 facet normal  1.000000e+00  0.000000e+00  0.000000e+00
   outer loop
     vertex  2.280500e+02  2.190000e+02  3.480500e+02
     vertex  2.280500e+02  2.190000e+02  3.370500e+02
     vertex  2.280500e+02  2.200000e+02  3.370500e+02
   endloop
 endfacet
 facet normal  1.000000e+00 -0.000000e+00  0.000000e+00
   outer loop
     vertex  2.280500e+02  2.190000e+02  3.480500e+02
     vertex  2.280500e+02  2.200000e+02  3.370500e+02
     vertex  2.280500e+02  2.200000e+02  3.480500e+02
   endloop
 endfacet
 facet normal  1.000000e+00  0.000000e+00  0.000000e+00
   outer loop
     vertex  2.200500e+02  2.190000e+02  3.469500e+02
     vertex  2.200500e+02  2.190000e+02  3.450500e+02
     vertex  2.200500e+02  2.200000e+02  3.450500e+02
   endloop
 endfacet
 facet normal  1.000000e+00 -0.000000e+00  0.000000e+00
   outer loop
     vertex  2.200500e+02  2.190000e+02  3.469500e+02
     vertex  2.200500e+02  2.200000e+02  3.450500e+02
     vertex  2.200500e+02  2.200000e+02  3.469500e+02
   endloop
 endfacet
 facet normal  1.000000e+00  0.000000e+00  0.000000e+00
   outer loop
     vertex  2.200500e+02  2.190000e+02  3.419500e+02
     vertex  2.200500e+02  2.190000e+02  3.390500e+02
     vertex  2.200500e+02  2.200000e+02  3.390500e+02
   endloop
 endfacet
 facet normal  1.000000e+00 -0.000000e+00  0.000000e+00
   outer loop
     vertex  2.200500e+02  2.190000e+02  3.419500e+02
     vertex  2.200500e+02  2.200000e+02  3.390500e+02
     vertex  2.200500e+02  2.200000e+02  3.419500e+02
   endloop
 endfacet
 facet normal -1.000000e+00  0.000000e+00  0.000000e+00
   outer loop
     vertex  2.229500e+02  2.190000e+02  3.450500e+02
     vertex  2.229500e+02  2.190000e+02  3.469500e+02
     vertex  2.229500e+02  2.200000e+02  3.469500e+02
   endloop
 endfacet
 facet normal -1.000000e+00  0.000000e+00  0.000000e+00
   outer loop
     vertex  2.229500e+02  2.190000e+02  3.450500e+02
     vertex  2.229500e+02  2.200000e+02  3.469500e+02
     vertex  2.229500e+02  2.200000e+02  3.450500e+02
   endloop
 endfacet
 facet normal -1.000000e+00  0.000000e+00  0.000000e+00
   outer loop
     vertex  2.229500e+02  2.190000e+02  3.400500e+02
     vertex  2.229500e+02  2.190000e+02  3.419500e+02
     vertex  2.229500e+02  2.200000e+02  3.419500e+02
   endloop
 endfacet
 facet normal -1.000000e+00  0.000000e+00  0.000000e+00
   outer loop
     vertex  2.229500e+02  2.190000e+02  3.400500e+02
     vertex  2.229500e+02  2.200000e+02  3.419500e+02
     vertex  2.229500e+02  2.200000e+02  3.400500e+02
   endloop
 endfacet
 facet normal -1.000000e+00  0.000000e+00  0.000000e+00
   outer loop
     vertex  2.149500e+02  2.190000e+02  3.369500e+02
     vertex  2.149500e+02  2.190000e+02  3.430500e+02
     vertex  2.149500e+02  2.200000e+02  3.430500e+02
   endloop
 endfacet
 facet normal -1.000000e+00  0.000000e+00  0.000000e+00
   outer loop
     vertex  2.149500e+02  2.190000e+02  3.369500e+02
     vertex  2.149500e+02  2.200000e+02  3.430500e+02
     vertex  2.149500e+02  2.200000e+02  3.369500e+02
   endloop
 endfacet
 facet normal  0.000000e+00  0.000000e+00  1.000000e+00
   outer loop
     vertex  2.359500e+02  2.200000e+02  3.500500e+02
     vertex  2.340500e+02  2.200000e+02  3.500500e+02
     vertex  2.340500e+02  2.190000e+02  3.500500e+02
   endloop
 endfacet
 facet normal  0.000000e+00  0.000000e+00  1.000000e+00
   outer loop
     vertex  2.359500e+02  2.200000e+02  3.500500e+02
     vertex  2.340500e+02  2.190000e+02  3.500500e+02
     vertex  2.359500e+02  2.190000e+02  3.500500e+02
   endloop
 endfacet
 facet normal  1.000000e+00  0.000000e+00  0.000000e+00
   outer loop
     vertex  2.340500e+02  2.190000e+02  3.510500e+02
     vertex  2.340500e+02  2.190000e+02  3.500500e+02
     vertex  2.340500e+02  2.200000e+02  3.500500e+02
   endloop
 endfacet
 facet normal  1.000000e+00 -0.000000e+00  0.000000e+00
   outer loop
     vertex  2.340500e+02  2.190000e+02  3.510500e+02
     vertex  2.340500e+02  2.200000e+02  3.500500e+02
     vertex  2.340500e+02  2.200000e+02  3.510500e+02
   endloop
 endfacet
 facet normal  0.000000e+00  0.000000e+00  1.000000e+00
   outer loop
     vertex  2.340500e+02  2.200000e+02  3.510500e+02
     vertex  2.309500e+02  2.200000e+02  3.510500e+02
     vertex  2.309500e+02  2.190000e+02  3.510500e+02
   endloop
 endfacet
 facet normal  0.000000e+00  0.000000e+00  1.000000e+00
   outer loop
     vertex  2.340500e+02  2.200000e+02  3.510500e+02
     vertex  2.309500e+02  2.190000e+02  3.510500e+02
     vertex  2.340500e+02  2.190000e+02  3.510500e+02
   endloop
 endfacet
 facet normal -1.000000e+00  0.000000e+00  0.000000e+00
   outer loop
     vertex  2.309500e+02  2.190000e+02  3.510500e+02
     vertex  2.309500e+02  2.200000e+02  3.500500e+02
     vertex  2.309500e+02  2.190000e+02  3.500500e+02
   endloop
 endfacet
 facet normal -1.000000e+00  0.000000e+00  0.000000e+00
   outer loop
     vertex  2.309500e+02  2.190000e+02  3.510500e+02
     vertex  2.309500e+02  2.200000e+02  3.510500e+02
     vertex  2.309500e+02  2.200000e+02  3.500500e+02
   endloop
 endfacet
 facet normal  0.000000e+00  0.000000e+00  1.000000e+00
   outer loop
     vertex  2.309500e+02  2.200000e+02  3.500500e+02
     vertex  2.299500e+02  2.200000e+02  3.500500e+02
     vertex  2.299500e+02  2.190000e+02  3.500500e+02
   endloop
 endfacet
 facet normal  0.000000e+00  0.000000e+00  1.000000e+00
   outer loop
     vertex  2.309500e+02  2.200000e+02  3.500500e+02
     vertex  2.299500e+02  2.190000e+02  3.500500e+02
     vertex  2.309500e+02  2.190000e+02  3.500500e+02
   endloop
 endfacet
 facet normal -1.000000e+00  0.000000e+00  0.000000e+00
   outer loop
     vertex  2.359500e+02  2.190000e+02  3.510500e+02
     vertex  2.359500e+02  2.200000e+02  3.500500e+02
     vertex  2.359500e+02  2.190000e+02  3.500500e+02
   endloop
 endfacet
 facet normal -1.000000e+00  0.000000e+00  0.000000e+00
   outer loop
     vertex  2.359500e+02  2.190000e+02  3.510500e+02
     vertex  2.359500e+02  2.200000e+02  3.510500e+02
     vertex  2.359500e+02  2.200000e+02  3.500500e+02
   endloop
 endfacet
 facet normal  0.000000e+00  0.000000e+00  1.000000e+00
   outer loop
     vertex  2.390500e+02  2.200000e+02  3.510500e+02
     vertex  2.359500e+02  2.200000e+02  3.510500e+02
     vertex  2.359500e+02  2.190000e+02  3.510500e+02
   endloop
 endfacet
 facet normal  0.000000e+00  0.000000e+00  1.000000e+00
   outer loop
     vertex  2.390500e+02  2.200000e+02  3.510500e+02
     vertex  2.359500e+02  2.190000e+02  3.510500e+02
     vertex  2.390500e+02  2.190000e+02  3.510500e+02
   endloop
 endfacet
 facet normal  0.000000e+00 -1.000000e+00  0.000000e+00
   outer loop
     vertex  2.340500e+02  2.190000e+02  3.500500e+02
     vertex  2.340500e+02  2.190000e+02  3.510500e+02
     vertex  2.309500e+02  2.190000e+02  3.510500e+02
   endloop
 endfacet
 facet normal  0.000000e+00 -1.000000e+00  0.000000e+00
   outer loop
     vertex  2.340500e+02  2.190000e+02  3.500500e+02
     vertex  2.309500e+02  2.190000e+02  3.510500e+02
     vertex  2.309500e+02  2.190000e+02  3.500500e+02
   endloop
 endfacet
 facet normal -0.000000e+00 -1.000000e+00  0.000000e+00
   outer loop
     vertex  2.390500e+02  2.190000e+02  3.510500e+02
     vertex  2.359500e+02  2.190000e+02  3.510500e+02
     vertex  2.359500e+02  2.190000e+02  3.500500e+02
   endloop
 endfacet
 facet normal  0.000000e+00 -1.000000e+00  0.000000e+00
   outer loop
     vertex  2.360500e+02  2.190000e+02  3.459500e+02
     vertex  2.359500e+02  2.190000e+02  3.500500e+02
     vertex  2.340500e+02  2.190000e+02  3.500500e+02
   endloop
 endfacet
 facet normal  0.000000e+00 -1.000000e+00  0.000000e+00
   outer loop
     vertex  2.350500e+02  2.190000e+02  3.449500e+02
     vertex  2.309500e+02  2.190000e+02  3.500500e+02
     vertex  2.299500e+02  2.190000e+02  3.500500e+02
   endloop
 endfacet
 facet normal  0.000000e+00 -1.000000e+00  0.000000e+00
   outer loop
     vertex  2.350500e+02  2.190000e+02  3.449500e+02
     vertex  2.340500e+02  2.190000e+02  3.500500e+02
     vertex  2.309500e+02  2.190000e+02  3.500500e+02
   endloop
 endfacet
 facet normal  0.000000e+00 -1.000000e+00  0.000000e+00
   outer loop
     vertex  2.350500e+02  2.190000e+02  3.449500e+02
     vertex  2.360500e+02  2.190000e+02  3.459500e+02
     vertex  2.340500e+02  2.190000e+02  3.500500e+02
   endloop
 endfacet
 facet normal  0.000000e+00 -1.000000e+00  0.000000e+00
   outer loop
     vertex  2.360500e+02  2.190000e+02  3.449500e+02
     vertex  2.360500e+02  2.190000e+02  3.459500e+02
     vertex  2.350500e+02  2.190000e+02  3.449500e+02
   endloop
 endfacet
 facet normal  0.000000e+00 -1.000000e+00  0.000000e+00
   outer loop
     vertex  2.390500e+02  2.190000e+02  3.459500e+02
     vertex  2.390500e+02  2.190000e+02  3.510500e+02
     vertex  2.359500e+02  2.190000e+02  3.500500e+02
   endloop
 endfacet
 facet normal  0.000000e+00 -1.000000e+00  0.000000e+00
   outer loop
     vertex  2.390500e+02  2.190000e+02  3.459500e+02
     vertex  2.359500e+02  2.190000e+02  3.500500e+02
     vertex  2.360500e+02  2.190000e+02  3.459500e+02
   endloop
 endfacet
 facet normal  0.000000e+00 -1.000000e+00  0.000000e+00
   outer loop
     vertex  2.299500e+02  2.190000e+02  3.359500e+02
     vertex  2.350500e+02  2.190000e+02  3.449500e+02
     vertex  2.299500e+02  2.190000e+02  3.500500e+02
   endloop
 endfacet
 facet normal  0.000000e+00 -1.000000e+00  0.000000e+00
   outer loop
     vertex  2.350500e+02  2.190000e+02  3.359500e+02
     vertex  2.350500e+02  2.190000e+02  3.449500e+02
     vertex  2.299500e+02  2.190000e+02  3.359500e+02
   endloop
 endfacet
 facet normal -0.000000e+00  0.000000e+00 -1.000000e+00
   outer loop
     vertex  2.350500e+02  2.200000e+02  3.359500e+02
     vertex  2.299500e+02  2.190000e+02  3.359500e+02
     vertex  2.299500e+02  2.200000e+02  3.359500e+02
   endloop
 endfacet
 facet normal  0.000000e+00 -0.000000e+00 -1.000000e+00
   outer loop
     vertex  2.350500e+02  2.200000e+02  3.359500e+02
     vertex  2.350500e+02  2.190000e+02  3.359500e+02
     vertex  2.299500e+02  2.190000e+02  3.359500e+02
   endloop
 endfacet
 facet normal -0.000000e+00  0.000000e+00 -1.000000e+00
   outer loop
     vertex  2.390500e+02  2.200000e+02  3.459500e+02
     vertex  2.360500e+02  2.190000e+02  3.459500e+02
     vertex  2.360500e+02  2.200000e+02  3.459500e+02
   endloop
 endfacet
 facet normal  0.000000e+00 -0.000000e+00 -1.000000e+00
   outer loop
     vertex  2.390500e+02  2.200000e+02  3.459500e+02
     vertex  2.390500e+02  2.190000e+02  3.459500e+02
     vertex  2.360500e+02  2.190000e+02  3.459500e+02
   endloop
 endfacet
 facet normal  1.000000e+00  0.000000e+00  0.000000e+00
   outer loop
     vertex  2.360500e+02  2.190000e+02  3.459500e+02
     vertex  2.360500e+02  2.190000e+02  3.449500e+02
     vertex  2.360500e+02  2.200000e+02  3.449500e+02
   endloop
 endfacet
 facet normal  1.000000e+00 -0.000000e+00  0.000000e+00
   outer loop
     vertex  2.360500e+02  2.190000e+02  3.459500e+02
     vertex  2.360500e+02  2.200000e+02  3.449500e+02
     vertex  2.360500e+02  2.200000e+02  3.459500e+02
   endloop
 endfacet
 facet normal -0.000000e+00  0.000000e+00 -1.000000e+00
   outer loop
     vertex  2.360500e+02  2.200000e+02  3.449500e+02
     vertex  2.350500e+02  2.190000e+02  3.449500e+02
     vertex  2.350500e+02  2.200000e+02  3.449500e+02
   endloop
 endfacet
 facet normal  0.000000e+00 -0.000000e+00 -1.000000e+00
   outer loop
     vertex  2.360500e+02  2.200000e+02  3.449500e+02
     vertex  2.360500e+02  2.190000e+02  3.449500e+02
     vertex  2.350500e+02  2.190000e+02  3.449500e+02
   endloop
 endfacet
 facet normal  1.000000e+00  0.000000e+00  0.000000e+00
   outer loop
     vertex  2.390500e+02  2.190000e+02  3.510500e+02
     vertex  2.390500e+02  2.190000e+02  3.459500e+02
     vertex  2.390500e+02  2.200000e+02  3.459500e+02
   endloop
 endfacet
 facet normal  1.000000e+00 -0.000000e+00  0.000000e+00
   outer loop
     vertex  2.390500e+02  2.190000e+02  3.510500e+02
     vertex  2.390500e+02  2.200000e+02  3.459500e+02
     vertex  2.390500e+02  2.200000e+02  3.510500e+02
   endloop
 endfacet
 facet normal -1.000000e+00  0.000000e+00  0.000000e+00
   outer loop
     vertex  2.299500e+02  2.190000e+02  3.359500e+02
     vertex  2.299500e+02  2.190000e+02  3.500500e+02
     vertex  2.299500e+02  2.200000e+02  3.500500e+02
   endloop
 endfacet
 facet normal -1.000000e+00  0.000000e+00  0.000000e+00
   outer loop
     vertex  2.299500e+02  2.190000e+02  3.359500e+02
     vertex  2.299500e+02  2.200000e+02  3.500500e+02
     vertex  2.299500e+02  2.200000e+02  3.359500e+02
   endloop
 endfacet
 facet normal  0.000000e+00  1.000000e+00  0.000000e+00
   outer loop
     vertex  2.350500e+02  2.200000e+02  3.449500e+02
     vertex  2.350500e+02  2.200000e+02  3.359500e+02
     vertex  2.299500e+02  2.200000e+02  3.359500e+02
   endloop
 endfacet
 facet normal  0.000000e+00  1.000000e+00  0.000000e+00
   outer loop
     vertex  2.299500e+02  2.200000e+02  3.500500e+02
     vertex  2.350500e+02  2.200000e+02  3.449500e+02
     vertex  2.299500e+02  2.200000e+02  3.359500e+02
   endloop
 endfacet
 facet normal  0.000000e+00  1.000000e+00  0.000000e+00
   outer loop
     vertex  2.309500e+02  2.200000e+02  3.500500e+02
     vertex  2.350500e+02  2.200000e+02  3.449500e+02
     vertex  2.299500e+02  2.200000e+02  3.500500e+02
   endloop
 endfacet
 facet normal  0.000000e+00  1.000000e+00  0.000000e+00
   outer loop
     vertex  2.360500e+02  2.200000e+02  3.459500e+02
     vertex  2.360500e+02  2.200000e+02  3.449500e+02
     vertex  2.350500e+02  2.200000e+02  3.449500e+02
   endloop
 endfacet
 facet normal  0.000000e+00  1.000000e+00  0.000000e+00
   outer loop
     vertex  2.340500e+02  2.200000e+02  3.500500e+02
     vertex  2.360500e+02  2.200000e+02  3.459500e+02
     vertex  2.350500e+02  2.200000e+02  3.449500e+02
   endloop
 endfacet
 facet normal  0.000000e+00  1.000000e+00  0.000000e+00
   outer loop
     vertex  2.340500e+02  2.200000e+02  3.500500e+02
     vertex  2.350500e+02  2.200000e+02  3.449500e+02
     vertex  2.309500e+02  2.200000e+02  3.500500e+02
   endloop
 endfacet
 facet normal  0.000000e+00  1.000000e+00  0.000000e+00
   outer loop
     vertex  2.340500e+02  2.200000e+02  3.510500e+02
     vertex  2.309500e+02  2.200000e+02  3.500500e+02
     vertex  2.309500e+02  2.200000e+02  3.510500e+02
   endloop
 endfacet
 facet normal  0.000000e+00  1.000000e+00  0.000000e+00
   outer loop
     vertex  2.340500e+02  2.200000e+02  3.510500e+02
     vertex  2.340500e+02  2.200000e+02  3.500500e+02
     vertex  2.309500e+02  2.200000e+02  3.500500e+02
   endloop
 endfacet
 facet normal  0.000000e+00  1.000000e+00  0.000000e+00
   outer loop
     vertex  2.359500e+02  2.200000e+02  3.500500e+02
     vertex  2.390500e+02  2.200000e+02  3.459500e+02
     vertex  2.360500e+02  2.200000e+02  3.459500e+02
   endloop
 endfacet
 facet normal  0.000000e+00  1.000000e+00  0.000000e+00
   outer loop
     vertex  2.359500e+02  2.200000e+02  3.500500e+02
     vertex  2.360500e+02  2.200000e+02  3.459500e+02
     vertex  2.340500e+02  2.200000e+02  3.500500e+02
   endloop
 endfacet
 facet normal  0.000000e+00  1.000000e+00  0.000000e+00
   outer loop
     vertex  2.390500e+02  2.200000e+02  3.510500e+02
     vertex  2.359500e+02  2.200000e+02  3.500500e+02
     vertex  2.359500e+02  2.200000e+02  3.510500e+02
   endloop
 endfacet
 facet normal  0.000000e+00  1.000000e+00  0.000000e+00
   outer loop
     vertex  2.390500e+02  2.200000e+02  3.510500e+02
     vertex  2.390500e+02  2.200000e+02  3.459500e+02
     vertex  2.359500e+02  2.200000e+02  3.500500e+02
   endloop
 endfacet
 facet normal  1.000000e+00  0.000000e+00  0.000000e+00
   outer loop
     vertex  2.350500e+02  2.190000e+02  3.449500e+02
     vertex  2.350500e+02  2.190000e+02  3.359500e+02
     vertex  2.350500e+02  2.200000e+02  3.359500e+02
   endloop
 endfacet
 facet normal  1.000000e+00 -0.000000e+00  0.000000e+00
   outer loop
     vertex  2.350500e+02  2.190000e+02  3.449500e+02
     vertex  2.350500e+02  2.200000e+02  3.359500e+02
     vertex  2.350500e+02  2.200000e+02  3.449500e+02
   endloop
 endfacet
 facet normal  1.000000e+00  0.000000e+00  0.000000e+00
   outer loop
     vertex  2.510500e+02  2.190000e+02  3.500500e+02
     vertex  2.510500e+02  2.190000e+02  3.490500e+02
     vertex  2.510500e+02  2.200000e+02  3.490500e+02
   endloop
 endfacet
 facet normal  1.000000e+00 -0.000000e+00  0.000000e+00
   outer loop
     vertex  2.510500e+02  2.190000e+02  3.500500e+02
     vertex  2.510500e+02  2.200000e+02  3.490500e+02
     vertex  2.510500e+02  2.200000e+02  3.500500e+02
   endloop
 endfacet
 facet normal  0.000000e+00  0.000000e+00  1.000000e+00
   outer loop
     vertex  2.510500e+02  2.200000e+02  3.500500e+02
     vertex  2.490500e+02  2.200000e+02  3.500500e+02
     vertex  2.490500e+02  2.190000e+02  3.500500e+02
   endloop
 endfacet
 facet normal  0.000000e+00  0.000000e+00  1.000000e+00
   outer loop
     vertex  2.510500e+02  2.200000e+02  3.500500e+02
     vertex  2.490500e+02  2.190000e+02  3.500500e+02
     vertex  2.510500e+02  2.190000e+02  3.500500e+02
   endloop
 endfacet
 facet normal  1.000000e+00  0.000000e+00  0.000000e+00
   outer loop
     vertex  2.490500e+02  2.190000e+02  3.510500e+02
     vertex  2.490500e+02  2.190000e+02  3.500500e+02
     vertex  2.490500e+02  2.200000e+02  3.500500e+02
   endloop
 endfacet
 facet normal  1.000000e+00 -0.000000e+00  0.000000e+00
   outer loop
     vertex  2.490500e+02  2.190000e+02  3.510500e+02
     vertex  2.490500e+02  2.200000e+02  3.500500e+02
     vertex  2.490500e+02  2.200000e+02  3.510500e+02
   endloop
 endfacet
 facet normal  0.000000e+00  0.000000e+00  1.000000e+00
   outer loop
     vertex  2.490500e+02  2.200000e+02  3.510500e+02
     vertex  2.429500e+02  2.200000e+02  3.510500e+02
     vertex  2.429500e+02  2.190000e+02  3.510500e+02
   endloop
 endfacet
 facet normal  0.000000e+00  0.000000e+00  1.000000e+00
   outer loop
     vertex  2.490500e+02  2.200000e+02  3.510500e+02
     vertex  2.429500e+02  2.190000e+02  3.510500e+02
     vertex  2.490500e+02  2.190000e+02  3.510500e+02
   endloop
 endfacet
 facet normal -1.000000e+00  0.000000e+00  0.000000e+00
   outer loop
     vertex  2.429500e+02  2.190000e+02  3.510500e+02
     vertex  2.429500e+02  2.200000e+02  3.500500e+02
     vertex  2.429500e+02  2.190000e+02  3.500500e+02
   endloop
 endfacet
 facet normal -1.000000e+00  0.000000e+00  0.000000e+00
   outer loop
     vertex  2.429500e+02  2.190000e+02  3.510500e+02
     vertex  2.429500e+02  2.200000e+02  3.510500e+02
     vertex  2.429500e+02  2.200000e+02  3.500500e+02
   endloop
 endfacet
 facet normal  0.000000e+00  0.000000e+00  1.000000e+00
   outer loop
     vertex  2.429500e+02  2.200000e+02  3.500500e+02
     vertex  2.409500e+02  2.200000e+02  3.500500e+02
     vertex  2.409500e+02  2.190000e+02  3.500500e+02
   endloop
 endfacet
 facet normal  0.000000e+00  0.000000e+00  1.000000e+00
   outer loop
     vertex  2.429500e+02  2.200000e+02  3.500500e+02
     vertex  2.409500e+02  2.190000e+02  3.500500e+02
     vertex  2.429500e+02  2.190000e+02  3.500500e+02
   endloop
 endfacet
 facet normal  0.000000e+00  0.000000e+00  1.000000e+00
   outer loop
     vertex  2.520500e+02  2.200000e+02  3.490500e+02
     vertex  2.510500e+02  2.200000e+02  3.490500e+02
     vertex  2.510500e+02  2.190000e+02  3.490500e+02
   endloop
 endfacet
 facet normal  0.000000e+00  0.000000e+00  1.000000e+00
   outer loop
     vertex  2.520500e+02  2.200000e+02  3.490500e+02
     vertex  2.510500e+02  2.190000e+02  3.490500e+02
     vertex  2.520500e+02  2.190000e+02  3.490500e+02
   endloop
 endfacet
 facet normal  0.000000e+00 -1.000000e+00  0.000000e+00
   outer loop
     vertex  2.409500e+02  2.190000e+02  3.480500e+02
     vertex  2.429500e+02  2.190000e+02  3.500500e+02
     vertex  2.409500e+02  2.190000e+02  3.500500e+02
   endloop
 endfacet
 facet normal  0.000000e+00 -1.000000e+00  0.000000e+00
   outer loop
     vertex  2.409500e+02  2.190000e+02  3.439500e+02
     vertex  2.409500e+02  2.190000e+02  3.480500e+02
     vertex  2.399500e+02  2.190000e+02  3.480500e+02
   endloop
 endfacet
 facet normal  0.000000e+00 -1.000000e+00  0.000000e+00
   outer loop
     vertex  2.409500e+02  2.190000e+02  3.439500e+02
     vertex  2.399500e+02  2.190000e+02  3.480500e+02
     vertex  2.399500e+02  2.190000e+02  3.439500e+02
   endloop
 endfacet
 facet normal  0.000000e+00 -1.000000e+00  0.000000e+00
   outer loop
     vertex  2.450500e+02  2.190000e+02  3.469500e+02
     vertex  2.429500e+02  2.190000e+02  3.500500e+02
     vertex  2.409500e+02  2.190000e+02  3.480500e+02
   endloop
 endfacet
 facet normal -0.000000e+00 -1.000000e+00  0.000000e+00
   outer loop
     vertex  2.450500e+02  2.190000e+02  3.460500e+02
     vertex  2.409500e+02  2.190000e+02  3.480500e+02
     vertex  2.409500e+02  2.190000e+02  3.439500e+02
   endloop
 endfacet
 facet normal  0.000000e+00 -1.000000e+00  0.000000e+00
   outer loop
     vertex  2.450500e+02  2.190000e+02  3.460500e+02
     vertex  2.450500e+02  2.190000e+02  3.469500e+02
     vertex  2.409500e+02  2.190000e+02  3.480500e+02
   endloop
 endfacet
 facet normal  0.000000e+00 -1.000000e+00  0.000000e+00
   outer loop
     vertex  2.490500e+02  2.190000e+02  3.500500e+02
     vertex  2.490500e+02  2.190000e+02  3.510500e+02
     vertex  2.429500e+02  2.190000e+02  3.510500e+02
   endloop
 endfacet
 facet normal  0.000000e+00 -1.000000e+00  0.000000e+00
   outer loop
     vertex  2.490500e+02  2.190000e+02  3.500500e+02
     vertex  2.429500e+02  2.190000e+02  3.510500e+02
     vertex  2.429500e+02  2.190000e+02  3.500500e+02
   endloop
 endfacet
 facet normal -0.000000e+00 -1.000000e+00  0.000000e+00
   outer loop
     vertex  2.490500e+02  2.190000e+02  3.500500e+02
     vertex  2.429500e+02  2.190000e+02  3.500500e+02
     vertex  2.450500e+02  2.190000e+02  3.469500e+02
   endloop
 endfacet
 facet normal  0.000000e+00 -1.000000e+00  0.000000e+00
   outer loop
     vertex  2.419500e+02  2.190000e+02  3.429500e+02
     vertex  2.409500e+02  2.190000e+02  3.439500e+02
     vertex  2.409500e+02  2.190000e+02  3.429500e+02
   endloop
 endfacet
 facet normal  0.000000e+00 -1.000000e+00  0.000000e+00
   outer loop
     vertex  2.419500e+02  2.190000e+02  3.429500e+02
     vertex  2.450500e+02  2.190000e+02  3.460500e+02
     vertex  2.409500e+02  2.190000e+02  3.439500e+02
   endloop
 endfacet
 facet normal  0.000000e+00 -1.000000e+00  0.000000e+00
   outer loop
     vertex  2.479500e+02  2.190000e+02  3.469500e+02
     vertex  2.490500e+02  2.190000e+02  3.500500e+02
     vertex  2.450500e+02  2.190000e+02  3.469500e+02
   endloop
 endfacet
 facet normal  0.000000e+00 -1.000000e+00  0.000000e+00
   outer loop
     vertex  2.510500e+02  2.190000e+02  3.490500e+02
     vertex  2.510500e+02  2.190000e+02  3.500500e+02
     vertex  2.490500e+02  2.190000e+02  3.500500e+02
   endloop
 endfacet
 facet normal -0.000000e+00 -1.000000e+00  0.000000e+00
   outer loop
     vertex  2.510500e+02  2.190000e+02  3.490500e+02
     vertex  2.490500e+02  2.190000e+02  3.500500e+02
     vertex  2.479500e+02  2.190000e+02  3.469500e+02
   endloop
 endfacet
 facet normal  0.000000e+00 -1.000000e+00  0.000000e+00
   outer loop
     vertex  2.470500e+02  2.190000e+02  3.450500e+02
     vertex  2.470500e+02  2.190000e+02  3.460500e+02
     vertex  2.450500e+02  2.190000e+02  3.460500e+02
   endloop
 endfacet
 facet normal  0.000000e+00 -1.000000e+00  0.000000e+00
   outer loop
     vertex  2.439500e+02  2.190000e+02  3.419500e+02
     vertex  2.419500e+02  2.190000e+02  3.429500e+02
     vertex  2.419500e+02  2.190000e+02  3.419500e+02
   endloop
 endfacet
 facet normal  0.000000e+00 -1.000000e+00  0.000000e+00
   outer loop
     vertex  2.439500e+02  2.190000e+02  3.419500e+02
     vertex  2.450500e+02  2.190000e+02  3.460500e+02
     vertex  2.419500e+02  2.190000e+02  3.429500e+02
   endloop
 endfacet
 facet normal  0.000000e+00 -1.000000e+00  0.000000e+00
   outer loop
     vertex  2.439500e+02  2.190000e+02  3.419500e+02
     vertex  2.470500e+02  2.190000e+02  3.450500e+02
     vertex  2.450500e+02  2.190000e+02  3.460500e+02
   endloop
 endfacet
 facet normal  0.000000e+00 -1.000000e+00  0.000000e+00
   outer loop
     vertex  2.489500e+02  2.190000e+02  3.459500e+02
     vertex  2.479500e+02  2.190000e+02  3.469500e+02
     vertex  2.479500e+02  2.190000e+02  3.459500e+02
   endloop
 endfacet
 facet normal  0.000000e+00 -1.000000e+00  0.000000e+00
   outer loop
     vertex  2.489500e+02  2.190000e+02  3.459500e+02
     vertex  2.510500e+02  2.190000e+02  3.490500e+02
     vertex  2.479500e+02  2.190000e+02  3.469500e+02
   endloop
 endfacet
 facet normal  0.000000e+00 -1.000000e+00  0.000000e+00
   outer loop
     vertex  2.409500e+02  2.190000e+02  3.379500e+02
     vertex  2.399500e+02  2.190000e+02  3.410500e+02
     vertex  2.399500e+02  2.190000e+02  3.379500e+02
   endloop
 endfacet
 facet normal  0.000000e+00 -1.000000e+00  0.000000e+00
   outer loop
     vertex  2.440500e+02  2.190000e+02  3.409500e+02
     vertex  2.439500e+02  2.190000e+02  3.419500e+02
     vertex  2.439500e+02  2.190000e+02  3.410500e+02
   endloop
 endfacet
 facet normal  0.000000e+00 -1.000000e+00  0.000000e+00
   outer loop
     vertex  2.440500e+02  2.190000e+02  3.400500e+02
     vertex  2.440500e+02  2.190000e+02  3.409500e+02
     vertex  2.439500e+02  2.190000e+02  3.410500e+02
   endloop
 endfacet
 facet normal  0.000000e+00 -1.000000e+00  0.000000e+00
   outer loop
     vertex  2.419500e+02  2.190000e+02  3.369500e+02
     vertex  2.440500e+02  2.190000e+02  3.400500e+02
     vertex  2.409500e+02  2.190000e+02  3.379500e+02
   endloop
 endfacet
 facet normal  0.000000e+00 -1.000000e+00  0.000000e+00
   outer loop
     vertex  2.419500e+02  2.190000e+02  3.369500e+02
     vertex  2.409500e+02  2.190000e+02  3.379500e+02
     vertex  2.409500e+02  2.190000e+02  3.369500e+02
   endloop
 endfacet
 facet normal  0.000000e+00 -1.000000e+00  0.000000e+00
   outer loop
     vertex  2.500500e+02  2.190000e+02  3.449500e+02
     vertex  2.510500e+02  2.190000e+02  3.490500e+02
     vertex  2.489500e+02  2.190000e+02  3.459500e+02
   endloop
 endfacet
 facet normal  0.000000e+00 -1.000000e+00  0.000000e+00
   outer loop
     vertex  2.500500e+02  2.190000e+02  3.449500e+02
     vertex  2.489500e+02  2.190000e+02  3.459500e+02
     vertex  2.489500e+02  2.190000e+02  3.450500e+02
   endloop
 endfacet
 facet normal -0.000000e+00 -1.000000e+00  0.000000e+00
   outer loop
     vertex  2.450500e+02  2.190000e+02  3.390500e+02
     vertex  2.440500e+02  2.190000e+02  3.400500e+02
     vertex  2.419500e+02  2.190000e+02  3.369500e+02
   endloop
 endfacet
 facet normal  0.000000e+00 -1.000000e+00  0.000000e+00
   outer loop
     vertex  2.450500e+02  2.190000e+02  3.390500e+02
     vertex  2.450500e+02  2.190000e+02  3.400500e+02
     vertex  2.440500e+02  2.190000e+02  3.400500e+02
   endloop
 endfacet
 facet normal  0.000000e+00 -1.000000e+00  0.000000e+00
   outer loop
     vertex  2.500500e+02  2.190000e+02  3.440500e+02
     vertex  2.500500e+02  2.190000e+02  3.449500e+02
     vertex  2.489500e+02  2.190000e+02  3.450500e+02
   endloop
 endfacet
 facet normal  0.000000e+00 -1.000000e+00  0.000000e+00
   outer loop
     vertex  2.479500e+02  2.190000e+02  3.409500e+02
     vertex  2.500500e+02  2.190000e+02  3.440500e+02
     vertex  2.489500e+02  2.190000e+02  3.450500e+02
   endloop
 endfacet
 facet normal  0.000000e+00 -1.000000e+00  0.000000e+00
   outer loop
     vertex  2.479500e+02  2.190000e+02  3.409500e+02
     vertex  2.489500e+02  2.190000e+02  3.450500e+02
     vertex  2.470500e+02  2.190000e+02  3.450500e+02
   endloop
 endfacet
 facet normal  0.000000e+00 -1.000000e+00  0.000000e+00
   outer loop
     vertex  2.479500e+02  2.190000e+02  3.409500e+02
     vertex  2.470500e+02  2.190000e+02  3.450500e+02
     vertex  2.439500e+02  2.190000e+02  3.419500e+02
   endloop
 endfacet
 facet normal  0.000000e+00 -1.000000e+00  0.000000e+00
   outer loop
     vertex  2.520500e+02  2.190000e+02  3.449500e+02
     vertex  2.520500e+02  2.190000e+02  3.490500e+02
     vertex  2.510500e+02  2.190000e+02  3.490500e+02
   endloop
 endfacet
 facet normal  0.000000e+00 -1.000000e+00  0.000000e+00
   outer loop
     vertex  2.520500e+02  2.190000e+02  3.449500e+02
     vertex  2.510500e+02  2.190000e+02  3.490500e+02
     vertex  2.500500e+02  2.190000e+02  3.449500e+02
   endloop
 endfacet
 facet normal  0.000000e+00 -1.000000e+00  0.000000e+00
   outer loop
     vertex  2.449500e+02  2.190000e+02  3.359500e+02
     vertex  2.419500e+02  2.190000e+02  3.369500e+02
     vertex  2.419500e+02  2.190000e+02  3.359500e+02
   endloop
 endfacet
 facet normal  0.000000e+00 -1.000000e+00  0.000000e+00
   outer loop
     vertex  2.449500e+02  2.190000e+02  3.359500e+02
     vertex  2.450500e+02  2.190000e+02  3.390500e+02
     vertex  2.419500e+02  2.190000e+02  3.369500e+02
   endloop
 endfacet
 facet normal  0.000000e+00 -1.000000e+00  0.000000e+00
   outer loop
     vertex  2.520500e+02  2.190000e+02  3.420500e+02
     vertex  2.520500e+02  2.190000e+02  3.440500e+02
     vertex  2.500500e+02  2.190000e+02  3.440500e+02
   endloop
 endfacet
 facet normal -0.000000e+00 -1.000000e+00  0.000000e+00
   outer loop
     vertex  2.520500e+02  2.190000e+02  3.420500e+02
     vertex  2.500500e+02  2.190000e+02  3.440500e+02
     vertex  2.479500e+02  2.190000e+02  3.409500e+02
   endloop
 endfacet
 facet normal -0.000000e+00 -1.000000e+00  0.000000e+00
   outer loop
     vertex  2.470500e+02  2.190000e+02  3.359500e+02
     vertex  2.449500e+02  2.190000e+02  3.359500e+02
     vertex  2.449500e+02  2.190000e+02  3.349500e+02
   endloop
 endfacet
 facet normal  0.000000e+00 -1.000000e+00  0.000000e+00
   outer loop
     vertex  2.470500e+02  2.190000e+02  3.359500e+02
     vertex  2.450500e+02  2.190000e+02  3.390500e+02
     vertex  2.449500e+02  2.190000e+02  3.359500e+02
   endloop
 endfacet
 facet normal  0.000000e+00 -1.000000e+00  0.000000e+00
   outer loop
     vertex  2.470500e+02  2.190000e+02  3.359500e+02
     vertex  2.479500e+02  2.190000e+02  3.390500e+02
     vertex  2.450500e+02  2.190000e+02  3.390500e+02
   endloop
 endfacet
 facet normal  0.000000e+00 -1.000000e+00  0.000000e+00
   outer loop
     vertex  2.470500e+02  2.190000e+02  3.349500e+02
     vertex  2.470500e+02  2.190000e+02  3.359500e+02
     vertex  2.449500e+02  2.190000e+02  3.349500e+02
   endloop
 endfacet
 facet normal  0.000000e+00 -1.000000e+00  0.000000e+00
   outer loop
     vertex  2.520500e+02  2.190000e+02  3.379500e+02
     vertex  2.530500e+02  2.190000e+02  3.420500e+02
     vertex  2.520500e+02  2.190000e+02  3.420500e+02
   endloop
 endfacet
 facet normal  0.000000e+00 -1.000000e+00  0.000000e+00
   outer loop
     vertex  2.520500e+02  2.190000e+02  3.379500e+02
     vertex  2.520500e+02  2.190000e+02  3.420500e+02
     vertex  2.479500e+02  2.190000e+02  3.409500e+02
   endloop
 endfacet
 facet normal  0.000000e+00 -1.000000e+00  0.000000e+00
   outer loop
     vertex  2.520500e+02  2.190000e+02  3.379500e+02
     vertex  2.479500e+02  2.190000e+02  3.409500e+02
     vertex  2.479500e+02  2.190000e+02  3.390500e+02
   endloop
 endfacet
 facet normal -0.000000e+00 -1.000000e+00  0.000000e+00
   outer loop
     vertex  2.510500e+02  2.190000e+02  3.369500e+02
     vertex  2.479500e+02  2.190000e+02  3.390500e+02
     vertex  2.470500e+02  2.190000e+02  3.359500e+02
   endloop
 endfacet
 facet normal  0.000000e+00 -1.000000e+00  0.000000e+00
   outer loop
     vertex  2.510500e+02  2.190000e+02  3.369500e+02
     vertex  2.520500e+02  2.190000e+02  3.379500e+02
     vertex  2.479500e+02  2.190000e+02  3.390500e+02
   endloop
 endfacet
 facet normal  0.000000e+00 -1.000000e+00  0.000000e+00
   outer loop
     vertex  2.530500e+02  2.190000e+02  3.379500e+02
     vertex  2.530500e+02  2.190000e+02  3.420500e+02
     vertex  2.520500e+02  2.190000e+02  3.379500e+02
   endloop
 endfacet
 facet normal  0.000000e+00 -1.000000e+00  0.000000e+00
   outer loop
     vertex  2.520500e+02  2.190000e+02  3.369500e+02
     vertex  2.520500e+02  2.190000e+02  3.379500e+02
     vertex  2.510500e+02  2.190000e+02  3.369500e+02
   endloop
 endfacet
 facet normal  0.000000e+00 -1.000000e+00  0.000000e+00
   outer loop
     vertex  2.510500e+02  2.190000e+02  3.359500e+02
     vertex  2.510500e+02  2.190000e+02  3.369500e+02
     vertex  2.470500e+02  2.190000e+02  3.359500e+02
   endloop
 endfacet
 facet normal -0.000000e+00 -1.000000e+00 -0.000000e+00
   outer loop
     vertex  2.439500e+02  2.190000e+02  3.410500e+02
     vertex  2.399500e+02  2.190000e+02  3.410500e+02
     vertex  2.440500e+02  2.190000e+02  3.400500e+02
   endloop
 endfacet
 facet normal -0.000000e+00 -1.000000e+00  0.000000e+00
   outer loop
     vertex  2.440500e+02  2.190000e+02  3.400500e+02
     vertex  2.399500e+02  2.190000e+02  3.410500e+02
     vertex  2.409500e+02  2.190000e+02  3.379500e+02
   endloop
 endfacet
 facet normal  0.000000e+00 -1.000000e+00  0.000000e+00
   outer loop
     vertex  2.440500e+02  2.190000e+02  3.409500e+02
     vertex  2.479500e+02  2.190000e+02  3.409500e+02
     vertex  2.439500e+02  2.190000e+02  3.419500e+02
   endloop
 endfacet
 facet normal  0.000000e+00  0.000000e+00  1.000000e+00
   outer loop
     vertex  2.409500e+02  2.200000e+02  3.480500e+02
     vertex  2.399500e+02  2.200000e+02  3.480500e+02
     vertex  2.399500e+02  2.190000e+02  3.480500e+02
   endloop
 endfacet
 facet normal  0.000000e+00  0.000000e+00  1.000000e+00
   outer loop
     vertex  2.409500e+02  2.200000e+02  3.480500e+02
     vertex  2.399500e+02  2.190000e+02  3.480500e+02
     vertex  2.409500e+02  2.190000e+02  3.480500e+02
   endloop
 endfacet
 facet normal -0.000000e+00  0.000000e+00 -1.000000e+00
   outer loop
     vertex  2.409500e+02  2.200000e+02  3.439500e+02
     vertex  2.399500e+02  2.190000e+02  3.439500e+02
     vertex  2.399500e+02  2.200000e+02  3.439500e+02
   endloop
 endfacet
 facet normal  0.000000e+00 -0.000000e+00 -1.000000e+00
   outer loop
     vertex  2.409500e+02  2.200000e+02  3.439500e+02
     vertex  2.409500e+02  2.190000e+02  3.439500e+02
     vertex  2.399500e+02  2.190000e+02  3.439500e+02
   endloop
 endfacet
 facet normal -1.000000e+00  0.000000e+00  0.000000e+00
   outer loop
     vertex  2.409500e+02  2.190000e+02  3.439500e+02
     vertex  2.409500e+02  2.200000e+02  3.429500e+02
     vertex  2.409500e+02  2.190000e+02  3.429500e+02
   endloop
 endfacet
 facet normal -1.000000e+00  0.000000e+00  0.000000e+00
   outer loop
     vertex  2.409500e+02  2.190000e+02  3.439500e+02
     vertex  2.409500e+02  2.200000e+02  3.439500e+02
     vertex  2.409500e+02  2.200000e+02  3.429500e+02
   endloop
 endfacet
 facet normal -0.000000e+00  0.000000e+00 -1.000000e+00
   outer loop
     vertex  2.419500e+02  2.200000e+02  3.429500e+02
     vertex  2.409500e+02  2.190000e+02  3.429500e+02
     vertex  2.409500e+02  2.200000e+02  3.429500e+02
   endloop
 endfacet
 facet normal  0.000000e+00 -0.000000e+00 -1.000000e+00
   outer loop
     vertex  2.419500e+02  2.200000e+02  3.429500e+02
     vertex  2.419500e+02  2.190000e+02  3.429500e+02
     vertex  2.409500e+02  2.190000e+02  3.429500e+02
   endloop
 endfacet
 facet normal -1.000000e+00  0.000000e+00  0.000000e+00
   outer loop
     vertex  2.419500e+02  2.190000e+02  3.429500e+02
     vertex  2.419500e+02  2.200000e+02  3.419500e+02
     vertex  2.419500e+02  2.190000e+02  3.419500e+02
   endloop
 endfacet
 facet normal -1.000000e+00  0.000000e+00  0.000000e+00
   outer loop
     vertex  2.419500e+02  2.190000e+02  3.429500e+02
     vertex  2.419500e+02  2.200000e+02  3.429500e+02
     vertex  2.419500e+02  2.200000e+02  3.419500e+02
   endloop
 endfacet
 facet normal -0.000000e+00  0.000000e+00 -1.000000e+00
   outer loop
     vertex  2.439500e+02  2.200000e+02  3.419500e+02
     vertex  2.419500e+02  2.190000e+02  3.419500e+02
     vertex  2.419500e+02  2.200000e+02  3.419500e+02
   endloop
 endfacet
 facet normal  0.000000e+00 -0.000000e+00 -1.000000e+00
   outer loop
     vertex  2.439500e+02  2.200000e+02  3.419500e+02
     vertex  2.439500e+02  2.190000e+02  3.419500e+02
     vertex  2.419500e+02  2.190000e+02  3.419500e+02
   endloop
 endfacet
 facet normal -1.000000e+00  0.000000e+00  0.000000e+00
   outer loop
     vertex  2.439500e+02  2.190000e+02  3.419500e+02
     vertex  2.439500e+02  2.200000e+02  3.410500e+02
     vertex  2.439500e+02  2.190000e+02  3.410500e+02
   endloop
 endfacet
 facet normal -1.000000e+00  0.000000e+00  0.000000e+00
   outer loop
     vertex  2.439500e+02  2.190000e+02  3.419500e+02
     vertex  2.439500e+02  2.200000e+02  3.419500e+02
     vertex  2.439500e+02  2.200000e+02  3.410500e+02
   endloop
 endfacet
 facet normal  0.000000e+00  0.000000e+00  1.000000e+00
   outer loop
     vertex  2.439500e+02  2.200000e+02  3.410500e+02
     vertex  2.399500e+02  2.200000e+02  3.410500e+02
     vertex  2.399500e+02  2.190000e+02  3.410500e+02
   endloop
 endfacet
 facet normal  0.000000e+00  0.000000e+00  1.000000e+00
   outer loop
     vertex  2.439500e+02  2.200000e+02  3.410500e+02
     vertex  2.399500e+02  2.190000e+02  3.410500e+02
     vertex  2.439500e+02  2.190000e+02  3.410500e+02
   endloop
 endfacet
 facet normal -0.000000e+00  0.000000e+00 -1.000000e+00
   outer loop
     vertex  2.409500e+02  2.200000e+02  3.379500e+02
     vertex  2.399500e+02  2.190000e+02  3.379500e+02
     vertex  2.399500e+02  2.200000e+02  3.379500e+02
   endloop
 endfacet
 facet normal  0.000000e+00 -0.000000e+00 -1.000000e+00
   outer loop
     vertex  2.409500e+02  2.200000e+02  3.379500e+02
     vertex  2.409500e+02  2.190000e+02  3.379500e+02
     vertex  2.399500e+02  2.190000e+02  3.379500e+02
   endloop
 endfacet
 facet normal -1.000000e+00  0.000000e+00  0.000000e+00
   outer loop
     vertex  2.409500e+02  2.190000e+02  3.379500e+02
     vertex  2.409500e+02  2.200000e+02  3.369500e+02
     vertex  2.409500e+02  2.190000e+02  3.369500e+02
   endloop
 endfacet
 facet normal -1.000000e+00  0.000000e+00  0.000000e+00
   outer loop
     vertex  2.409500e+02  2.190000e+02  3.379500e+02
     vertex  2.409500e+02  2.200000e+02  3.379500e+02
     vertex  2.409500e+02  2.200000e+02  3.369500e+02
   endloop
 endfacet
 facet normal -0.000000e+00  0.000000e+00 -1.000000e+00
   outer loop
     vertex  2.419500e+02  2.200000e+02  3.369500e+02
     vertex  2.409500e+02  2.190000e+02  3.369500e+02
     vertex  2.409500e+02  2.200000e+02  3.369500e+02
   endloop
 endfacet
 facet normal  0.000000e+00 -0.000000e+00 -1.000000e+00
   outer loop
     vertex  2.419500e+02  2.200000e+02  3.369500e+02
     vertex  2.419500e+02  2.190000e+02  3.369500e+02
     vertex  2.409500e+02  2.190000e+02  3.369500e+02
   endloop
 endfacet
 facet normal -1.000000e+00  0.000000e+00  0.000000e+00
   outer loop
     vertex  2.419500e+02  2.190000e+02  3.369500e+02
     vertex  2.419500e+02  2.200000e+02  3.359500e+02
     vertex  2.419500e+02  2.190000e+02  3.359500e+02
   endloop
 endfacet
 facet normal -1.000000e+00  0.000000e+00  0.000000e+00
   outer loop
     vertex  2.419500e+02  2.190000e+02  3.369500e+02
     vertex  2.419500e+02  2.200000e+02  3.369500e+02
     vertex  2.419500e+02  2.200000e+02  3.359500e+02
   endloop
 endfacet
 facet normal -0.000000e+00  0.000000e+00 -1.000000e+00
   outer loop
     vertex  2.449500e+02  2.200000e+02  3.359500e+02
     vertex  2.419500e+02  2.190000e+02  3.359500e+02
     vertex  2.419500e+02  2.200000e+02  3.359500e+02
   endloop
 endfacet
 facet normal  0.000000e+00 -0.000000e+00 -1.000000e+00
   outer loop
     vertex  2.449500e+02  2.200000e+02  3.359500e+02
     vertex  2.449500e+02  2.190000e+02  3.359500e+02
     vertex  2.419500e+02  2.190000e+02  3.359500e+02
   endloop
 endfacet
 facet normal -1.000000e+00  0.000000e+00  0.000000e+00
   outer loop
     vertex  2.449500e+02  2.190000e+02  3.359500e+02
     vertex  2.449500e+02  2.200000e+02  3.349500e+02
     vertex  2.449500e+02  2.190000e+02  3.349500e+02
   endloop
 endfacet
 facet normal -1.000000e+00  0.000000e+00  0.000000e+00
   outer loop
     vertex  2.449500e+02  2.190000e+02  3.359500e+02
     vertex  2.449500e+02  2.200000e+02  3.359500e+02
     vertex  2.449500e+02  2.200000e+02  3.349500e+02
   endloop
 endfacet
 facet normal -0.000000e+00  0.000000e+00 -1.000000e+00
   outer loop
     vertex  2.470500e+02  2.200000e+02  3.349500e+02
     vertex  2.449500e+02  2.190000e+02  3.349500e+02
     vertex  2.449500e+02  2.200000e+02  3.349500e+02
   endloop
 endfacet
 facet normal  0.000000e+00 -0.000000e+00 -1.000000e+00
   outer loop
     vertex  2.470500e+02  2.200000e+02  3.349500e+02
     vertex  2.470500e+02  2.190000e+02  3.349500e+02
     vertex  2.449500e+02  2.190000e+02  3.349500e+02
   endloop
 endfacet
 facet normal -0.000000e+00  0.000000e+00 -1.000000e+00
   outer loop
     vertex  2.530500e+02  2.200000e+02  3.379500e+02
     vertex  2.520500e+02  2.190000e+02  3.379500e+02
     vertex  2.520500e+02  2.200000e+02  3.379500e+02
   endloop
 endfacet
 facet normal  0.000000e+00 -0.000000e+00 -1.000000e+00
   outer loop
     vertex  2.530500e+02  2.200000e+02  3.379500e+02
     vertex  2.530500e+02  2.190000e+02  3.379500e+02
     vertex  2.520500e+02  2.190000e+02  3.379500e+02
   endloop
 endfacet
 facet normal  1.000000e+00  0.000000e+00  0.000000e+00
   outer loop
     vertex  2.520500e+02  2.190000e+02  3.379500e+02
     vertex  2.520500e+02  2.190000e+02  3.369500e+02
     vertex  2.520500e+02  2.200000e+02  3.369500e+02
   endloop
 endfacet
 facet normal  1.000000e+00 -0.000000e+00  0.000000e+00
   outer loop
     vertex  2.520500e+02  2.190000e+02  3.379500e+02
     vertex  2.520500e+02  2.200000e+02  3.369500e+02
     vertex  2.520500e+02  2.200000e+02  3.379500e+02
   endloop
 endfacet
 facet normal -0.000000e+00  0.000000e+00 -1.000000e+00
   outer loop
     vertex  2.520500e+02  2.200000e+02  3.369500e+02
     vertex  2.510500e+02  2.190000e+02  3.369500e+02
     vertex  2.510500e+02  2.200000e+02  3.369500e+02
   endloop
 endfacet
 facet normal  0.000000e+00 -0.000000e+00 -1.000000e+00
   outer loop
     vertex  2.520500e+02  2.200000e+02  3.369500e+02
     vertex  2.520500e+02  2.190000e+02  3.369500e+02
     vertex  2.510500e+02  2.190000e+02  3.369500e+02
   endloop
 endfacet
 facet normal  1.000000e+00  0.000000e+00  0.000000e+00
   outer loop
     vertex  2.510500e+02  2.190000e+02  3.369500e+02
     vertex  2.510500e+02  2.190000e+02  3.359500e+02
     vertex  2.510500e+02  2.200000e+02  3.359500e+02
   endloop
 endfacet
 facet normal  1.000000e+00 -0.000000e+00  0.000000e+00
   outer loop
     vertex  2.510500e+02  2.190000e+02  3.369500e+02
     vertex  2.510500e+02  2.200000e+02  3.359500e+02
     vertex  2.510500e+02  2.200000e+02  3.369500e+02
   endloop
 endfacet
 facet normal -0.000000e+00  0.000000e+00 -1.000000e+00
   outer loop
     vertex  2.510500e+02  2.200000e+02  3.359500e+02
     vertex  2.470500e+02  2.190000e+02  3.359500e+02
     vertex  2.470500e+02  2.200000e+02  3.359500e+02
   endloop
 endfacet
 facet normal  0.000000e+00 -0.000000e+00 -1.000000e+00
   outer loop
     vertex  2.510500e+02  2.200000e+02  3.359500e+02
     vertex  2.510500e+02  2.190000e+02  3.359500e+02
     vertex  2.470500e+02  2.190000e+02  3.359500e+02
   endloop
 endfacet
 facet normal  1.000000e+00  0.000000e+00  0.000000e+00
   outer loop
     vertex  2.470500e+02  2.190000e+02  3.359500e+02
     vertex  2.470500e+02  2.190000e+02  3.349500e+02
     vertex  2.470500e+02  2.200000e+02  3.349500e+02
   endloop
 endfacet
 facet normal  1.000000e+00 -0.000000e+00  0.000000e+00
   outer loop
     vertex  2.470500e+02  2.190000e+02  3.359500e+02
     vertex  2.470500e+02  2.200000e+02  3.349500e+02
     vertex  2.470500e+02  2.200000e+02  3.359500e+02
   endloop
 endfacet
 facet normal  0.000000e+00  0.000000e+00  1.000000e+00
   outer loop
     vertex  2.530500e+02  2.200000e+02  3.420500e+02
     vertex  2.520500e+02  2.200000e+02  3.420500e+02
     vertex  2.520500e+02  2.190000e+02  3.420500e+02
   endloop
 endfacet
 facet normal  0.000000e+00  0.000000e+00  1.000000e+00
   outer loop
     vertex  2.530500e+02  2.200000e+02  3.420500e+02
     vertex  2.520500e+02  2.190000e+02  3.420500e+02
     vertex  2.530500e+02  2.190000e+02  3.420500e+02
   endloop
 endfacet
 facet normal -0.000000e+00  0.000000e+00 -1.000000e+00
   outer loop
     vertex  2.520500e+02  2.200000e+02  3.449500e+02
     vertex  2.500500e+02  2.190000e+02  3.449500e+02
     vertex  2.500500e+02  2.200000e+02  3.449500e+02
   endloop
 endfacet
 facet normal  0.000000e+00 -0.000000e+00 -1.000000e+00
   outer loop
     vertex  2.520500e+02  2.200000e+02  3.449500e+02
     vertex  2.520500e+02  2.190000e+02  3.449500e+02
     vertex  2.500500e+02  2.190000e+02  3.449500e+02
   endloop
 endfacet
 facet normal  1.000000e+00  0.000000e+00  0.000000e+00
   outer loop
     vertex  2.500500e+02  2.190000e+02  3.449500e+02
     vertex  2.500500e+02  2.190000e+02  3.440500e+02
     vertex  2.500500e+02  2.200000e+02  3.440500e+02
   endloop
 endfacet
 facet normal  1.000000e+00 -0.000000e+00  0.000000e+00
   outer loop
     vertex  2.500500e+02  2.190000e+02  3.449500e+02
     vertex  2.500500e+02  2.200000e+02  3.440500e+02
     vertex  2.500500e+02  2.200000e+02  3.449500e+02
   endloop
 endfacet
 facet normal  0.000000e+00  0.000000e+00  1.000000e+00
   outer loop
     vertex  2.520500e+02  2.200000e+02  3.440500e+02
     vertex  2.500500e+02  2.200000e+02  3.440500e+02
     vertex  2.500500e+02  2.190000e+02  3.440500e+02
   endloop
 endfacet
 facet normal  0.000000e+00  0.000000e+00  1.000000e+00
   outer loop
     vertex  2.520500e+02  2.200000e+02  3.440500e+02
     vertex  2.500500e+02  2.190000e+02  3.440500e+02
     vertex  2.520500e+02  2.190000e+02  3.440500e+02
   endloop
 endfacet
 facet normal -0.000000e+00  0.000000e+00 -1.000000e+00
   outer loop
     vertex  2.479500e+02  2.200000e+02  3.469500e+02
     vertex  2.450500e+02  2.190000e+02  3.469500e+02
     vertex  2.450500e+02  2.200000e+02  3.469500e+02
   endloop
 endfacet
 facet normal  0.000000e+00 -0.000000e+00 -1.000000e+00
   outer loop
     vertex  2.479500e+02  2.200000e+02  3.469500e+02
     vertex  2.479500e+02  2.190000e+02  3.469500e+02
     vertex  2.450500e+02  2.190000e+02  3.469500e+02
   endloop
 endfacet
 facet normal  1.000000e+00  0.000000e+00  0.000000e+00
   outer loop
     vertex  2.450500e+02  2.190000e+02  3.469500e+02
     vertex  2.450500e+02  2.190000e+02  3.460500e+02
     vertex  2.450500e+02  2.200000e+02  3.460500e+02
   endloop
 endfacet
 facet normal  1.000000e+00 -0.000000e+00  0.000000e+00
   outer loop
     vertex  2.450500e+02  2.190000e+02  3.469500e+02
     vertex  2.450500e+02  2.200000e+02  3.460500e+02
     vertex  2.450500e+02  2.200000e+02  3.469500e+02
   endloop
 endfacet
 facet normal -1.000000e+00  0.000000e+00  0.000000e+00
   outer loop
     vertex  2.479500e+02  2.190000e+02  3.469500e+02
     vertex  2.479500e+02  2.200000e+02  3.459500e+02
     vertex  2.479500e+02  2.190000e+02  3.459500e+02
   endloop
 endfacet
 facet normal -1.000000e+00  0.000000e+00  0.000000e+00
   outer loop
     vertex  2.479500e+02  2.190000e+02  3.469500e+02
     vertex  2.479500e+02  2.200000e+02  3.469500e+02
     vertex  2.479500e+02  2.200000e+02  3.459500e+02
   endloop
 endfacet
 facet normal  0.000000e+00  0.000000e+00  1.000000e+00
   outer loop
     vertex  2.470500e+02  2.200000e+02  3.460500e+02
     vertex  2.450500e+02  2.200000e+02  3.460500e+02
     vertex  2.450500e+02  2.190000e+02  3.460500e+02
   endloop
 endfacet
 facet normal  0.000000e+00  0.000000e+00  1.000000e+00
   outer loop
     vertex  2.470500e+02  2.200000e+02  3.460500e+02
     vertex  2.450500e+02  2.190000e+02  3.460500e+02
     vertex  2.470500e+02  2.190000e+02  3.460500e+02
   endloop
 endfacet
 facet normal -0.000000e+00  0.000000e+00 -1.000000e+00
   outer loop
     vertex  2.489500e+02  2.200000e+02  3.459500e+02
     vertex  2.479500e+02  2.190000e+02  3.459500e+02
     vertex  2.479500e+02  2.200000e+02  3.459500e+02
   endloop
 endfacet
 facet normal  0.000000e+00 -0.000000e+00 -1.000000e+00
   outer loop
     vertex  2.489500e+02  2.200000e+02  3.459500e+02
     vertex  2.489500e+02  2.190000e+02  3.459500e+02
     vertex  2.479500e+02  2.190000e+02  3.459500e+02
   endloop
 endfacet
 facet normal  1.000000e+00  0.000000e+00  0.000000e+00
   outer loop
     vertex  2.470500e+02  2.190000e+02  3.460500e+02
     vertex  2.470500e+02  2.190000e+02  3.450500e+02
     vertex  2.470500e+02  2.200000e+02  3.450500e+02
   endloop
 endfacet
 facet normal  1.000000e+00 -0.000000e+00  0.000000e+00
   outer loop
     vertex  2.470500e+02  2.190000e+02  3.460500e+02
     vertex  2.470500e+02  2.200000e+02  3.450500e+02
     vertex  2.470500e+02  2.200000e+02  3.460500e+02
   endloop
 endfacet
 facet normal -1.000000e+00  0.000000e+00  0.000000e+00
   outer loop
     vertex  2.489500e+02  2.190000e+02  3.459500e+02
     vertex  2.489500e+02  2.200000e+02  3.450500e+02
     vertex  2.489500e+02  2.190000e+02  3.450500e+02
   endloop
 endfacet
 facet normal -1.000000e+00  0.000000e+00  0.000000e+00
   outer loop
     vertex  2.489500e+02  2.190000e+02  3.459500e+02
     vertex  2.489500e+02  2.200000e+02  3.459500e+02
     vertex  2.489500e+02  2.200000e+02  3.450500e+02
   endloop
 endfacet
 facet normal  0.000000e+00  0.000000e+00  1.000000e+00
   outer loop
     vertex  2.489500e+02  2.200000e+02  3.450500e+02
     vertex  2.470500e+02  2.200000e+02  3.450500e+02
     vertex  2.470500e+02  2.190000e+02  3.450500e+02
   endloop
 endfacet
 facet normal  0.000000e+00  0.000000e+00  1.000000e+00
   outer loop
     vertex  2.489500e+02  2.200000e+02  3.450500e+02
     vertex  2.470500e+02  2.190000e+02  3.450500e+02
     vertex  2.489500e+02  2.190000e+02  3.450500e+02
   endloop
 endfacet
 facet normal -0.000000e+00  0.000000e+00 -1.000000e+00
   outer loop
     vertex  2.479500e+02  2.200000e+02  3.409500e+02
     vertex  2.440500e+02  2.190000e+02  3.409500e+02
     vertex  2.440500e+02  2.200000e+02  3.409500e+02
   endloop
 endfacet
 facet normal  0.000000e+00 -0.000000e+00 -1.000000e+00
   outer loop
     vertex  2.479500e+02  2.200000e+02  3.409500e+02
     vertex  2.479500e+02  2.190000e+02  3.409500e+02
     vertex  2.440500e+02  2.190000e+02  3.409500e+02
   endloop
 endfacet
 facet normal  1.000000e+00  0.000000e+00  0.000000e+00
   outer loop
     vertex  2.440500e+02  2.190000e+02  3.409500e+02
     vertex  2.440500e+02  2.190000e+02  3.400500e+02
     vertex  2.440500e+02  2.200000e+02  3.400500e+02
   endloop
 endfacet
 facet normal  1.000000e+00 -0.000000e+00  0.000000e+00
   outer loop
     vertex  2.440500e+02  2.190000e+02  3.409500e+02
     vertex  2.440500e+02  2.200000e+02  3.400500e+02
     vertex  2.440500e+02  2.200000e+02  3.409500e+02
   endloop
 endfacet
 facet normal  0.000000e+00  0.000000e+00  1.000000e+00
   outer loop
     vertex  2.450500e+02  2.200000e+02  3.400500e+02
     vertex  2.440500e+02  2.200000e+02  3.400500e+02
     vertex  2.440500e+02  2.190000e+02  3.400500e+02
   endloop
 endfacet
 facet normal  0.000000e+00  0.000000e+00  1.000000e+00
   outer loop
     vertex  2.450500e+02  2.200000e+02  3.400500e+02
     vertex  2.440500e+02  2.190000e+02  3.400500e+02
     vertex  2.450500e+02  2.190000e+02  3.400500e+02
   endloop
 endfacet
 facet normal  1.000000e+00  0.000000e+00  0.000000e+00
   outer loop
     vertex  2.450500e+02  2.190000e+02  3.400500e+02
     vertex  2.450500e+02  2.190000e+02  3.390500e+02
     vertex  2.450500e+02  2.200000e+02  3.390500e+02
   endloop
 endfacet
 facet normal  1.000000e+00 -0.000000e+00  0.000000e+00
   outer loop
     vertex  2.450500e+02  2.190000e+02  3.400500e+02
     vertex  2.450500e+02  2.200000e+02  3.390500e+02
     vertex  2.450500e+02  2.200000e+02  3.400500e+02
   endloop
 endfacet
 facet normal  0.000000e+00  0.000000e+00  1.000000e+00
   outer loop
     vertex  2.479500e+02  2.200000e+02  3.390500e+02
     vertex  2.450500e+02  2.200000e+02  3.390500e+02
     vertex  2.450500e+02  2.190000e+02  3.390500e+02
   endloop
 endfacet
 facet normal  0.000000e+00  0.000000e+00  1.000000e+00
   outer loop
     vertex  2.479500e+02  2.200000e+02  3.390500e+02
     vertex  2.450500e+02  2.190000e+02  3.390500e+02
     vertex  2.479500e+02  2.190000e+02  3.390500e+02
   endloop
 endfacet
 facet normal -1.000000e+00  0.000000e+00  0.000000e+00
   outer loop
     vertex  2.409500e+02  2.190000e+02  3.480500e+02
     vertex  2.409500e+02  2.190000e+02  3.500500e+02
     vertex  2.409500e+02  2.200000e+02  3.500500e+02
   endloop
 endfacet
 facet normal -1.000000e+00  0.000000e+00  0.000000e+00
   outer loop
     vertex  2.409500e+02  2.190000e+02  3.480500e+02
     vertex  2.409500e+02  2.200000e+02  3.500500e+02
     vertex  2.409500e+02  2.200000e+02  3.480500e+02
   endloop
 endfacet
 facet normal  0.000000e+00  1.000000e+00  0.000000e+00
   outer loop
     vertex  2.409500e+02  2.200000e+02  3.379500e+02
     vertex  2.419500e+02  2.200000e+02  3.369500e+02
     vertex  2.409500e+02  2.200000e+02  3.369500e+02
   endloop
 endfacet
 facet normal  0.000000e+00  1.000000e+00  0.000000e+00
   outer loop
     vertex  2.449500e+02  2.200000e+02  3.359500e+02
     vertex  2.419500e+02  2.200000e+02  3.359500e+02
     vertex  2.419500e+02  2.200000e+02  3.369500e+02
   endloop
 endfacet
 facet normal  0.000000e+00  1.000000e+00  0.000000e+00
   outer loop
     vertex  2.399500e+02  2.200000e+02  3.410500e+02
     vertex  2.409500e+02  2.200000e+02  3.379500e+02
     vertex  2.399500e+02  2.200000e+02  3.379500e+02
   endloop
 endfacet
 facet normal  0.000000e+00  1.000000e+00  0.000000e+00
   outer loop
     vertex  2.470500e+02  2.200000e+02  3.359500e+02
     vertex  2.470500e+02  2.200000e+02  3.349500e+02
     vertex  2.449500e+02  2.200000e+02  3.349500e+02
   endloop
 endfacet
 facet normal  0.000000e+00  1.000000e+00  0.000000e+00
   outer loop
     vertex  2.470500e+02  2.200000e+02  3.359500e+02
     vertex  2.449500e+02  2.200000e+02  3.349500e+02
     vertex  2.449500e+02  2.200000e+02  3.359500e+02
   endloop
 endfacet
 facet normal  0.000000e+00  1.000000e+00  0.000000e+00
   outer loop
     vertex  2.450500e+02  2.200000e+02  3.390500e+02
     vertex  2.470500e+02  2.200000e+02  3.359500e+02
     vertex  2.449500e+02  2.200000e+02  3.359500e+02
   endloop
 endfacet
 facet normal  0.000000e+00  1.000000e+00  0.000000e+00
   outer loop
     vertex  2.450500e+02  2.200000e+02  3.390500e+02
     vertex  2.449500e+02  2.200000e+02  3.359500e+02
     vertex  2.419500e+02  2.200000e+02  3.369500e+02
   endloop
 endfacet
 facet normal  0.000000e+00  1.000000e+00  0.000000e+00
   outer loop
     vertex  2.440500e+02  2.200000e+02  3.400500e+02
     vertex  2.450500e+02  2.200000e+02  3.390500e+02
     vertex  2.419500e+02  2.200000e+02  3.369500e+02
   endloop
 endfacet
 facet normal  0.000000e+00  1.000000e+00  0.000000e+00
   outer loop
     vertex  2.440500e+02  2.200000e+02  3.400500e+02
     vertex  2.419500e+02  2.200000e+02  3.369500e+02
     vertex  2.409500e+02  2.200000e+02  3.379500e+02
   endloop
 endfacet
 facet normal  0.000000e+00  1.000000e+00  0.000000e+00
   outer loop
     vertex  2.419500e+02  2.200000e+02  3.429500e+02
     vertex  2.409500e+02  2.200000e+02  3.429500e+02
     vertex  2.409500e+02  2.200000e+02  3.439500e+02
   endloop
 endfacet
 facet normal  0.000000e+00  1.000000e+00  0.000000e+00
   outer loop
     vertex  2.439500e+02  2.200000e+02  3.410500e+02
     vertex  2.440500e+02  2.200000e+02  3.409500e+02
     vertex  2.440500e+02  2.200000e+02  3.400500e+02
   endloop
 endfacet
 facet normal  0.000000e+00  1.000000e+00  0.000000e+00
   outer loop
     vertex  2.450500e+02  2.200000e+02  3.400500e+02
     vertex  2.450500e+02  2.200000e+02  3.390500e+02
     vertex  2.440500e+02  2.200000e+02  3.400500e+02
   endloop
 endfacet
 facet normal  0.000000e+00  1.000000e+00  0.000000e+00
   outer loop
     vertex  2.439500e+02  2.200000e+02  3.419500e+02
     vertex  2.419500e+02  2.200000e+02  3.419500e+02
     vertex  2.419500e+02  2.200000e+02  3.429500e+02
   endloop
 endfacet
 facet normal  0.000000e+00  1.000000e+00  0.000000e+00
   outer loop
     vertex  2.439500e+02  2.200000e+02  3.419500e+02
     vertex  2.440500e+02  2.200000e+02  3.409500e+02
     vertex  2.439500e+02  2.200000e+02  3.410500e+02
   endloop
 endfacet
 facet normal  0.000000e+00  1.000000e+00  0.000000e+00
   outer loop
     vertex  2.479500e+02  2.200000e+02  3.390500e+02
     vertex  2.470500e+02  2.200000e+02  3.359500e+02
     vertex  2.450500e+02  2.200000e+02  3.390500e+02
   endloop
 endfacet
 facet normal  0.000000e+00  1.000000e+00  0.000000e+00
   outer loop
     vertex  2.510500e+02  2.200000e+02  3.369500e+02
     vertex  2.510500e+02  2.200000e+02  3.359500e+02
     vertex  2.470500e+02  2.200000e+02  3.359500e+02
   endloop
 endfacet
 facet normal  0.000000e+00  1.000000e+00  0.000000e+00
   outer loop
     vertex  2.510500e+02  2.200000e+02  3.369500e+02
     vertex  2.470500e+02  2.200000e+02  3.359500e+02
     vertex  2.479500e+02  2.200000e+02  3.390500e+02
   endloop
 endfacet
 facet normal  0.000000e+00  1.000000e+00  0.000000e+00
   outer loop
     vertex  2.409500e+02  2.200000e+02  3.480500e+02
     vertex  2.409500e+02  2.200000e+02  3.439500e+02
     vertex  2.399500e+02  2.200000e+02  3.439500e+02
   endloop
 endfacet
 facet normal  0.000000e+00  1.000000e+00  0.000000e+00
   outer loop
     vertex  2.409500e+02  2.200000e+02  3.480500e+02
     vertex  2.399500e+02  2.200000e+02  3.439500e+02
     vertex  2.399500e+02  2.200000e+02  3.480500e+02
   endloop
 endfacet
 facet normal  0.000000e+00  1.000000e+00  0.000000e+00
   outer loop
     vertex  2.520500e+02  2.200000e+02  3.379500e+02
     vertex  2.510500e+02  2.200000e+02  3.369500e+02
     vertex  2.479500e+02  2.200000e+02  3.390500e+02
   endloop
 endfacet
 facet normal  0.000000e+00  1.000000e+00  0.000000e+00
   outer loop
     vertex  2.520500e+02  2.200000e+02  3.379500e+02
     vertex  2.520500e+02  2.200000e+02  3.369500e+02
     vertex  2.510500e+02  2.200000e+02  3.369500e+02
   endloop
 endfacet
 facet normal  0.000000e+00  1.000000e+00  0.000000e+00
   outer loop
     vertex  2.450500e+02  2.200000e+02  3.460500e+02
     vertex  2.409500e+02  2.200000e+02  3.439500e+02
     vertex  2.409500e+02  2.200000e+02  3.480500e+02
   endloop
 endfacet
 facet normal  0.000000e+00  1.000000e+00  0.000000e+00
   outer loop
     vertex  2.450500e+02  2.200000e+02  3.460500e+02
     vertex  2.419500e+02  2.200000e+02  3.429500e+02
     vertex  2.409500e+02  2.200000e+02  3.439500e+02
   endloop
 endfacet
 facet normal  0.000000e+00  1.000000e+00  0.000000e+00
   outer loop
     vertex  2.450500e+02  2.200000e+02  3.460500e+02
     vertex  2.439500e+02  2.200000e+02  3.419500e+02
     vertex  2.419500e+02  2.200000e+02  3.429500e+02
   endloop
 endfacet
 facet normal  0.000000e+00  1.000000e+00  0.000000e+00
   outer loop
     vertex  2.450500e+02  2.200000e+02  3.469500e+02
     vertex  2.450500e+02  2.200000e+02  3.460500e+02
     vertex  2.409500e+02  2.200000e+02  3.480500e+02
   endloop
 endfacet
 facet normal  0.000000e+00  1.000000e+00  0.000000e+00
   outer loop
     vertex  2.470500e+02  2.200000e+02  3.450500e+02
     vertex  2.439500e+02  2.200000e+02  3.419500e+02
     vertex  2.450500e+02  2.200000e+02  3.460500e+02
   endloop
 endfacet
 facet normal  0.000000e+00  1.000000e+00  0.000000e+00
   outer loop
     vertex  2.470500e+02  2.200000e+02  3.450500e+02
     vertex  2.479500e+02  2.200000e+02  3.409500e+02
     vertex  2.439500e+02  2.200000e+02  3.419500e+02
   endloop
 endfacet
 facet normal  0.000000e+00  1.000000e+00  0.000000e+00
   outer loop
     vertex  2.429500e+02  2.200000e+02  3.500500e+02
     vertex  2.450500e+02  2.200000e+02  3.469500e+02
     vertex  2.409500e+02  2.200000e+02  3.480500e+02
   endloop
 endfacet
 facet normal  0.000000e+00  1.000000e+00  0.000000e+00
   outer loop
     vertex  2.429500e+02  2.200000e+02  3.500500e+02
     vertex  2.409500e+02  2.200000e+02  3.480500e+02
     vertex  2.409500e+02  2.200000e+02  3.500500e+02
   endloop
 endfacet
 facet normal  0.000000e+00  1.000000e+00  0.000000e+00
   outer loop
     vertex  2.470500e+02  2.200000e+02  3.460500e+02
     vertex  2.470500e+02  2.200000e+02  3.450500e+02
     vertex  2.450500e+02  2.200000e+02  3.460500e+02
   endloop
 endfacet
 facet normal  0.000000e+00  1.000000e+00  0.000000e+00
   outer loop
     vertex  2.489500e+02  2.200000e+02  3.450500e+02
     vertex  2.479500e+02  2.200000e+02  3.409500e+02
     vertex  2.470500e+02  2.200000e+02  3.450500e+02
   endloop
 endfacet
 facet normal  0.000000e+00  1.000000e+00  0.000000e+00
   outer loop
     vertex  2.500500e+02  2.200000e+02  3.440500e+02
     vertex  2.479500e+02  2.200000e+02  3.409500e+02
     vertex  2.489500e+02  2.200000e+02  3.450500e+02
   endloop
 endfacet
 facet normal  0.000000e+00  1.000000e+00  0.000000e+00
   outer loop
     vertex  2.520500e+02  2.200000e+02  3.420500e+02
     vertex  2.479500e+02  2.200000e+02  3.409500e+02
     vertex  2.500500e+02  2.200000e+02  3.440500e+02
   endloop
 endfacet
 facet normal  0.000000e+00  1.000000e+00  0.000000e+00
   outer loop
     vertex  2.520500e+02  2.200000e+02  3.420500e+02
     vertex  2.479500e+02  2.200000e+02  3.390500e+02
     vertex  2.479500e+02  2.200000e+02  3.409500e+02
   endloop
 endfacet
 facet normal  0.000000e+00  1.000000e+00  0.000000e+00
   outer loop
     vertex  2.520500e+02  2.200000e+02  3.420500e+02
     vertex  2.520500e+02  2.200000e+02  3.379500e+02
     vertex  2.479500e+02  2.200000e+02  3.390500e+02
   endloop
 endfacet
 facet normal  0.000000e+00  1.000000e+00  0.000000e+00
   outer loop
     vertex  2.479500e+02  2.200000e+02  3.469500e+02
     vertex  2.489500e+02  2.200000e+02  3.459500e+02
     vertex  2.479500e+02  2.200000e+02  3.459500e+02
   endloop
 endfacet
 facet normal  0.000000e+00  1.000000e+00  0.000000e+00
   outer loop
     vertex  2.500500e+02  2.200000e+02  3.449500e+02
     vertex  2.500500e+02  2.200000e+02  3.440500e+02
     vertex  2.489500e+02  2.200000e+02  3.450500e+02
   endloop
 endfacet
 facet normal  0.000000e+00  1.000000e+00  0.000000e+00
   outer loop
     vertex  2.500500e+02  2.200000e+02  3.449500e+02
     vertex  2.489500e+02  2.200000e+02  3.450500e+02
     vertex  2.489500e+02  2.200000e+02  3.459500e+02
   endloop
 endfacet
 facet normal  0.000000e+00  1.000000e+00  0.000000e+00
   outer loop
     vertex  2.530500e+02  2.200000e+02  3.420500e+02
     vertex  2.530500e+02  2.200000e+02  3.379500e+02
     vertex  2.520500e+02  2.200000e+02  3.379500e+02
   endloop
 endfacet
 facet normal  0.000000e+00  1.000000e+00  0.000000e+00
   outer loop
     vertex  2.530500e+02  2.200000e+02  3.420500e+02
     vertex  2.520500e+02  2.200000e+02  3.379500e+02
     vertex  2.520500e+02  2.200000e+02  3.420500e+02
   endloop
 endfacet
 facet normal  0.000000e+00  1.000000e+00  0.000000e+00
   outer loop
     vertex  2.520500e+02  2.200000e+02  3.440500e+02
     vertex  2.520500e+02  2.200000e+02  3.420500e+02
     vertex  2.500500e+02  2.200000e+02  3.440500e+02
   endloop
 endfacet
 facet normal  0.000000e+00  1.000000e+00  0.000000e+00
   outer loop
     vertex  2.490500e+02  2.200000e+02  3.500500e+02
     vertex  2.450500e+02  2.200000e+02  3.469500e+02
     vertex  2.429500e+02  2.200000e+02  3.500500e+02
   endloop
 endfacet
 facet normal  0.000000e+00  1.000000e+00  0.000000e+00
   outer loop
     vertex  2.490500e+02  2.200000e+02  3.500500e+02
     vertex  2.479500e+02  2.200000e+02  3.469500e+02
     vertex  2.450500e+02  2.200000e+02  3.469500e+02
   endloop
 endfacet
 facet normal  0.000000e+00  1.000000e+00  0.000000e+00
   outer loop
     vertex  2.510500e+02  2.200000e+02  3.490500e+02
     vertex  2.520500e+02  2.200000e+02  3.449500e+02
     vertex  2.500500e+02  2.200000e+02  3.449500e+02
   endloop
 endfacet
 facet normal  0.000000e+00  1.000000e+00  0.000000e+00
   outer loop
     vertex  2.510500e+02  2.200000e+02  3.490500e+02
     vertex  2.489500e+02  2.200000e+02  3.459500e+02
     vertex  2.479500e+02  2.200000e+02  3.469500e+02
   endloop
 endfacet
 facet normal  0.000000e+00  1.000000e+00  0.000000e+00
   outer loop
     vertex  2.510500e+02  2.200000e+02  3.490500e+02
     vertex  2.479500e+02  2.200000e+02  3.469500e+02
     vertex  2.490500e+02  2.200000e+02  3.500500e+02
   endloop
 endfacet
 facet normal  0.000000e+00  1.000000e+00  0.000000e+00
   outer loop
     vertex  2.510500e+02  2.200000e+02  3.490500e+02
     vertex  2.500500e+02  2.200000e+02  3.449500e+02
     vertex  2.489500e+02  2.200000e+02  3.459500e+02
   endloop
 endfacet
 facet normal  0.000000e+00  1.000000e+00  0.000000e+00
   outer loop
     vertex  2.490500e+02  2.200000e+02  3.510500e+02
     vertex  2.429500e+02  2.200000e+02  3.500500e+02
     vertex  2.429500e+02  2.200000e+02  3.510500e+02
   endloop
 endfacet
 facet normal  0.000000e+00  1.000000e+00  0.000000e+00
   outer loop
     vertex  2.490500e+02  2.200000e+02  3.510500e+02
     vertex  2.490500e+02  2.200000e+02  3.500500e+02
     vertex  2.429500e+02  2.200000e+02  3.500500e+02
   endloop
 endfacet
 facet normal  0.000000e+00  1.000000e+00  0.000000e+00
   outer loop
     vertex  2.520500e+02  2.200000e+02  3.490500e+02
     vertex  2.520500e+02  2.200000e+02  3.449500e+02
     vertex  2.510500e+02  2.200000e+02  3.490500e+02
   endloop
 endfacet
 facet normal  0.000000e+00  1.000000e+00  0.000000e+00
   outer loop
     vertex  2.510500e+02  2.200000e+02  3.500500e+02
     vertex  2.510500e+02  2.200000e+02  3.490500e+02
     vertex  2.490500e+02  2.200000e+02  3.500500e+02
   endloop
 endfacet
 facet normal -0.000000e+00  1.000000e+00  0.000000e+00
   outer loop
     vertex  2.399500e+02  2.200000e+02  3.410500e+02
     vertex  2.439500e+02  2.200000e+02  3.410500e+02
     vertex  2.440500e+02  2.200000e+02  3.400500e+02
   endloop
 endfacet
 facet normal  0.000000e+00  1.000000e+00  0.000000e+00
   outer loop
     vertex  2.399500e+02  2.200000e+02  3.410500e+02
     vertex  2.440500e+02  2.200000e+02  3.400500e+02
     vertex  2.409500e+02  2.200000e+02  3.379500e+02
   endloop
 endfacet
 facet normal  0.000000e+00  1.000000e+00  0.000000e+00
   outer loop
     vertex  2.479500e+02  2.200000e+02  3.409500e+02
     vertex  2.440500e+02  2.200000e+02  3.409500e+02
     vertex  2.439500e+02  2.200000e+02  3.419500e+02
   endloop
 endfacet
 facet normal  1.000000e+00  0.000000e+00  0.000000e+00
   outer loop
     vertex  2.520500e+02  2.190000e+02  3.490500e+02
     vertex  2.520500e+02  2.190000e+02  3.449500e+02
     vertex  2.520500e+02  2.200000e+02  3.449500e+02
   endloop
 endfacet
 facet normal  1.000000e+00 -0.000000e+00  0.000000e+00
   outer loop
     vertex  2.520500e+02  2.190000e+02  3.490500e+02
     vertex  2.520500e+02  2.200000e+02  3.449500e+02
     vertex  2.520500e+02  2.200000e+02  3.490500e+02
   endloop
 endfacet
 facet normal  1.000000e+00  0.000000e+00  0.000000e+00
   outer loop
     vertex  2.520500e+02  2.190000e+02  3.440500e+02
     vertex  2.520500e+02  2.190000e+02  3.420500e+02
     vertex  2.520500e+02  2.200000e+02  3.420500e+02
   endloop
 endfacet
 facet normal  1.000000e+00 -0.000000e+00  0.000000e+00
   outer loop
     vertex  2.520500e+02  2.190000e+02  3.440500e+02
     vertex  2.520500e+02  2.200000e+02  3.420500e+02
     vertex  2.520500e+02  2.200000e+02  3.440500e+02
   endloop
 endfacet
 facet normal -1.000000e+00  0.000000e+00  0.000000e+00
   outer loop
     vertex  2.399500e+02  2.190000e+02  3.439500e+02
     vertex  2.399500e+02  2.190000e+02  3.480500e+02
     vertex  2.399500e+02  2.200000e+02  3.480500e+02
   endloop
 endfacet
 facet normal -1.000000e+00  0.000000e+00  0.000000e+00
   outer loop
     vertex  2.399500e+02  2.190000e+02  3.439500e+02
     vertex  2.399500e+02  2.200000e+02  3.480500e+02
     vertex  2.399500e+02  2.200000e+02  3.439500e+02
   endloop
 endfacet
 facet normal -1.000000e+00  0.000000e+00  0.000000e+00
   outer loop
     vertex  2.399500e+02  2.190000e+02  3.379500e+02
     vertex  2.399500e+02  2.190000e+02  3.410500e+02
     vertex  2.399500e+02  2.200000e+02  3.410500e+02
   endloop
 endfacet
 facet normal -1.000000e+00  0.000000e+00  0.000000e+00
   outer loop
     vertex  2.399500e+02  2.190000e+02  3.379500e+02
     vertex  2.399500e+02  2.200000e+02  3.410500e+02
     vertex  2.399500e+02  2.200000e+02  3.379500e+02
   endloop
 endfacet
 facet normal -1.000000e+00  0.000000e+00  0.000000e+00
   outer loop
     vertex  2.479500e+02  2.190000e+02  3.390500e+02
     vertex  2.479500e+02  2.190000e+02  3.409500e+02
     vertex  2.479500e+02  2.200000e+02  3.409500e+02
   endloop
 endfacet
 facet normal -1.000000e+00  0.000000e+00  0.000000e+00
   outer loop
     vertex  2.479500e+02  2.190000e+02  3.390500e+02
     vertex  2.479500e+02  2.200000e+02  3.409500e+02
     vertex  2.479500e+02  2.200000e+02  3.390500e+02
   endloop
 endfacet
 facet normal  1.000000e+00  0.000000e+00  0.000000e+00
   outer loop
     vertex  2.530500e+02  2.190000e+02  3.420500e+02
     vertex  2.530500e+02  2.190000e+02  3.379500e+02
     vertex  2.530500e+02  2.200000e+02  3.379500e+02
   endloop
 endfacet
 facet normal  1.000000e+00 -0.000000e+00  0.000000e+00
   outer loop
     vertex  2.530500e+02  2.190000e+02  3.420500e+02
     vertex  2.530500e+02  2.200000e+02  3.379500e+02
     vertex  2.530500e+02  2.200000e+02  3.420500e+02
   endloop
 endfacet
endsolid
