solid 
 facet normal  1.000000e+00  0.000000e+00  0.000000e+00
   outer loop
     vertex  3.660000e+02  1.880000e+02  3.260000e+01
     vertex  3.660000e+02  1.880000e+02  8.000000e+00
     vertex  3.660000e+02  2.150000e+02  8.000000e+00
   endloop
 endfacet
 facet normal  1.000000e+00  0.000000e+00  0.000000e+00
   outer loop
     vertex  3.660000e+02  1.700000e+01  3.260000e+01
     vertex  3.660000e+02  1.700000e+01  8.000000e+00
     vertex  3.660000e+02  1.830000e+02  8.000000e+00
   endloop
 endfacet
 facet normal  1.000000e+00 -0.000000e+00  0.000000e+00
   outer loop
     vertex  3.660000e+02  1.700000e+01  3.260000e+01
     vertex  3.660000e+02  1.830000e+02  8.000000e+00
     vertex  3.660000e+02  1.830000e+02  3.260000e+01
   endloop
 endfacet
 facet normal  1.000000e+00  0.000000e+00  0.000000e+00
   outer loop
     vertex  3.660000e+02  1.200000e+01  3.260000e+01
     vertex  3.660000e+02  0.000000e+00  8.000000e+00
     vertex  3.660000e+02  1.200000e+01  8.000000e+00
   endloop
 endfacet
 facet normal  1.000000e+00  0.000000e+00  0.000000e+00
   outer loop
     vertex  3.660000e+02  2.150000e+02  2.380000e+02
     vertex  3.660000e+02  1.830000e+02  3.260000e+01
     vertex  3.660000e+02  1.880000e+02  3.260000e+01
   endloop
 endfacet
 facet normal  1.000000e+00  0.000000e+00  0.000000e+00
   outer loop
     vertex  3.660000e+02  2.150000e+02  2.380000e+02
     vertex  3.660000e+02  1.880000e+02  3.260000e+01
     vertex  3.660000e+02  2.150000e+02  8.000000e+00
   endloop
 endfacet
 facet normal  1.000000e+00  0.000000e+00  0.000000e+00
   outer loop
     vertex  3.660000e+02  0.000000e+00  2.380000e+02
     vertex  3.660000e+02  1.200000e+01  3.260000e+01
     vertex  3.660000e+02  1.700000e+01  3.260000e+01
   endloop
 endfacet
 facet normal  1.000000e+00 -0.000000e+00  0.000000e+00
   outer loop
     vertex  3.660000e+02  0.000000e+00  2.380000e+02
     vertex  3.660000e+02  1.830000e+02  3.260000e+01
     vertex  3.660000e+02  2.150000e+02  2.380000e+02
   endloop
 endfacet
 facet normal  1.000000e+00  0.000000e+00  0.000000e+00
   outer loop
     vertex  3.660000e+02  0.000000e+00  2.380000e+02
     vertex  3.660000e+02  1.700000e+01  3.260000e+01
     vertex  3.660000e+02  1.830000e+02  3.260000e+01
   endloop
 endfacet
 facet normal  1.000000e+00  0.000000e+00  0.000000e+00
   outer loop
     vertex  3.660000e+02  0.000000e+00  2.380000e+02
     vertex  3.660000e+02  0.000000e+00  8.000000e+00
     vertex  3.660000e+02  1.200000e+01  3.260000e+01
   endloop
 endfacet
 facet normal  7.220963e-17 -1.000000e+00  7.220963e-17
   outer loop
     vertex  3.906000e+02  1.200000e+01  8.000000e+00
     vertex  3.660000e+02  1.200000e+01  3.260000e+01
     vertex  3.660000e+02  1.200000e+01  8.000000e+00
   endloop
 endfacet
 facet normal  7.071068e-01 -2.941051e-17  7.071068e-01
   outer loop
     vertex  3.660000e+02  1.700000e+01  3.260000e+01
     vertex  3.906000e+02  1.200000e+01  8.000000e+00
     vertex  3.906000e+02  1.700000e+01  8.000000e+00
   endloop
 endfacet
 facet normal  7.071068e-01 -0.000000e+00  7.071068e-01
   outer loop
     vertex  3.660000e+02  1.200000e+01  3.260000e+01
     vertex  3.906000e+02  1.200000e+01  8.000000e+00
     vertex  3.660000e+02  1.700000e+01  3.260000e+01
   endloop
 endfacet
 facet normal  0.000000e+00  1.000000e+00  0.000000e+00
   outer loop
     vertex  3.906000e+02  1.700000e+01  8.000000e+00
     vertex  3.660000e+02  1.700000e+01  8.000000e+00
     vertex  3.660000e+02  1.700000e+01  3.260000e+01
   endloop
 endfacet
 facet normal  0.000000e+00 -1.000000e+00  0.000000e+00
   outer loop
     vertex  3.906000e+02  1.830000e+02  8.000000e+00
     vertex  3.660000e+02  1.830000e+02  3.260000e+01
     vertex  3.660000e+02  1.830000e+02  8.000000e+00
   endloop
 endfacet
 facet normal  7.071068e-01 -2.941051e-17  7.071068e-01
   outer loop
     vertex  3.660000e+02  1.880000e+02  3.260000e+01
     vertex  3.906000e+02  1.830000e+02  8.000000e+00
     vertex  3.906000e+02  1.880000e+02  8.000000e+00
   endloop
 endfacet
 facet normal  7.071068e-01 -0.000000e+00  7.071068e-01
   outer loop
     vertex  3.660000e+02  1.830000e+02  3.260000e+01
     vertex  3.906000e+02  1.830000e+02  8.000000e+00
     vertex  3.660000e+02  1.880000e+02  3.260000e+01
   endloop
 endfacet
 facet normal  0.000000e+00  1.000000e+00  0.000000e+00
   outer loop
     vertex  3.906000e+02  1.880000e+02  8.000000e+00
     vertex  3.660000e+02  1.880000e+02  8.000000e+00
     vertex  3.660000e+02  1.880000e+02  3.260000e+01
   endloop
 endfacet
 facet normal  0.000000e+00 -1.000000e+00 -0.000000e+00
   outer loop
     vertex  4.098000e+02  2.150000e+02  5.284615e+01
     vertex  3.660000e+02  2.150000e+02  8.000000e+00
     vertex  4.100000e+02  2.150000e+02  8.000000e+00
   endloop
 endfacet
 facet normal  0.000000e+00 -1.000000e+00 -0.000000e+00
   outer loop
     vertex  4.100000e+02  2.150000e+02  5.288901e+01
     vertex  4.098000e+02  2.150000e+02  5.284615e+01
     vertex  4.100000e+02  2.150000e+02  8.000000e+00
   endloop
 endfacet
 facet normal  0.000000e+00 -1.000000e+00 -0.000000e+00
   outer loop
     vertex  4.098000e+02  2.150000e+02  7.915385e+01
     vertex  3.660000e+02  2.150000e+02  8.000000e+00
     vertex  4.098000e+02  2.150000e+02  5.284615e+01
   endloop
 endfacet
 facet normal  0.000000e+00 -1.000000e+00 -0.000000e+00
   outer loop
     vertex  4.098000e+02  2.150000e+02  1.668462e+02
     vertex  3.660000e+02  2.150000e+02  8.000000e+00
     vertex  4.098000e+02  2.150000e+02  7.915385e+01
   endloop
 endfacet
 facet normal  0.000000e+00 -1.000000e+00 -0.000000e+00
   outer loop
     vertex  4.100000e+02  2.150000e+02  1.668890e+02
     vertex  4.098000e+02  2.150000e+02  7.915385e+01
     vertex  4.100000e+02  2.150000e+02  7.911099e+01
   endloop
 endfacet
 facet normal  0.000000e+00 -1.000000e+00  0.000000e+00
   outer loop
     vertex  4.100000e+02  2.150000e+02  1.668890e+02
     vertex  4.098000e+02  2.150000e+02  1.668462e+02
     vertex  4.098000e+02  2.150000e+02  7.915385e+01
   endloop
 endfacet
 facet normal  0.000000e+00 -1.000000e+00  0.000000e+00
   outer loop
     vertex  3.660000e+02  2.150000e+02  2.380000e+02
     vertex  4.098000e+02  2.150000e+02  1.668462e+02
     vertex  4.098000e+02  2.150000e+02  1.931538e+02
   endloop
 endfacet
 facet normal  0.000000e+00 -1.000000e+00  0.000000e+00
   outer loop
     vertex  3.660000e+02  2.150000e+02  2.380000e+02
     vertex  3.660000e+02  2.150000e+02  8.000000e+00
     vertex  4.098000e+02  2.150000e+02  1.668462e+02
   endloop
 endfacet
 facet normal  0.000000e+00 -1.000000e+00 -0.000000e+00
   outer loop
     vertex  4.100000e+02  2.150000e+02  2.380000e+02
     vertex  4.098000e+02  2.150000e+02  1.931538e+02
     vertex  4.100000e+02  2.150000e+02  1.931110e+02
   endloop
 endfacet
 facet normal -0.000000e+00 -1.000000e+00  0.000000e+00
   outer loop
     vertex  4.100000e+02  2.150000e+02  2.380000e+02
     vertex  3.660000e+02  2.150000e+02  2.380000e+02
     vertex  4.098000e+02  2.150000e+02  1.931538e+02
   endloop
 endfacet
 facet normal  1.000000e+00 -6.821210e-14  0.000000e+00
   outer loop
     vertex  4.100000e+02  2.150000e+02  2.380000e+02
     vertex  4.100000e+02  2.150000e+02  1.931110e+02
     vertex  4.100000e+02  2.200000e+02  1.969571e+02
   endloop
 endfacet
 facet normal  1.000000e+00 -0.000000e+00  8.309863e-15
   outer loop
     vertex  4.100000e+02  2.150000e+02  2.380000e+02
     vertex  4.100000e+02  2.200000e+02  1.969571e+02
     vertex  4.100000e+02  2.200000e+02  2.380000e+02
   endloop
 endfacet
 facet normal  1.674498e-01 -6.011020e-01 -7.814326e-01
   outer loop
     vertex  4.098000e+02  2.148000e+02  5.300000e+01
     vertex  4.098000e+02  2.150000e+02  5.284615e+01
     vertex  4.100000e+02  2.150000e+02  5.288901e+01
   endloop
 endfacet
 facet normal  1.674498e-01 -6.011020e-01 -7.814326e-01
   outer loop
     vertex  4.238000e+02  2.200000e+02  5.200000e+01
     vertex  4.100000e+02  2.150000e+02  5.288901e+01
     vertex  4.100000e+02  2.200000e+02  4.904286e+01
   endloop
 endfacet
 facet normal  1.674498e-01 -6.011020e-01 -7.814326e-01
   outer loop
     vertex  4.238000e+02  2.148000e+02  5.600000e+01
     vertex  4.100000e+02  2.150000e+02  5.288901e+01
     vertex  4.238000e+02  2.200000e+02  5.200000e+01
   endloop
 endfacet
 facet normal  1.674498e-01 -6.011020e-01 -7.814326e-01
   outer loop
     vertex  4.238000e+02  2.148000e+02  5.600000e+01
     vertex  4.098000e+02  2.148000e+02  5.300000e+01
     vertex  4.100000e+02  2.150000e+02  5.288901e+01
   endloop
 endfacet
 facet normal -1.000000e+00  0.000000e+00 -0.000000e+00
   outer loop
     vertex  4.098000e+02  2.150000e+02  7.915385e+01
     vertex  4.098000e+02  2.150000e+02  5.284615e+01
     vertex  4.098000e+02  2.148000e+02  5.300000e+01
   endloop
 endfacet
 facet normal -1.000000e+00  0.000000e+00  0.000000e+00
   outer loop
     vertex  4.098000e+02  2.150000e+02  7.915385e+01
     vertex  4.098000e+02  2.148000e+02  5.300000e+01
     vertex  4.098000e+02  2.148000e+02  7.900000e+01
   endloop
 endfacet
 facet normal  1.674498e-01 -6.011020e-01  7.814326e-01
   outer loop
     vertex  4.100000e+02  2.150000e+02  7.911099e+01
     vertex  4.098000e+02  2.150000e+02  7.915385e+01
     vertex  4.098000e+02  2.148000e+02  7.900000e+01
   endloop
 endfacet
 facet normal  1.674498e-01 -6.011020e-01  7.814326e-01
   outer loop
     vertex  4.238000e+02  2.148000e+02  7.600000e+01
     vertex  4.100000e+02  2.150000e+02  7.911099e+01
     vertex  4.098000e+02  2.148000e+02  7.900000e+01
   endloop
 endfacet
 facet normal  1.674498e-01 -6.011020e-01  7.814326e-01
   outer loop
     vertex  4.238000e+02  2.200000e+02  8.000000e+01
     vertex  4.100000e+02  2.200000e+02  8.295714e+01
     vertex  4.100000e+02  2.150000e+02  7.911099e+01
   endloop
 endfacet
 facet normal  1.674498e-01 -6.011020e-01  7.814326e-01
   outer loop
     vertex  4.238000e+02  2.200000e+02  8.000000e+01
     vertex  4.100000e+02  2.150000e+02  7.911099e+01
     vertex  4.238000e+02  2.148000e+02  7.600000e+01
   endloop
 endfacet
 facet normal  1.000000e+00 -6.821210e-14  0.000000e+00
   outer loop
     vertex  4.100000e+02  2.200000e+02  1.630429e+02
     vertex  4.100000e+02  2.150000e+02  7.911099e+01
     vertex  4.100000e+02  2.200000e+02  8.295714e+01
   endloop
 endfacet
 facet normal  1.000000e+00 -6.821210e-14  0.000000e+00
   outer loop
     vertex  4.100000e+02  2.150000e+02  1.668890e+02
     vertex  4.100000e+02  2.150000e+02  7.911099e+01
     vertex  4.100000e+02  2.200000e+02  1.630429e+02
   endloop
 endfacet
 facet normal  1.674498e-01 -6.011020e-01 -7.814326e-01
   outer loop
     vertex  4.098000e+02  2.148000e+02  1.670000e+02
     vertex  4.098000e+02  2.150000e+02  1.668462e+02
     vertex  4.100000e+02  2.150000e+02  1.668890e+02
   endloop
 endfacet
 facet normal  1.674498e-01 -6.011020e-01 -7.814326e-01
   outer loop
     vertex  4.238000e+02  2.200000e+02  1.660000e+02
     vertex  4.100000e+02  2.150000e+02  1.668890e+02
     vertex  4.100000e+02  2.200000e+02  1.630429e+02
   endloop
 endfacet
 facet normal  1.674498e-01 -6.011020e-01 -7.814326e-01
   outer loop
     vertex  4.238000e+02  2.148000e+02  1.700000e+02
     vertex  4.100000e+02  2.150000e+02  1.668890e+02
     vertex  4.238000e+02  2.200000e+02  1.660000e+02
   endloop
 endfacet
 facet normal  1.674498e-01 -6.011020e-01 -7.814326e-01
   outer loop
     vertex  4.238000e+02  2.148000e+02  1.700000e+02
     vertex  4.098000e+02  2.148000e+02  1.670000e+02
     vertex  4.100000e+02  2.150000e+02  1.668890e+02
   endloop
 endfacet
 facet normal -1.000000e+00  0.000000e+00  0.000000e+00
   outer loop
     vertex  4.098000e+02  2.148000e+02  1.930000e+02
     vertex  4.098000e+02  2.150000e+02  1.668462e+02
     vertex  4.098000e+02  2.148000e+02  1.670000e+02
   endloop
 endfacet
 facet normal -1.000000e+00  0.000000e+00 -0.000000e+00
   outer loop
     vertex  4.098000e+02  2.150000e+02  1.931538e+02
     vertex  4.098000e+02  2.150000e+02  1.668462e+02
     vertex  4.098000e+02  2.148000e+02  1.930000e+02
   endloop
 endfacet
 facet normal  1.674498e-01 -6.011020e-01  7.814326e-01
   outer loop
     vertex  4.100000e+02  2.150000e+02  1.931110e+02
     vertex  4.098000e+02  2.150000e+02  1.931538e+02
     vertex  4.098000e+02  2.148000e+02  1.930000e+02
   endloop
 endfacet
 facet normal  1.674498e-01 -6.011020e-01  7.814326e-01
   outer loop
     vertex  4.238000e+02  2.148000e+02  1.900000e+02
     vertex  4.100000e+02  2.150000e+02  1.931110e+02
     vertex  4.098000e+02  2.148000e+02  1.930000e+02
   endloop
 endfacet
 facet normal  1.674498e-01 -6.011020e-01  7.814326e-01
   outer loop
     vertex  4.238000e+02  2.200000e+02  1.940000e+02
     vertex  4.100000e+02  2.200000e+02  1.969571e+02
     vertex  4.100000e+02  2.150000e+02  1.931110e+02
   endloop
 endfacet
 facet normal  1.674498e-01 -6.011020e-01  7.814326e-01
   outer loop
     vertex  4.238000e+02  2.200000e+02  1.940000e+02
     vertex  4.100000e+02  2.150000e+02  1.931110e+02
     vertex  4.238000e+02  2.148000e+02  1.900000e+02
   endloop
 endfacet
 facet normal  0.000000e+00  1.000000e+00  0.000000e+00
   outer loop
     vertex  4.117250e+02  2.200000e+02  7.014687e+01
     vertex  4.100000e+02  2.200000e+02  4.904286e+01
     vertex  4.100000e+02  2.200000e+02  8.295714e+01
   endloop
 endfacet
 facet normal  0.000000e+00  1.000000e+00  0.000000e+00
   outer loop
     vertex  4.186250e+02  2.200000e+02  6.222277e+01
     vertex  4.151750e+02  2.200000e+02  6.203795e+01
     vertex  4.169000e+02  2.200000e+02  6.600000e+01
   endloop
 endfacet
 facet normal  0.000000e+00  1.000000e+00  0.000000e+00
   outer loop
     vertex  4.117250e+02  2.200000e+02  5.355938e+01
     vertex  4.100000e+02  2.200000e+02  4.904286e+01
     vertex  4.117250e+02  2.200000e+02  7.014687e+01
   endloop
 endfacet
 facet normal  0.000000e+00  1.000000e+00  0.000000e+00
   outer loop
     vertex  4.151750e+02  2.200000e+02  5.411384e+01
     vertex  4.117250e+02  2.200000e+02  5.355938e+01
     vertex  4.134500e+02  2.200000e+02  5.789107e+01
   endloop
 endfacet
 facet normal  0.000000e+00  1.000000e+00  0.000000e+00
   outer loop
     vertex  4.134500e+02  2.200000e+02  7.410893e+01
     vertex  4.117250e+02  2.200000e+02  7.014687e+01
     vertex  4.100000e+02  2.200000e+02  8.295714e+01
   endloop
 endfacet
 facet normal -0.000000e+00  1.000000e+00  0.000000e+00
   outer loop
     vertex  4.134500e+02  2.200000e+02  6.600000e+01
     vertex  4.169000e+02  2.200000e+02  6.600000e+01
     vertex  4.151750e+02  2.200000e+02  6.203795e+01
   endloop
 endfacet
 facet normal  0.000000e+00  1.000000e+00  0.000000e+00
   outer loop
     vertex  4.134500e+02  2.200000e+02  6.600000e+01
     vertex  4.151750e+02  2.200000e+02  6.203795e+01
     vertex  4.134500e+02  2.200000e+02  5.789107e+01
   endloop
 endfacet
 facet normal  0.000000e+00  1.000000e+00  0.000000e+00
   outer loop
     vertex  4.134500e+02  2.200000e+02  6.600000e+01
     vertex  4.134500e+02  2.200000e+02  5.789107e+01
     vertex  4.117250e+02  2.200000e+02  5.355938e+01
   endloop
 endfacet
 facet normal  0.000000e+00  1.000000e+00  0.000000e+00
   outer loop
     vertex  4.134500e+02  2.200000e+02  6.600000e+01
     vertex  4.117250e+02  2.200000e+02  5.355938e+01
     vertex  4.117250e+02  2.200000e+02  7.014687e+01
   endloop
 endfacet
 facet normal -0.000000e+00  1.000000e+00  0.000000e+00
   outer loop
     vertex  4.229375e+02  2.200000e+02  6.777310e+01
     vertex  4.238000e+02  2.200000e+02  8.000000e+01
     vertex  4.238000e+02  2.200000e+02  5.200000e+01
   endloop
 endfacet
 facet normal -0.000000e+00  1.000000e+00  0.000000e+00
   outer loop
     vertex  4.194875e+02  2.200000e+02  6.040346e+01
     vertex  4.212125e+02  2.200000e+02  6.418069e+01
     vertex  4.203500e+02  2.200000e+02  5.863036e+01
   endloop
 endfacet
 facet normal  0.000000e+00  1.000000e+00 -0.000000e+00
   outer loop
     vertex  4.212125e+02  2.200000e+02  5.690346e+01
     vertex  4.203500e+02  2.200000e+02  5.863036e+01
     vertex  4.212125e+02  2.200000e+02  6.418069e+01
   endloop
 endfacet
 facet normal -0.000000e+00  1.000000e+00  0.000000e+00
   outer loop
     vertex  4.229375e+02  2.200000e+02  5.358828e+01
     vertex  4.229375e+02  2.200000e+02  6.777310e+01
     vertex  4.238000e+02  2.200000e+02  5.200000e+01
   endloop
 endfacet
 facet normal  0.000000e+00  1.000000e+00  0.000000e+00
   outer loop
     vertex  4.112937e+02  2.200000e+02  8.163742e+01
     vertex  4.134500e+02  2.200000e+02  7.410893e+01
     vertex  4.100000e+02  2.200000e+02  8.295714e+01
   endloop
 endfacet
 facet normal  0.000000e+00  1.000000e+00  0.000000e+00
   outer loop
     vertex  4.112937e+02  2.200000e+02  8.163742e+01
     vertex  4.125875e+02  2.200000e+02  8.035234e+01
     vertex  4.134500e+02  2.200000e+02  7.410893e+01
   endloop
 endfacet
 facet normal  0.000000e+00  1.000000e+00  0.000000e+00
   outer loop
     vertex  4.138813e+02  2.200000e+02  7.910193e+01
     vertex  4.134500e+02  2.200000e+02  7.410893e+01
     vertex  4.125875e+02  2.200000e+02  8.035234e+01
   endloop
 endfacet
 facet normal  0.000000e+00  1.000000e+00 -0.000000e+00
   outer loop
     vertex  4.138813e+02  2.200000e+02  7.910193e+01
     vertex  4.125875e+02  2.200000e+02  8.035234e+01
     vertex  4.147437e+02  2.200000e+02  8.094434e+01
   endloop
 endfacet
 facet normal  0.000000e+00  1.000000e+00 -0.000000e+00
   outer loop
     vertex  4.164688e+02  2.200000e+02  7.670505e+01
     vertex  4.151750e+02  2.200000e+02  7.788616e+01
     vertex  4.173313e+02  2.200000e+02  7.850126e+01
   endloop
 endfacet
 facet normal  0.000000e+00  1.000000e+00  0.000000e+00
   outer loop
     vertex  4.186250e+02  2.200000e+02  7.733170e+01
     vertex  4.177625e+02  2.200000e+02  7.555859e+01
     vertex  4.164688e+02  2.200000e+02  7.670505e+01
   endloop
 endfacet
 facet normal  0.000000e+00  1.000000e+00 -0.000000e+00
   outer loop
     vertex  4.186250e+02  2.200000e+02  7.733170e+01
     vertex  4.173313e+02  2.200000e+02  7.850126e+01
     vertex  4.194875e+02  2.200000e+02  7.905859e+01
   endloop
 endfacet
 facet normal  0.000000e+00  1.000000e+00  0.000000e+00
   outer loop
     vertex  4.186250e+02  2.200000e+02  7.733170e+01
     vertex  4.164688e+02  2.200000e+02  7.670505e+01
     vertex  4.173313e+02  2.200000e+02  7.850126e+01
   endloop
 endfacet
 facet normal  0.000000e+00  1.000000e+00  0.000000e+00
   outer loop
     vertex  4.130188e+02  2.200000e+02  6.905818e+01
     vertex  4.143125e+02  2.200000e+02  6.800413e+01
     vertex  4.134500e+02  2.200000e+02  6.600000e+01
   endloop
 endfacet
 facet normal  0.000000e+00  1.000000e+00  0.000000e+00
   outer loop
     vertex  4.130188e+02  2.200000e+02  6.905818e+01
     vertex  4.134500e+02  2.200000e+02  6.600000e+01
     vertex  4.117250e+02  2.200000e+02  7.014687e+01
   endloop
 endfacet
 facet normal  0.000000e+00  1.000000e+00  0.000000e+00
   outer loop
     vertex  4.190563e+02  2.200000e+02  7.444679e+01
     vertex  4.177625e+02  2.200000e+02  7.555859e+01
     vertex  4.186250e+02  2.200000e+02  7.733170e+01
   endloop
 endfacet
 facet normal  0.000000e+00  1.000000e+00  0.000000e+00
   outer loop
     vertex  4.190563e+02  2.200000e+02  7.444679e+01
     vertex  4.169000e+02  2.200000e+02  7.373929e+01
     vertex  4.177625e+02  2.200000e+02  7.555859e+01
   endloop
 endfacet
 facet normal  0.000000e+00  1.000000e+00  0.000000e+00
   outer loop
     vertex  4.181938e+02  2.200000e+02  7.265059e+01
     vertex  4.190563e+02  2.200000e+02  7.444679e+01
     vertex  4.203500e+02  2.200000e+02  7.336964e+01
   endloop
 endfacet
 facet normal  0.000000e+00  1.000000e+00 -0.000000e+00
   outer loop
     vertex  4.181938e+02  2.200000e+02  7.265059e+01
     vertex  4.169000e+02  2.200000e+02  7.373929e+01
     vertex  4.190563e+02  2.200000e+02  7.444679e+01
   endloop
 endfacet
 facet normal -0.000000e+00  1.000000e+00  0.000000e+00
   outer loop
     vertex  4.181938e+02  2.200000e+02  7.265059e+01
     vertex  4.203500e+02  2.200000e+02  7.336964e+01
     vertex  4.194875e+02  2.200000e+02  7.159654e+01
   endloop
 endfacet
 facet normal  0.000000e+00  1.000000e+00  0.000000e+00
   outer loop
     vertex  4.156063e+02  2.200000e+02  6.698474e+01
     vertex  4.169000e+02  2.200000e+02  6.600000e+01
     vertex  4.134500e+02  2.200000e+02  6.600000e+01
   endloop
 endfacet
 facet normal  0.000000e+00  1.000000e+00  0.000000e+00
   outer loop
     vertex  4.156063e+02  2.200000e+02  6.698474e+01
     vertex  4.134500e+02  2.200000e+02  6.600000e+01
     vertex  4.143125e+02  2.200000e+02  6.800413e+01
   endloop
 endfacet
 facet normal  0.000000e+00  1.000000e+00 -0.000000e+00
   outer loop
     vertex  4.156063e+02  2.200000e+02  6.698474e+01
     vertex  4.143125e+02  2.200000e+02  6.800413e+01
     vertex  4.164688e+02  2.200000e+02  6.891956e+01
   endloop
 endfacet
 facet normal  0.000000e+00  1.000000e+00  0.000000e+00
   outer loop
     vertex  4.216438e+02  2.200000e+02  7.051939e+01
     vertex  4.194875e+02  2.200000e+02  7.159654e+01
     vertex  4.203500e+02  2.200000e+02  7.336964e+01
   endloop
 endfacet
 facet normal  0.000000e+00  1.000000e+00  0.000000e+00
   outer loop
     vertex  4.181938e+02  2.200000e+02  6.695008e+01
     vertex  4.169000e+02  2.200000e+02  6.600000e+01
     vertex  4.156063e+02  2.200000e+02  6.698474e+01
   endloop
 endfacet
 facet normal  0.000000e+00  1.000000e+00  0.000000e+00
   outer loop
     vertex  4.181938e+02  2.200000e+02  6.695008e+01
     vertex  4.156063e+02  2.200000e+02  6.698474e+01
     vertex  4.164688e+02  2.200000e+02  6.891956e+01
   endloop
 endfacet
 facet normal  0.000000e+00  1.000000e+00 -0.000000e+00
   outer loop
     vertex  4.181938e+02  2.200000e+02  6.695008e+01
     vertex  4.164688e+02  2.200000e+02  6.891956e+01
     vertex  4.186250e+02  2.200000e+02  6.977723e+01
   endloop
 endfacet
 facet normal  0.000000e+00  1.000000e+00  0.000000e+00
   outer loop
     vertex  4.181938e+02  2.200000e+02  6.695008e+01
     vertex  4.186250e+02  2.200000e+02  6.977723e+01
     vertex  4.194875e+02  2.200000e+02  6.786551e+01
   endloop
 endfacet
 facet normal -0.000000e+00  1.000000e+00  0.000000e+00
   outer loop
     vertex  4.212125e+02  2.200000e+02  6.963862e+01
     vertex  4.216438e+02  2.200000e+02  7.051939e+01
     vertex  4.229375e+02  2.200000e+02  6.777310e+01
   endloop
 endfacet
 facet normal  0.000000e+00  1.000000e+00  0.000000e+00
   outer loop
     vertex  4.212125e+02  2.200000e+02  6.963862e+01
     vertex  4.186250e+02  2.200000e+02  6.977723e+01
     vertex  4.194875e+02  2.200000e+02  7.159654e+01
   endloop
 endfacet
 facet normal  0.000000e+00  1.000000e+00  0.000000e+00
   outer loop
     vertex  4.212125e+02  2.200000e+02  6.963862e+01
     vertex  4.194875e+02  2.200000e+02  6.786551e+01
     vertex  4.186250e+02  2.200000e+02  6.977723e+01
   endloop
 endfacet
 facet normal  0.000000e+00  1.000000e+00 -0.000000e+00
   outer loop
     vertex  4.212125e+02  2.200000e+02  6.963862e+01
     vertex  4.194875e+02  2.200000e+02  7.159654e+01
     vertex  4.216438e+02  2.200000e+02  7.051939e+01
   endloop
 endfacet
 facet normal  0.000000e+00  1.000000e+00  0.000000e+00
   outer loop
     vertex  4.190563e+02  2.200000e+02  6.506147e+01
     vertex  4.186250e+02  2.200000e+02  6.222277e+01
     vertex  4.169000e+02  2.200000e+02  6.600000e+01
   endloop
 endfacet
 facet normal  0.000000e+00  1.000000e+00  0.000000e+00
   outer loop
     vertex  4.190563e+02  2.200000e+02  6.506147e+01
     vertex  4.169000e+02  2.200000e+02  6.600000e+01
     vertex  4.181938e+02  2.200000e+02  6.695008e+01
   endloop
 endfacet
 facet normal  0.000000e+00  1.000000e+00  0.000000e+00
   outer loop
     vertex  4.220750e+02  2.200000e+02  6.600000e+01
     vertex  4.229375e+02  2.200000e+02  5.358828e+01
     vertex  4.220750e+02  2.200000e+02  5.522277e+01
   endloop
 endfacet
 facet normal  0.000000e+00  1.000000e+00  0.000000e+00
   outer loop
     vertex  4.220750e+02  2.200000e+02  6.600000e+01
     vertex  4.212125e+02  2.200000e+02  5.690346e+01
     vertex  4.212125e+02  2.200000e+02  6.418069e+01
   endloop
 endfacet
 facet normal  0.000000e+00  1.000000e+00  0.000000e+00
   outer loop
     vertex  4.220750e+02  2.200000e+02  6.600000e+01
     vertex  4.220750e+02  2.200000e+02  5.522277e+01
     vertex  4.212125e+02  2.200000e+02  5.690346e+01
   endloop
 endfacet
 facet normal -0.000000e+00  1.000000e+00  0.000000e+00
   outer loop
     vertex  4.220750e+02  2.200000e+02  6.600000e+01
     vertex  4.229375e+02  2.200000e+02  6.777310e+01
     vertex  4.229375e+02  2.200000e+02  5.358828e+01
   endloop
 endfacet
 facet normal  0.000000e+00  1.000000e+00 -0.000000e+00
   outer loop
     vertex  4.173313e+02  2.200000e+02  6.119182e+01
     vertex  4.151750e+02  2.200000e+02  6.203795e+01
     vertex  4.186250e+02  2.200000e+02  6.222277e+01
   endloop
 endfacet
 facet normal -0.000000e+00  1.000000e+00  0.000000e+00
   outer loop
     vertex  4.173313e+02  2.200000e+02  6.119182e+01
     vertex  4.186250e+02  2.200000e+02  6.222277e+01
     vertex  4.194875e+02  2.200000e+02  6.040346e+01
   endloop
 endfacet
 facet normal -0.000000e+00  1.000000e+00  0.000000e+00
   outer loop
     vertex  4.199188e+02  2.200000e+02  6.321906e+01
     vertex  4.212125e+02  2.200000e+02  6.418069e+01
     vertex  4.194875e+02  2.200000e+02  6.040346e+01
   endloop
 endfacet
 facet normal  0.000000e+00  1.000000e+00  0.000000e+00
   outer loop
     vertex  4.199188e+02  2.200000e+02  6.321906e+01
     vertex  4.194875e+02  2.200000e+02  6.040346e+01
     vertex  4.186250e+02  2.200000e+02  6.222277e+01
   endloop
 endfacet
 facet normal  0.000000e+00  1.000000e+00 -0.000000e+00
   outer loop
     vertex  4.199188e+02  2.200000e+02  6.321906e+01
     vertex  4.190563e+02  2.200000e+02  6.506147e+01
     vertex  4.212125e+02  2.200000e+02  6.418069e+01
   endloop
 endfacet
 facet normal  0.000000e+00  1.000000e+00  0.000000e+00
   outer loop
     vertex  4.199188e+02  2.200000e+02  6.321906e+01
     vertex  4.186250e+02  2.200000e+02  6.222277e+01
     vertex  4.190563e+02  2.200000e+02  6.506147e+01
   endloop
 endfacet
 facet normal  0.000000e+00  1.000000e+00  0.000000e+00
   outer loop
     vertex  4.164688e+02  2.200000e+02  5.918770e+01
     vertex  4.134500e+02  2.200000e+02  5.789107e+01
     vertex  4.151750e+02  2.200000e+02  6.203795e+01
   endloop
 endfacet
 facet normal  0.000000e+00  1.000000e+00 -0.000000e+00
   outer loop
     vertex  4.164688e+02  2.200000e+02  5.918770e+01
     vertex  4.151750e+02  2.200000e+02  6.203795e+01
     vertex  4.173313e+02  2.200000e+02  6.119182e+01
   endloop
 endfacet
 facet normal  0.000000e+00  1.000000e+00 -0.000000e+00
   outer loop
     vertex  4.156063e+02  2.200000e+02  5.713736e+01
     vertex  4.134500e+02  2.200000e+02  5.789107e+01
     vertex  4.164688e+02  2.200000e+02  5.918770e+01
   endloop
 endfacet
 facet normal  0.000000e+00  1.000000e+00  0.000000e+00
   outer loop
     vertex  4.156063e+02  2.200000e+02  5.713736e+01
     vertex  4.151750e+02  2.200000e+02  5.411384e+01
     vertex  4.134500e+02  2.200000e+02  5.789107e+01
   endloop
 endfacet
 facet normal  0.000000e+00  1.000000e+00 -0.000000e+00
   outer loop
     vertex  4.112938e+02  2.200000e+02  5.036258e+01
     vertex  4.100000e+02  2.200000e+02  4.904286e+01
     vertex  4.117250e+02  2.200000e+02  5.355938e+01
   endloop
 endfacet
 facet normal  0.000000e+00  1.000000e+00  0.000000e+00
   outer loop
     vertex  4.112938e+02  2.200000e+02  5.036258e+01
     vertex  4.117250e+02  2.200000e+02  5.355938e+01
     vertex  4.125875e+02  2.200000e+02  5.164766e+01
   endloop
 endfacet
 facet normal  0.000000e+00  1.000000e+00 -0.000000e+00
   outer loop
     vertex  4.138813e+02  2.200000e+02  5.289807e+01
     vertex  4.117250e+02  2.200000e+02  5.355938e+01
     vertex  4.151750e+02  2.200000e+02  5.411384e+01
   endloop
 endfacet
 facet normal  0.000000e+00  1.000000e+00  0.000000e+00
   outer loop
     vertex  4.138813e+02  2.200000e+02  5.289807e+01
     vertex  4.125875e+02  2.200000e+02  5.164766e+01
     vertex  4.117250e+02  2.200000e+02  5.355938e+01
   endloop
 endfacet
 facet normal  0.000000e+00  1.000000e+00  0.000000e+00
   outer loop
     vertex  4.164688e+02  2.200000e+02  5.529495e+01
     vertex  4.151750e+02  2.200000e+02  5.411384e+01
     vertex  4.156063e+02  2.200000e+02  5.713736e+01
   endloop
 endfacet
 facet normal  0.000000e+00  1.000000e+00 -0.000000e+00
   outer loop
     vertex  4.164688e+02  2.200000e+02  5.529495e+01
     vertex  4.156063e+02  2.200000e+02  5.713736e+01
     vertex  4.177625e+02  2.200000e+02  5.644141e+01
   endloop
 endfacet
 facet normal -0.000000e+00  1.000000e+00  0.000000e+00
   outer loop
     vertex  4.190563e+02  2.200000e+02  5.755321e+01
     vertex  4.203500e+02  2.200000e+02  5.863036e+01
     vertex  4.212125e+02  2.200000e+02  5.690346e+01
   endloop
 endfacet
 facet normal  0.000000e+00  1.000000e+00  0.000000e+00
   outer loop
     vertex  4.147438e+02  2.200000e+02  5.105566e+01
     vertex  4.125875e+02  2.200000e+02  5.164766e+01
     vertex  4.138813e+02  2.200000e+02  5.289807e+01
   endloop
 endfacet
 facet normal  0.000000e+00  1.000000e+00  0.000000e+00
   outer loop
     vertex  4.173313e+02  2.200000e+02  5.349874e+01
     vertex  4.151750e+02  2.200000e+02  5.411384e+01
     vertex  4.164688e+02  2.200000e+02  5.529495e+01
   endloop
 endfacet
 facet normal  0.000000e+00  1.000000e+00  0.000000e+00
   outer loop
     vertex  4.186250e+02  2.200000e+02  5.466830e+01
     vertex  4.164688e+02  2.200000e+02  5.529495e+01
     vertex  4.177625e+02  2.200000e+02  5.644141e+01
   endloop
 endfacet
 facet normal  0.000000e+00  1.000000e+00  0.000000e+00
   outer loop
     vertex  4.186250e+02  2.200000e+02  5.466830e+01
     vertex  4.194875e+02  2.200000e+02  5.294141e+01
     vertex  4.173313e+02  2.200000e+02  5.349874e+01
   endloop
 endfacet
 facet normal  0.000000e+00  1.000000e+00  0.000000e+00
   outer loop
     vertex  4.186250e+02  2.200000e+02  5.466830e+01
     vertex  4.173313e+02  2.200000e+02  5.349874e+01
     vertex  4.164688e+02  2.200000e+02  5.529495e+01
   endloop
 endfacet
 facet normal -0.000000e+00  1.000000e+00  0.000000e+00
   outer loop
     vertex  4.207813e+02  2.200000e+02  5.409941e+01
     vertex  4.220750e+02  2.200000e+02  5.522277e+01
     vertex  4.229375e+02  2.200000e+02  5.358828e+01
   endloop
 endfacet
 facet normal  0.000000e+00  1.000000e+00  0.000000e+00
   outer loop
     vertex  4.207813e+02  2.200000e+02  5.409941e+01
     vertex  4.194875e+02  2.200000e+02  5.294141e+01
     vertex  4.186250e+02  2.200000e+02  5.466830e+01
   endloop
 endfacet
 facet normal  0.000000e+00  1.000000e+00  0.000000e+00
   outer loop
     vertex  4.216438e+02  2.200000e+02  5.244182e+01
     vertex  4.194875e+02  2.200000e+02  5.294141e+01
     vertex  4.207813e+02  2.200000e+02  5.409941e+01
   endloop
 endfacet
 facet normal  0.000000e+00  1.000000e+00 -0.000000e+00
   outer loop
     vertex  4.216438e+02  2.200000e+02  5.244182e+01
     vertex  4.207813e+02  2.200000e+02  5.409941e+01
     vertex  4.229375e+02  2.200000e+02  5.358828e+01
   endloop
 endfacet
 facet normal -0.000000e+00  1.000000e+00  0.000000e+00
   outer loop
     vertex  4.216438e+02  2.200000e+02  5.244182e+01
     vertex  4.229375e+02  2.200000e+02  5.358828e+01
     vertex  4.238000e+02  2.200000e+02  5.200000e+01
   endloop
 endfacet
 facet normal  0.000000e+00  1.000000e+00  0.000000e+00
   outer loop
     vertex  4.123719e+02  2.200000e+02  8.193486e+01
     vertex  4.112937e+02  2.200000e+02  8.163742e+01
     vertex  4.100000e+02  2.200000e+02  8.295714e+01
   endloop
 endfacet
 facet normal  0.000000e+00  1.000000e+00  0.000000e+00
   outer loop
     vertex  4.123719e+02  2.200000e+02  8.193486e+01
     vertex  4.125875e+02  2.200000e+02  8.035234e+01
     vertex  4.112937e+02  2.200000e+02  8.163742e+01
   endloop
 endfacet
 facet normal  0.000000e+00  1.000000e+00  0.000000e+00
   outer loop
     vertex  4.123719e+02  2.200000e+02  8.193486e+01
     vertex  4.147437e+02  2.200000e+02  8.094434e+01
     vertex  4.125875e+02  2.200000e+02  8.035234e+01
   endloop
 endfacet
 facet normal  0.000000e+00  1.000000e+00  0.000000e+00
   outer loop
     vertex  4.160375e+02  2.200000e+02  7.970547e+01
     vertex  4.138813e+02  2.200000e+02  7.910193e+01
     vertex  4.147437e+02  2.200000e+02  8.094434e+01
   endloop
 endfacet
 facet normal  0.000000e+00  1.000000e+00  0.000000e+00
   outer loop
     vertex  4.160375e+02  2.200000e+02  7.970547e+01
     vertex  4.173313e+02  2.200000e+02  7.850126e+01
     vertex  4.151750e+02  2.200000e+02  7.788616e+01
   endloop
 endfacet
 facet normal  0.000000e+00  1.000000e+00  0.000000e+00
   outer loop
     vertex  4.160375e+02  2.200000e+02  7.970547e+01
     vertex  4.151750e+02  2.200000e+02  7.788616e+01
     vertex  4.138813e+02  2.200000e+02  7.910193e+01
   endloop
 endfacet
 facet normal  0.000000e+00  1.000000e+00  0.000000e+00
   outer loop
     vertex  4.171156e+02  2.200000e+02  7.998558e+01
     vertex  4.160375e+02  2.200000e+02  7.970547e+01
     vertex  4.147437e+02  2.200000e+02  8.094434e+01
   endloop
 endfacet
 facet normal  0.000000e+00  1.000000e+00  0.000000e+00
   outer loop
     vertex  4.171156e+02  2.200000e+02  7.998558e+01
     vertex  4.194875e+02  2.200000e+02  7.905859e+01
     vertex  4.173313e+02  2.200000e+02  7.850126e+01
   endloop
 endfacet
 facet normal  0.000000e+00  1.000000e+00  0.000000e+00
   outer loop
     vertex  4.171156e+02  2.200000e+02  7.998558e+01
     vertex  4.173313e+02  2.200000e+02  7.850126e+01
     vertex  4.160375e+02  2.200000e+02  7.970547e+01
   endloop
 endfacet
 facet normal -0.000000e+00  1.000000e+00 -0.000000e+00
   outer loop
     vertex  4.192719e+02  2.200000e+02  8.050249e+01
     vertex  4.100000e+02  2.200000e+02  8.295714e+01
     vertex  4.238000e+02  2.200000e+02  8.000000e+01
   endloop
 endfacet
 facet normal  0.000000e+00  1.000000e+00  0.000000e+00
   outer loop
     vertex  4.192719e+02  2.200000e+02  8.050249e+01
     vertex  4.216438e+02  2.200000e+02  7.955818e+01
     vertex  4.194875e+02  2.200000e+02  7.905859e+01
   endloop
 endfacet
 facet normal  0.000000e+00  1.000000e+00  0.000000e+00
   outer loop
     vertex  4.192719e+02  2.200000e+02  8.050249e+01
     vertex  4.238000e+02  2.200000e+02  8.000000e+01
     vertex  4.216438e+02  2.200000e+02  7.955818e+01
   endloop
 endfacet
 facet normal  0.000000e+00  1.000000e+00  0.000000e+00
   outer loop
     vertex  4.192719e+02  2.200000e+02  8.050249e+01
     vertex  4.123719e+02  2.200000e+02  8.193486e+01
     vertex  4.100000e+02  2.200000e+02  8.295714e+01
   endloop
 endfacet
 facet normal  0.000000e+00  1.000000e+00  0.000000e+00
   outer loop
     vertex  4.192719e+02  2.200000e+02  8.050249e+01
     vertex  4.171156e+02  2.200000e+02  7.998558e+01
     vertex  4.147437e+02  2.200000e+02  8.094434e+01
   endloop
 endfacet
 facet normal  0.000000e+00  1.000000e+00  0.000000e+00
   outer loop
     vertex  4.192719e+02  2.200000e+02  8.050249e+01
     vertex  4.147437e+02  2.200000e+02  8.094434e+01
     vertex  4.123719e+02  2.200000e+02  8.193486e+01
   endloop
 endfacet
 facet normal  0.000000e+00  1.000000e+00  0.000000e+00
   outer loop
     vertex  4.192719e+02  2.200000e+02  8.050249e+01
     vertex  4.194875e+02  2.200000e+02  7.905859e+01
     vertex  4.171156e+02  2.200000e+02  7.998558e+01
   endloop
 endfacet
 facet normal  0.000000e+00  1.000000e+00  0.000000e+00
   outer loop
     vertex  4.149594e+02  2.200000e+02  7.543731e+01
     vertex  4.164688e+02  2.200000e+02  7.670505e+01
     vertex  4.177625e+02  2.200000e+02  7.555859e+01
   endloop
 endfacet
 facet normal  0.000000e+00  1.000000e+00  0.000000e+00
   outer loop
     vertex  4.149594e+02  2.200000e+02  7.543731e+01
     vertex  4.134500e+02  2.200000e+02  7.410893e+01
     vertex  4.138813e+02  2.200000e+02  7.910193e+01
   endloop
 endfacet
 facet normal -0.000000e+00  1.000000e+00  0.000000e+00
   outer loop
     vertex  4.149594e+02  2.200000e+02  7.543731e+01
     vertex  4.177625e+02  2.200000e+02  7.555859e+01
     vertex  4.169000e+02  2.200000e+02  7.373929e+01
   endloop
 endfacet
 facet normal  0.000000e+00  1.000000e+00  0.000000e+00
   outer loop
     vertex  4.149594e+02  2.200000e+02  7.543731e+01
     vertex  4.151750e+02  2.200000e+02  7.788616e+01
     vertex  4.164688e+02  2.200000e+02  7.670505e+01
   endloop
 endfacet
 facet normal  0.000000e+00  1.000000e+00 -0.000000e+00
   outer loop
     vertex  4.149594e+02  2.200000e+02  7.543731e+01
     vertex  4.138813e+02  2.200000e+02  7.910193e+01
     vertex  4.151750e+02  2.200000e+02  7.788616e+01
   endloop
 endfacet
 facet normal  0.000000e+00  1.000000e+00  0.000000e+00
   outer loop
     vertex  4.201344e+02  2.200000e+02  7.847526e+01
     vertex  4.186250e+02  2.200000e+02  7.733170e+01
     vertex  4.194875e+02  2.200000e+02  7.905859e+01
   endloop
 endfacet
 facet normal  0.000000e+00  1.000000e+00 -0.000000e+00
   outer loop
     vertex  4.201344e+02  2.200000e+02  7.847526e+01
     vertex  4.194875e+02  2.200000e+02  7.905859e+01
     vertex  4.216438e+02  2.200000e+02  7.955818e+01
   endloop
 endfacet
 facet normal  0.000000e+00  1.000000e+00 -0.000000e+00
   outer loop
     vertex  4.136656e+02  2.200000e+02  7.054828e+01
     vertex  4.134500e+02  2.200000e+02  7.410893e+01
     vertex  4.145281e+02  2.200000e+02  7.249465e+01
   endloop
 endfacet
 facet normal  0.000000e+00  1.000000e+00  0.000000e+00
   outer loop
     vertex  4.136656e+02  2.200000e+02  7.054828e+01
     vertex  4.130188e+02  2.200000e+02  6.905818e+01
     vertex  4.117250e+02  2.200000e+02  7.014687e+01
   endloop
 endfacet
 facet normal  0.000000e+00  1.000000e+00  0.000000e+00
   outer loop
     vertex  4.136656e+02  2.200000e+02  7.054828e+01
     vertex  4.117250e+02  2.200000e+02  7.014687e+01
     vertex  4.134500e+02  2.200000e+02  7.410893e+01
   endloop
 endfacet
 facet normal  0.000000e+00  1.000000e+00  0.000000e+00
   outer loop
     vertex  4.136656e+02  2.200000e+02  7.054828e+01
     vertex  4.145281e+02  2.200000e+02  7.249465e+01
     vertex  4.156063e+02  2.200000e+02  7.092369e+01
   endloop
 endfacet
 facet normal  0.000000e+00  1.000000e+00  0.000000e+00
   outer loop
     vertex  4.143125e+02  2.200000e+02  7.000826e+01
     vertex  4.130188e+02  2.200000e+02  6.905818e+01
     vertex  4.136656e+02  2.200000e+02  7.054828e+01
   endloop
 endfacet
 facet normal  0.000000e+00  1.000000e+00 -0.000000e+00
   outer loop
     vertex  4.143125e+02  2.200000e+02  7.000826e+01
     vertex  4.136656e+02  2.200000e+02  7.054828e+01
     vertex  4.156063e+02  2.200000e+02  7.092369e+01
   endloop
 endfacet
 facet normal  0.000000e+00  1.000000e+00  0.000000e+00
   outer loop
     vertex  4.143125e+02  2.200000e+02  7.000826e+01
     vertex  4.164688e+02  2.200000e+02  6.891956e+01
     vertex  4.143125e+02  2.200000e+02  6.800413e+01
   endloop
 endfacet
 facet normal -0.000000e+00  1.000000e+00  0.000000e+00
   outer loop
     vertex  4.143125e+02  2.200000e+02  7.000826e+01
     vertex  4.156063e+02  2.200000e+02  7.092369e+01
     vertex  4.164688e+02  2.200000e+02  6.891956e+01
   endloop
 endfacet
 facet normal  0.000000e+00  1.000000e+00  0.000000e+00
   outer loop
     vertex  4.143125e+02  2.200000e+02  7.000826e+01
     vertex  4.143125e+02  2.200000e+02  6.800413e+01
     vertex  4.130188e+02  2.200000e+02  6.905818e+01
   endloop
 endfacet
 facet normal  0.000000e+00  1.000000e+00  0.000000e+00
   outer loop
     vertex  4.169000e+02  2.200000e+02  7.180446e+01
     vertex  4.169000e+02  2.200000e+02  7.373929e+01
     vertex  4.181938e+02  2.200000e+02  7.265059e+01
   endloop
 endfacet
 facet normal -0.000000e+00  1.000000e+00  0.000000e+00
   outer loop
     vertex  4.169000e+02  2.200000e+02  7.180446e+01
     vertex  4.181938e+02  2.200000e+02  7.265059e+01
     vertex  4.194875e+02  2.200000e+02  7.159654e+01
   endloop
 endfacet
 facet normal  0.000000e+00  1.000000e+00  0.000000e+00
   outer loop
     vertex  4.169000e+02  2.200000e+02  7.180446e+01
     vertex  4.164688e+02  2.200000e+02  6.891956e+01
     vertex  4.156063e+02  2.200000e+02  7.092369e+01
   endloop
 endfacet
 facet normal  0.000000e+00  1.000000e+00  0.000000e+00
   outer loop
     vertex  4.169000e+02  2.200000e+02  7.180446e+01
     vertex  4.186250e+02  2.200000e+02  6.977723e+01
     vertex  4.164688e+02  2.200000e+02  6.891956e+01
   endloop
 endfacet
 facet normal  0.000000e+00  1.000000e+00  0.000000e+00
   outer loop
     vertex  4.169000e+02  2.200000e+02  7.180446e+01
     vertex  4.194875e+02  2.200000e+02  7.159654e+01
     vertex  4.186250e+02  2.200000e+02  6.977723e+01
   endloop
 endfacet
 facet normal  0.000000e+00  1.000000e+00  0.000000e+00
   outer loop
     vertex  4.227219e+02  2.200000e+02  7.533911e+01
     vertex  4.229375e+02  2.200000e+02  6.777310e+01
     vertex  4.216438e+02  2.200000e+02  7.051939e+01
   endloop
 endfacet
 facet normal -0.000000e+00  1.000000e+00  0.000000e+00
   outer loop
     vertex  4.227219e+02  2.200000e+02  7.533911e+01
     vertex  4.238000e+02  2.200000e+02  8.000000e+01
     vertex  4.229375e+02  2.200000e+02  6.777310e+01
   endloop
 endfacet
 facet normal  0.000000e+00  1.000000e+00  0.000000e+00
   outer loop
     vertex  4.207813e+02  2.200000e+02  6.691543e+01
     vertex  4.212125e+02  2.200000e+02  6.963862e+01
     vertex  4.229375e+02  2.200000e+02  6.777310e+01
   endloop
 endfacet
 facet normal  0.000000e+00  1.000000e+00  0.000000e+00
   outer loop
     vertex  4.207813e+02  2.200000e+02  6.691543e+01
     vertex  4.181938e+02  2.200000e+02  6.695008e+01
     vertex  4.194875e+02  2.200000e+02  6.786551e+01
   endloop
 endfacet
 facet normal  0.000000e+00  1.000000e+00  0.000000e+00
   outer loop
     vertex  4.207813e+02  2.200000e+02  6.691543e+01
     vertex  4.212125e+02  2.200000e+02  6.418069e+01
     vertex  4.190563e+02  2.200000e+02  6.506147e+01
   endloop
 endfacet
 facet normal  0.000000e+00  1.000000e+00 -0.000000e+00
   outer loop
     vertex  4.207813e+02  2.200000e+02  6.691543e+01
     vertex  4.194875e+02  2.200000e+02  6.786551e+01
     vertex  4.212125e+02  2.200000e+02  6.963862e+01
   endloop
 endfacet
 facet normal  0.000000e+00  1.000000e+00  0.000000e+00
   outer loop
     vertex  4.207813e+02  2.200000e+02  6.691543e+01
     vertex  4.190563e+02  2.200000e+02  6.506147e+01
     vertex  4.181938e+02  2.200000e+02  6.695008e+01
   endloop
 endfacet
 facet normal -0.000000e+00  1.000000e+00  0.000000e+00
   outer loop
     vertex  4.207813e+02  2.200000e+02  6.691543e+01
     vertex  4.229375e+02  2.200000e+02  6.777310e+01
     vertex  4.220750e+02  2.200000e+02  6.600000e+01
   endloop
 endfacet
 facet normal  0.000000e+00  1.000000e+00  0.000000e+00
   outer loop
     vertex  4.207813e+02  2.200000e+02  6.691543e+01
     vertex  4.220750e+02  2.200000e+02  6.600000e+01
     vertex  4.212125e+02  2.200000e+02  6.418069e+01
   endloop
 endfacet
 facet normal  0.000000e+00  1.000000e+00  0.000000e+00
   outer loop
     vertex  4.177625e+02  2.200000e+02  5.835313e+01
     vertex  4.156063e+02  2.200000e+02  5.713736e+01
     vertex  4.164688e+02  2.200000e+02  5.918770e+01
   endloop
 endfacet
 facet normal  0.000000e+00  1.000000e+00 -0.000000e+00
   outer loop
     vertex  4.177625e+02  2.200000e+02  5.835313e+01
     vertex  4.173313e+02  2.200000e+02  6.119182e+01
     vertex  4.194875e+02  2.200000e+02  6.040346e+01
   endloop
 endfacet
 facet normal  0.000000e+00  1.000000e+00  0.000000e+00
   outer loop
     vertex  4.177625e+02  2.200000e+02  5.835313e+01
     vertex  4.164688e+02  2.200000e+02  5.918770e+01
     vertex  4.173313e+02  2.200000e+02  6.119182e+01
   endloop
 endfacet
 facet normal  0.000000e+00  1.000000e+00  0.000000e+00
   outer loop
     vertex  4.177625e+02  2.200000e+02  5.835313e+01
     vertex  4.177625e+02  2.200000e+02  5.644141e+01
     vertex  4.156063e+02  2.200000e+02  5.713736e+01
   endloop
 endfacet
 facet normal -0.000000e+00  1.000000e+00  0.000000e+00
   outer loop
     vertex  4.177625e+02  2.200000e+02  5.835313e+01
     vertex  4.203500e+02  2.200000e+02  5.863036e+01
     vertex  4.190563e+02  2.200000e+02  5.755321e+01
   endloop
 endfacet
 facet normal  0.000000e+00  1.000000e+00  0.000000e+00
   outer loop
     vertex  4.177625e+02  2.200000e+02  5.835313e+01
     vertex  4.190563e+02  2.200000e+02  5.755321e+01
     vertex  4.177625e+02  2.200000e+02  5.644141e+01
   endloop
 endfacet
 facet normal  0.000000e+00  1.000000e+00  0.000000e+00
   outer loop
     vertex  4.177625e+02  2.200000e+02  5.835313e+01
     vertex  4.194875e+02  2.200000e+02  6.040346e+01
     vertex  4.203500e+02  2.200000e+02  5.863036e+01
   endloop
 endfacet
 facet normal  0.000000e+00  1.000000e+00  0.000000e+00
   outer loop
     vertex  4.123719e+02  2.200000e+02  5.006514e+01
     vertex  4.100000e+02  2.200000e+02  4.904286e+01
     vertex  4.112938e+02  2.200000e+02  5.036258e+01
   endloop
 endfacet
 facet normal  0.000000e+00  1.000000e+00 -0.000000e+00
   outer loop
     vertex  4.123719e+02  2.200000e+02  5.006514e+01
     vertex  4.112938e+02  2.200000e+02  5.036258e+01
     vertex  4.125875e+02  2.200000e+02  5.164766e+01
   endloop
 endfacet
 facet normal  0.000000e+00  1.000000e+00  0.000000e+00
   outer loop
     vertex  4.123719e+02  2.200000e+02  5.006514e+01
     vertex  4.125875e+02  2.200000e+02  5.164766e+01
     vertex  4.147438e+02  2.200000e+02  5.105566e+01
   endloop
 endfacet
 facet normal  0.000000e+00  1.000000e+00 -0.000000e+00
   outer loop
     vertex  4.160375e+02  2.200000e+02  5.229453e+01
     vertex  4.151750e+02  2.200000e+02  5.411384e+01
     vertex  4.173313e+02  2.200000e+02  5.349874e+01
   endloop
 endfacet
 facet normal  0.000000e+00  1.000000e+00  0.000000e+00
   outer loop
     vertex  4.160375e+02  2.200000e+02  5.229453e+01
     vertex  4.147438e+02  2.200000e+02  5.105566e+01
     vertex  4.138813e+02  2.200000e+02  5.289807e+01
   endloop
 endfacet
 facet normal  0.000000e+00  1.000000e+00  0.000000e+00
   outer loop
     vertex  4.160375e+02  2.200000e+02  5.229453e+01
     vertex  4.138813e+02  2.200000e+02  5.289807e+01
     vertex  4.151750e+02  2.200000e+02  5.411384e+01
   endloop
 endfacet
 facet normal  0.000000e+00  1.000000e+00  0.000000e+00
   outer loop
     vertex  4.199188e+02  2.200000e+02  5.580321e+01
     vertex  4.220750e+02  2.200000e+02  5.522277e+01
     vertex  4.207813e+02  2.200000e+02  5.409941e+01
   endloop
 endfacet
 facet normal  0.000000e+00  1.000000e+00  0.000000e+00
   outer loop
     vertex  4.199188e+02  2.200000e+02  5.580321e+01
     vertex  4.177625e+02  2.200000e+02  5.644141e+01
     vertex  4.190563e+02  2.200000e+02  5.755321e+01
   endloop
 endfacet
 facet normal  0.000000e+00  1.000000e+00 -0.000000e+00
   outer loop
     vertex  4.199188e+02  2.200000e+02  5.580321e+01
     vertex  4.190563e+02  2.200000e+02  5.755321e+01
     vertex  4.212125e+02  2.200000e+02  5.690346e+01
   endloop
 endfacet
 facet normal  0.000000e+00  1.000000e+00  0.000000e+00
   outer loop
     vertex  4.199188e+02  2.200000e+02  5.580321e+01
     vertex  4.207813e+02  2.200000e+02  5.409941e+01
     vertex  4.186250e+02  2.200000e+02  5.466830e+01
   endloop
 endfacet
 facet normal -0.000000e+00  1.000000e+00  0.000000e+00
   outer loop
     vertex  4.199188e+02  2.200000e+02  5.580321e+01
     vertex  4.212125e+02  2.200000e+02  5.690346e+01
     vertex  4.220750e+02  2.200000e+02  5.522277e+01
   endloop
 endfacet
 facet normal  0.000000e+00  1.000000e+00  0.000000e+00
   outer loop
     vertex  4.199188e+02  2.200000e+02  5.580321e+01
     vertex  4.186250e+02  2.200000e+02  5.466830e+01
     vertex  4.177625e+02  2.200000e+02  5.644141e+01
   endloop
 endfacet
 facet normal  0.000000e+00  1.000000e+00  0.000000e+00
   outer loop
     vertex  4.171156e+02  2.200000e+02  5.201442e+01
     vertex  4.147438e+02  2.200000e+02  5.105566e+01
     vertex  4.160375e+02  2.200000e+02  5.229453e+01
   endloop
 endfacet
 facet normal  0.000000e+00  1.000000e+00 -0.000000e+00
   outer loop
     vertex  4.171156e+02  2.200000e+02  5.201442e+01
     vertex  4.160375e+02  2.200000e+02  5.229453e+01
     vertex  4.173313e+02  2.200000e+02  5.349874e+01
   endloop
 endfacet
 facet normal  0.000000e+00  1.000000e+00  0.000000e+00
   outer loop
     vertex  4.171156e+02  2.200000e+02  5.201442e+01
     vertex  4.173313e+02  2.200000e+02  5.349874e+01
     vertex  4.194875e+02  2.200000e+02  5.294141e+01
   endloop
 endfacet
 facet normal  0.000000e+00  1.000000e+00 -0.000000e+00
   outer loop
     vertex  4.192719e+02  2.200000e+02  5.149751e+01
     vertex  4.171156e+02  2.200000e+02  5.201442e+01
     vertex  4.194875e+02  2.200000e+02  5.294141e+01
   endloop
 endfacet
 facet normal  0.000000e+00  1.000000e+00  0.000000e+00
   outer loop
     vertex  4.192719e+02  2.200000e+02  5.149751e+01
     vertex  4.194875e+02  2.200000e+02  5.294141e+01
     vertex  4.216438e+02  2.200000e+02  5.244182e+01
   endloop
 endfacet
 facet normal  0.000000e+00  1.000000e+00  0.000000e+00
   outer loop
     vertex  4.192719e+02  2.200000e+02  5.149751e+01
     vertex  4.216438e+02  2.200000e+02  5.244182e+01
     vertex  4.238000e+02  2.200000e+02  5.200000e+01
   endloop
 endfacet
 facet normal  0.000000e+00  1.000000e+00  0.000000e+00
   outer loop
     vertex  4.157141e+02  2.200000e+02  7.312888e+01
     vertex  4.145281e+02  2.200000e+02  7.249465e+01
     vertex  4.134500e+02  2.200000e+02  7.410893e+01
   endloop
 endfacet
 facet normal  0.000000e+00  1.000000e+00  0.000000e+00
   outer loop
     vertex  4.157141e+02  2.200000e+02  7.312888e+01
     vertex  4.169000e+02  2.200000e+02  7.180446e+01
     vertex  4.156063e+02  2.200000e+02  7.092369e+01
   endloop
 endfacet
 facet normal -0.000000e+00  1.000000e+00  0.000000e+00
   outer loop
     vertex  4.157141e+02  2.200000e+02  7.312888e+01
     vertex  4.169000e+02  2.200000e+02  7.373929e+01
     vertex  4.169000e+02  2.200000e+02  7.180446e+01
   endloop
 endfacet
 facet normal  0.000000e+00  1.000000e+00  0.000000e+00
   outer loop
     vertex  4.157141e+02  2.200000e+02  7.312888e+01
     vertex  4.156063e+02  2.200000e+02  7.092369e+01
     vertex  4.145281e+02  2.200000e+02  7.249465e+01
   endloop
 endfacet
 facet normal  0.000000e+00  1.000000e+00  0.000000e+00
   outer loop
     vertex  4.157141e+02  2.200000e+02  7.312888e+01
     vertex  4.134500e+02  2.200000e+02  7.410893e+01
     vertex  4.149594e+02  2.200000e+02  7.543731e+01
   endloop
 endfacet
 facet normal  0.000000e+00  1.000000e+00 -0.000000e+00
   outer loop
     vertex  4.157141e+02  2.200000e+02  7.312888e+01
     vertex  4.149594e+02  2.200000e+02  7.543731e+01
     vertex  4.169000e+02  2.200000e+02  7.373929e+01
   endloop
 endfacet
 facet normal  0.000000e+00  1.000000e+00  0.000000e+00
   outer loop
     vertex  4.206734e+02  2.200000e+02  7.631483e+01
     vertex  4.186250e+02  2.200000e+02  7.733170e+01
     vertex  4.201344e+02  2.200000e+02  7.847526e+01
   endloop
 endfacet
 facet normal  0.000000e+00  1.000000e+00  0.000000e+00
   outer loop
     vertex  4.206734e+02  2.200000e+02  7.631483e+01
     vertex  4.190563e+02  2.200000e+02  7.444679e+01
     vertex  4.186250e+02  2.200000e+02  7.733170e+01
   endloop
 endfacet
 facet normal  0.000000e+00  1.000000e+00  0.000000e+00
   outer loop
     vertex  4.214281e+02  2.200000e+02  7.688119e+01
     vertex  4.227219e+02  2.200000e+02  7.533911e+01
     vertex  4.206734e+02  2.200000e+02  7.631483e+01
   endloop
 endfacet
 facet normal  0.000000e+00  1.000000e+00  0.000000e+00
   outer loop
     vertex  4.214281e+02  2.200000e+02  7.688119e+01
     vertex  4.216438e+02  2.200000e+02  7.955818e+01
     vertex  4.238000e+02  2.200000e+02  8.000000e+01
   endloop
 endfacet
 facet normal -0.000000e+00  1.000000e+00  0.000000e+00
   outer loop
     vertex  4.214281e+02  2.200000e+02  7.688119e+01
     vertex  4.238000e+02  2.200000e+02  8.000000e+01
     vertex  4.227219e+02  2.200000e+02  7.533911e+01
   endloop
 endfacet
 facet normal  0.000000e+00  1.000000e+00  0.000000e+00
   outer loop
     vertex  4.214281e+02  2.200000e+02  7.688119e+01
     vertex  4.206734e+02  2.200000e+02  7.631483e+01
     vertex  4.201344e+02  2.200000e+02  7.847526e+01
   endloop
 endfacet
 facet normal  0.000000e+00  1.000000e+00 -0.000000e+00
   outer loop
     vertex  4.214281e+02  2.200000e+02  7.688119e+01
     vertex  4.201344e+02  2.200000e+02  7.847526e+01
     vertex  4.216438e+02  2.200000e+02  7.955818e+01
   endloop
 endfacet
 facet normal  0.000000e+00  1.000000e+00 -0.000000e+00
   outer loop
     vertex  4.208891e+02  2.200000e+02  7.491136e+01
     vertex  4.206734e+02  2.200000e+02  7.631483e+01
     vertex  4.227219e+02  2.200000e+02  7.533911e+01
   endloop
 endfacet
 facet normal  0.000000e+00  1.000000e+00  0.000000e+00
   outer loop
     vertex  4.208891e+02  2.200000e+02  7.491136e+01
     vertex  4.203500e+02  2.200000e+02  7.336964e+01
     vertex  4.190563e+02  2.200000e+02  7.444679e+01
   endloop
 endfacet
 facet normal  0.000000e+00  1.000000e+00  0.000000e+00
   outer loop
     vertex  4.208891e+02  2.200000e+02  7.491136e+01
     vertex  4.190563e+02  2.200000e+02  7.444679e+01
     vertex  4.206734e+02  2.200000e+02  7.631483e+01
   endloop
 endfacet
 facet normal -0.000000e+00  1.000000e+00  0.000000e+00
   outer loop
     vertex  4.215359e+02  2.200000e+02  7.437423e+01
     vertex  4.227219e+02  2.200000e+02  7.533911e+01
     vertex  4.216438e+02  2.200000e+02  7.051939e+01
   endloop
 endfacet
 facet normal  0.000000e+00  1.000000e+00 -0.000000e+00
   outer loop
     vertex  4.215359e+02  2.200000e+02  7.437423e+01
     vertex  4.208891e+02  2.200000e+02  7.491136e+01
     vertex  4.227219e+02  2.200000e+02  7.533911e+01
   endloop
 endfacet
 facet normal  0.000000e+00  1.000000e+00  0.000000e+00
   outer loop
     vertex  4.215359e+02  2.200000e+02  7.437423e+01
     vertex  4.203500e+02  2.200000e+02  7.336964e+01
     vertex  4.208891e+02  2.200000e+02  7.491136e+01
   endloop
 endfacet
 facet normal  0.000000e+00  1.000000e+00  0.000000e+00
   outer loop
     vertex  4.215359e+02  2.200000e+02  7.437423e+01
     vertex  4.216438e+02  2.200000e+02  7.051939e+01
     vertex  4.203500e+02  2.200000e+02  7.336964e+01
   endloop
 endfacet
 facet normal -0.000000e+00  1.000000e+00  0.000000e+00
   outer loop
     vertex  4.146359e+02  2.200000e+02  5.028571e+01
     vertex  4.238000e+02  2.200000e+02  5.200000e+01
     vertex  4.100000e+02  2.200000e+02  4.904286e+01
   endloop
 endfacet
 facet normal  0.000000e+00  1.000000e+00 -0.000000e+00
   outer loop
     vertex  4.146359e+02  2.200000e+02  5.028571e+01
     vertex  4.123719e+02  2.200000e+02  5.006514e+01
     vertex  4.147438e+02  2.200000e+02  5.105566e+01
   endloop
 endfacet
 facet normal  0.000000e+00  1.000000e+00  0.000000e+00
   outer loop
     vertex  4.146359e+02  2.200000e+02  5.028571e+01
     vertex  4.147438e+02  2.200000e+02  5.105566e+01
     vertex  4.171156e+02  2.200000e+02  5.201442e+01
   endloop
 endfacet
 facet normal  0.000000e+00  1.000000e+00  0.000000e+00
   outer loop
     vertex  4.146359e+02  2.200000e+02  5.028571e+01
     vertex  4.192719e+02  2.200000e+02  5.149751e+01
     vertex  4.238000e+02  2.200000e+02  5.200000e+01
   endloop
 endfacet
 facet normal  0.000000e+00  1.000000e+00  0.000000e+00
   outer loop
     vertex  4.146359e+02  2.200000e+02  5.028571e+01
     vertex  4.171156e+02  2.200000e+02  5.201442e+01
     vertex  4.192719e+02  2.200000e+02  5.149751e+01
   endloop
 endfacet
 facet normal  0.000000e+00  1.000000e+00  0.000000e+00
   outer loop
     vertex  4.146359e+02  2.200000e+02  5.028571e+01
     vertex  4.100000e+02  2.200000e+02  4.904286e+01
     vertex  4.123719e+02  2.200000e+02  5.006514e+01
   endloop
 endfacet
 facet normal  1.000000e+00  0.000000e+00  0.000000e+00
   outer loop
     vertex  4.238000e+02  2.148000e+02  7.600000e+01
     vertex  4.238000e+02  2.148000e+02  5.600000e+01
     vertex  4.238000e+02  2.200000e+02  5.200000e+01
   endloop
 endfacet
 facet normal  1.000000e+00  0.000000e+00  0.000000e+00
   outer loop
     vertex  4.238000e+02  2.200000e+02  8.000000e+01
     vertex  4.238000e+02  2.148000e+02  7.600000e+01
     vertex  4.238000e+02  2.200000e+02  5.200000e+01
   endloop
 endfacet
 facet normal -0.000000e+00 -1.000000e+00  0.000000e+00
   outer loop
     vertex  4.238000e+02  2.148000e+02  7.600000e+01
     vertex  4.098000e+02  2.148000e+02  7.900000e+01
     vertex  4.098000e+02  2.148000e+02  5.300000e+01
   endloop
 endfacet
 facet normal  0.000000e+00 -1.000000e+00 -0.000000e+00
   outer loop
     vertex  4.238000e+02  2.148000e+02  7.600000e+01
     vertex  4.098000e+02  2.148000e+02  5.300000e+01
     vertex  4.238000e+02  2.148000e+02  5.600000e+01
   endloop
 endfacet
 facet normal  0.000000e+00  1.000000e+00  0.000000e+00
   outer loop
     vertex  4.100000e+02  2.200000e+02  1.630429e+02
     vertex  4.100000e+02  2.200000e+02  1.969571e+02
     vertex  4.238000e+02  2.200000e+02  1.940000e+02
   endloop
 endfacet
 facet normal  0.000000e+00  1.000000e+00 -0.000000e+00
   outer loop
     vertex  4.238000e+02  2.200000e+02  1.660000e+02
     vertex  4.100000e+02  2.200000e+02  1.630429e+02
     vertex  4.238000e+02  2.200000e+02  1.940000e+02
   endloop
 endfacet
 facet normal  1.000000e+00  0.000000e+00  0.000000e+00
   outer loop
     vertex  4.238000e+02  2.148000e+02  1.900000e+02
     vertex  4.238000e+02  2.148000e+02  1.700000e+02
     vertex  4.238000e+02  2.200000e+02  1.660000e+02
   endloop
 endfacet
 facet normal  1.000000e+00  0.000000e+00  0.000000e+00
   outer loop
     vertex  4.238000e+02  2.200000e+02  1.940000e+02
     vertex  4.238000e+02  2.148000e+02  1.900000e+02
     vertex  4.238000e+02  2.200000e+02  1.660000e+02
   endloop
 endfacet
 facet normal -0.000000e+00 -1.000000e+00  0.000000e+00
   outer loop
     vertex  4.238000e+02  2.148000e+02  1.900000e+02
     vertex  4.098000e+02  2.148000e+02  1.930000e+02
     vertex  4.098000e+02  2.148000e+02  1.670000e+02
   endloop
 endfacet
 facet normal  0.000000e+00 -1.000000e+00 -0.000000e+00
   outer loop
     vertex  4.238000e+02  2.148000e+02  1.900000e+02
     vertex  4.098000e+02  2.148000e+02  1.670000e+02
     vertex  4.238000e+02  2.148000e+02  1.700000e+02
   endloop
 endfacet
 facet normal  0.000000e+00  0.000000e+00  1.000000e+00
   outer loop
     vertex  3.906000e+02  1.200000e+01  8.000000e+00
     vertex  3.660000e+02  1.200000e+01  8.000000e+00
     vertex  3.660000e+02  0.000000e+00  8.000000e+00
   endloop
 endfacet
 facet normal  0.000000e+00  0.000000e+00  1.000000e+00
   outer loop
     vertex  4.100000e+02  0.000000e+00  8.000000e+00
     vertex  3.906000e+02  1.700000e+01  8.000000e+00
     vertex  3.906000e+02  1.200000e+01  8.000000e+00
   endloop
 endfacet
 facet normal  0.000000e+00  0.000000e+00  1.000000e+00
   outer loop
     vertex  4.100000e+02  0.000000e+00  8.000000e+00
     vertex  3.906000e+02  1.200000e+01  8.000000e+00
     vertex  3.660000e+02  0.000000e+00  8.000000e+00
   endloop
 endfacet
 facet normal  0.000000e+00  0.000000e+00  1.000000e+00
   outer loop
     vertex  4.100000e+02  4.004286e+01  8.000000e+00
     vertex  3.660000e+02  1.700000e+01  8.000000e+00
     vertex  3.906000e+02  1.700000e+01  8.000000e+00
   endloop
 endfacet
 facet normal  0.000000e+00  0.000000e+00  1.000000e+00
   outer loop
     vertex  4.100000e+02  4.004286e+01  8.000000e+00
     vertex  3.906000e+02  1.700000e+01  8.000000e+00
     vertex  4.100000e+02  0.000000e+00  8.000000e+00
   endloop
 endfacet
 facet normal  0.000000e+00  0.000000e+00  1.000000e+00
   outer loop
     vertex  4.100000e+02  6.395714e+01  8.000000e+00
     vertex  3.660000e+02  1.700000e+01  8.000000e+00
     vertex  4.100000e+02  4.004286e+01  8.000000e+00
   endloop
 endfacet
 facet normal  0.000000e+00  0.000000e+00  1.000000e+00
   outer loop
     vertex  3.660000e+02  1.830000e+02  8.000000e+00
     vertex  3.660000e+02  1.700000e+01  8.000000e+00
     vertex  4.100000e+02  6.395714e+01  8.000000e+00
   endloop
 endfacet
 facet normal  0.000000e+00  0.000000e+00  1.000000e+00
   outer loop
     vertex  4.100000e+02  1.560429e+02  8.000000e+00
     vertex  3.660000e+02  1.830000e+02  8.000000e+00
     vertex  4.100000e+02  6.395714e+01  8.000000e+00
   endloop
 endfacet
 facet normal  0.000000e+00  0.000000e+00  1.000000e+00
   outer loop
     vertex  3.906000e+02  1.830000e+02  8.000000e+00
     vertex  3.660000e+02  1.830000e+02  8.000000e+00
     vertex  4.100000e+02  1.560429e+02  8.000000e+00
   endloop
 endfacet
 facet normal  0.000000e+00  0.000000e+00  1.000000e+00
   outer loop
     vertex  3.660000e+02  2.150000e+02  8.000000e+00
     vertex  3.660000e+02  1.880000e+02  8.000000e+00
     vertex  3.906000e+02  1.880000e+02  8.000000e+00
   endloop
 endfacet
 facet normal  0.000000e+00  0.000000e+00  1.000000e+00
   outer loop
     vertex  4.100000e+02  1.799571e+02  8.000000e+00
     vertex  3.906000e+02  1.880000e+02  8.000000e+00
     vertex  3.906000e+02  1.830000e+02  8.000000e+00
   endloop
 endfacet
 facet normal  0.000000e+00  0.000000e+00  1.000000e+00
   outer loop
     vertex  4.100000e+02  1.799571e+02  8.000000e+00
     vertex  3.906000e+02  1.830000e+02  8.000000e+00
     vertex  4.100000e+02  1.560429e+02  8.000000e+00
   endloop
 endfacet
 facet normal  0.000000e+00  0.000000e+00  1.000000e+00
   outer loop
     vertex  4.100000e+02  2.150000e+02  8.000000e+00
     vertex  3.660000e+02  2.150000e+02  8.000000e+00
     vertex  3.906000e+02  1.880000e+02  8.000000e+00
   endloop
 endfacet
 facet normal  0.000000e+00  0.000000e+00  1.000000e+00
   outer loop
     vertex  4.100000e+02  2.150000e+02  8.000000e+00
     vertex  3.906000e+02  1.880000e+02  8.000000e+00
     vertex  4.100000e+02  1.799571e+02  8.000000e+00
   endloop
 endfacet
 facet normal -0.000000e+00  0.000000e+00 -1.000000e+00
   outer loop
     vertex  4.229375e+02  1.573383e+02  0.000000e+00
     vertex  4.212125e+02  1.570148e+02  0.000000e+00
     vertex  4.220750e+02  1.587228e+02  0.000000e+00
   endloop
 endfacet
 facet normal -0.000000e+00  0.000000e+00 -1.000000e+00
   outer loop
     vertex  4.212125e+02  1.601535e+02  0.000000e+00
     vertex  4.194875e+02  1.599224e+02  0.000000e+00
     vertex  4.203500e+02  1.616304e+02  0.000000e+00
   endloop
 endfacet
 facet normal -0.000000e+00  0.000000e+00 -1.000000e+00
   outer loop
     vertex  4.134500e+02  1.680000e+02  0.000000e+00
     vertex  4.125875e+02  1.661997e+02  0.000000e+00
     vertex  4.117250e+02  1.716469e+02  0.000000e+00
   endloop
 endfacet
 facet normal -0.000000e+00  0.000000e+00 -1.000000e+00
   outer loop
     vertex  4.194875e+02  1.631535e+02  0.000000e+00
     vertex  4.177625e+02  1.630148e+02  0.000000e+00
     vertex  4.186250e+02  1.647228e+02  0.000000e+00
   endloop
 endfacet
 facet normal  0.000000e+00  0.000000e+00 -1.000000e+00
   outer loop
     vertex  4.229375e+02  1.603845e+02  0.000000e+00
     vertex  4.238000e+02  1.560000e+02  0.000000e+00
     vertex  4.229375e+02  1.573383e+02  0.000000e+00
   endloop
 endfacet
 facet normal  0.000000e+00 -0.000000e+00 -1.000000e+00
   outer loop
     vertex  4.229375e+02  1.603845e+02  0.000000e+00
     vertex  4.229375e+02  1.573383e+02  0.000000e+00
     vertex  4.220750e+02  1.587228e+02  0.000000e+00
   endloop
 endfacet
 facet normal  0.000000e+00  0.000000e+00 -1.000000e+00
   outer loop
     vertex  4.229375e+02  1.603845e+02  0.000000e+00
     vertex  4.220750e+02  1.587228e+02  0.000000e+00
     vertex  4.212125e+02  1.601535e+02  0.000000e+00
   endloop
 endfacet
 facet normal  0.000000e+00  0.000000e+00 -1.000000e+00
   outer loop
     vertex  4.212125e+02  1.632921e+02  0.000000e+00
     vertex  4.203500e+02  1.616304e+02  0.000000e+00
     vertex  4.194875e+02  1.631535e+02  0.000000e+00
   endloop
 endfacet
 facet normal  0.000000e+00  0.000000e+00 -1.000000e+00
   outer loop
     vertex  4.160375e+02  1.697079e+02  0.000000e+00
     vertex  4.143125e+02  1.697541e+02  0.000000e+00
     vertex  4.151750e+02  1.714621e+02  0.000000e+00
   endloop
 endfacet
 facet normal  0.000000e+00  0.000000e+00 -1.000000e+00
   outer loop
     vertex  4.194875e+02  1.663845e+02  0.000000e+00
     vertex  4.186250e+02  1.647228e+02  0.000000e+00
     vertex  4.177625e+02  1.663383e+02  0.000000e+00
   endloop
 endfacet
 facet normal -0.000000e+00  0.000000e+00 -1.000000e+00
   outer loop
     vertex  4.108625e+02  1.772327e+02  0.000000e+00
     vertex  4.100000e+02  1.530429e+02  0.000000e+00
     vertex  4.100000e+02  1.829571e+02  0.000000e+00
   endloop
 endfacet
 facet normal  0.000000e+00  0.000000e+00 -1.000000e+00
   outer loop
     vertex  4.108625e+02  1.772327e+02  0.000000e+00
     vertex  4.100000e+02  1.829571e+02  0.000000e+00
     vertex  4.117250e+02  1.789406e+02  0.000000e+00
   endloop
 endfacet
 facet normal  0.000000e+00  0.000000e+00 -1.000000e+00
   outer loop
     vertex  4.108625e+02  1.772327e+02  0.000000e+00
     vertex  4.125875e+02  1.734010e+02  0.000000e+00
     vertex  4.117250e+02  1.716469e+02  0.000000e+00
   endloop
 endfacet
 facet normal -0.000000e+00  0.000000e+00 -1.000000e+00
   outer loop
     vertex  4.177625e+02  1.696617e+02  0.000000e+00
     vertex  4.169000e+02  1.680000e+02  0.000000e+00
     vertex  4.160375e+02  1.697079e+02  0.000000e+00
   endloop
 endfacet
 facet normal  0.000000e+00  0.000000e+00 -1.000000e+00
   outer loop
     vertex  4.229375e+02  1.725693e+02  0.000000e+00
     vertex  4.238000e+02  1.800000e+02  0.000000e+00
     vertex  4.238000e+02  1.560000e+02  0.000000e+00
   endloop
 endfacet
 facet normal  0.000000e+00 -0.000000e+00 -1.000000e+00
   outer loop
     vertex  4.229375e+02  1.725693e+02  0.000000e+00
     vertex  4.229375e+02  1.603845e+02  0.000000e+00
     vertex  4.220750e+02  1.649076e+02  0.000000e+00
   endloop
 endfacet
 facet normal  0.000000e+00  0.000000e+00 -1.000000e+00
   outer loop
     vertex  4.229375e+02  1.725693e+02  0.000000e+00
     vertex  4.238000e+02  1.560000e+02  0.000000e+00
     vertex  4.229375e+02  1.603845e+02  0.000000e+00
   endloop
 endfacet
 facet normal  0.000000e+00  0.000000e+00 -1.000000e+00
   outer loop
     vertex  4.229375e+02  1.786617e+02  0.000000e+00
     vertex  4.238000e+02  1.800000e+02  0.000000e+00
     vertex  4.229375e+02  1.725693e+02  0.000000e+00
   endloop
 endfacet
 facet normal -0.000000e+00  0.000000e+00 -1.000000e+00
   outer loop
     vertex  4.121562e+02  1.544109e+02  0.000000e+00
     vertex  4.100000e+02  1.530429e+02  0.000000e+00
     vertex  4.117250e+02  1.570594e+02  0.000000e+00
   endloop
 endfacet
 facet normal -0.000000e+00  0.000000e+00 -1.000000e+00
   outer loop
     vertex  4.130188e+02  1.563729e+02  0.000000e+00
     vertex  4.121562e+02  1.544109e+02  0.000000e+00
     vertex  4.117250e+02  1.570594e+02  0.000000e+00
   endloop
 endfacet
 facet normal  0.000000e+00 -0.000000e+00 -1.000000e+00
   outer loop
     vertex  4.130188e+02  1.563729e+02  0.000000e+00
     vertex  4.143125e+02  1.557211e+02  0.000000e+00
     vertex  4.121562e+02  1.544109e+02  0.000000e+00
   endloop
 endfacet
 facet normal  0.000000e+00  0.000000e+00 -1.000000e+00
   outer loop
     vertex  4.112938e+02  1.597426e+02  0.000000e+00
     vertex  4.108625e+02  1.772327e+02  0.000000e+00
     vertex  4.117250e+02  1.716469e+02  0.000000e+00
   endloop
 endfacet
 facet normal  0.000000e+00 -0.000000e+00 -1.000000e+00
   outer loop
     vertex  4.112938e+02  1.597426e+02  0.000000e+00
     vertex  4.117250e+02  1.570594e+02  0.000000e+00
     vertex  4.100000e+02  1.530429e+02  0.000000e+00
   endloop
 endfacet
 facet normal  0.000000e+00  0.000000e+00 -1.000000e+00
   outer loop
     vertex  4.112938e+02  1.597426e+02  0.000000e+00
     vertex  4.117250e+02  1.716469e+02  0.000000e+00
     vertex  4.125875e+02  1.661997e+02  0.000000e+00
   endloop
 endfacet
 facet normal -0.000000e+00  0.000000e+00 -1.000000e+00
   outer loop
     vertex  4.112938e+02  1.597426e+02  0.000000e+00
     vertex  4.100000e+02  1.530429e+02  0.000000e+00
     vertex  4.108625e+02  1.772327e+02  0.000000e+00
   endloop
 endfacet
 facet normal  0.000000e+00  0.000000e+00 -1.000000e+00
   outer loop
     vertex  4.112938e+02  1.597426e+02  0.000000e+00
     vertex  4.125875e+02  1.661997e+02  0.000000e+00
     vertex  4.134500e+02  1.608911e+02  0.000000e+00
   endloop
 endfacet
 facet normal  0.000000e+00  0.000000e+00 -1.000000e+00
   outer loop
     vertex  4.138813e+02  1.582888e+02  0.000000e+00
     vertex  4.134500e+02  1.608911e+02  0.000000e+00
     vertex  4.160375e+02  1.594604e+02  0.000000e+00
   endloop
 endfacet
 facet normal  0.000000e+00  0.000000e+00 -1.000000e+00
   outer loop
     vertex  4.138813e+02  1.582888e+02  0.000000e+00
     vertex  4.130188e+02  1.563729e+02  0.000000e+00
     vertex  4.117250e+02  1.570594e+02  0.000000e+00
   endloop
 endfacet
 facet normal  0.000000e+00 -0.000000e+00 -1.000000e+00
   outer loop
     vertex  4.173313e+02  1.587970e+02  0.000000e+00
     vertex  4.186250e+02  1.581683e+02  0.000000e+00
     vertex  4.164688e+02  1.569736e+02  0.000000e+00
   endloop
 endfacet
 facet normal  0.000000e+00  0.000000e+00 -1.000000e+00
   outer loop
     vertex  4.173313e+02  1.587970e+02  0.000000e+00
     vertex  4.194875e+02  1.599224e+02  0.000000e+00
     vertex  4.186250e+02  1.581683e+02  0.000000e+00
   endloop
 endfacet
 facet normal  0.000000e+00 -0.000000e+00 -1.000000e+00
   outer loop
     vertex  4.199188e+02  1.575742e+02  0.000000e+00
     vertex  4.212125e+02  1.570148e+02  0.000000e+00
     vertex  4.190563e+02  1.557970e+02  0.000000e+00
   endloop
 endfacet
 facet normal  0.000000e+00  0.000000e+00 -1.000000e+00
   outer loop
     vertex  4.199188e+02  1.575742e+02  0.000000e+00
     vertex  4.220750e+02  1.587228e+02  0.000000e+00
     vertex  4.212125e+02  1.570148e+02  0.000000e+00
   endloop
 endfacet
 facet normal  0.000000e+00 -0.000000e+00 -1.000000e+00
   outer loop
     vertex  4.156063e+02  1.619818e+02  0.000000e+00
     vertex  4.160375e+02  1.594604e+02  0.000000e+00
     vertex  4.134500e+02  1.608911e+02  0.000000e+00
   endloop
 endfacet
 facet normal -0.000000e+00  0.000000e+00 -1.000000e+00
   outer loop
     vertex  4.156063e+02  1.619818e+02  0.000000e+00
     vertex  4.134500e+02  1.608911e+02  0.000000e+00
     vertex  4.151750e+02  1.645379e+02  0.000000e+00
   endloop
 endfacet
 facet normal  0.000000e+00  0.000000e+00 -1.000000e+00
   outer loop
     vertex  4.225063e+02  1.564901e+02  0.000000e+00
     vertex  4.229375e+02  1.573383e+02  0.000000e+00
     vertex  4.238000e+02  1.560000e+02  0.000000e+00
   endloop
 endfacet
 facet normal  0.000000e+00  0.000000e+00 -1.000000e+00
   outer loop
     vertex  4.225063e+02  1.564901e+02  0.000000e+00
     vertex  4.212125e+02  1.570148e+02  0.000000e+00
     vertex  4.229375e+02  1.573383e+02  0.000000e+00
   endloop
 endfacet
 facet normal  0.000000e+00 -0.000000e+00 -1.000000e+00
   outer loop
     vertex  4.169000e+02  1.612607e+02  0.000000e+00
     vertex  4.173313e+02  1.587970e+02  0.000000e+00
     vertex  4.160375e+02  1.594604e+02  0.000000e+00
   endloop
 endfacet
 facet normal -0.000000e+00  0.000000e+00 -1.000000e+00
   outer loop
     vertex  4.169000e+02  1.612607e+02  0.000000e+00
     vertex  4.160375e+02  1.594604e+02  0.000000e+00
     vertex  4.156063e+02  1.619818e+02  0.000000e+00
   endloop
 endfacet
 facet normal  0.000000e+00  0.000000e+00 -1.000000e+00
   outer loop
     vertex  4.169000e+02  1.612607e+02  0.000000e+00
     vertex  4.156063e+02  1.619818e+02  0.000000e+00
     vertex  4.177625e+02  1.630148e+02  0.000000e+00
   endloop
 endfacet
 facet normal  0.000000e+00 -0.000000e+00 -1.000000e+00
   outer loop
     vertex  4.138813e+02  1.653515e+02  0.000000e+00
     vertex  4.151750e+02  1.645379e+02  0.000000e+00
     vertex  4.134500e+02  1.608911e+02  0.000000e+00
   endloop
 endfacet
 facet normal -0.000000e+00  0.000000e+00 -1.000000e+00
   outer loop
     vertex  4.138813e+02  1.653515e+02  0.000000e+00
     vertex  4.134500e+02  1.608911e+02  0.000000e+00
     vertex  4.125875e+02  1.661997e+02  0.000000e+00
   endloop
 endfacet
 facet normal  0.000000e+00 -0.000000e+00 -1.000000e+00
   outer loop
     vertex  4.207813e+02  1.593053e+02  0.000000e+00
     vertex  4.220750e+02  1.587228e+02  0.000000e+00
     vertex  4.199188e+02  1.575742e+02  0.000000e+00
   endloop
 endfacet
 facet normal  0.000000e+00  0.000000e+00 -1.000000e+00
   outer loop
     vertex  4.207813e+02  1.593053e+02  0.000000e+00
     vertex  4.199188e+02  1.575742e+02  0.000000e+00
     vertex  4.186250e+02  1.581683e+02  0.000000e+00
   endloop
 endfacet
 facet normal -0.000000e+00  0.000000e+00 -1.000000e+00
   outer loop
     vertex  4.207813e+02  1.593053e+02  0.000000e+00
     vertex  4.186250e+02  1.581683e+02  0.000000e+00
     vertex  4.194875e+02  1.599224e+02  0.000000e+00
   endloop
 endfacet
 facet normal  0.000000e+00  0.000000e+00 -1.000000e+00
   outer loop
     vertex  4.207813e+02  1.593053e+02  0.000000e+00
     vertex  4.212125e+02  1.601535e+02  0.000000e+00
     vertex  4.220750e+02  1.587228e+02  0.000000e+00
   endloop
 endfacet
 facet normal  0.000000e+00  0.000000e+00 -1.000000e+00
   outer loop
     vertex  4.207813e+02  1.593053e+02  0.000000e+00
     vertex  4.194875e+02  1.599224e+02  0.000000e+00
     vertex  4.212125e+02  1.601535e+02  0.000000e+00
   endloop
 endfacet
 facet normal  0.000000e+00  0.000000e+00 -1.000000e+00
   outer loop
     vertex  4.186250e+02  1.614455e+02  0.000000e+00
     vertex  4.173313e+02  1.587970e+02  0.000000e+00
     vertex  4.169000e+02  1.612607e+02  0.000000e+00
   endloop
 endfacet
 facet normal  0.000000e+00 -0.000000e+00 -1.000000e+00
   outer loop
     vertex  4.186250e+02  1.614455e+02  0.000000e+00
     vertex  4.194875e+02  1.599224e+02  0.000000e+00
     vertex  4.173313e+02  1.587970e+02  0.000000e+00
   endloop
 endfacet
 facet normal  0.000000e+00  0.000000e+00 -1.000000e+00
   outer loop
     vertex  4.186250e+02  1.614455e+02  0.000000e+00
     vertex  4.203500e+02  1.616304e+02  0.000000e+00
     vertex  4.194875e+02  1.599224e+02  0.000000e+00
   endloop
 endfacet
 facet normal -0.000000e+00  0.000000e+00 -1.000000e+00
   outer loop
     vertex  4.186250e+02  1.614455e+02  0.000000e+00
     vertex  4.169000e+02  1.612607e+02  0.000000e+00
     vertex  4.177625e+02  1.630148e+02  0.000000e+00
   endloop
 endfacet
 facet normal  0.000000e+00  0.000000e+00 -1.000000e+00
   outer loop
     vertex  4.164688e+02  1.637591e+02  0.000000e+00
     vertex  4.186250e+02  1.647228e+02  0.000000e+00
     vertex  4.177625e+02  1.630148e+02  0.000000e+00
   endloop
 endfacet
 facet normal -0.000000e+00  0.000000e+00 -1.000000e+00
   outer loop
     vertex  4.164688e+02  1.637591e+02  0.000000e+00
     vertex  4.156063e+02  1.619818e+02  0.000000e+00
     vertex  4.151750e+02  1.645379e+02  0.000000e+00
   endloop
 endfacet
 facet normal  0.000000e+00 -0.000000e+00 -1.000000e+00
   outer loop
     vertex  4.164688e+02  1.637591e+02  0.000000e+00
     vertex  4.177625e+02  1.630148e+02  0.000000e+00
     vertex  4.156063e+02  1.619818e+02  0.000000e+00
   endloop
 endfacet
 facet normal  0.000000e+00 -0.000000e+00 -1.000000e+00
   outer loop
     vertex  4.143125e+02  1.662459e+02  0.000000e+00
     vertex  4.151750e+02  1.645379e+02  0.000000e+00
     vertex  4.138813e+02  1.653515e+02  0.000000e+00
   endloop
 endfacet
 facet normal  0.000000e+00  0.000000e+00 -1.000000e+00
   outer loop
     vertex  4.143125e+02  1.662459e+02  0.000000e+00
     vertex  4.138813e+02  1.653515e+02  0.000000e+00
     vertex  4.125875e+02  1.661997e+02  0.000000e+00
   endloop
 endfacet
 facet normal -0.000000e+00  0.000000e+00 -1.000000e+00
   outer loop
     vertex  4.143125e+02  1.662459e+02  0.000000e+00
     vertex  4.125875e+02  1.661997e+02  0.000000e+00
     vertex  4.134500e+02  1.680000e+02  0.000000e+00
   endloop
 endfacet
 facet normal  0.000000e+00  0.000000e+00 -1.000000e+00
   outer loop
     vertex  4.190563e+02  1.623053e+02  0.000000e+00
     vertex  4.194875e+02  1.631535e+02  0.000000e+00
     vertex  4.203500e+02  1.616304e+02  0.000000e+00
   endloop
 endfacet
 facet normal  0.000000e+00 -0.000000e+00 -1.000000e+00
   outer loop
     vertex  4.190563e+02  1.623053e+02  0.000000e+00
     vertex  4.203500e+02  1.616304e+02  0.000000e+00
     vertex  4.186250e+02  1.614455e+02  0.000000e+00
   endloop
 endfacet
 facet normal  0.000000e+00  0.000000e+00 -1.000000e+00
   outer loop
     vertex  4.190563e+02  1.623053e+02  0.000000e+00
     vertex  4.177625e+02  1.630148e+02  0.000000e+00
     vertex  4.194875e+02  1.631535e+02  0.000000e+00
   endloop
 endfacet
 facet normal -0.000000e+00  0.000000e+00 -1.000000e+00
   outer loop
     vertex  4.190563e+02  1.623053e+02  0.000000e+00
     vertex  4.186250e+02  1.614455e+02  0.000000e+00
     vertex  4.177625e+02  1.630148e+02  0.000000e+00
   endloop
 endfacet
 facet normal  0.000000e+00 -0.000000e+00 -1.000000e+00
   outer loop
     vertex  4.164688e+02  1.654554e+02  0.000000e+00
     vertex  4.186250e+02  1.647228e+02  0.000000e+00
     vertex  4.164688e+02  1.637591e+02  0.000000e+00
   endloop
 endfacet
 facet normal -0.000000e+00  0.000000e+00 -1.000000e+00
   outer loop
     vertex  4.164688e+02  1.654554e+02  0.000000e+00
     vertex  4.151750e+02  1.645379e+02  0.000000e+00
     vertex  4.143125e+02  1.662459e+02  0.000000e+00
   endloop
 endfacet
 facet normal  0.000000e+00  0.000000e+00 -1.000000e+00
   outer loop
     vertex  4.164688e+02  1.654554e+02  0.000000e+00
     vertex  4.164688e+02  1.637591e+02  0.000000e+00
     vertex  4.151750e+02  1.645379e+02  0.000000e+00
   endloop
 endfacet
 facet normal  0.000000e+00  0.000000e+00 -1.000000e+00
   outer loop
     vertex  4.164688e+02  1.654554e+02  0.000000e+00
     vertex  4.177625e+02  1.663383e+02  0.000000e+00
     vertex  4.186250e+02  1.647228e+02  0.000000e+00
   endloop
 endfacet
 facet normal -0.000000e+00  0.000000e+00 -1.000000e+00
   outer loop
     vertex  4.216438e+02  1.609901e+02  0.000000e+00
     vertex  4.212125e+02  1.601535e+02  0.000000e+00
     vertex  4.203500e+02  1.616304e+02  0.000000e+00
   endloop
 endfacet
 facet normal  0.000000e+00 -0.000000e+00 -1.000000e+00
   outer loop
     vertex  4.216438e+02  1.609901e+02  0.000000e+00
     vertex  4.229375e+02  1.603845e+02  0.000000e+00
     vertex  4.212125e+02  1.601535e+02  0.000000e+00
   endloop
 endfacet
 facet normal  0.000000e+00  0.000000e+00 -1.000000e+00
   outer loop
     vertex  4.220750e+02  1.618152e+02  0.000000e+00
     vertex  4.216438e+02  1.609901e+02  0.000000e+00
     vertex  4.203500e+02  1.616304e+02  0.000000e+00
   endloop
 endfacet
 facet normal  0.000000e+00  0.000000e+00 -1.000000e+00
   outer loop
     vertex  4.220750e+02  1.618152e+02  0.000000e+00
     vertex  4.212125e+02  1.632921e+02  0.000000e+00
     vertex  4.220750e+02  1.649076e+02  0.000000e+00
   endloop
 endfacet
 facet normal  0.000000e+00  0.000000e+00 -1.000000e+00
   outer loop
     vertex  4.220750e+02  1.618152e+02  0.000000e+00
     vertex  4.220750e+02  1.649076e+02  0.000000e+00
     vertex  4.229375e+02  1.603845e+02  0.000000e+00
   endloop
 endfacet
 facet normal -0.000000e+00  0.000000e+00 -1.000000e+00
   outer loop
     vertex  4.220750e+02  1.618152e+02  0.000000e+00
     vertex  4.203500e+02  1.616304e+02  0.000000e+00
     vertex  4.212125e+02  1.632921e+02  0.000000e+00
   endloop
 endfacet
 facet normal  0.000000e+00 -0.000000e+00 -1.000000e+00
   outer loop
     vertex  4.220750e+02  1.618152e+02  0.000000e+00
     vertex  4.229375e+02  1.603845e+02  0.000000e+00
     vertex  4.216438e+02  1.609901e+02  0.000000e+00
   endloop
 endfacet
 facet normal -0.000000e+00 -0.000000e+00 -1.000000e+00
   outer loop
     vertex  4.130188e+02  1.706832e+02  0.000000e+00
     vertex  4.134500e+02  1.680000e+02  0.000000e+00
     vertex  4.117250e+02  1.716469e+02  0.000000e+00
   endloop
 endfacet
 facet normal  0.000000e+00  0.000000e+00 -1.000000e+00
   outer loop
     vertex  4.130188e+02  1.706832e+02  0.000000e+00
     vertex  4.151750e+02  1.714621e+02  0.000000e+00
     vertex  4.143125e+02  1.697541e+02  0.000000e+00
   endloop
 endfacet
 facet normal  0.000000e+00  0.000000e+00 -1.000000e+00
   outer loop
     vertex  4.130188e+02  1.706832e+02  0.000000e+00
     vertex  4.143125e+02  1.697541e+02  0.000000e+00
     vertex  4.134500e+02  1.680000e+02  0.000000e+00
   endloop
 endfacet
 facet normal  0.000000e+00  0.000000e+00 -1.000000e+00
   outer loop
     vertex  4.199188e+02  1.639901e+02  0.000000e+00
     vertex  4.220750e+02  1.649076e+02  0.000000e+00
     vertex  4.212125e+02  1.632921e+02  0.000000e+00
   endloop
 endfacet
 facet normal -0.000000e+00  0.000000e+00 -1.000000e+00
   outer loop
     vertex  4.199188e+02  1.639901e+02  0.000000e+00
     vertex  4.194875e+02  1.631535e+02  0.000000e+00
     vertex  4.186250e+02  1.647228e+02  0.000000e+00
   endloop
 endfacet
 facet normal  0.000000e+00 -0.000000e+00 -1.000000e+00
   outer loop
     vertex  4.199188e+02  1.639901e+02  0.000000e+00
     vertex  4.212125e+02  1.632921e+02  0.000000e+00
     vertex  4.194875e+02  1.631535e+02  0.000000e+00
   endloop
 endfacet
 facet normal  0.000000e+00  0.000000e+00 -1.000000e+00
   outer loop
     vertex  4.156063e+02  1.688597e+02  0.000000e+00
     vertex  4.160375e+02  1.697079e+02  0.000000e+00
     vertex  4.169000e+02  1.680000e+02  0.000000e+00
   endloop
 endfacet
 facet normal  0.000000e+00  0.000000e+00 -1.000000e+00
   outer loop
     vertex  4.156063e+02  1.688597e+02  0.000000e+00
     vertex  4.143125e+02  1.697541e+02  0.000000e+00
     vertex  4.160375e+02  1.697079e+02  0.000000e+00
   endloop
 endfacet
 facet normal -0.000000e+00  0.000000e+00 -1.000000e+00
   outer loop
     vertex  4.156063e+02  1.688597e+02  0.000000e+00
     vertex  4.134500e+02  1.680000e+02  0.000000e+00
     vertex  4.143125e+02  1.697541e+02  0.000000e+00
   endloop
 endfacet
 facet normal  0.000000e+00 -0.000000e+00 -1.000000e+00
   outer loop
     vertex  4.181938e+02  1.671749e+02  0.000000e+00
     vertex  4.194875e+02  1.663845e+02  0.000000e+00
     vertex  4.177625e+02  1.663383e+02  0.000000e+00
   endloop
 endfacet
 facet normal  0.000000e+00  0.000000e+00 -1.000000e+00
   outer loop
     vertex  4.181938e+02  1.671749e+02  0.000000e+00
     vertex  4.203500e+02  1.680000e+02  0.000000e+00
     vertex  4.194875e+02  1.663845e+02  0.000000e+00
   endloop
 endfacet
 facet normal -0.000000e+00  0.000000e+00 -1.000000e+00
   outer loop
     vertex  4.181938e+02  1.671749e+02  0.000000e+00
     vertex  4.177625e+02  1.663383e+02  0.000000e+00
     vertex  4.169000e+02  1.680000e+02  0.000000e+00
   endloop
 endfacet
 facet normal  0.000000e+00  0.000000e+00 -1.000000e+00
   outer loop
     vertex  4.138813e+02  1.724142e+02  0.000000e+00
     vertex  4.130188e+02  1.706832e+02  0.000000e+00
     vertex  4.117250e+02  1.716469e+02  0.000000e+00
   endloop
 endfacet
 facet normal  0.000000e+00 -0.000000e+00 -1.000000e+00
   outer loop
     vertex  4.138813e+02  1.724142e+02  0.000000e+00
     vertex  4.151750e+02  1.714621e+02  0.000000e+00
     vertex  4.130188e+02  1.706832e+02  0.000000e+00
   endloop
 endfacet
 facet normal  0.000000e+00  0.000000e+00 -1.000000e+00
   outer loop
     vertex  4.138813e+02  1.724142e+02  0.000000e+00
     vertex  4.160375e+02  1.731238e+02  0.000000e+00
     vertex  4.151750e+02  1.714621e+02  0.000000e+00
   endloop
 endfacet
 facet normal -0.000000e+00  0.000000e+00 -1.000000e+00
   outer loop
     vertex  4.138813e+02  1.724142e+02  0.000000e+00
     vertex  4.117250e+02  1.716469e+02  0.000000e+00
     vertex  4.125875e+02  1.734010e+02  0.000000e+00
   endloop
 endfacet
 facet normal  0.000000e+00  0.000000e+00 -1.000000e+00
   outer loop
     vertex  4.207813e+02  1.656287e+02  0.000000e+00
     vertex  4.199188e+02  1.639901e+02  0.000000e+00
     vertex  4.186250e+02  1.647228e+02  0.000000e+00
   endloop
 endfacet
 facet normal -0.000000e+00  0.000000e+00 -1.000000e+00
   outer loop
     vertex  4.207813e+02  1.656287e+02  0.000000e+00
     vertex  4.186250e+02  1.647228e+02  0.000000e+00
     vertex  4.194875e+02  1.663845e+02  0.000000e+00
   endloop
 endfacet
 facet normal  0.000000e+00 -0.000000e+00 -1.000000e+00
   outer loop
     vertex  4.207813e+02  1.656287e+02  0.000000e+00
     vertex  4.220750e+02  1.649076e+02  0.000000e+00
     vertex  4.199188e+02  1.639901e+02  0.000000e+00
   endloop
 endfacet
 facet normal  0.000000e+00 -0.000000e+00 -1.000000e+00
   outer loop
     vertex  4.164688e+02  1.705446e+02  0.000000e+00
     vertex  4.177625e+02  1.696617e+02  0.000000e+00
     vertex  4.160375e+02  1.697079e+02  0.000000e+00
   endloop
 endfacet
 facet normal  0.000000e+00  0.000000e+00 -1.000000e+00
   outer loop
     vertex  4.164688e+02  1.705446e+02  0.000000e+00
     vertex  4.186250e+02  1.712772e+02  0.000000e+00
     vertex  4.177625e+02  1.696617e+02  0.000000e+00
   endloop
 endfacet
 facet normal -0.000000e+00  0.000000e+00 -1.000000e+00
   outer loop
     vertex  4.164688e+02  1.705446e+02  0.000000e+00
     vertex  4.160375e+02  1.697079e+02  0.000000e+00
     vertex  4.151750e+02  1.714621e+02  0.000000e+00
   endloop
 endfacet
 facet normal -0.000000e+00  0.000000e+00 -1.000000e+00
   outer loop
     vertex  4.212125e+02  1.664307e+02  0.000000e+00
     vertex  4.194875e+02  1.663845e+02  0.000000e+00
     vertex  4.203500e+02  1.680000e+02  0.000000e+00
   endloop
 endfacet
 facet normal  0.000000e+00  0.000000e+00 -1.000000e+00
   outer loop
     vertex  4.212125e+02  1.664307e+02  0.000000e+00
     vertex  4.207813e+02  1.656287e+02  0.000000e+00
     vertex  4.194875e+02  1.663845e+02  0.000000e+00
   endloop
 endfacet
 facet normal  0.000000e+00 -0.000000e+00 -1.000000e+00
   outer loop
     vertex  4.212125e+02  1.664307e+02  0.000000e+00
     vertex  4.220750e+02  1.649076e+02  0.000000e+00
     vertex  4.207813e+02  1.656287e+02  0.000000e+00
   endloop
 endfacet
 facet normal  0.000000e+00  0.000000e+00 -1.000000e+00
   outer loop
     vertex  4.212125e+02  1.664307e+02  0.000000e+00
     vertex  4.212125e+02  1.695693e+02  0.000000e+00
     vertex  4.220750e+02  1.649076e+02  0.000000e+00
   endloop
 endfacet
 facet normal  0.000000e+00  0.000000e+00 -1.000000e+00
   outer loop
     vertex  4.212125e+02  1.664307e+02  0.000000e+00
     vertex  4.203500e+02  1.680000e+02  0.000000e+00
     vertex  4.212125e+02  1.695693e+02  0.000000e+00
   endloop
 endfacet
 facet normal -0.000000e+00 -0.000000e+00 -1.000000e+00
   outer loop
     vertex  4.121563e+02  1.761535e+02  0.000000e+00
     vertex  4.125875e+02  1.734010e+02  0.000000e+00
     vertex  4.108625e+02  1.772327e+02  0.000000e+00
   endloop
 endfacet
 facet normal  0.000000e+00  0.000000e+00 -1.000000e+00
   outer loop
     vertex  4.121563e+02  1.761535e+02  0.000000e+00
     vertex  4.143125e+02  1.767706e+02  0.000000e+00
     vertex  4.134500e+02  1.751089e+02  0.000000e+00
   endloop
 endfacet
 facet normal  0.000000e+00  0.000000e+00 -1.000000e+00
   outer loop
     vertex  4.121563e+02  1.761535e+02  0.000000e+00
     vertex  4.134500e+02  1.751089e+02  0.000000e+00
     vertex  4.125875e+02  1.734010e+02  0.000000e+00
   endloop
 endfacet
 facet normal  0.000000e+00 -0.000000e+00 -1.000000e+00
   outer loop
     vertex  4.190563e+02  1.688135e+02  0.000000e+00
     vertex  4.203500e+02  1.680000e+02  0.000000e+00
     vertex  4.181938e+02  1.671749e+02  0.000000e+00
   endloop
 endfacet
 facet normal  0.000000e+00  0.000000e+00 -1.000000e+00
   outer loop
     vertex  4.190563e+02  1.688135e+02  0.000000e+00
     vertex  4.181938e+02  1.671749e+02  0.000000e+00
     vertex  4.169000e+02  1.680000e+02  0.000000e+00
   endloop
 endfacet
 facet normal -0.000000e+00  0.000000e+00 -1.000000e+00
   outer loop
     vertex  4.190563e+02  1.688135e+02  0.000000e+00
     vertex  4.169000e+02  1.680000e+02  0.000000e+00
     vertex  4.177625e+02  1.696617e+02  0.000000e+00
   endloop
 endfacet
 facet normal  0.000000e+00  0.000000e+00 -1.000000e+00
   outer loop
     vertex  4.190563e+02  1.688135e+02  0.000000e+00
     vertex  4.212125e+02  1.695693e+02  0.000000e+00
     vertex  4.203500e+02  1.680000e+02  0.000000e+00
   endloop
 endfacet
 facet normal  0.000000e+00 -0.000000e+00 -1.000000e+00
   outer loop
     vertex  4.147438e+02  1.740990e+02  0.000000e+00
     vertex  4.160375e+02  1.731238e+02  0.000000e+00
     vertex  4.138813e+02  1.724142e+02  0.000000e+00
   endloop
 endfacet
 facet normal  0.000000e+00  0.000000e+00 -1.000000e+00
   outer loop
     vertex  4.147438e+02  1.740990e+02  0.000000e+00
     vertex  4.138813e+02  1.724142e+02  0.000000e+00
     vertex  4.125875e+02  1.734010e+02  0.000000e+00
   endloop
 endfacet
 facet normal -0.000000e+00  0.000000e+00 -1.000000e+00
   outer loop
     vertex  4.147438e+02  1.740990e+02  0.000000e+00
     vertex  4.125875e+02  1.734010e+02  0.000000e+00
     vertex  4.134500e+02  1.751089e+02  0.000000e+00
   endloop
 endfacet
 facet normal  0.000000e+00 -0.000000e+00 -1.000000e+00
   outer loop
     vertex  4.173313e+02  1.721832e+02  0.000000e+00
     vertex  4.186250e+02  1.712772e+02  0.000000e+00
     vertex  4.164688e+02  1.705446e+02  0.000000e+00
   endloop
 endfacet
 facet normal  0.000000e+00  0.000000e+00 -1.000000e+00
   outer loop
     vertex  4.173313e+02  1.721832e+02  0.000000e+00
     vertex  4.164688e+02  1.705446e+02  0.000000e+00
     vertex  4.151750e+02  1.714621e+02  0.000000e+00
   endloop
 endfacet
 facet normal  0.000000e+00  0.000000e+00 -1.000000e+00
   outer loop
     vertex  4.173313e+02  1.721832e+02  0.000000e+00
     vertex  4.194875e+02  1.728465e+02  0.000000e+00
     vertex  4.186250e+02  1.712772e+02  0.000000e+00
   endloop
 endfacet
 facet normal -0.000000e+00  0.000000e+00 -1.000000e+00
   outer loop
     vertex  4.173313e+02  1.721832e+02  0.000000e+00
     vertex  4.151750e+02  1.714621e+02  0.000000e+00
     vertex  4.160375e+02  1.731238e+02  0.000000e+00
   endloop
 endfacet
 facet normal  0.000000e+00  0.000000e+00 -1.000000e+00
   outer loop
     vertex  4.130188e+02  1.778383e+02  0.000000e+00
     vertex  4.121563e+02  1.761535e+02  0.000000e+00
     vertex  4.108625e+02  1.772327e+02  0.000000e+00
   endloop
 endfacet
 facet normal -0.000000e+00  0.000000e+00 -1.000000e+00
   outer loop
     vertex  4.130188e+02  1.778383e+02  0.000000e+00
     vertex  4.108625e+02  1.772327e+02  0.000000e+00
     vertex  4.117250e+02  1.789406e+02  0.000000e+00
   endloop
 endfacet
 facet normal  0.000000e+00  0.000000e+00 -1.000000e+00
   outer loop
     vertex  4.130188e+02  1.778383e+02  0.000000e+00
     vertex  4.151750e+02  1.783862e+02  0.000000e+00
     vertex  4.143125e+02  1.767706e+02  0.000000e+00
   endloop
 endfacet
 facet normal  0.000000e+00 -0.000000e+00 -1.000000e+00
   outer loop
     vertex  4.130188e+02  1.778383e+02  0.000000e+00
     vertex  4.143125e+02  1.767706e+02  0.000000e+00
     vertex  4.121563e+02  1.761535e+02  0.000000e+00
   endloop
 endfacet
 facet normal -0.000000e+00  0.000000e+00 -1.000000e+00
   outer loop
     vertex  4.199188e+02  1.704059e+02  0.000000e+00
     vertex  4.177625e+02  1.696617e+02  0.000000e+00
     vertex  4.186250e+02  1.712772e+02  0.000000e+00
   endloop
 endfacet
 facet normal  0.000000e+00 -0.000000e+00 -1.000000e+00
   outer loop
     vertex  4.199188e+02  1.704059e+02  0.000000e+00
     vertex  4.212125e+02  1.695693e+02  0.000000e+00
     vertex  4.190563e+02  1.688135e+02  0.000000e+00
   endloop
 endfacet
 facet normal  0.000000e+00  0.000000e+00 -1.000000e+00
   outer loop
     vertex  4.199188e+02  1.704059e+02  0.000000e+00
     vertex  4.190563e+02  1.688135e+02  0.000000e+00
     vertex  4.177625e+02  1.696617e+02  0.000000e+00
   endloop
 endfacet
 facet normal  0.000000e+00  0.000000e+00 -1.000000e+00
   outer loop
     vertex  4.169000e+02  1.747393e+02  0.000000e+00
     vertex  4.160375e+02  1.731238e+02  0.000000e+00
     vertex  4.147438e+02  1.740990e+02  0.000000e+00
   endloop
 endfacet
 facet normal  0.000000e+00 -0.000000e+00 -1.000000e+00
   outer loop
     vertex  4.169000e+02  1.747393e+02  0.000000e+00
     vertex  4.173313e+02  1.721832e+02  0.000000e+00
     vertex  4.160375e+02  1.731238e+02  0.000000e+00
   endloop
 endfacet
 facet normal -0.000000e+00  0.000000e+00 -1.000000e+00
   outer loop
     vertex  4.203500e+02  1.711848e+02  0.000000e+00
     vertex  4.199188e+02  1.704059e+02  0.000000e+00
     vertex  4.186250e+02  1.712772e+02  0.000000e+00
   endloop
 endfacet
 facet normal  0.000000e+00  0.000000e+00 -1.000000e+00
   outer loop
     vertex  4.203500e+02  1.711848e+02  0.000000e+00
     vertex  4.186250e+02  1.712772e+02  0.000000e+00
     vertex  4.194875e+02  1.728465e+02  0.000000e+00
   endloop
 endfacet
 facet normal  0.000000e+00 -0.000000e+00 -1.000000e+00
   outer loop
     vertex  4.203500e+02  1.711848e+02  0.000000e+00
     vertex  4.212125e+02  1.695693e+02  0.000000e+00
     vertex  4.199188e+02  1.704059e+02  0.000000e+00
   endloop
 endfacet
 facet normal -0.000000e+00 -0.000000e+00 -1.000000e+00
   outer loop
     vertex  4.112938e+02  1.817624e+02  0.000000e+00
     vertex  4.117250e+02  1.789406e+02  0.000000e+00
     vertex  4.100000e+02  1.829571e+02  0.000000e+00
   endloop
 endfacet
 facet normal  0.000000e+00  0.000000e+00 -1.000000e+00
   outer loop
     vertex  4.112938e+02  1.817624e+02  0.000000e+00
     vertex  4.125875e+02  1.806023e+02  0.000000e+00
     vertex  4.117250e+02  1.789406e+02  0.000000e+00
   endloop
 endfacet
 facet normal -0.000000e+00  0.000000e+00 -1.000000e+00
   outer loop
     vertex  4.138813e+02  1.794769e+02  0.000000e+00
     vertex  4.117250e+02  1.789406e+02  0.000000e+00
     vertex  4.125875e+02  1.806023e+02  0.000000e+00
   endloop
 endfacet
 facet normal  0.000000e+00 -0.000000e+00 -1.000000e+00
   outer loop
     vertex  4.138813e+02  1.794769e+02  0.000000e+00
     vertex  4.151750e+02  1.783862e+02  0.000000e+00
     vertex  4.130188e+02  1.778383e+02  0.000000e+00
   endloop
 endfacet
 facet normal  0.000000e+00  0.000000e+00 -1.000000e+00
   outer loop
     vertex  4.138813e+02  1.794769e+02  0.000000e+00
     vertex  4.130188e+02  1.778383e+02  0.000000e+00
     vertex  4.117250e+02  1.789406e+02  0.000000e+00
   endloop
 endfacet
 facet normal  0.000000e+00  0.000000e+00 -1.000000e+00
   outer loop
     vertex  4.186250e+02  1.745545e+02  0.000000e+00
     vertex  4.203500e+02  1.743696e+02  0.000000e+00
     vertex  4.194875e+02  1.728465e+02  0.000000e+00
   endloop
 endfacet
 facet normal  0.000000e+00 -0.000000e+00 -1.000000e+00
   outer loop
     vertex  4.186250e+02  1.745545e+02  0.000000e+00
     vertex  4.194875e+02  1.728465e+02  0.000000e+00
     vertex  4.173313e+02  1.721832e+02  0.000000e+00
   endloop
 endfacet
 facet normal  0.000000e+00  0.000000e+00 -1.000000e+00
   outer loop
     vertex  4.186250e+02  1.745545e+02  0.000000e+00
     vertex  4.169000e+02  1.747393e+02  0.000000e+00
     vertex  4.177625e+02  1.763086e+02  0.000000e+00
   endloop
 endfacet
 facet normal -0.000000e+00  0.000000e+00 -1.000000e+00
   outer loop
     vertex  4.186250e+02  1.745545e+02  0.000000e+00
     vertex  4.173313e+02  1.721832e+02  0.000000e+00
     vertex  4.169000e+02  1.747393e+02  0.000000e+00
   endloop
 endfacet
 facet normal  0.000000e+00  0.000000e+00 -1.000000e+00
   outer loop
     vertex  4.220750e+02  1.710924e+02  0.000000e+00
     vertex  4.229375e+02  1.725693e+02  0.000000e+00
     vertex  4.220750e+02  1.649076e+02  0.000000e+00
   endloop
 endfacet
 facet normal  0.000000e+00 -0.000000e+00 -1.000000e+00
   outer loop
     vertex  4.220750e+02  1.710924e+02  0.000000e+00
     vertex  4.220750e+02  1.649076e+02  0.000000e+00
     vertex  4.212125e+02  1.695693e+02  0.000000e+00
   endloop
 endfacet
 facet normal -0.000000e+00  0.000000e+00 -1.000000e+00
   outer loop
     vertex  4.220750e+02  1.710924e+02  0.000000e+00
     vertex  4.212125e+02  1.695693e+02  0.000000e+00
     vertex  4.203500e+02  1.711848e+02  0.000000e+00
   endloop
 endfacet
 facet normal -0.000000e+00  0.000000e+00 -1.000000e+00
   outer loop
     vertex  4.164688e+02  1.773301e+02  0.000000e+00
     vertex  4.143125e+02  1.767706e+02  0.000000e+00
     vertex  4.151750e+02  1.783862e+02  0.000000e+00
   endloop
 endfacet
 facet normal  0.000000e+00 -0.000000e+00 -1.000000e+00
   outer loop
     vertex  4.190563e+02  1.753218e+02  0.000000e+00
     vertex  4.203500e+02  1.743696e+02  0.000000e+00
     vertex  4.186250e+02  1.745545e+02  0.000000e+00
   endloop
 endfacet
 facet normal  0.000000e+00  0.000000e+00 -1.000000e+00
   outer loop
     vertex  4.190563e+02  1.753218e+02  0.000000e+00
     vertex  4.212125e+02  1.758465e+02  0.000000e+00
     vertex  4.203500e+02  1.743696e+02  0.000000e+00
   endloop
 endfacet
 facet normal -0.000000e+00  0.000000e+00 -1.000000e+00
   outer loop
     vertex  4.190563e+02  1.753218e+02  0.000000e+00
     vertex  4.186250e+02  1.745545e+02  0.000000e+00
     vertex  4.177625e+02  1.763086e+02  0.000000e+00
   endloop
 endfacet
 facet normal  0.000000e+00  0.000000e+00 -1.000000e+00
   outer loop
     vertex  4.147438e+02  1.810693e+02  0.000000e+00
     vertex  4.138813e+02  1.794769e+02  0.000000e+00
     vertex  4.125875e+02  1.806023e+02  0.000000e+00
   endloop
 endfacet
 facet normal -0.000000e+00  0.000000e+00 -1.000000e+00
   outer loop
     vertex  4.216438e+02  1.734521e+02  0.000000e+00
     vertex  4.194875e+02  1.728465e+02  0.000000e+00
     vertex  4.203500e+02  1.743696e+02  0.000000e+00
   endloop
 endfacet
 facet normal  0.000000e+00  0.000000e+00 -1.000000e+00
   outer loop
     vertex  4.216438e+02  1.734521e+02  0.000000e+00
     vertex  4.229375e+02  1.725693e+02  0.000000e+00
     vertex  4.220750e+02  1.710924e+02  0.000000e+00
   endloop
 endfacet
 facet normal  0.000000e+00  0.000000e+00 -1.000000e+00
   outer loop
     vertex  4.216438e+02  1.734521e+02  0.000000e+00
     vertex  4.203500e+02  1.711848e+02  0.000000e+00
     vertex  4.194875e+02  1.728465e+02  0.000000e+00
   endloop
 endfacet
 facet normal  0.000000e+00 -0.000000e+00 -1.000000e+00
   outer loop
     vertex  4.216438e+02  1.734521e+02  0.000000e+00
     vertex  4.220750e+02  1.710924e+02  0.000000e+00
     vertex  4.203500e+02  1.711848e+02  0.000000e+00
   endloop
 endfacet
 facet normal  0.000000e+00  0.000000e+00 -1.000000e+00
   outer loop
     vertex  4.173313e+02  1.788763e+02  0.000000e+00
     vertex  4.164688e+02  1.773301e+02  0.000000e+00
     vertex  4.151750e+02  1.783862e+02  0.000000e+00
   endloop
 endfacet
 facet normal  0.000000e+00  0.000000e+00 -1.000000e+00
   outer loop
     vertex  4.186250e+02  1.778317e+02  0.000000e+00
     vertex  4.173313e+02  1.788763e+02  0.000000e+00
     vertex  4.194875e+02  1.793086e+02  0.000000e+00
   endloop
 endfacet
 facet normal  0.000000e+00  0.000000e+00 -1.000000e+00
   outer loop
     vertex  4.186250e+02  1.778317e+02  0.000000e+00
     vertex  4.177625e+02  1.763086e+02  0.000000e+00
     vertex  4.164688e+02  1.773301e+02  0.000000e+00
   endloop
 endfacet
 facet normal  0.000000e+00 -0.000000e+00 -1.000000e+00
   outer loop
     vertex  4.186250e+02  1.778317e+02  0.000000e+00
     vertex  4.190563e+02  1.753218e+02  0.000000e+00
     vertex  4.177625e+02  1.763086e+02  0.000000e+00
   endloop
 endfacet
 facet normal -0.000000e+00  0.000000e+00 -1.000000e+00
   outer loop
     vertex  4.186250e+02  1.778317e+02  0.000000e+00
     vertex  4.164688e+02  1.773301e+02  0.000000e+00
     vertex  4.173313e+02  1.788763e+02  0.000000e+00
   endloop
 endfacet
 facet normal  0.000000e+00 -0.000000e+00 -1.000000e+00
   outer loop
     vertex  4.220750e+02  1.741848e+02  0.000000e+00
     vertex  4.229375e+02  1.725693e+02  0.000000e+00
     vertex  4.216438e+02  1.734521e+02  0.000000e+00
   endloop
 endfacet
 facet normal  0.000000e+00  0.000000e+00 -1.000000e+00
   outer loop
     vertex  4.220750e+02  1.741848e+02  0.000000e+00
     vertex  4.212125e+02  1.758465e+02  0.000000e+00
     vertex  4.220750e+02  1.772772e+02  0.000000e+00
   endloop
 endfacet
 facet normal  0.000000e+00  0.000000e+00 -1.000000e+00
   outer loop
     vertex  4.220750e+02  1.741848e+02  0.000000e+00
     vertex  4.203500e+02  1.743696e+02  0.000000e+00
     vertex  4.212125e+02  1.758465e+02  0.000000e+00
   endloop
 endfacet
 facet normal  0.000000e+00  0.000000e+00 -1.000000e+00
   outer loop
     vertex  4.220750e+02  1.741848e+02  0.000000e+00
     vertex  4.229375e+02  1.786617e+02  0.000000e+00
     vertex  4.229375e+02  1.725693e+02  0.000000e+00
   endloop
 endfacet
 facet normal  0.000000e+00  0.000000e+00 -1.000000e+00
   outer loop
     vertex  4.220750e+02  1.741848e+02  0.000000e+00
     vertex  4.220750e+02  1.772772e+02  0.000000e+00
     vertex  4.229375e+02  1.786617e+02  0.000000e+00
   endloop
 endfacet
 facet normal -0.000000e+00  0.000000e+00 -1.000000e+00
   outer loop
     vertex  4.220750e+02  1.741848e+02  0.000000e+00
     vertex  4.216438e+02  1.734521e+02  0.000000e+00
     vertex  4.203500e+02  1.743696e+02  0.000000e+00
   endloop
 endfacet
 facet normal  0.000000e+00  0.000000e+00 -1.000000e+00
   outer loop
     vertex  4.203500e+02  1.775545e+02  0.000000e+00
     vertex  4.186250e+02  1.778317e+02  0.000000e+00
     vertex  4.194875e+02  1.793086e+02  0.000000e+00
   endloop
 endfacet
 facet normal  0.000000e+00  0.000000e+00 -1.000000e+00
   outer loop
     vertex  4.203500e+02  1.775545e+02  0.000000e+00
     vertex  4.220750e+02  1.772772e+02  0.000000e+00
     vertex  4.212125e+02  1.758465e+02  0.000000e+00
   endloop
 endfacet
 facet normal  0.000000e+00 -0.000000e+00 -1.000000e+00
   outer loop
     vertex  4.203500e+02  1.775545e+02  0.000000e+00
     vertex  4.212125e+02  1.758465e+02  0.000000e+00
     vertex  4.190563e+02  1.753218e+02  0.000000e+00
   endloop
 endfacet
 facet normal -0.000000e+00  0.000000e+00 -1.000000e+00
   outer loop
     vertex  4.203500e+02  1.775545e+02  0.000000e+00
     vertex  4.190563e+02  1.753218e+02  0.000000e+00
     vertex  4.186250e+02  1.778317e+02  0.000000e+00
   endloop
 endfacet
 facet normal  0.000000e+00 -0.000000e+00 -1.000000e+00
   outer loop
     vertex  4.207813e+02  1.782756e+02  0.000000e+00
     vertex  4.220750e+02  1.772772e+02  0.000000e+00
     vertex  4.203500e+02  1.775545e+02  0.000000e+00
   endloop
 endfacet
 facet normal  0.000000e+00  0.000000e+00 -1.000000e+00
   outer loop
     vertex  4.207813e+02  1.782756e+02  0.000000e+00
     vertex  4.229375e+02  1.786617e+02  0.000000e+00
     vertex  4.220750e+02  1.772772e+02  0.000000e+00
   endloop
 endfacet
 facet normal -0.000000e+00  0.000000e+00 -1.000000e+00
   outer loop
     vertex  4.207813e+02  1.782756e+02  0.000000e+00
     vertex  4.203500e+02  1.775545e+02  0.000000e+00
     vertex  4.194875e+02  1.793086e+02  0.000000e+00
   endloop
 endfacet
 facet normal  0.000000e+00  0.000000e+00 -1.000000e+00
   outer loop
     vertex  4.216438e+02  1.796832e+02  0.000000e+00
     vertex  4.238000e+02  1.800000e+02  0.000000e+00
     vertex  4.229375e+02  1.786617e+02  0.000000e+00
   endloop
 endfacet
 facet normal  0.000000e+00 -0.000000e+00 -1.000000e+00
   outer loop
     vertex  4.216438e+02  1.796832e+02  0.000000e+00
     vertex  4.229375e+02  1.786617e+02  0.000000e+00
     vertex  4.207813e+02  1.782756e+02  0.000000e+00
   endloop
 endfacet
 facet normal  0.000000e+00  0.000000e+00 -1.000000e+00
   outer loop
     vertex  4.216438e+02  1.796832e+02  0.000000e+00
     vertex  4.207813e+02  1.782756e+02  0.000000e+00
     vertex  4.194875e+02  1.793086e+02  0.000000e+00
   endloop
 endfacet
 facet normal  0.000000e+00  0.000000e+00 -1.000000e+00
   outer loop
     vertex  4.145281e+02  1.544503e+02  0.000000e+00
     vertex  4.100000e+02  1.530429e+02  0.000000e+00
     vertex  4.121562e+02  1.544109e+02  0.000000e+00
   endloop
 endfacet
 facet normal -0.000000e+00  0.000000e+00 -1.000000e+00
   outer loop
     vertex  4.145281e+02  1.544503e+02  0.000000e+00
     vertex  4.121562e+02  1.544109e+02  0.000000e+00
     vertex  4.143125e+02  1.557211e+02  0.000000e+00
   endloop
 endfacet
 facet normal  0.000000e+00  0.000000e+00 -1.000000e+00
   outer loop
     vertex  4.125875e+02  1.589983e+02  0.000000e+00
     vertex  4.134500e+02  1.608911e+02  0.000000e+00
     vertex  4.138813e+02  1.582888e+02  0.000000e+00
   endloop
 endfacet
 facet normal  0.000000e+00 -0.000000e+00 -1.000000e+00
   outer loop
     vertex  4.125875e+02  1.589983e+02  0.000000e+00
     vertex  4.138813e+02  1.582888e+02  0.000000e+00
     vertex  4.117250e+02  1.570594e+02  0.000000e+00
   endloop
 endfacet
 facet normal -0.000000e+00  0.000000e+00 -1.000000e+00
   outer loop
     vertex  4.125875e+02  1.589983e+02  0.000000e+00
     vertex  4.117250e+02  1.570594e+02  0.000000e+00
     vertex  4.112938e+02  1.597426e+02  0.000000e+00
   endloop
 endfacet
 facet normal  0.000000e+00  0.000000e+00 -1.000000e+00
   outer loop
     vertex  4.125875e+02  1.589983e+02  0.000000e+00
     vertex  4.112938e+02  1.597426e+02  0.000000e+00
     vertex  4.134500e+02  1.608911e+02  0.000000e+00
   endloop
 endfacet
 facet normal -0.000000e+00  0.000000e+00 -1.000000e+00
   outer loop
     vertex  4.166844e+02  1.557432e+02  0.000000e+00
     vertex  4.143125e+02  1.557211e+02  0.000000e+00
     vertex  4.164688e+02  1.569736e+02  0.000000e+00
   endloop
 endfacet
 facet normal  0.000000e+00  0.000000e+00 -1.000000e+00
   outer loop
     vertex  4.166844e+02  1.557432e+02  0.000000e+00
     vertex  4.145281e+02  1.544503e+02  0.000000e+00
     vertex  4.143125e+02  1.557211e+02  0.000000e+00
   endloop
 endfacet
 facet normal  0.000000e+00  0.000000e+00 -1.000000e+00
   outer loop
     vertex  4.151750e+02  1.576138e+02  0.000000e+00
     vertex  4.160375e+02  1.594604e+02  0.000000e+00
     vertex  4.173313e+02  1.587970e+02  0.000000e+00
   endloop
 endfacet
 facet normal  0.000000e+00  0.000000e+00 -1.000000e+00
   outer loop
     vertex  4.151750e+02  1.576138e+02  0.000000e+00
     vertex  4.143125e+02  1.557211e+02  0.000000e+00
     vertex  4.130188e+02  1.563729e+02  0.000000e+00
   endloop
 endfacet
 facet normal -0.000000e+00  0.000000e+00 -1.000000e+00
   outer loop
     vertex  4.151750e+02  1.576138e+02  0.000000e+00
     vertex  4.130188e+02  1.563729e+02  0.000000e+00
     vertex  4.138813e+02  1.582888e+02  0.000000e+00
   endloop
 endfacet
 facet normal  0.000000e+00  0.000000e+00 -1.000000e+00
   outer loop
     vertex  4.151750e+02  1.576138e+02  0.000000e+00
     vertex  4.138813e+02  1.582888e+02  0.000000e+00
     vertex  4.160375e+02  1.594604e+02  0.000000e+00
   endloop
 endfacet
 facet normal  0.000000e+00 -0.000000e+00 -1.000000e+00
   outer loop
     vertex  4.151750e+02  1.576138e+02  0.000000e+00
     vertex  4.164688e+02  1.569736e+02  0.000000e+00
     vertex  4.143125e+02  1.557211e+02  0.000000e+00
   endloop
 endfacet
 facet normal  0.000000e+00  0.000000e+00 -1.000000e+00
   outer loop
     vertex  4.151750e+02  1.576138e+02  0.000000e+00
     vertex  4.173313e+02  1.587970e+02  0.000000e+00
     vertex  4.164688e+02  1.569736e+02  0.000000e+00
   endloop
 endfacet
 facet normal  0.000000e+00  0.000000e+00 -1.000000e+00
   outer loop
     vertex  4.177625e+02  1.563680e+02  0.000000e+00
     vertex  4.199188e+02  1.575742e+02  0.000000e+00
     vertex  4.190563e+02  1.557970e+02  0.000000e+00
   endloop
 endfacet
 facet normal  0.000000e+00  0.000000e+00 -1.000000e+00
   outer loop
     vertex  4.177625e+02  1.563680e+02  0.000000e+00
     vertex  4.164688e+02  1.569736e+02  0.000000e+00
     vertex  4.186250e+02  1.581683e+02  0.000000e+00
   endloop
 endfacet
 facet normal  0.000000e+00  0.000000e+00 -1.000000e+00
   outer loop
     vertex  4.177625e+02  1.563680e+02  0.000000e+00
     vertex  4.186250e+02  1.581683e+02  0.000000e+00
     vertex  4.199188e+02  1.575742e+02  0.000000e+00
   endloop
 endfacet
 facet normal -0.000000e+00  0.000000e+00 -1.000000e+00
   outer loop
     vertex  4.177625e+02  1.563680e+02  0.000000e+00
     vertex  4.166844e+02  1.557432e+02  0.000000e+00
     vertex  4.164688e+02  1.569736e+02  0.000000e+00
   endloop
 endfacet
 facet normal  0.000000e+00  0.000000e+00 -1.000000e+00
   outer loop
     vertex  4.214281e+02  1.558826e+02  0.000000e+00
     vertex  4.225063e+02  1.564901e+02  0.000000e+00
     vertex  4.238000e+02  1.560000e+02  0.000000e+00
   endloop
 endfacet
 facet normal -0.000000e+00  0.000000e+00 -1.000000e+00
   outer loop
     vertex  4.214281e+02  1.558826e+02  0.000000e+00
     vertex  4.190563e+02  1.557970e+02  0.000000e+00
     vertex  4.212125e+02  1.570148e+02  0.000000e+00
   endloop
 endfacet
 facet normal  0.000000e+00  0.000000e+00 -1.000000e+00
   outer loop
     vertex  4.214281e+02  1.558826e+02  0.000000e+00
     vertex  4.212125e+02  1.570148e+02  0.000000e+00
     vertex  4.225063e+02  1.564901e+02  0.000000e+00
   endloop
 endfacet
 facet normal  0.000000e+00  0.000000e+00 -1.000000e+00
   outer loop
     vertex  4.156063e+02  1.671403e+02  0.000000e+00
     vertex  4.134500e+02  1.680000e+02  0.000000e+00
     vertex  4.156063e+02  1.688597e+02  0.000000e+00
   endloop
 endfacet
 facet normal  0.000000e+00 -0.000000e+00 -1.000000e+00
   outer loop
     vertex  4.156063e+02  1.671403e+02  0.000000e+00
     vertex  4.164688e+02  1.654554e+02  0.000000e+00
     vertex  4.143125e+02  1.662459e+02  0.000000e+00
   endloop
 endfacet
 facet normal  0.000000e+00  0.000000e+00 -1.000000e+00
   outer loop
     vertex  4.156063e+02  1.671403e+02  0.000000e+00
     vertex  4.169000e+02  1.680000e+02  0.000000e+00
     vertex  4.177625e+02  1.663383e+02  0.000000e+00
   endloop
 endfacet
 facet normal  0.000000e+00  0.000000e+00 -1.000000e+00
   outer loop
     vertex  4.156063e+02  1.671403e+02  0.000000e+00
     vertex  4.156063e+02  1.688597e+02  0.000000e+00
     vertex  4.169000e+02  1.680000e+02  0.000000e+00
   endloop
 endfacet
 facet normal  0.000000e+00  0.000000e+00 -1.000000e+00
   outer loop
     vertex  4.156063e+02  1.671403e+02  0.000000e+00
     vertex  4.177625e+02  1.663383e+02  0.000000e+00
     vertex  4.164688e+02  1.654554e+02  0.000000e+00
   endloop
 endfacet
 facet normal -0.000000e+00  0.000000e+00 -1.000000e+00
   outer loop
     vertex  4.156063e+02  1.671403e+02  0.000000e+00
     vertex  4.143125e+02  1.662459e+02  0.000000e+00
     vertex  4.134500e+02  1.680000e+02  0.000000e+00
   endloop
 endfacet
 facet normal  0.000000e+00  0.000000e+00 -1.000000e+00
   outer loop
     vertex  4.156063e+02  1.757376e+02  0.000000e+00
     vertex  4.164688e+02  1.773301e+02  0.000000e+00
     vertex  4.177625e+02  1.763086e+02  0.000000e+00
   endloop
 endfacet
 facet normal  0.000000e+00 -0.000000e+00 -1.000000e+00
   outer loop
     vertex  4.156063e+02  1.757376e+02  0.000000e+00
     vertex  4.169000e+02  1.747393e+02  0.000000e+00
     vertex  4.147438e+02  1.740990e+02  0.000000e+00
   endloop
 endfacet
 facet normal  0.000000e+00  0.000000e+00 -1.000000e+00
   outer loop
     vertex  4.156063e+02  1.757376e+02  0.000000e+00
     vertex  4.147438e+02  1.740990e+02  0.000000e+00
     vertex  4.134500e+02  1.751089e+02  0.000000e+00
   endloop
 endfacet
 facet normal  0.000000e+00  0.000000e+00 -1.000000e+00
   outer loop
     vertex  4.156063e+02  1.757376e+02  0.000000e+00
     vertex  4.177625e+02  1.763086e+02  0.000000e+00
     vertex  4.169000e+02  1.747393e+02  0.000000e+00
   endloop
 endfacet
 facet normal -0.000000e+00  0.000000e+00 -1.000000e+00
   outer loop
     vertex  4.156063e+02  1.757376e+02  0.000000e+00
     vertex  4.134500e+02  1.751089e+02  0.000000e+00
     vertex  4.143125e+02  1.767706e+02  0.000000e+00
   endloop
 endfacet
 facet normal  0.000000e+00  0.000000e+00 -1.000000e+00
   outer loop
     vertex  4.156063e+02  1.757376e+02  0.000000e+00
     vertex  4.143125e+02  1.767706e+02  0.000000e+00
     vertex  4.164688e+02  1.773301e+02  0.000000e+00
   endloop
 endfacet
 facet normal -0.000000e+00  0.000000e+00 -1.000000e+00
   outer loop
     vertex  4.123719e+02  1.819974e+02  0.000000e+00
     vertex  4.112938e+02  1.817624e+02  0.000000e+00
     vertex  4.100000e+02  1.829571e+02  0.000000e+00
   endloop
 endfacet
 facet normal  0.000000e+00 -0.000000e+00 -1.000000e+00
   outer loop
     vertex  4.123719e+02  1.819974e+02  0.000000e+00
     vertex  4.125875e+02  1.806023e+02  0.000000e+00
     vertex  4.112938e+02  1.817624e+02  0.000000e+00
   endloop
 endfacet
 facet normal  0.000000e+00  0.000000e+00 -1.000000e+00
   outer loop
     vertex  4.123719e+02  1.819974e+02  0.000000e+00
     vertex  4.147438e+02  1.810693e+02  0.000000e+00
     vertex  4.125875e+02  1.806023e+02  0.000000e+00
   endloop
 endfacet
 facet normal  0.000000e+00  0.000000e+00 -1.000000e+00
   outer loop
     vertex  4.160375e+02  1.799555e+02  0.000000e+00
     vertex  4.151750e+02  1.783862e+02  0.000000e+00
     vertex  4.138813e+02  1.794769e+02  0.000000e+00
   endloop
 endfacet
 facet normal -0.000000e+00  0.000000e+00 -1.000000e+00
   outer loop
     vertex  4.160375e+02  1.799555e+02  0.000000e+00
     vertex  4.138813e+02  1.794769e+02  0.000000e+00
     vertex  4.147438e+02  1.810693e+02  0.000000e+00
   endloop
 endfacet
 facet normal  0.000000e+00 -0.000000e+00 -1.000000e+00
   outer loop
     vertex  4.160375e+02  1.799555e+02  0.000000e+00
     vertex  4.173313e+02  1.788763e+02  0.000000e+00
     vertex  4.151750e+02  1.783862e+02  0.000000e+00
   endloop
 endfacet
 facet normal  0.000000e+00  0.000000e+00 -1.000000e+00
   outer loop
     vertex  4.171156e+02  1.801731e+02  0.000000e+00
     vertex  4.194875e+02  1.793086e+02  0.000000e+00
     vertex  4.173313e+02  1.788763e+02  0.000000e+00
   endloop
 endfacet
 facet normal -0.000000e+00  0.000000e+00 -1.000000e+00
   outer loop
     vertex  4.171156e+02  1.801731e+02  0.000000e+00
     vertex  4.160375e+02  1.799555e+02  0.000000e+00
     vertex  4.147438e+02  1.810693e+02  0.000000e+00
   endloop
 endfacet
 facet normal  0.000000e+00 -0.000000e+00 -1.000000e+00
   outer loop
     vertex  4.171156e+02  1.801731e+02  0.000000e+00
     vertex  4.173313e+02  1.788763e+02  0.000000e+00
     vertex  4.160375e+02  1.799555e+02  0.000000e+00
   endloop
 endfacet
 facet normal  0.000000e+00  0.000000e+00 -1.000000e+00
   outer loop
     vertex  4.192719e+02  1.805650e+02  0.000000e+00
     vertex  4.100000e+02  1.829571e+02  0.000000e+00
     vertex  4.238000e+02  1.800000e+02  0.000000e+00
   endloop
 endfacet
 facet normal  0.000000e+00  0.000000e+00 -1.000000e+00
   outer loop
     vertex  4.192719e+02  1.805650e+02  0.000000e+00
     vertex  4.238000e+02  1.800000e+02  0.000000e+00
     vertex  4.216438e+02  1.796832e+02  0.000000e+00
   endloop
 endfacet
 facet normal  0.000000e+00  0.000000e+00 -1.000000e+00
   outer loop
     vertex  4.192719e+02  1.805650e+02  0.000000e+00
     vertex  4.147438e+02  1.810693e+02  0.000000e+00
     vertex  4.123719e+02  1.819974e+02  0.000000e+00
   endloop
 endfacet
 facet normal -0.000000e+00  0.000000e+00 -1.000000e+00
   outer loop
     vertex  4.192719e+02  1.805650e+02  0.000000e+00
     vertex  4.171156e+02  1.801731e+02  0.000000e+00
     vertex  4.147438e+02  1.810693e+02  0.000000e+00
   endloop
 endfacet
 facet normal  0.000000e+00 -0.000000e+00 -1.000000e+00
   outer loop
     vertex  4.192719e+02  1.805650e+02  0.000000e+00
     vertex  4.194875e+02  1.793086e+02  0.000000e+00
     vertex  4.171156e+02  1.801731e+02  0.000000e+00
   endloop
 endfacet
 facet normal  0.000000e+00  0.000000e+00 -1.000000e+00
   outer loop
     vertex  4.192719e+02  1.805650e+02  0.000000e+00
     vertex  4.123719e+02  1.819974e+02  0.000000e+00
     vertex  4.100000e+02  1.829571e+02  0.000000e+00
   endloop
 endfacet
 facet normal  0.000000e+00  0.000000e+00 -1.000000e+00
   outer loop
     vertex  4.192719e+02  1.805650e+02  0.000000e+00
     vertex  4.216438e+02  1.796832e+02  0.000000e+00
     vertex  4.194875e+02  1.793086e+02  0.000000e+00
   endloop
 endfacet
 facet normal  0.000000e+00 -0.000000e+00 -1.000000e+00
   outer loop
     vertex  4.191641e+02  1.552096e+02  0.000000e+00
     vertex  4.238000e+02  1.560000e+02  0.000000e+00
     vertex  4.100000e+02  1.530429e+02  0.000000e+00
   endloop
 endfacet
 facet normal  0.000000e+00  0.000000e+00 -1.000000e+00
   outer loop
     vertex  4.191641e+02  1.552096e+02  0.000000e+00
     vertex  4.190563e+02  1.557970e+02  0.000000e+00
     vertex  4.214281e+02  1.558826e+02  0.000000e+00
   endloop
 endfacet
 facet normal  0.000000e+00  0.000000e+00 -1.000000e+00
   outer loop
     vertex  4.191641e+02  1.552096e+02  0.000000e+00
     vertex  4.214281e+02  1.558826e+02  0.000000e+00
     vertex  4.238000e+02  1.560000e+02  0.000000e+00
   endloop
 endfacet
 facet normal  0.000000e+00  0.000000e+00 -1.000000e+00
   outer loop
     vertex  4.191641e+02  1.552096e+02  0.000000e+00
     vertex  4.100000e+02  1.530429e+02  0.000000e+00
     vertex  4.145281e+02  1.544503e+02  0.000000e+00
   endloop
 endfacet
 facet normal -0.000000e+00  0.000000e+00 -1.000000e+00
   outer loop
     vertex  4.179242e+02  1.554660e+02  0.000000e+00
     vertex  4.145281e+02  1.544503e+02  0.000000e+00
     vertex  4.166844e+02  1.557432e+02  0.000000e+00
   endloop
 endfacet
 facet normal  0.000000e+00  0.000000e+00 -1.000000e+00
   outer loop
     vertex  4.179242e+02  1.554660e+02  0.000000e+00
     vertex  4.190563e+02  1.557970e+02  0.000000e+00
     vertex  4.191641e+02  1.552096e+02  0.000000e+00
   endloop
 endfacet
 facet normal  0.000000e+00 -0.000000e+00 -1.000000e+00
   outer loop
     vertex  4.179242e+02  1.554660e+02  0.000000e+00
     vertex  4.191641e+02  1.552096e+02  0.000000e+00
     vertex  4.145281e+02  1.544503e+02  0.000000e+00
   endloop
 endfacet
 facet normal  0.000000e+00  0.000000e+00 -1.000000e+00
   outer loop
     vertex  4.179242e+02  1.554660e+02  0.000000e+00
     vertex  4.177625e+02  1.563680e+02  0.000000e+00
     vertex  4.190563e+02  1.557970e+02  0.000000e+00
   endloop
 endfacet
 facet normal  0.000000e+00  0.000000e+00 -1.000000e+00
   outer loop
     vertex  4.179242e+02  1.554660e+02  0.000000e+00
     vertex  4.166844e+02  1.557432e+02  0.000000e+00
     vertex  4.177625e+02  1.563680e+02  0.000000e+00
   endloop
 endfacet
 facet normal  1.967213e-01 -9.180328e-01  3.442623e-01
   outer loop
     vertex  4.238000e+02  1.590000e+02  8.000000e+00
     vertex  4.100000e+02  1.560429e+02  8.000000e+00
     vertex  4.100000e+02  1.530429e+02  0.000000e+00
   endloop
 endfacet
 facet normal  1.967213e-01 -9.180328e-01  3.442623e-01
   outer loop
     vertex  4.238000e+02  1.560000e+02  0.000000e+00
     vertex  4.238000e+02  1.590000e+02  8.000000e+00
     vertex  4.100000e+02  1.530429e+02  0.000000e+00
   endloop
 endfacet
 facet normal  1.000000e+00  0.000000e+00  0.000000e+00
   outer loop
     vertex  4.100000e+02  6.395714e+01  8.000000e+00
     vertex  4.100000e+02  6.695714e+01  0.000000e+00
     vertex  4.100000e+02  1.530429e+02  0.000000e+00
   endloop
 endfacet
 facet normal  1.000000e+00 -0.000000e+00  0.000000e+00
   outer loop
     vertex  4.100000e+02  6.395714e+01  8.000000e+00
     vertex  4.100000e+02  1.530429e+02  0.000000e+00
     vertex  4.100000e+02  1.560429e+02  8.000000e+00
   endloop
 endfacet
 facet normal  1.967213e-01  9.180328e-01  3.442623e-01
   outer loop
     vertex  4.238000e+02  6.400000e+01  0.000000e+00
     vertex  4.100000e+02  6.695714e+01  0.000000e+00
     vertex  4.100000e+02  6.395714e+01  8.000000e+00
   endloop
 endfacet
 facet normal  1.967213e-01  9.180328e-01  3.442623e-01
   outer loop
     vertex  4.238000e+02  6.100000e+01  8.000000e+00
     vertex  4.238000e+02  6.400000e+01  0.000000e+00
     vertex  4.100000e+02  6.395714e+01  8.000000e+00
   endloop
 endfacet
 facet normal  0.000000e+00  0.000000e+00 -1.000000e+00
   outer loop
     vertex  4.100000e+02  6.695714e+01  0.000000e+00
     vertex  4.238000e+02  4.000000e+01  0.000000e+00
     vertex  4.100000e+02  3.704286e+01  0.000000e+00
   endloop
 endfacet
 facet normal -0.000000e+00 -0.000000e+00 -1.000000e+00
   outer loop
     vertex  4.238000e+02  6.400000e+01  0.000000e+00
     vertex  4.238000e+02  4.000000e+01  0.000000e+00
     vertex  4.100000e+02  6.695714e+01  0.000000e+00
   endloop
 endfacet
 facet normal  1.967213e-01 -9.180328e-01  3.442623e-01
   outer loop
     vertex  4.238000e+02  4.300000e+01  8.000000e+00
     vertex  4.100000e+02  4.004286e+01  8.000000e+00
     vertex  4.100000e+02  3.704286e+01  0.000000e+00
   endloop
 endfacet
 facet normal  1.967213e-01 -9.180328e-01  3.442623e-01
   outer loop
     vertex  4.238000e+02  4.000000e+01  0.000000e+00
     vertex  4.238000e+02  4.300000e+01  8.000000e+00
     vertex  4.100000e+02  3.704286e+01  0.000000e+00
   endloop
 endfacet
 facet normal  1.000000e+00 -9.207187e-15  0.000000e+00
   outer loop
     vertex  4.100000e+02  0.000000e+00  8.000000e+00
     vertex  4.100000e+02  0.000000e+00  0.000000e+00
     vertex  4.100000e+02  3.704286e+01  0.000000e+00
   endloop
 endfacet
 facet normal  1.000000e+00 -8.517387e-15  3.194020e-15
   outer loop
     vertex  4.100000e+02  0.000000e+00  8.000000e+00
     vertex  4.100000e+02  3.704286e+01  0.000000e+00
     vertex  4.100000e+02  4.004286e+01  8.000000e+00
   endloop
 endfacet
 facet normal  1.967213e-01  9.180328e-01  3.442623e-01
   outer loop
     vertex  4.238000e+02  1.800000e+02  0.000000e+00
     vertex  4.100000e+02  1.829571e+02  0.000000e+00
     vertex  4.100000e+02  1.799571e+02  8.000000e+00
   endloop
 endfacet
 facet normal  1.967213e-01  9.180328e-01  3.442623e-01
   outer loop
     vertex  4.238000e+02  1.770000e+02  8.000000e+00
     vertex  4.238000e+02  1.800000e+02  0.000000e+00
     vertex  4.100000e+02  1.799571e+02  8.000000e+00
   endloop
 endfacet
 facet normal  1.000000e+00  0.000000e+00  0.000000e+00
   outer loop
     vertex  4.238000e+02  1.800000e+02  0.000000e+00
     vertex  4.238000e+02  1.590000e+02  8.000000e+00
     vertex  4.238000e+02  1.560000e+02  0.000000e+00
   endloop
 endfacet
 facet normal  1.000000e+00  0.000000e+00  0.000000e+00
   outer loop
     vertex  4.238000e+02  1.770000e+02  8.000000e+00
     vertex  4.238000e+02  1.590000e+02  8.000000e+00
     vertex  4.238000e+02  1.800000e+02  0.000000e+00
   endloop
 endfacet
 facet normal  0.000000e+00  0.000000e+00  1.000000e+00
   outer loop
     vertex  4.100000e+02  1.560429e+02  8.000000e+00
     vertex  4.238000e+02  1.770000e+02  8.000000e+00
     vertex  4.100000e+02  1.799571e+02  8.000000e+00
   endloop
 endfacet
 facet normal  0.000000e+00 -0.000000e+00  1.000000e+00
   outer loop
     vertex  4.238000e+02  1.590000e+02  8.000000e+00
     vertex  4.238000e+02  1.770000e+02  8.000000e+00
     vertex  4.100000e+02  1.560429e+02  8.000000e+00
   endloop
 endfacet
 facet normal  1.000000e+00  0.000000e+00  0.000000e+00
   outer loop
     vertex  4.238000e+02  6.100000e+01  8.000000e+00
     vertex  4.238000e+02  4.000000e+01  0.000000e+00
     vertex  4.238000e+02  6.400000e+01  0.000000e+00
   endloop
 endfacet
 facet normal  1.000000e+00  0.000000e+00  0.000000e+00
   outer loop
     vertex  4.238000e+02  6.100000e+01  8.000000e+00
     vertex  4.238000e+02  4.300000e+01  8.000000e+00
     vertex  4.238000e+02  4.000000e+01  0.000000e+00
   endloop
 endfacet
 facet normal  0.000000e+00  0.000000e+00  1.000000e+00
   outer loop
     vertex  4.117250e+02  4.910312e+01  8.000000e+00
     vertex  4.117250e+02  6.069062e+01  8.000000e+00
     vertex  4.100000e+02  6.395714e+01  8.000000e+00
   endloop
 endfacet
 facet normal  0.000000e+00  0.000000e+00  1.000000e+00
   outer loop
     vertex  4.220750e+02  5.434241e+01  8.000000e+00
     vertex  4.238000e+02  6.100000e+01  8.000000e+00
     vertex  4.220750e+02  5.902723e+01  8.000000e+00
   endloop
 endfacet
 facet normal  0.000000e+00  0.000000e+00  1.000000e+00
   outer loop
     vertex  4.125875e+02  5.912667e+01  8.000000e+00
     vertex  4.117250e+02  6.069062e+01  8.000000e+00
     vertex  4.117250e+02  4.910312e+01  8.000000e+00
   endloop
 endfacet
 facet normal -0.000000e+00  0.000000e+00  1.000000e+00
   outer loop
     vertex  4.212125e+02  6.036016e+01  8.000000e+00
     vertex  4.220750e+02  5.902723e+01  8.000000e+00
     vertex  4.238000e+02  6.100000e+01  8.000000e+00
   endloop
 endfacet
 facet normal  0.000000e+00 -0.000000e+00  1.000000e+00
   outer loop
     vertex  4.134500e+02  5.200000e+01  8.000000e+00
     vertex  4.143125e+02  5.613739e+01  8.000000e+00
     vertex  4.134500e+02  5.760893e+01  8.000000e+00
   endloop
 endfacet
 facet normal  0.000000e+00  0.000000e+00  1.000000e+00
   outer loop
     vertex  4.212125e+02  5.797154e+01  8.000000e+00
     vertex  4.194875e+02  5.820257e+01  8.000000e+00
     vertex  4.203500e+02  5.686964e+01  8.000000e+00
   endloop
 endfacet
 facet normal  0.000000e+00  0.000000e+00  1.000000e+00
   outer loop
     vertex  4.177625e+02  5.328672e+01  8.000000e+00
     vertex  4.160375e+02  5.333292e+01  8.000000e+00
     vertex  4.169000e+02  5.200000e+01  8.000000e+00
   endloop
 endfacet
 facet normal  0.000000e+00  0.000000e+00  1.000000e+00
   outer loop
     vertex  4.108625e+02  4.464230e+01  8.000000e+00
     vertex  4.100000e+02  6.395714e+01  8.000000e+00
     vertex  4.100000e+02  4.004286e+01  8.000000e+00
   endloop
 endfacet
 facet normal  0.000000e+00 -0.000000e+00  1.000000e+00
   outer loop
     vertex  4.108625e+02  4.464230e+01  8.000000e+00
     vertex  4.117250e+02  4.910312e+01  8.000000e+00
     vertex  4.100000e+02  6.395714e+01  8.000000e+00
   endloop
 endfacet
 facet normal  0.000000e+00 -0.000000e+00  1.000000e+00
   outer loop
     vertex  4.212125e+02  5.558292e+01  8.000000e+00
     vertex  4.212125e+02  5.797154e+01  8.000000e+00
     vertex  4.203500e+02  5.686964e+01  8.000000e+00
   endloop
 endfacet
 facet normal -0.000000e+00  0.000000e+00  1.000000e+00
   outer loop
     vertex  4.212125e+02  5.558292e+01  8.000000e+00
     vertex  4.220750e+02  5.434241e+01  8.000000e+00
     vertex  4.220750e+02  5.902723e+01  8.000000e+00
   endloop
 endfacet
 facet normal  0.000000e+00  0.000000e+00  1.000000e+00
   outer loop
     vertex  4.212125e+02  5.558292e+01  8.000000e+00
     vertex  4.220750e+02  5.902723e+01  8.000000e+00
     vertex  4.212125e+02  5.797154e+01  8.000000e+00
   endloop
 endfacet
 facet normal  0.000000e+00  0.000000e+00  1.000000e+00
   outer loop
     vertex  4.143125e+02  4.786261e+01  8.000000e+00
     vertex  4.125875e+02  4.772400e+01  8.000000e+00
     vertex  4.134500e+02  4.639107e+01  8.000000e+00
   endloop
 endfacet
 facet normal  0.000000e+00  0.000000e+00  1.000000e+00
   outer loop
     vertex  4.125875e+02  4.487333e+01  8.000000e+00
     vertex  4.108625e+02  4.464230e+01  8.000000e+00
     vertex  4.117250e+02  4.330938e+01  8.000000e+00
   endloop
 endfacet
 facet normal  0.000000e+00  0.000000e+00  1.000000e+00
   outer loop
     vertex  4.177625e+02  5.071328e+01  8.000000e+00
     vertex  4.169000e+02  5.200000e+01  8.000000e+00
     vertex  4.160375e+02  5.066708e+01  8.000000e+00
   endloop
 endfacet
 facet normal  0.000000e+00  0.000000e+00  1.000000e+00
   outer loop
     vertex  4.108625e+02  4.169922e+01  8.000000e+00
     vertex  4.108625e+02  4.464230e+01  8.000000e+00
     vertex  4.100000e+02  4.004286e+01  8.000000e+00
   endloop
 endfacet
 facet normal  0.000000e+00 -0.000000e+00  1.000000e+00
   outer loop
     vertex  4.108625e+02  4.169922e+01  8.000000e+00
     vertex  4.117250e+02  4.330938e+01  8.000000e+00
     vertex  4.108625e+02  4.464230e+01  8.000000e+00
   endloop
 endfacet
 facet normal  0.000000e+00  0.000000e+00  1.000000e+00
   outer loop
     vertex  4.143125e+02  4.510435e+01  8.000000e+00
     vertex  4.134500e+02  4.639107e+01  8.000000e+00
     vertex  4.125875e+02  4.487333e+01  8.000000e+00
   endloop
 endfacet
 facet normal  0.000000e+00  0.000000e+00  1.000000e+00
   outer loop
     vertex  4.125875e+02  4.202266e+01  8.000000e+00
     vertex  4.117250e+02  4.330938e+01  8.000000e+00
     vertex  4.108625e+02  4.169922e+01  8.000000e+00
   endloop
 endfacet
 facet normal -0.000000e+00  0.000000e+00  1.000000e+00
   outer loop
     vertex  4.229375e+02  4.855569e+01  8.000000e+00
     vertex  4.238000e+02  4.300000e+01  8.000000e+00
     vertex  4.238000e+02  6.100000e+01  8.000000e+00
   endloop
 endfacet
 facet normal  0.000000e+00 -0.000000e+00  1.000000e+00
   outer loop
     vertex  4.229375e+02  4.855569e+01  8.000000e+00
     vertex  4.238000e+02  6.100000e+01  8.000000e+00
     vertex  4.220750e+02  5.434241e+01  8.000000e+00
   endloop
 endfacet
 facet normal  0.000000e+00  0.000000e+00  1.000000e+00
   outer loop
     vertex  4.229375e+02  4.855569e+01  8.000000e+00
     vertex  4.220750e+02  4.497277e+01  8.000000e+00
     vertex  4.238000e+02  4.300000e+01  8.000000e+00
   endloop
 endfacet
 facet normal  0.000000e+00  0.000000e+00  1.000000e+00
   outer loop
     vertex  4.121562e+02  6.277665e+01  8.000000e+00
     vertex  4.100000e+02  6.395714e+01  8.000000e+00
     vertex  4.117250e+02  6.069062e+01  8.000000e+00
   endloop
 endfacet
 facet normal  0.000000e+00  0.000000e+00  1.000000e+00
   outer loop
     vertex  4.130188e+02  6.118959e+01  8.000000e+00
     vertex  4.121562e+02  6.277665e+01  8.000000e+00
     vertex  4.117250e+02  6.069062e+01  8.000000e+00
   endloop
 endfacet
 facet normal  0.000000e+00 -0.000000e+00  1.000000e+00
   outer loop
     vertex  4.130188e+02  6.118959e+01  8.000000e+00
     vertex  4.143125e+02  6.165391e+01  8.000000e+00
     vertex  4.121562e+02  6.277665e+01  8.000000e+00
   endloop
 endfacet
 facet normal  0.000000e+00  0.000000e+00  1.000000e+00
   outer loop
     vertex  4.134500e+02  6.041339e+01  8.000000e+00
     vertex  4.117250e+02  6.069062e+01  8.000000e+00
     vertex  4.125875e+02  5.912667e+01  8.000000e+00
   endloop
 endfacet
 facet normal  0.000000e+00 -0.000000e+00  1.000000e+00
   outer loop
     vertex  4.134500e+02  6.041339e+01  8.000000e+00
     vertex  4.143125e+02  6.165391e+01  8.000000e+00
     vertex  4.130188e+02  6.118959e+01  8.000000e+00
   endloop
 endfacet
 facet normal  0.000000e+00  0.000000e+00  1.000000e+00
   outer loop
     vertex  4.134500e+02  6.041339e+01  8.000000e+00
     vertex  4.130188e+02  6.118959e+01  8.000000e+00
     vertex  4.117250e+02  6.069062e+01  8.000000e+00
   endloop
 endfacet
 facet normal  0.000000e+00 -0.000000e+00  1.000000e+00
   outer loop
     vertex  4.156063e+02  5.939461e+01  8.000000e+00
     vertex  4.164688e+02  6.058892e+01  8.000000e+00
     vertex  4.143125e+02  6.165391e+01  8.000000e+00
   endloop
 endfacet
 facet normal  0.000000e+00  0.000000e+00  1.000000e+00
   outer loop
     vertex  4.156063e+02  5.939461e+01  8.000000e+00
     vertex  4.143125e+02  6.165391e+01  8.000000e+00
     vertex  4.134500e+02  6.041339e+01  8.000000e+00
   endloop
 endfacet
 facet normal  0.000000e+00  0.000000e+00  1.000000e+00
   outer loop
     vertex  4.156063e+02  5.670566e+01  8.000000e+00
     vertex  4.134500e+02  5.760893e+01  8.000000e+00
     vertex  4.143125e+02  5.613739e+01  8.000000e+00
   endloop
 endfacet
 facet normal  0.000000e+00  0.000000e+00  1.000000e+00
   outer loop
     vertex  4.199188e+02  5.998825e+01  8.000000e+00
     vertex  4.190563e+02  6.139049e+01  8.000000e+00
     vertex  4.186250e+02  5.958170e+01  8.000000e+00
   endloop
 endfacet
 facet normal  0.000000e+00 -0.000000e+00  1.000000e+00
   outer loop
     vertex  4.199188e+02  5.998825e+01  8.000000e+00
     vertex  4.212125e+02  6.036016e+01  8.000000e+00
     vertex  4.190563e+02  6.139049e+01  8.000000e+00
   endloop
 endfacet
 facet normal -0.000000e+00  0.000000e+00  1.000000e+00
   outer loop
     vertex  4.199188e+02  5.998825e+01  8.000000e+00
     vertex  4.220750e+02  5.902723e+01  8.000000e+00
     vertex  4.212125e+02  6.036016e+01  8.000000e+00
   endloop
 endfacet
 facet normal  0.000000e+00  0.000000e+00  1.000000e+00
   outer loop
     vertex  4.199188e+02  5.998825e+01  8.000000e+00
     vertex  4.194875e+02  5.820257e+01  8.000000e+00
     vertex  4.212125e+02  5.797154e+01  8.000000e+00
   endloop
 endfacet
 facet normal  0.000000e+00  0.000000e+00  1.000000e+00
   outer loop
     vertex  4.199188e+02  5.998825e+01  8.000000e+00
     vertex  4.186250e+02  5.958170e+01  8.000000e+00
     vertex  4.194875e+02  5.820257e+01  8.000000e+00
   endloop
 endfacet
 facet normal  0.000000e+00  0.000000e+00  1.000000e+00
   outer loop
     vertex  4.199188e+02  5.998825e+01  8.000000e+00
     vertex  4.212125e+02  5.797154e+01  8.000000e+00
     vertex  4.220750e+02  5.902723e+01  8.000000e+00
   endloop
 endfacet
 facet normal  0.000000e+00  0.000000e+00  1.000000e+00
   outer loop
     vertex  4.160375e+02  5.599877e+01  8.000000e+00
     vertex  4.143125e+02  5.613739e+01  8.000000e+00
     vertex  4.151750e+02  5.471205e+01  8.000000e+00
   endloop
 endfacet
 facet normal  0.000000e+00 -0.000000e+00  1.000000e+00
   outer loop
     vertex  4.160375e+02  5.599877e+01  8.000000e+00
     vertex  4.169000e+02  5.723929e+01  8.000000e+00
     vertex  4.156063e+02  5.670566e+01  8.000000e+00
   endloop
 endfacet
 facet normal  0.000000e+00  0.000000e+00  1.000000e+00
   outer loop
     vertex  4.160375e+02  5.599877e+01  8.000000e+00
     vertex  4.156063e+02  5.670566e+01  8.000000e+00
     vertex  4.143125e+02  5.613739e+01  8.000000e+00
   endloop
 endfacet
 facet normal  0.000000e+00  0.000000e+00  1.000000e+00
   outer loop
     vertex  4.181938e+02  5.773825e+01  8.000000e+00
     vertex  4.194875e+02  5.820257e+01  8.000000e+00
     vertex  4.186250e+02  5.958170e+01  8.000000e+00
   endloop
 endfacet
 facet normal  0.000000e+00  0.000000e+00  1.000000e+00
   outer loop
     vertex  4.143125e+02  5.337913e+01  8.000000e+00
     vertex  4.143125e+02  5.613739e+01  8.000000e+00
     vertex  4.134500e+02  5.200000e+01  8.000000e+00
   endloop
 endfacet
 facet normal  0.000000e+00 -0.000000e+00  1.000000e+00
   outer loop
     vertex  4.143125e+02  5.337913e+01  8.000000e+00
     vertex  4.151750e+02  5.471205e+01  8.000000e+00
     vertex  4.143125e+02  5.613739e+01  8.000000e+00
   endloop
 endfacet
 facet normal -0.000000e+00  0.000000e+00  1.000000e+00
   outer loop
     vertex  4.143125e+02  5.337913e+01  8.000000e+00
     vertex  4.160375e+02  5.333292e+01  8.000000e+00
     vertex  4.151750e+02  5.471205e+01  8.000000e+00
   endloop
 endfacet
 facet normal  0.000000e+00  0.000000e+00  1.000000e+00
   outer loop
     vertex  4.125875e+02  5.057467e+01  8.000000e+00
     vertex  4.125875e+02  5.912667e+01  8.000000e+00
     vertex  4.117250e+02  4.910312e+01  8.000000e+00
   endloop
 endfacet
 facet normal  0.000000e+00 -0.000000e+00  1.000000e+00
   outer loop
     vertex  4.125875e+02  5.057467e+01  8.000000e+00
     vertex  4.134500e+02  5.760893e+01  8.000000e+00
     vertex  4.125875e+02  5.912667e+01  8.000000e+00
   endloop
 endfacet
 facet normal  0.000000e+00  0.000000e+00  1.000000e+00
   outer loop
     vertex  4.125875e+02  5.057467e+01  8.000000e+00
     vertex  4.134500e+02  5.200000e+01  8.000000e+00
     vertex  4.134500e+02  5.760893e+01  8.000000e+00
   endloop
 endfacet
 facet normal  0.000000e+00  0.000000e+00  1.000000e+00
   outer loop
     vertex  4.177625e+02  5.586016e+01  8.000000e+00
     vertex  4.169000e+02  5.723929e+01  8.000000e+00
     vertex  4.160375e+02  5.599877e+01  8.000000e+00
   endloop
 endfacet
 facet normal  0.000000e+00 -0.000000e+00  1.000000e+00
   outer loop
     vertex  4.177625e+02  5.586016e+01  8.000000e+00
     vertex  4.181938e+02  5.773825e+01  8.000000e+00
     vertex  4.169000e+02  5.723929e+01  8.000000e+00
   endloop
 endfacet
 facet normal  0.000000e+00  0.000000e+00  1.000000e+00
   outer loop
     vertex  4.147438e+02  5.268379e+01  8.000000e+00
     vertex  4.143125e+02  5.337913e+01  8.000000e+00
     vertex  4.134500e+02  5.200000e+01  8.000000e+00
   endloop
 endfacet
 facet normal  0.000000e+00 -0.000000e+00  1.000000e+00
   outer loop
     vertex  4.147438e+02  5.268379e+01  8.000000e+00
     vertex  4.160375e+02  5.333292e+01  8.000000e+00
     vertex  4.143125e+02  5.337913e+01  8.000000e+00
   endloop
 endfacet
 facet normal -0.000000e+00  0.000000e+00  1.000000e+00
   outer loop
     vertex  4.147438e+02  5.268379e+01  8.000000e+00
     vertex  4.169000e+02  5.200000e+01  8.000000e+00
     vertex  4.160375e+02  5.333292e+01  8.000000e+00
   endloop
 endfacet
 facet normal  0.000000e+00  0.000000e+00  1.000000e+00
   outer loop
     vertex  4.147438e+02  5.131621e+01  8.000000e+00
     vertex  4.147438e+02  5.268379e+01  8.000000e+00
     vertex  4.134500e+02  5.200000e+01  8.000000e+00
   endloop
 endfacet
 facet normal  0.000000e+00 -0.000000e+00  1.000000e+00
   outer loop
     vertex  4.147438e+02  5.131621e+01  8.000000e+00
     vertex  4.169000e+02  5.200000e+01  8.000000e+00
     vertex  4.147438e+02  5.268379e+01  8.000000e+00
   endloop
 endfacet
 facet normal -0.000000e+00  0.000000e+00  1.000000e+00
   outer loop
     vertex  4.147438e+02  5.131621e+01  8.000000e+00
     vertex  4.160375e+02  5.066708e+01  8.000000e+00
     vertex  4.169000e+02  5.200000e+01  8.000000e+00
   endloop
 endfacet
 facet normal  0.000000e+00  0.000000e+00  1.000000e+00
   outer loop
     vertex  4.173313e+02  5.394741e+01  8.000000e+00
     vertex  4.160375e+02  5.599877e+01  8.000000e+00
     vertex  4.151750e+02  5.471205e+01  8.000000e+00
   endloop
 endfacet
 facet normal -0.000000e+00  0.000000e+00  1.000000e+00
   outer loop
     vertex  4.173313e+02  5.394741e+01  8.000000e+00
     vertex  4.177625e+02  5.328672e+01  8.000000e+00
     vertex  4.186250e+02  5.452723e+01  8.000000e+00
   endloop
 endfacet
 facet normal  0.000000e+00  0.000000e+00  1.000000e+00
   outer loop
     vertex  4.173313e+02  5.394741e+01  8.000000e+00
     vertex  4.186250e+02  5.452723e+01  8.000000e+00
     vertex  4.177625e+02  5.586016e+01  8.000000e+00
   endloop
 endfacet
 facet normal  0.000000e+00  0.000000e+00  1.000000e+00
   outer loop
     vertex  4.173313e+02  5.394741e+01  8.000000e+00
     vertex  4.160375e+02  5.333292e+01  8.000000e+00
     vertex  4.177625e+02  5.328672e+01  8.000000e+00
   endloop
 endfacet
 facet normal  0.000000e+00 -0.000000e+00  1.000000e+00
   outer loop
     vertex  4.173313e+02  5.394741e+01  8.000000e+00
     vertex  4.177625e+02  5.586016e+01  8.000000e+00
     vertex  4.160375e+02  5.599877e+01  8.000000e+00
   endloop
 endfacet
 facet normal  0.000000e+00  0.000000e+00  1.000000e+00
   outer loop
     vertex  4.173313e+02  5.394741e+01  8.000000e+00
     vertex  4.151750e+02  5.471205e+01  8.000000e+00
     vertex  4.160375e+02  5.333292e+01  8.000000e+00
   endloop
 endfacet
 facet normal -0.000000e+00  0.000000e+00  1.000000e+00
   outer loop
     vertex  4.143125e+02  5.062087e+01  8.000000e+00
     vertex  4.151750e+02  4.928795e+01  8.000000e+00
     vertex  4.160375e+02  5.066708e+01  8.000000e+00
   endloop
 endfacet
 facet normal  0.000000e+00  0.000000e+00  1.000000e+00
   outer loop
     vertex  4.143125e+02  5.062087e+01  8.000000e+00
     vertex  4.160375e+02  5.066708e+01  8.000000e+00
     vertex  4.147438e+02  5.131621e+01  8.000000e+00
   endloop
 endfacet
 facet normal  0.000000e+00  0.000000e+00  1.000000e+00
   outer loop
     vertex  4.143125e+02  5.062087e+01  8.000000e+00
     vertex  4.134500e+02  5.200000e+01  8.000000e+00
     vertex  4.125875e+02  5.057467e+01  8.000000e+00
   endloop
 endfacet
 facet normal  0.000000e+00 -0.000000e+00  1.000000e+00
   outer loop
     vertex  4.143125e+02  5.062087e+01  8.000000e+00
     vertex  4.147438e+02  5.131621e+01  8.000000e+00
     vertex  4.134500e+02  5.200000e+01  8.000000e+00
   endloop
 endfacet
 facet normal -0.000000e+00  0.000000e+00  1.000000e+00
   outer loop
     vertex  4.199188e+02  5.507241e+01  8.000000e+00
     vertex  4.220750e+02  5.434241e+01  8.000000e+00
     vertex  4.212125e+02  5.558292e+01  8.000000e+00
   endloop
 endfacet
 facet normal  0.000000e+00  0.000000e+00  1.000000e+00
   outer loop
     vertex  4.199188e+02  5.507241e+01  8.000000e+00
     vertex  4.212125e+02  5.558292e+01  8.000000e+00
     vertex  4.203500e+02  5.686964e+01  8.000000e+00
   endloop
 endfacet
 facet normal -0.000000e+00  0.000000e+00  1.000000e+00
   outer loop
     vertex  4.117250e+02  4.620625e+01  8.000000e+00
     vertex  4.125875e+02  4.487333e+01  8.000000e+00
     vertex  4.134500e+02  4.639107e+01  8.000000e+00
   endloop
 endfacet
 facet normal  0.000000e+00  0.000000e+00  1.000000e+00
   outer loop
     vertex  4.117250e+02  4.620625e+01  8.000000e+00
     vertex  4.108625e+02  4.464230e+01  8.000000e+00
     vertex  4.125875e+02  4.487333e+01  8.000000e+00
   endloop
 endfacet
 facet normal  0.000000e+00  0.000000e+00  1.000000e+00
   outer loop
     vertex  4.117250e+02  4.620625e+01  8.000000e+00
     vertex  4.125875e+02  4.772400e+01  8.000000e+00
     vertex  4.117250e+02  4.910312e+01  8.000000e+00
   endloop
 endfacet
 facet normal  0.000000e+00  0.000000e+00  1.000000e+00
   outer loop
     vertex  4.117250e+02  4.620625e+01  8.000000e+00
     vertex  4.134500e+02  4.639107e+01  8.000000e+00
     vertex  4.125875e+02  4.772400e+01  8.000000e+00
   endloop
 endfacet
 facet normal  0.000000e+00 -0.000000e+00  1.000000e+00
   outer loop
     vertex  4.117250e+02  4.620625e+01  8.000000e+00
     vertex  4.117250e+02  4.910312e+01  8.000000e+00
     vertex  4.108625e+02  4.464230e+01  8.000000e+00
   endloop
 endfacet
 facet normal  0.000000e+00 -0.000000e+00  1.000000e+00
   outer loop
     vertex  4.138813e+02  4.852330e+01  8.000000e+00
     vertex  4.143125e+02  5.062087e+01  8.000000e+00
     vertex  4.125875e+02  5.057467e+01  8.000000e+00
   endloop
 endfacet
 facet normal -0.000000e+00  0.000000e+00  1.000000e+00
   outer loop
     vertex  4.138813e+02  4.852330e+01  8.000000e+00
     vertex  4.143125e+02  4.786261e+01  8.000000e+00
     vertex  4.151750e+02  4.928795e+01  8.000000e+00
   endloop
 endfacet
 facet normal  0.000000e+00  0.000000e+00  1.000000e+00
   outer loop
     vertex  4.138813e+02  4.852330e+01  8.000000e+00
     vertex  4.125875e+02  4.772400e+01  8.000000e+00
     vertex  4.143125e+02  4.786261e+01  8.000000e+00
   endloop
 endfacet
 facet normal  0.000000e+00  0.000000e+00  1.000000e+00
   outer loop
     vertex  4.138813e+02  4.852330e+01  8.000000e+00
     vertex  4.125875e+02  5.057467e+01  8.000000e+00
     vertex  4.117250e+02  4.910312e+01  8.000000e+00
   endloop
 endfacet
 facet normal  0.000000e+00  0.000000e+00  1.000000e+00
   outer loop
     vertex  4.138813e+02  4.852330e+01  8.000000e+00
     vertex  4.151750e+02  4.928795e+01  8.000000e+00
     vertex  4.143125e+02  5.062087e+01  8.000000e+00
   endloop
 endfacet
 facet normal  0.000000e+00  0.000000e+00  1.000000e+00
   outer loop
     vertex  4.138813e+02  4.852330e+01  8.000000e+00
     vertex  4.117250e+02  4.910312e+01  8.000000e+00
     vertex  4.125875e+02  4.772400e+01  8.000000e+00
   endloop
 endfacet
 facet normal  0.000000e+00  0.000000e+00  1.000000e+00
   outer loop
     vertex  4.164688e+02  5.001794e+01  8.000000e+00
     vertex  4.160375e+02  5.066708e+01  8.000000e+00
     vertex  4.151750e+02  4.928795e+01  8.000000e+00
   endloop
 endfacet
 facet normal  0.000000e+00 -0.000000e+00  1.000000e+00
   outer loop
     vertex  4.164688e+02  5.001794e+01  8.000000e+00
     vertex  4.177625e+02  5.071328e+01  8.000000e+00
     vertex  4.160375e+02  5.066708e+01  8.000000e+00
   endloop
 endfacet
 facet normal -0.000000e+00  0.000000e+00  1.000000e+00
   outer loop
     vertex  4.164688e+02  5.001794e+01  8.000000e+00
     vertex  4.186250e+02  4.947277e+01  8.000000e+00
     vertex  4.177625e+02  5.071328e+01  8.000000e+00
   endloop
 endfacet
 facet normal  0.000000e+00  0.000000e+00  1.000000e+00
   outer loop
     vertex  4.194875e+02  5.200000e+01  8.000000e+00
     vertex  4.169000e+02  5.200000e+01  8.000000e+00
     vertex  4.177625e+02  5.071328e+01  8.000000e+00
   endloop
 endfacet
 facet normal -0.000000e+00  0.000000e+00  1.000000e+00
   outer loop
     vertex  4.194875e+02  5.200000e+01  8.000000e+00
     vertex  4.212125e+02  5.080569e+01  8.000000e+00
     vertex  4.199188e+02  5.261448e+01  8.000000e+00
   endloop
 endfacet
 facet normal  0.000000e+00 -0.000000e+00  1.000000e+00
   outer loop
     vertex  4.194875e+02  5.200000e+01  8.000000e+00
     vertex  4.199188e+02  5.261448e+01  8.000000e+00
     vertex  4.177625e+02  5.328672e+01  8.000000e+00
   endloop
 endfacet
 facet normal  0.000000e+00  0.000000e+00  1.000000e+00
   outer loop
     vertex  4.194875e+02  5.200000e+01  8.000000e+00
     vertex  4.177625e+02  5.328672e+01  8.000000e+00
     vertex  4.169000e+02  5.200000e+01  8.000000e+00
   endloop
 endfacet
 facet normal  0.000000e+00  0.000000e+00  1.000000e+00
   outer loop
     vertex  4.160375e+02  4.800123e+01  8.000000e+00
     vertex  4.151750e+02  4.928795e+01  8.000000e+00
     vertex  4.143125e+02  4.786261e+01  8.000000e+00
   endloop
 endfacet
 facet normal  0.000000e+00 -0.000000e+00  1.000000e+00
   outer loop
     vertex  4.160375e+02  4.800123e+01  8.000000e+00
     vertex  4.164688e+02  5.001794e+01  8.000000e+00
     vertex  4.151750e+02  4.928795e+01  8.000000e+00
   endloop
 endfacet
 facet normal  0.000000e+00 -0.000000e+00  1.000000e+00
   outer loop
     vertex  4.156063e+02  4.729434e+01  8.000000e+00
     vertex  4.160375e+02  4.800123e+01  8.000000e+00
     vertex  4.143125e+02  4.786261e+01  8.000000e+00
   endloop
 endfacet
 facet normal -0.000000e+00  0.000000e+00  1.000000e+00
   outer loop
     vertex  4.156063e+02  4.729434e+01  8.000000e+00
     vertex  4.169000e+02  4.676071e+01  8.000000e+00
     vertex  4.160375e+02  4.800123e+01  8.000000e+00
   endloop
 endfacet
 facet normal  0.000000e+00  0.000000e+00  1.000000e+00
   outer loop
     vertex  4.156063e+02  4.729434e+01  8.000000e+00
     vertex  4.143125e+02  4.786261e+01  8.000000e+00
     vertex  4.134500e+02  4.639107e+01  8.000000e+00
   endloop
 endfacet
 facet normal  0.000000e+00 -0.000000e+00  1.000000e+00
   outer loop
     vertex  4.112938e+02  4.105008e+01  8.000000e+00
     vertex  4.125875e+02  4.202266e+01  8.000000e+00
     vertex  4.108625e+02  4.169922e+01  8.000000e+00
   endloop
 endfacet
 facet normal  0.000000e+00  0.000000e+00  1.000000e+00
   outer loop
     vertex  4.112938e+02  4.105008e+01  8.000000e+00
     vertex  4.108625e+02  4.169922e+01  8.000000e+00
     vertex  4.100000e+02  4.004286e+01  8.000000e+00
   endloop
 endfacet
 facet normal  0.000000e+00  0.000000e+00  1.000000e+00
   outer loop
     vertex  4.134500e+02  4.358661e+01  8.000000e+00
     vertex  4.117250e+02  4.330938e+01  8.000000e+00
     vertex  4.125875e+02  4.202266e+01  8.000000e+00
   endloop
 endfacet
 facet normal  0.000000e+00  0.000000e+00  1.000000e+00
   outer loop
     vertex  4.134500e+02  4.358661e+01  8.000000e+00
     vertex  4.125875e+02  4.487333e+01  8.000000e+00
     vertex  4.117250e+02  4.330938e+01  8.000000e+00
   endloop
 endfacet
 facet normal  0.000000e+00 -0.000000e+00  1.000000e+00
   outer loop
     vertex  4.134500e+02  4.358661e+01  8.000000e+00
     vertex  4.143125e+02  4.510435e+01  8.000000e+00
     vertex  4.125875e+02  4.487333e+01  8.000000e+00
   endloop
 endfacet
 facet normal  0.000000e+00  0.000000e+00  1.000000e+00
   outer loop
     vertex  4.134500e+02  4.358661e+01  8.000000e+00
     vertex  4.151750e+02  4.386384e+01  8.000000e+00
     vertex  4.143125e+02  4.510435e+01  8.000000e+00
   endloop
 endfacet
 facet normal  0.000000e+00 -0.000000e+00  1.000000e+00
   outer loop
     vertex  4.156063e+02  4.594986e+01  8.000000e+00
     vertex  4.156063e+02  4.729434e+01  8.000000e+00
     vertex  4.134500e+02  4.639107e+01  8.000000e+00
   endloop
 endfacet
 facet normal  0.000000e+00  0.000000e+00  1.000000e+00
   outer loop
     vertex  4.156063e+02  4.594986e+01  8.000000e+00
     vertex  4.169000e+02  4.676071e+01  8.000000e+00
     vertex  4.156063e+02  4.729434e+01  8.000000e+00
   endloop
 endfacet
 facet normal  0.000000e+00  0.000000e+00  1.000000e+00
   outer loop
     vertex  4.156063e+02  4.594986e+01  8.000000e+00
     vertex  4.134500e+02  4.639107e+01  8.000000e+00
     vertex  4.143125e+02  4.510435e+01  8.000000e+00
   endloop
 endfacet
 facet normal  0.000000e+00  0.000000e+00  1.000000e+00
   outer loop
     vertex  4.177625e+02  4.813984e+01  8.000000e+00
     vertex  4.164688e+02  5.001794e+01  8.000000e+00
     vertex  4.160375e+02  4.800123e+01  8.000000e+00
   endloop
 endfacet
 facet normal  0.000000e+00  0.000000e+00  1.000000e+00
   outer loop
     vertex  4.177625e+02  4.813984e+01  8.000000e+00
     vertex  4.194875e+02  4.827846e+01  8.000000e+00
     vertex  4.186250e+02  4.947277e+01  8.000000e+00
   endloop
 endfacet
 facet normal  0.000000e+00 -0.000000e+00  1.000000e+00
   outer loop
     vertex  4.177625e+02  4.813984e+01  8.000000e+00
     vertex  4.186250e+02  4.947277e+01  8.000000e+00
     vertex  4.164688e+02  5.001794e+01  8.000000e+00
   endloop
 endfacet
 facet normal  0.000000e+00  0.000000e+00  1.000000e+00
   outer loop
     vertex  4.177625e+02  4.813984e+01  8.000000e+00
     vertex  4.160375e+02  4.800123e+01  8.000000e+00
     vertex  4.169000e+02  4.676071e+01  8.000000e+00
   endloop
 endfacet
 facet normal  0.000000e+00  0.000000e+00  1.000000e+00
   outer loop
     vertex  4.199188e+02  5.015656e+01  8.000000e+00
     vertex  4.194875e+02  5.200000e+01  8.000000e+00
     vertex  4.177625e+02  5.071328e+01  8.000000e+00
   endloop
 endfacet
 facet normal  0.000000e+00 -0.000000e+00  1.000000e+00
   outer loop
     vertex  4.199188e+02  5.015656e+01  8.000000e+00
     vertex  4.212125e+02  5.080569e+01  8.000000e+00
     vertex  4.194875e+02  5.200000e+01  8.000000e+00
   endloop
 endfacet
 facet normal  0.000000e+00  0.000000e+00  1.000000e+00
   outer loop
     vertex  4.199188e+02  5.015656e+01  8.000000e+00
     vertex  4.177625e+02  5.071328e+01  8.000000e+00
     vertex  4.186250e+02  4.947277e+01  8.000000e+00
   endloop
 endfacet
 facet normal  0.000000e+00 -0.000000e+00  1.000000e+00
   outer loop
     vertex  4.138813e+02  4.296057e+01  8.000000e+00
     vertex  4.151750e+02  4.386384e+01  8.000000e+00
     vertex  4.134500e+02  4.358661e+01  8.000000e+00
   endloop
 endfacet
 facet normal  0.000000e+00  0.000000e+00  1.000000e+00
   outer loop
     vertex  4.138813e+02  4.296057e+01  8.000000e+00
     vertex  4.134500e+02  4.358661e+01  8.000000e+00
     vertex  4.125875e+02  4.202266e+01  8.000000e+00
   endloop
 endfacet
 facet normal  0.000000e+00 -0.000000e+00  1.000000e+00
   outer loop
     vertex  4.160375e+02  4.533538e+01  8.000000e+00
     vertex  4.169000e+02  4.676071e+01  8.000000e+00
     vertex  4.156063e+02  4.594986e+01  8.000000e+00
   endloop
 endfacet
 facet normal  0.000000e+00  0.000000e+00  1.000000e+00
   outer loop
     vertex  4.160375e+02  4.533538e+01  8.000000e+00
     vertex  4.156063e+02  4.594986e+01  8.000000e+00
     vertex  4.143125e+02  4.510435e+01  8.000000e+00
   endloop
 endfacet
 facet normal  0.000000e+00  0.000000e+00  1.000000e+00
   outer loop
     vertex  4.160375e+02  4.533538e+01  8.000000e+00
     vertex  4.177625e+02  4.556641e+01  8.000000e+00
     vertex  4.169000e+02  4.676071e+01  8.000000e+00
   endloop
 endfacet
 facet normal  0.000000e+00  0.000000e+00  1.000000e+00
   outer loop
     vertex  4.160375e+02  4.533538e+01  8.000000e+00
     vertex  4.143125e+02  4.510435e+01  8.000000e+00
     vertex  4.151750e+02  4.386384e+01  8.000000e+00
   endloop
 endfacet
 facet normal  0.000000e+00 -0.000000e+00  1.000000e+00
   outer loop
     vertex  4.181938e+02  4.753691e+01  8.000000e+00
     vertex  4.194875e+02  4.827846e+01  8.000000e+00
     vertex  4.177625e+02  4.813984e+01  8.000000e+00
   endloop
 endfacet
 facet normal  0.000000e+00  0.000000e+00  1.000000e+00
   outer loop
     vertex  4.181938e+02  4.753691e+01  8.000000e+00
     vertex  4.177625e+02  4.813984e+01  8.000000e+00
     vertex  4.169000e+02  4.676071e+01  8.000000e+00
   endloop
 endfacet
 facet normal  0.000000e+00 -0.000000e+00  1.000000e+00
   outer loop
     vertex  4.203500e+02  4.956518e+01  8.000000e+00
     vertex  4.212125e+02  5.080569e+01  8.000000e+00
     vertex  4.199188e+02  5.015656e+01  8.000000e+00
   endloop
 endfacet
 facet normal  0.000000e+00  0.000000e+00  1.000000e+00
   outer loop
     vertex  4.203500e+02  4.956518e+01  8.000000e+00
     vertex  4.199188e+02  5.015656e+01  8.000000e+00
     vertex  4.186250e+02  4.947277e+01  8.000000e+00
   endloop
 endfacet
 facet normal  0.000000e+00  0.000000e+00  1.000000e+00
   outer loop
     vertex  4.203500e+02  4.956518e+01  8.000000e+00
     vertex  4.186250e+02  4.947277e+01  8.000000e+00
     vertex  4.194875e+02  4.827846e+01  8.000000e+00
   endloop
 endfacet
 facet normal  0.000000e+00  0.000000e+00  1.000000e+00
   outer loop
     vertex  4.164688e+02  4.473245e+01  8.000000e+00
     vertex  4.160375e+02  4.533538e+01  8.000000e+00
     vertex  4.151750e+02  4.386384e+01  8.000000e+00
   endloop
 endfacet
 facet normal  0.000000e+00 -0.000000e+00  1.000000e+00
   outer loop
     vertex  4.164688e+02  4.473245e+01  8.000000e+00
     vertex  4.177625e+02  4.556641e+01  8.000000e+00
     vertex  4.160375e+02  4.533538e+01  8.000000e+00
   endloop
 endfacet
 facet normal  0.000000e+00 -0.000000e+00  1.000000e+00
   outer loop
     vertex  4.186250e+02  4.694554e+01  8.000000e+00
     vertex  4.194875e+02  4.827846e+01  8.000000e+00
     vertex  4.181938e+02  4.753691e+01  8.000000e+00
   endloop
 endfacet
 facet normal  0.000000e+00  0.000000e+00  1.000000e+00
   outer loop
     vertex  4.186250e+02  4.694554e+01  8.000000e+00
     vertex  4.203500e+02  4.713036e+01  8.000000e+00
     vertex  4.194875e+02  4.827846e+01  8.000000e+00
   endloop
 endfacet
 facet normal  0.000000e+00  0.000000e+00  1.000000e+00
   outer loop
     vertex  4.186250e+02  4.694554e+01  8.000000e+00
     vertex  4.169000e+02  4.676071e+01  8.000000e+00
     vertex  4.177625e+02  4.556641e+01  8.000000e+00
   endloop
 endfacet
 facet normal  0.000000e+00  0.000000e+00  1.000000e+00
   outer loop
     vertex  4.186250e+02  4.694554e+01  8.000000e+00
     vertex  4.181938e+02  4.753691e+01  8.000000e+00
     vertex  4.169000e+02  4.676071e+01  8.000000e+00
   endloop
 endfacet
 facet normal  0.000000e+00 -0.000000e+00  1.000000e+00
   outer loop
     vertex  4.147438e+02  4.174316e+01  8.000000e+00
     vertex  4.151750e+02  4.386384e+01  8.000000e+00
     vertex  4.138813e+02  4.296057e+01  8.000000e+00
   endloop
 endfacet
 facet normal  0.000000e+00  0.000000e+00  1.000000e+00
   outer loop
     vertex  4.147438e+02  4.174316e+01  8.000000e+00
     vertex  4.138813e+02  4.296057e+01  8.000000e+00
     vertex  4.125875e+02  4.202266e+01  8.000000e+00
   endloop
 endfacet
 facet normal  0.000000e+00  0.000000e+00  1.000000e+00
   outer loop
     vertex  4.220750e+02  4.965759e+01  8.000000e+00
     vertex  4.212125e+02  5.080569e+01  8.000000e+00
     vertex  4.203500e+02  4.956518e+01  8.000000e+00
   endloop
 endfacet
 facet normal -0.000000e+00  0.000000e+00  1.000000e+00
   outer loop
     vertex  4.220750e+02  4.965759e+01  8.000000e+00
     vertex  4.229375e+02  4.855569e+01  8.000000e+00
     vertex  4.220750e+02  5.434241e+01  8.000000e+00
   endloop
 endfacet
 facet normal  0.000000e+00 -0.000000e+00  1.000000e+00
   outer loop
     vertex  4.220750e+02  4.965759e+01  8.000000e+00
     vertex  4.220750e+02  5.434241e+01  8.000000e+00
     vertex  4.212125e+02  5.080569e+01  8.000000e+00
   endloop
 endfacet
 facet normal  0.000000e+00 -0.000000e+00  1.000000e+00
   outer loop
     vertex  4.190563e+02  4.636571e+01  8.000000e+00
     vertex  4.203500e+02  4.713036e+01  8.000000e+00
     vertex  4.186250e+02  4.694554e+01  8.000000e+00
   endloop
 endfacet
 facet normal -0.000000e+00  0.000000e+00  1.000000e+00
   outer loop
     vertex  4.190563e+02  4.636571e+01  8.000000e+00
     vertex  4.212125e+02  4.602846e+01  8.000000e+00
     vertex  4.203500e+02  4.713036e+01  8.000000e+00
   endloop
 endfacet
 facet normal  0.000000e+00  0.000000e+00  1.000000e+00
   outer loop
     vertex  4.190563e+02  4.636571e+01  8.000000e+00
     vertex  4.186250e+02  4.694554e+01  8.000000e+00
     vertex  4.177625e+02  4.556641e+01  8.000000e+00
   endloop
 endfacet
 facet normal  0.000000e+00 -0.000000e+00  1.000000e+00
   outer loop
     vertex  4.173313e+02  4.356124e+01  8.000000e+00
     vertex  4.177625e+02  4.556641e+01  8.000000e+00
     vertex  4.164688e+02  4.473245e+01  8.000000e+00
   endloop
 endfacet
 facet normal  0.000000e+00  0.000000e+00  1.000000e+00
   outer loop
     vertex  4.216438e+02  4.786035e+01  8.000000e+00
     vertex  4.194875e+02  4.827846e+01  8.000000e+00
     vertex  4.203500e+02  4.713036e+01  8.000000e+00
   endloop
 endfacet
 facet normal  0.000000e+00  0.000000e+00  1.000000e+00
   outer loop
     vertex  4.216438e+02  4.786035e+01  8.000000e+00
     vertex  4.203500e+02  4.956518e+01  8.000000e+00
     vertex  4.194875e+02  4.827846e+01  8.000000e+00
   endloop
 endfacet
 facet normal  0.000000e+00 -0.000000e+00  1.000000e+00
   outer loop
     vertex  4.216438e+02  4.786035e+01  8.000000e+00
     vertex  4.220750e+02  4.965759e+01  8.000000e+00
     vertex  4.203500e+02  4.956518e+01  8.000000e+00
   endloop
 endfacet
 facet normal  0.000000e+00  0.000000e+00  1.000000e+00
   outer loop
     vertex  4.216438e+02  4.786035e+01  8.000000e+00
     vertex  4.229375e+02  4.855569e+01  8.000000e+00
     vertex  4.220750e+02  4.965759e+01  8.000000e+00
   endloop
 endfacet
 facet normal  0.000000e+00  0.000000e+00  1.000000e+00
   outer loop
     vertex  4.186250e+02  4.441830e+01  8.000000e+00
     vertex  4.177625e+02  4.556641e+01  8.000000e+00
     vertex  4.173313e+02  4.356124e+01  8.000000e+00
   endloop
 endfacet
 facet normal  0.000000e+00  0.000000e+00  1.000000e+00
   outer loop
     vertex  4.186250e+02  4.441830e+01  8.000000e+00
     vertex  4.173313e+02  4.356124e+01  8.000000e+00
     vertex  4.194875e+02  4.331641e+01  8.000000e+00
   endloop
 endfacet
 facet normal  0.000000e+00 -0.000000e+00  1.000000e+00
   outer loop
     vertex  4.186250e+02  4.441830e+01  8.000000e+00
     vertex  4.190563e+02  4.636571e+01  8.000000e+00
     vertex  4.177625e+02  4.556641e+01  8.000000e+00
   endloop
 endfacet
 facet normal -0.000000e+00  0.000000e+00  1.000000e+00
   outer loop
     vertex  4.220750e+02  4.731518e+01  8.000000e+00
     vertex  4.220750e+02  4.497277e+01  8.000000e+00
     vertex  4.229375e+02  4.855569e+01  8.000000e+00
   endloop
 endfacet
 facet normal  0.000000e+00  0.000000e+00  1.000000e+00
   outer loop
     vertex  4.220750e+02  4.731518e+01  8.000000e+00
     vertex  4.212125e+02  4.602846e+01  8.000000e+00
     vertex  4.220750e+02  4.497277e+01  8.000000e+00
   endloop
 endfacet
 facet normal  0.000000e+00  0.000000e+00  1.000000e+00
   outer loop
     vertex  4.220750e+02  4.731518e+01  8.000000e+00
     vertex  4.203500e+02  4.713036e+01  8.000000e+00
     vertex  4.212125e+02  4.602846e+01  8.000000e+00
   endloop
 endfacet
 facet normal  0.000000e+00  0.000000e+00  1.000000e+00
   outer loop
     vertex  4.220750e+02  4.731518e+01  8.000000e+00
     vertex  4.216438e+02  4.786035e+01  8.000000e+00
     vertex  4.203500e+02  4.713036e+01  8.000000e+00
   endloop
 endfacet
 facet normal  0.000000e+00 -0.000000e+00  1.000000e+00
   outer loop
     vertex  4.220750e+02  4.731518e+01  8.000000e+00
     vertex  4.229375e+02  4.855569e+01  8.000000e+00
     vertex  4.216438e+02  4.786035e+01  8.000000e+00
   endloop
 endfacet
 facet normal  0.000000e+00  0.000000e+00  1.000000e+00
   outer loop
     vertex  4.203500e+02  4.469554e+01  8.000000e+00
     vertex  4.220750e+02  4.497277e+01  8.000000e+00
     vertex  4.212125e+02  4.602846e+01  8.000000e+00
   endloop
 endfacet
 facet normal  0.000000e+00 -0.000000e+00  1.000000e+00
   outer loop
     vertex  4.203500e+02  4.469554e+01  8.000000e+00
     vertex  4.212125e+02  4.602846e+01  8.000000e+00
     vertex  4.190563e+02  4.636571e+01  8.000000e+00
   endloop
 endfacet
 facet normal  0.000000e+00  0.000000e+00  1.000000e+00
   outer loop
     vertex  4.203500e+02  4.469554e+01  8.000000e+00
     vertex  4.186250e+02  4.441830e+01  8.000000e+00
     vertex  4.194875e+02  4.331641e+01  8.000000e+00
   endloop
 endfacet
 facet normal  0.000000e+00  0.000000e+00  1.000000e+00
   outer loop
     vertex  4.203500e+02  4.469554e+01  8.000000e+00
     vertex  4.190563e+02  4.636571e+01  8.000000e+00
     vertex  4.186250e+02  4.441830e+01  8.000000e+00
   endloop
 endfacet
 facet normal  0.000000e+00 -0.000000e+00  1.000000e+00
   outer loop
     vertex  4.207813e+02  4.416191e+01  8.000000e+00
     vertex  4.220750e+02  4.497277e+01  8.000000e+00
     vertex  4.203500e+02  4.469554e+01  8.000000e+00
   endloop
 endfacet
 facet normal  0.000000e+00  0.000000e+00  1.000000e+00
   outer loop
     vertex  4.207813e+02  4.416191e+01  8.000000e+00
     vertex  4.203500e+02  4.469554e+01  8.000000e+00
     vertex  4.194875e+02  4.331641e+01  8.000000e+00
   endloop
 endfacet
 facet normal  0.000000e+00  0.000000e+00  1.000000e+00
   outer loop
     vertex  4.216438e+02  4.312932e+01  8.000000e+00
     vertex  4.207813e+02  4.416191e+01  8.000000e+00
     vertex  4.194875e+02  4.331641e+01  8.000000e+00
   endloop
 endfacet
 facet normal -0.000000e+00  0.000000e+00  1.000000e+00
   outer loop
     vertex  4.216438e+02  4.312932e+01  8.000000e+00
     vertex  4.238000e+02  4.300000e+01  8.000000e+00
     vertex  4.220750e+02  4.497277e+01  8.000000e+00
   endloop
 endfacet
 facet normal  0.000000e+00 -0.000000e+00  1.000000e+00
   outer loop
     vertex  4.216438e+02  4.312932e+01  8.000000e+00
     vertex  4.220750e+02  4.497277e+01  8.000000e+00
     vertex  4.207813e+02  4.416191e+01  8.000000e+00
   endloop
 endfacet
 facet normal  0.000000e+00  0.000000e+00  1.000000e+00
   outer loop
     vertex  4.145281e+02  6.264349e+01  8.000000e+00
     vertex  4.100000e+02  6.395714e+01  8.000000e+00
     vertex  4.121562e+02  6.277665e+01  8.000000e+00
   endloop
 endfacet
 facet normal  0.000000e+00  0.000000e+00  1.000000e+00
   outer loop
     vertex  4.145281e+02  6.264349e+01  8.000000e+00
     vertex  4.121562e+02  6.277665e+01  8.000000e+00
     vertex  4.143125e+02  6.165391e+01  8.000000e+00
   endloop
 endfacet
 facet normal  0.000000e+00  0.000000e+00  1.000000e+00
   outer loop
     vertex  4.166844e+02  6.153808e+01  8.000000e+00
     vertex  4.143125e+02  6.165391e+01  8.000000e+00
     vertex  4.164688e+02  6.058892e+01  8.000000e+00
   endloop
 endfacet
 facet normal  0.000000e+00  0.000000e+00  1.000000e+00
   outer loop
     vertex  4.166844e+02  6.153808e+01  8.000000e+00
     vertex  4.145281e+02  6.264349e+01  8.000000e+00
     vertex  4.143125e+02  6.165391e+01  8.000000e+00
   endloop
 endfacet
 facet normal  0.000000e+00 -0.000000e+00  1.000000e+00
   outer loop
     vertex  4.145281e+02  5.852343e+01  8.000000e+00
     vertex  4.156063e+02  5.939461e+01  8.000000e+00
     vertex  4.134500e+02  6.041339e+01  8.000000e+00
   endloop
 endfacet
 facet normal  0.000000e+00  0.000000e+00  1.000000e+00
   outer loop
     vertex  4.145281e+02  5.852343e+01  8.000000e+00
     vertex  4.156063e+02  5.670566e+01  8.000000e+00
     vertex  4.169000e+02  5.723929e+01  8.000000e+00
   endloop
 endfacet
 facet normal  0.000000e+00  0.000000e+00  1.000000e+00
   outer loop
     vertex  4.145281e+02  5.852343e+01  8.000000e+00
     vertex  4.134500e+02  5.760893e+01  8.000000e+00
     vertex  4.156063e+02  5.670566e+01  8.000000e+00
   endloop
 endfacet
 facet normal  0.000000e+00  0.000000e+00  1.000000e+00
   outer loop
     vertex  4.145281e+02  5.852343e+01  8.000000e+00
     vertex  4.125875e+02  5.912667e+01  8.000000e+00
     vertex  4.134500e+02  5.760893e+01  8.000000e+00
   endloop
 endfacet
 facet normal  0.000000e+00  0.000000e+00  1.000000e+00
   outer loop
     vertex  4.145281e+02  5.852343e+01  8.000000e+00
     vertex  4.134500e+02  6.041339e+01  8.000000e+00
     vertex  4.125875e+02  5.912667e+01  8.000000e+00
   endloop
 endfacet
 facet normal -0.000000e+00  0.000000e+00  1.000000e+00
   outer loop
     vertex  4.177625e+02  6.100703e+01  8.000000e+00
     vertex  4.186250e+02  5.958170e+01  8.000000e+00
     vertex  4.190563e+02  6.139049e+01  8.000000e+00
   endloop
 endfacet
 facet normal  0.000000e+00  0.000000e+00  1.000000e+00
   outer loop
     vertex  4.177625e+02  6.100703e+01  8.000000e+00
     vertex  4.166844e+02  6.153808e+01  8.000000e+00
     vertex  4.164688e+02  6.058892e+01  8.000000e+00
   endloop
 endfacet
 facet normal  0.000000e+00  0.000000e+00  1.000000e+00
   outer loop
     vertex  4.173313e+02  5.914049e+01  8.000000e+00
     vertex  4.164688e+02  6.058892e+01  8.000000e+00
     vertex  4.156063e+02  5.939461e+01  8.000000e+00
   endloop
 endfacet
 facet normal -0.000000e+00  0.000000e+00  1.000000e+00
   outer loop
     vertex  4.173313e+02  5.914049e+01  8.000000e+00
     vertex  4.181938e+02  5.773825e+01  8.000000e+00
     vertex  4.186250e+02  5.958170e+01  8.000000e+00
   endloop
 endfacet
 facet normal  0.000000e+00  0.000000e+00  1.000000e+00
   outer loop
     vertex  4.173313e+02  5.914049e+01  8.000000e+00
     vertex  4.186250e+02  5.958170e+01  8.000000e+00
     vertex  4.177625e+02  6.100703e+01  8.000000e+00
   endloop
 endfacet
 facet normal  0.000000e+00 -0.000000e+00  1.000000e+00
   outer loop
     vertex  4.173313e+02  5.914049e+01  8.000000e+00
     vertex  4.177625e+02  6.100703e+01  8.000000e+00
     vertex  4.164688e+02  6.058892e+01  8.000000e+00
   endloop
 endfacet
 facet normal  0.000000e+00  0.000000e+00  1.000000e+00
   outer loop
     vertex  4.169000e+02  5.854911e+01  8.000000e+00
     vertex  4.145281e+02  5.852343e+01  8.000000e+00
     vertex  4.169000e+02  5.723929e+01  8.000000e+00
   endloop
 endfacet
 facet normal  0.000000e+00  0.000000e+00  1.000000e+00
   outer loop
     vertex  4.169000e+02  5.854911e+01  8.000000e+00
     vertex  4.156063e+02  5.939461e+01  8.000000e+00
     vertex  4.145281e+02  5.852343e+01  8.000000e+00
   endloop
 endfacet
 facet normal  0.000000e+00  0.000000e+00  1.000000e+00
   outer loop
     vertex  4.169000e+02  5.854911e+01  8.000000e+00
     vertex  4.169000e+02  5.723929e+01  8.000000e+00
     vertex  4.181938e+02  5.773825e+01  8.000000e+00
   endloop
 endfacet
 facet normal  0.000000e+00 -0.000000e+00  1.000000e+00
   outer loop
     vertex  4.169000e+02  5.854911e+01  8.000000e+00
     vertex  4.173313e+02  5.914049e+01  8.000000e+00
     vertex  4.156063e+02  5.939461e+01  8.000000e+00
   endloop
 endfacet
 facet normal -0.000000e+00  0.000000e+00  1.000000e+00
   outer loop
     vertex  4.169000e+02  5.854911e+01  8.000000e+00
     vertex  4.181938e+02  5.773825e+01  8.000000e+00
     vertex  4.173313e+02  5.914049e+01  8.000000e+00
   endloop
 endfacet
 facet normal  0.000000e+00  0.000000e+00  1.000000e+00
   outer loop
     vertex  4.214281e+02  6.121113e+01  8.000000e+00
     vertex  4.212125e+02  6.036016e+01  8.000000e+00
     vertex  4.238000e+02  6.100000e+01  8.000000e+00
   endloop
 endfacet
 facet normal  0.000000e+00  0.000000e+00  1.000000e+00
   outer loop
     vertex  4.190563e+02  5.638223e+01  8.000000e+00
     vertex  4.203500e+02  5.686964e+01  8.000000e+00
     vertex  4.194875e+02  5.820257e+01  8.000000e+00
   endloop
 endfacet
 facet normal  0.000000e+00  0.000000e+00  1.000000e+00
   outer loop
     vertex  4.190563e+02  5.638223e+01  8.000000e+00
     vertex  4.177625e+02  5.586016e+01  8.000000e+00
     vertex  4.186250e+02  5.452723e+01  8.000000e+00
   endloop
 endfacet
 facet normal  0.000000e+00  0.000000e+00  1.000000e+00
   outer loop
     vertex  4.190563e+02  5.638223e+01  8.000000e+00
     vertex  4.186250e+02  5.452723e+01  8.000000e+00
     vertex  4.199188e+02  5.507241e+01  8.000000e+00
   endloop
 endfacet
 facet normal  0.000000e+00  0.000000e+00  1.000000e+00
   outer loop
     vertex  4.190563e+02  5.638223e+01  8.000000e+00
     vertex  4.181938e+02  5.773825e+01  8.000000e+00
     vertex  4.177625e+02  5.586016e+01  8.000000e+00
   endloop
 endfacet
 facet normal  0.000000e+00 -0.000000e+00  1.000000e+00
   outer loop
     vertex  4.190563e+02  5.638223e+01  8.000000e+00
     vertex  4.194875e+02  5.820257e+01  8.000000e+00
     vertex  4.181938e+02  5.773825e+01  8.000000e+00
   endloop
 endfacet
 facet normal -0.000000e+00  0.000000e+00  1.000000e+00
   outer loop
     vertex  4.190563e+02  5.638223e+01  8.000000e+00
     vertex  4.199188e+02  5.507241e+01  8.000000e+00
     vertex  4.203500e+02  5.686964e+01  8.000000e+00
   endloop
 endfacet
 facet normal  0.000000e+00  0.000000e+00  1.000000e+00
   outer loop
     vertex  4.209969e+02  5.350010e+01  8.000000e+00
     vertex  4.199188e+02  5.261448e+01  8.000000e+00
     vertex  4.212125e+02  5.080569e+01  8.000000e+00
   endloop
 endfacet
 facet normal -0.000000e+00  0.000000e+00  1.000000e+00
   outer loop
     vertex  4.209969e+02  5.350010e+01  8.000000e+00
     vertex  4.212125e+02  5.080569e+01  8.000000e+00
     vertex  4.220750e+02  5.434241e+01  8.000000e+00
   endloop
 endfacet
 facet normal  0.000000e+00 -0.000000e+00  1.000000e+00
   outer loop
     vertex  4.209969e+02  5.350010e+01  8.000000e+00
     vertex  4.220750e+02  5.434241e+01  8.000000e+00
     vertex  4.199188e+02  5.507241e+01  8.000000e+00
   endloop
 endfacet
 facet normal  0.000000e+00  0.000000e+00  1.000000e+00
   outer loop
     vertex  4.123719e+02  4.090889e+01  8.000000e+00
     vertex  4.112938e+02  4.105008e+01  8.000000e+00
     vertex  4.100000e+02  4.004286e+01  8.000000e+00
   endloop
 endfacet
 facet normal  0.000000e+00 -0.000000e+00  1.000000e+00
   outer loop
     vertex  4.123719e+02  4.090889e+01  8.000000e+00
     vertex  4.125875e+02  4.202266e+01  8.000000e+00
     vertex  4.112938e+02  4.105008e+01  8.000000e+00
   endloop
 endfacet
 facet normal  0.000000e+00  0.000000e+00  1.000000e+00
   outer loop
     vertex  4.123719e+02  4.090889e+01  8.000000e+00
     vertex  4.147438e+02  4.174316e+01  8.000000e+00
     vertex  4.125875e+02  4.202266e+01  8.000000e+00
   endloop
 endfacet
 facet normal  0.000000e+00 -0.000000e+00  1.000000e+00
   outer loop
     vertex  4.160375e+02  4.266953e+01  8.000000e+00
     vertex  4.164688e+02  4.473245e+01  8.000000e+00
     vertex  4.151750e+02  4.386384e+01  8.000000e+00
   endloop
 endfacet
 facet normal  0.000000e+00  0.000000e+00  1.000000e+00
   outer loop
     vertex  4.160375e+02  4.266953e+01  8.000000e+00
     vertex  4.151750e+02  4.386384e+01  8.000000e+00
     vertex  4.147438e+02  4.174316e+01  8.000000e+00
   endloop
 endfacet
 facet normal  0.000000e+00  0.000000e+00  1.000000e+00
   outer loop
     vertex  4.160375e+02  4.266953e+01  8.000000e+00
     vertex  4.173313e+02  4.356124e+01  8.000000e+00
     vertex  4.164688e+02  4.473245e+01  8.000000e+00
   endloop
 endfacet
 facet normal  0.000000e+00  0.000000e+00  1.000000e+00
   outer loop
     vertex  4.171156e+02  4.254567e+01  8.000000e+00
     vertex  4.160375e+02  4.266953e+01  8.000000e+00
     vertex  4.147438e+02  4.174316e+01  8.000000e+00
   endloop
 endfacet
 facet normal  0.000000e+00  0.000000e+00  1.000000e+00
   outer loop
     vertex  4.171156e+02  4.254567e+01  8.000000e+00
     vertex  4.194875e+02  4.331641e+01  8.000000e+00
     vertex  4.173313e+02  4.356124e+01  8.000000e+00
   endloop
 endfacet
 facet normal  0.000000e+00 -0.000000e+00  1.000000e+00
   outer loop
     vertex  4.171156e+02  4.254567e+01  8.000000e+00
     vertex  4.173313e+02  4.356124e+01  8.000000e+00
     vertex  4.160375e+02  4.266953e+01  8.000000e+00
   endloop
 endfacet
 facet normal  0.000000e+00  0.000000e+00  1.000000e+00
   outer loop
     vertex  4.192719e+02  4.234126e+01  8.000000e+00
     vertex  4.147438e+02  4.174316e+01  8.000000e+00
     vertex  4.123719e+02  4.090889e+01  8.000000e+00
   endloop
 endfacet
 facet normal -0.000000e+00  0.000000e+00  1.000000e+00
   outer loop
     vertex  4.192719e+02  4.234126e+01  8.000000e+00
     vertex  4.100000e+02  4.004286e+01  8.000000e+00
     vertex  4.238000e+02  4.300000e+01  8.000000e+00
   endloop
 endfacet
 facet normal  0.000000e+00  0.000000e+00  1.000000e+00
   outer loop
     vertex  4.192719e+02  4.234126e+01  8.000000e+00
     vertex  4.123719e+02  4.090889e+01  8.000000e+00
     vertex  4.100000e+02  4.004286e+01  8.000000e+00
   endloop
 endfacet
 facet normal  0.000000e+00 -0.000000e+00  1.000000e+00
   outer loop
     vertex  4.192719e+02  4.234126e+01  8.000000e+00
     vertex  4.194875e+02  4.331641e+01  8.000000e+00
     vertex  4.171156e+02  4.254567e+01  8.000000e+00
   endloop
 endfacet
 facet normal  0.000000e+00  0.000000e+00  1.000000e+00
   outer loop
     vertex  4.192719e+02  4.234126e+01  8.000000e+00
     vertex  4.171156e+02  4.254567e+01  8.000000e+00
     vertex  4.147438e+02  4.174316e+01  8.000000e+00
   endloop
 endfacet
 facet normal  0.000000e+00  0.000000e+00  1.000000e+00
   outer loop
     vertex  4.192719e+02  4.234126e+01  8.000000e+00
     vertex  4.216438e+02  4.312932e+01  8.000000e+00
     vertex  4.194875e+02  4.331641e+01  8.000000e+00
   endloop
 endfacet
 facet normal  0.000000e+00  0.000000e+00  1.000000e+00
   outer loop
     vertex  4.192719e+02  4.234126e+01  8.000000e+00
     vertex  4.238000e+02  4.300000e+01  8.000000e+00
     vertex  4.216438e+02  4.312932e+01  8.000000e+00
   endloop
 endfacet
 facet normal -0.000000e+00 -0.000000e+00  1.000000e+00
   outer loop
     vertex  4.191641e+02  6.183727e+01  8.000000e+00
     vertex  4.238000e+02  6.100000e+01  8.000000e+00
     vertex  4.100000e+02  6.395714e+01  8.000000e+00
   endloop
 endfacet
 facet normal  0.000000e+00  0.000000e+00  1.000000e+00
   outer loop
     vertex  4.191641e+02  6.183727e+01  8.000000e+00
     vertex  4.100000e+02  6.395714e+01  8.000000e+00
     vertex  4.145281e+02  6.264349e+01  8.000000e+00
   endloop
 endfacet
 facet normal  0.000000e+00  0.000000e+00  1.000000e+00
   outer loop
     vertex  4.191641e+02  6.183727e+01  8.000000e+00
     vertex  4.190563e+02  6.139049e+01  8.000000e+00
     vertex  4.212125e+02  6.036016e+01  8.000000e+00
   endloop
 endfacet
 facet normal  0.000000e+00  0.000000e+00  1.000000e+00
   outer loop
     vertex  4.191641e+02  6.183727e+01  8.000000e+00
     vertex  4.212125e+02  6.036016e+01  8.000000e+00
     vertex  4.214281e+02  6.121113e+01  8.000000e+00
   endloop
 endfacet
 facet normal  0.000000e+00  0.000000e+00  1.000000e+00
   outer loop
     vertex  4.191641e+02  6.183727e+01  8.000000e+00
     vertex  4.214281e+02  6.121113e+01  8.000000e+00
     vertex  4.238000e+02  6.100000e+01  8.000000e+00
   endloop
 endfacet
 facet normal  0.000000e+00  0.000000e+00  1.000000e+00
   outer loop
     vertex  4.198109e+02  5.400176e+01  8.000000e+00
     vertex  4.199188e+02  5.261448e+01  8.000000e+00
     vertex  4.209969e+02  5.350010e+01  8.000000e+00
   endloop
 endfacet
 facet normal  0.000000e+00  0.000000e+00  1.000000e+00
   outer loop
     vertex  4.198109e+02  5.400176e+01  8.000000e+00
     vertex  4.186250e+02  5.452723e+01  8.000000e+00
     vertex  4.177625e+02  5.328672e+01  8.000000e+00
   endloop
 endfacet
 facet normal  0.000000e+00  0.000000e+00  1.000000e+00
   outer loop
     vertex  4.198109e+02  5.400176e+01  8.000000e+00
     vertex  4.177625e+02  5.328672e+01  8.000000e+00
     vertex  4.199188e+02  5.261448e+01  8.000000e+00
   endloop
 endfacet
 facet normal  0.000000e+00 -0.000000e+00  1.000000e+00
   outer loop
     vertex  4.198109e+02  5.400176e+01  8.000000e+00
     vertex  4.199188e+02  5.507241e+01  8.000000e+00
     vertex  4.186250e+02  5.452723e+01  8.000000e+00
   endloop
 endfacet
 facet normal -0.000000e+00  0.000000e+00  1.000000e+00
   outer loop
     vertex  4.198109e+02  5.400176e+01  8.000000e+00
     vertex  4.209969e+02  5.350010e+01  8.000000e+00
     vertex  4.199188e+02  5.507241e+01  8.000000e+00
   endloop
 endfacet
 facet normal  0.000000e+00  0.000000e+00  1.000000e+00
   outer loop
     vertex  4.179242e+02  6.169805e+01  8.000000e+00
     vertex  4.145281e+02  6.264349e+01  8.000000e+00
     vertex  4.166844e+02  6.153808e+01  8.000000e+00
   endloop
 endfacet
 facet normal -0.000000e+00  0.000000e+00  1.000000e+00
   outer loop
     vertex  4.179242e+02  6.169805e+01  8.000000e+00
     vertex  4.190563e+02  6.139049e+01  8.000000e+00
     vertex  4.191641e+02  6.183727e+01  8.000000e+00
   endloop
 endfacet
 facet normal  0.000000e+00  0.000000e+00  1.000000e+00
   outer loop
     vertex  4.179242e+02  6.169805e+01  8.000000e+00
     vertex  4.177625e+02  6.100703e+01  8.000000e+00
     vertex  4.190563e+02  6.139049e+01  8.000000e+00
   endloop
 endfacet
 facet normal  0.000000e+00  0.000000e+00  1.000000e+00
   outer loop
     vertex  4.179242e+02  6.169805e+01  8.000000e+00
     vertex  4.166844e+02  6.153808e+01  8.000000e+00
     vertex  4.177625e+02  6.100703e+01  8.000000e+00
   endloop
 endfacet
 facet normal  0.000000e+00 -0.000000e+00  1.000000e+00
   outer loop
     vertex  4.179242e+02  6.169805e+01  8.000000e+00
     vertex  4.191641e+02  6.183727e+01  8.000000e+00
     vertex  4.145281e+02  6.264349e+01  8.000000e+00
   endloop
 endfacet
 facet normal -5.300166e-17 -6.858837e-36 -1.000000e+00
   outer loop
     vertex  1.948000e+02  3.987143e+01 -7.844246e-16
     vertex  1.800000e+02  0.000000e+00  0.000000e+00
     vertex  1.800000e+02  3.691143e+01  0.000000e+00
   endloop
 endfacet
 facet normal -5.300166e-17 -2.949907e-36 -1.000000e+00
   outer loop
     vertex  1.948000e+02  1.558714e+02 -7.844246e-16
     vertex  1.800000e+02  6.708857e+01  0.000000e+00
     vertex  1.800000e+02  1.529114e+02  0.000000e+00
   endloop
 endfacet
 facet normal -1.150954e-18 -8.643453e-18 -1.000000e+00
   outer loop
     vertex  1.948000e+02  1.558714e+02 -7.844246e-16
     vertex  1.948000e+02  6.412857e+01  8.550510e-18
     vertex  1.800000e+02  6.708857e+01  0.000000e+00
   endloop
 endfacet
 facet normal  5.777372e-19  0.000000e+00 -1.000000e+00
   outer loop
     vertex  1.800000e+02  2.200000e+02  0.000000e+00
     vertex  1.948000e+02  1.801286e+02  8.550510e-18
     vertex  1.800000e+02  1.830886e+02  0.000000e+00
   endloop
 endfacet
 facet normal -0.000000e+00 -1.967385e-17 -1.000000e+00
   outer loop
     vertex  4.100000e+02  0.000000e+00  0.000000e+00
     vertex  1.800000e+02  0.000000e+00  0.000000e+00
     vertex  1.948000e+02  3.987143e+01 -7.844246e-16
   endloop
 endfacet
 facet normal  4.074775e-18  3.269038e-17 -1.000000e+00
   outer loop
     vertex  4.100000e+02  3.704286e+01  0.000000e+00
     vertex  1.948000e+02  3.987143e+01 -7.844246e-16
     vertex  1.948000e+02  6.412857e+01  8.550510e-18
   endloop
 endfacet
 facet normal  3.645096e-18 -3.356108e-32 -1.000000e+00
   outer loop
     vertex  4.100000e+02  3.704286e+01  0.000000e+00
     vertex  4.100000e+02  0.000000e+00  0.000000e+00
     vertex  1.948000e+02  3.987143e+01 -7.844246e-16
   endloop
 endfacet
 facet normal -3.973285e-20 -0.000000e+00 -1.000000e+00
   outer loop
     vertex  4.100000e+02  6.695714e+01  0.000000e+00
     vertex  4.100000e+02  3.704286e+01  0.000000e+00
     vertex  1.948000e+02  6.412857e+01  8.550510e-18
   endloop
 endfacet
 facet normal  3.531487e-18 -8.643453e-18 -1.000000e+00
   outer loop
     vertex  4.100000e+02  1.530429e+02  0.000000e+00
     vertex  1.948000e+02  6.412857e+01  8.550510e-18
     vertex  1.948000e+02  1.558714e+02 -7.844246e-16
   endloop
 endfacet
 facet normal -3.973285e-20 -0.000000e+00 -1.000000e+00
   outer loop
     vertex  4.100000e+02  1.530429e+02  0.000000e+00
     vertex  4.100000e+02  6.695714e+01  0.000000e+00
     vertex  1.948000e+02  6.412857e+01  8.550510e-18
   endloop
 endfacet
 facet normal -4.694125e-19  3.269038e-17 -1.000000e+00
   outer loop
     vertex  4.100000e+02  1.829571e+02  0.000000e+00
     vertex  1.948000e+02  1.558714e+02 -7.844246e-16
     vertex  1.948000e+02  1.801286e+02  8.550510e-18
   endloop
 endfacet
 facet normal  3.645096e-18  0.000000e+00 -1.000000e+00
   outer loop
     vertex  4.100000e+02  1.829571e+02  0.000000e+00
     vertex  4.100000e+02  1.530429e+02  0.000000e+00
     vertex  1.948000e+02  1.558714e+02 -7.844246e-16
   endloop
 endfacet
 facet normal -0.000000e+00 -2.144521e-19 -1.000000e+00
   outer loop
     vertex  4.100000e+02  2.200000e+02  0.000000e+00
     vertex  1.948000e+02  1.801286e+02  8.550510e-18
     vertex  1.800000e+02  2.200000e+02  0.000000e+00
   endloop
 endfacet
 facet normal -3.973285e-20 -3.658278e-34 -1.000000e+00
   outer loop
     vertex  4.100000e+02  2.200000e+02  0.000000e+00
     vertex  4.100000e+02  1.829571e+02  0.000000e+00
     vertex  1.948000e+02  1.801286e+02  8.550510e-18
   endloop
 endfacet
 facet normal -1.000000e+00  0.000000e+00  0.000000e+00
   outer loop
     vertex  1.800000e+02  0.000000e+00  8.000000e+00
     vertex  1.800000e+02  3.691143e+01  0.000000e+00
     vertex  1.800000e+02  0.000000e+00  0.000000e+00
   endloop
 endfacet
 facet normal -1.000000e+00  0.000000e+00  0.000000e+00
   outer loop
     vertex  1.800000e+02  0.000000e+00  8.000000e+00
     vertex  1.800000e+02  3.976857e+01  8.000000e+00
     vertex  1.800000e+02  3.691143e+01  0.000000e+00
   endloop
 endfacet
 facet normal  0.000000e+00  0.000000e+00  1.000000e+00
   outer loop
     vertex  1.948000e+02  4.272857e+01  8.000000e+00
     vertex  1.800000e+02  3.976857e+01  8.000000e+00
     vertex  1.800000e+02  0.000000e+00  8.000000e+00
   endloop
 endfacet
 facet normal  0.000000e+00  0.000000e+00  1.000000e+00
   outer loop
     vertex  1.948000e+02  1.587286e+02  8.000000e+00
     vertex  1.800000e+02  1.557686e+02  8.000000e+00
     vertex  1.800000e+02  6.423143e+01  8.000000e+00
   endloop
 endfacet
 facet normal  0.000000e+00  0.000000e+00  1.000000e+00
   outer loop
     vertex  1.948000e+02  1.587286e+02  8.000000e+00
     vertex  1.800000e+02  6.423143e+01  8.000000e+00
     vertex  1.948000e+02  6.127143e+01  8.000000e+00
   endloop
 endfacet
 facet normal  0.000000e+00  0.000000e+00  1.000000e+00
   outer loop
     vertex  3.600000e+02  0.000000e+00  8.000000e+00
     vertex  1.948000e+02  6.127143e+01  8.000000e+00
     vertex  1.948000e+02  4.272857e+01  8.000000e+00
   endloop
 endfacet
 facet normal  0.000000e+00  0.000000e+00  1.000000e+00
   outer loop
     vertex  3.600000e+02  0.000000e+00  8.000000e+00
     vertex  1.948000e+02  4.272857e+01  8.000000e+00
     vertex  1.800000e+02  0.000000e+00  8.000000e+00
   endloop
 endfacet
 facet normal  0.000000e+00  0.000000e+00  1.000000e+00
   outer loop
     vertex  1.800000e+02  2.150000e+02  8.000000e+00
     vertex  1.800000e+02  1.802314e+02  8.000000e+00
     vertex  1.948000e+02  1.772714e+02  8.000000e+00
   endloop
 endfacet
 facet normal  0.000000e+00  0.000000e+00  1.000000e+00
   outer loop
     vertex  3.600000e+02  2.150000e+02  8.000000e+00
     vertex  1.948000e+02  1.772714e+02  8.000000e+00
     vertex  1.948000e+02  1.587286e+02  8.000000e+00
   endloop
 endfacet
 facet normal  0.000000e+00  0.000000e+00  1.000000e+00
   outer loop
     vertex  3.600000e+02  2.150000e+02  8.000000e+00
     vertex  1.948000e+02  1.587286e+02  8.000000e+00
     vertex  1.948000e+02  6.127143e+01  8.000000e+00
   endloop
 endfacet
 facet normal  0.000000e+00  0.000000e+00  1.000000e+00
   outer loop
     vertex  3.600000e+02  2.150000e+02  8.000000e+00
     vertex  1.948000e+02  6.127143e+01  8.000000e+00
     vertex  3.600000e+02  0.000000e+00  8.000000e+00
   endloop
 endfacet
 facet normal  0.000000e+00  0.000000e+00  1.000000e+00
   outer loop
     vertex  3.600000e+02  2.150000e+02  8.000000e+00
     vertex  1.800000e+02  2.150000e+02  8.000000e+00
     vertex  1.948000e+02  1.772714e+02  8.000000e+00
   endloop
 endfacet
 facet normal -1.850939e-01  9.254694e-01 -3.305248e-01
   outer loop
     vertex  1.948000e+02  4.272857e+01  8.000000e+00
     vertex  1.800000e+02  3.691143e+01  0.000000e+00
     vertex  1.800000e+02  3.976857e+01  8.000000e+00
   endloop
 endfacet
 facet normal -1.850939e-01  9.254694e-01 -3.305248e-01
   outer loop
     vertex  1.948000e+02  3.987143e+01 -7.844246e-16
     vertex  1.800000e+02  3.691143e+01  0.000000e+00
     vertex  1.948000e+02  4.272857e+01  8.000000e+00
   endloop
 endfacet
 facet normal -1.000000e+00 -0.000000e+00  0.000000e+00
   outer loop
     vertex  1.948000e+02  6.127143e+01  8.000000e+00
     vertex  1.948000e+02  3.987143e+01 -7.844246e-16
     vertex  1.948000e+02  4.272857e+01  8.000000e+00
   endloop
 endfacet
 facet normal -1.000000e+00  0.000000e+00 -0.000000e+00
   outer loop
     vertex  1.948000e+02  6.127143e+01  8.000000e+00
     vertex  1.948000e+02  6.412857e+01  8.550510e-18
     vertex  1.948000e+02  3.987143e+01 -7.844246e-16
   endloop
 endfacet
 facet normal -1.850939e-01 -9.254694e-01 -3.305248e-01
   outer loop
     vertex  1.948000e+02  6.127143e+01  8.000000e+00
     vertex  1.800000e+02  6.708857e+01  0.000000e+00
     vertex  1.948000e+02  6.412857e+01  8.550510e-18
   endloop
 endfacet
 facet normal -1.850939e-01 -9.254694e-01 -3.305248e-01
   outer loop
     vertex  1.948000e+02  6.127143e+01  8.000000e+00
     vertex  1.800000e+02  6.423143e+01  8.000000e+00
     vertex  1.800000e+02  6.708857e+01  0.000000e+00
   endloop
 endfacet
 facet normal -1.000000e+00  0.000000e+00  0.000000e+00
   outer loop
     vertex  1.800000e+02  6.423143e+01  8.000000e+00
     vertex  1.800000e+02  1.529114e+02  0.000000e+00
     vertex  1.800000e+02  6.708857e+01  0.000000e+00
   endloop
 endfacet
 facet normal -1.000000e+00  0.000000e+00  0.000000e+00
   outer loop
     vertex  1.800000e+02  6.423143e+01  8.000000e+00
     vertex  1.800000e+02  1.557686e+02  8.000000e+00
     vertex  1.800000e+02  1.529114e+02  0.000000e+00
   endloop
 endfacet
 facet normal -1.850939e-01  9.254694e-01 -3.305248e-01
   outer loop
     vertex  1.948000e+02  1.558714e+02 -7.844246e-16
     vertex  1.800000e+02  1.557686e+02  8.000000e+00
     vertex  1.948000e+02  1.587286e+02  8.000000e+00
   endloop
 endfacet
 facet normal -1.850939e-01  9.254694e-01 -3.305248e-01
   outer loop
     vertex  1.948000e+02  1.558714e+02 -7.844246e-16
     vertex  1.800000e+02  1.529114e+02  0.000000e+00
     vertex  1.800000e+02  1.557686e+02  8.000000e+00
   endloop
 endfacet
 facet normal -1.000000e+00 -0.000000e+00  0.000000e+00
   outer loop
     vertex  1.948000e+02  1.772714e+02  8.000000e+00
     vertex  1.948000e+02  1.558714e+02 -7.844246e-16
     vertex  1.948000e+02  1.587286e+02  8.000000e+00
   endloop
 endfacet
 facet normal -1.000000e+00  0.000000e+00 -0.000000e+00
   outer loop
     vertex  1.948000e+02  1.772714e+02  8.000000e+00
     vertex  1.948000e+02  1.801286e+02  8.550510e-18
     vertex  1.948000e+02  1.558714e+02 -7.844246e-16
   endloop
 endfacet
 facet normal -1.850939e-01 -9.254694e-01 -3.305248e-01
   outer loop
     vertex  1.948000e+02  1.772714e+02  8.000000e+00
     vertex  1.800000e+02  1.830886e+02  0.000000e+00
     vertex  1.948000e+02  1.801286e+02  8.550510e-18
   endloop
 endfacet
 facet normal -1.850939e-01 -9.254694e-01 -3.305248e-01
   outer loop
     vertex  1.948000e+02  1.772714e+02  8.000000e+00
     vertex  1.800000e+02  1.802314e+02  8.000000e+00
     vertex  1.800000e+02  1.830886e+02  0.000000e+00
   endloop
 endfacet
 facet normal  0.000000e+00 -1.000000e+00  0.000000e+00
   outer loop
     vertex  1.948000e+02  2.150000e+02  5.551429e+01
     vertex  1.800000e+02  2.150000e+02  5.255429e+01
     vertex  1.800000e+02  2.150000e+02  8.000000e+00
   endloop
 endfacet
 facet normal  0.000000e+00 -1.000000e+00 -0.000000e+00
   outer loop
     vertex  1.948000e+02  2.150000e+02  1.695143e+02
     vertex  1.800000e+02  2.150000e+02  7.944571e+01
     vertex  1.948000e+02  2.150000e+02  7.648571e+01
   endloop
 endfacet
 facet normal  0.000000e+00 -1.000000e+00  0.000000e+00
   outer loop
     vertex  1.948000e+02  2.150000e+02  1.695143e+02
     vertex  1.800000e+02  2.150000e+02  1.665543e+02
     vertex  1.800000e+02  2.150000e+02  7.944571e+01
   endloop
 endfacet
 facet normal  0.000000e+00 -1.000000e+00  0.000000e+00
   outer loop
     vertex  3.600000e+02  2.150000e+02  8.000000e+00
     vertex  1.948000e+02  2.150000e+02  7.648571e+01
     vertex  1.948000e+02  2.150000e+02  5.551429e+01
   endloop
 endfacet
 facet normal  0.000000e+00 -1.000000e+00  0.000000e+00
   outer loop
     vertex  3.600000e+02  2.150000e+02  8.000000e+00
     vertex  1.948000e+02  2.150000e+02  5.551429e+01
     vertex  1.800000e+02  2.150000e+02  8.000000e+00
   endloop
 endfacet
 facet normal  0.000000e+00 -1.000000e+00  0.000000e+00
   outer loop
     vertex  3.600000e+02  2.150000e+02  8.000000e+00
     vertex  1.948000e+02  2.150000e+02  1.695143e+02
     vertex  1.948000e+02  2.150000e+02  7.648571e+01
   endloop
 endfacet
 facet normal  0.000000e+00 -1.000000e+00  0.000000e+00
   outer loop
     vertex  1.800000e+02  2.150000e+02  2.380000e+02
     vertex  1.800000e+02  2.150000e+02  1.934457e+02
     vertex  1.948000e+02  2.150000e+02  1.904857e+02
   endloop
 endfacet
 facet normal  0.000000e+00 -1.000000e+00  0.000000e+00
   outer loop
     vertex  3.600000e+02  2.150000e+02  2.380000e+02
     vertex  1.948000e+02  2.150000e+02  1.904857e+02
     vertex  1.948000e+02  2.150000e+02  1.695143e+02
   endloop
 endfacet
 facet normal -0.000000e+00 -1.000000e+00  0.000000e+00
   outer loop
     vertex  3.600000e+02  2.150000e+02  2.380000e+02
     vertex  1.800000e+02  2.150000e+02  2.380000e+02
     vertex  1.948000e+02  2.150000e+02  1.904857e+02
   endloop
 endfacet
 facet normal  0.000000e+00 -1.000000e+00 -0.000000e+00
   outer loop
     vertex  3.600000e+02  2.150000e+02  2.380000e+02
     vertex  1.948000e+02  2.150000e+02  1.695143e+02
     vertex  3.600000e+02  2.150000e+02  8.000000e+00
   endloop
 endfacet
 facet normal -1.000000e+00  0.000000e+00 -0.000000e+00
   outer loop
     vertex  3.600000e+02  2.150000e+02  2.380000e+02
     vertex  3.600000e+02  2.150000e+02  8.000000e+00
     vertex  3.600000e+02  0.000000e+00  8.000000e+00
   endloop
 endfacet
 facet normal -1.000000e+00  0.000000e+00  0.000000e+00
   outer loop
     vertex  3.600000e+02  0.000000e+00  2.380000e+02
     vertex  3.600000e+02  2.150000e+02  2.380000e+02
     vertex  3.600000e+02  0.000000e+00  8.000000e+00
   endloop
 endfacet
 facet normal -1.000000e+00  0.000000e+00  0.000000e+00
   outer loop
     vertex  1.800000e+02  2.150000e+02  2.380000e+02
     vertex  1.800000e+02  2.200000e+02  1.970171e+02
     vertex  1.800000e+02  2.150000e+02  1.934457e+02
   endloop
 endfacet
 facet normal -1.000000e+00  0.000000e+00  0.000000e+00
   outer loop
     vertex  1.800000e+02  2.150000e+02  2.380000e+02
     vertex  1.800000e+02  2.200000e+02  2.380000e+02
     vertex  1.800000e+02  2.200000e+02  1.970171e+02
   endloop
 endfacet
 facet normal -1.606333e-01  5.736903e-01 -8.031665e-01
   outer loop
     vertex  1.948000e+02  2.150000e+02  1.904857e+02
     vertex  1.800000e+02  2.150000e+02  1.934457e+02
     vertex  1.800000e+02  2.200000e+02  1.970171e+02
   endloop
 endfacet
 facet normal -1.606333e-01  5.736903e-01 -8.031665e-01
   outer loop
     vertex  1.948000e+02  2.200000e+02  1.940571e+02
     vertex  1.948000e+02  2.150000e+02  1.904857e+02
     vertex  1.800000e+02  2.200000e+02  1.970171e+02
   endloop
 endfacet
 facet normal -1.000000e+00  0.000000e+00  0.000000e+00
   outer loop
     vertex  1.948000e+02  2.150000e+02  1.904857e+02
     vertex  1.948000e+02  2.200000e+02  1.659429e+02
     vertex  1.948000e+02  2.150000e+02  1.695143e+02
   endloop
 endfacet
 facet normal -1.000000e+00  0.000000e+00 -0.000000e+00
   outer loop
     vertex  1.948000e+02  2.200000e+02  1.940571e+02
     vertex  1.948000e+02  2.200000e+02  1.659429e+02
     vertex  1.948000e+02  2.150000e+02  1.904857e+02
   endloop
 endfacet
 facet normal -1.606333e-01  5.736903e-01  8.031665e-01
   outer loop
     vertex  1.948000e+02  2.150000e+02  1.695143e+02
     vertex  1.948000e+02  2.200000e+02  1.659429e+02
     vertex  1.800000e+02  2.200000e+02  1.629829e+02
   endloop
 endfacet
 facet normal -1.606333e-01  5.736903e-01  8.031665e-01
   outer loop
     vertex  1.948000e+02  2.150000e+02  1.695143e+02
     vertex  1.800000e+02  2.200000e+02  1.629829e+02
     vertex  1.800000e+02  2.150000e+02  1.665543e+02
   endloop
 endfacet
 facet normal -1.000000e+00  0.000000e+00  0.000000e+00
   outer loop
     vertex  1.800000e+02  2.150000e+02  1.665543e+02
     vertex  1.800000e+02  2.200000e+02  8.301714e+01
     vertex  1.800000e+02  2.150000e+02  7.944571e+01
   endloop
 endfacet
 facet normal -1.000000e+00  0.000000e+00  0.000000e+00
   outer loop
     vertex  1.800000e+02  2.150000e+02  1.665543e+02
     vertex  1.800000e+02  2.200000e+02  1.629829e+02
     vertex  1.800000e+02  2.200000e+02  8.301714e+01
   endloop
 endfacet
 facet normal -1.606333e-01  5.736903e-01 -8.031665e-01
   outer loop
     vertex  1.948000e+02  2.150000e+02  7.648571e+01
     vertex  1.800000e+02  2.150000e+02  7.944571e+01
     vertex  1.800000e+02  2.200000e+02  8.301714e+01
   endloop
 endfacet
 facet normal -1.606333e-01  5.736903e-01 -8.031665e-01
   outer loop
     vertex  1.948000e+02  2.200000e+02  8.005714e+01
     vertex  1.948000e+02  2.150000e+02  7.648571e+01
     vertex  1.800000e+02  2.200000e+02  8.301714e+01
   endloop
 endfacet
 facet normal -1.000000e+00  0.000000e+00 -0.000000e+00
   outer loop
     vertex  1.948000e+02  2.200000e+02  8.005714e+01
     vertex  1.948000e+02  2.200000e+02  5.194286e+01
     vertex  1.948000e+02  2.150000e+02  5.551429e+01
   endloop
 endfacet
 facet normal -1.000000e+00  0.000000e+00  0.000000e+00
   outer loop
     vertex  1.948000e+02  2.200000e+02  8.005714e+01
     vertex  1.948000e+02  2.150000e+02  5.551429e+01
     vertex  1.948000e+02  2.150000e+02  7.648571e+01
   endloop
 endfacet
 facet normal -1.606333e-01  5.736903e-01  8.031665e-01
   outer loop
     vertex  1.948000e+02  2.150000e+02  5.551429e+01
     vertex  1.948000e+02  2.200000e+02  5.194286e+01
     vertex  1.800000e+02  2.200000e+02  4.898286e+01
   endloop
 endfacet
 facet normal -1.606333e-01  5.736903e-01  8.031665e-01
   outer loop
     vertex  1.948000e+02  2.150000e+02  5.551429e+01
     vertex  1.800000e+02  2.200000e+02  4.898286e+01
     vertex  1.800000e+02  2.150000e+02  5.255429e+01
   endloop
 endfacet
 facet normal -1.000000e+00  0.000000e+00  0.000000e+00
   outer loop
     vertex  1.800000e+02  2.150000e+02  8.000000e+00
     vertex  1.800000e+02  2.150000e+02  5.255429e+01
     vertex  1.800000e+02  2.200000e+02  4.898286e+01
   endloop
 endfacet
 facet normal -1.000000e+00  0.000000e+00  0.000000e+00
   outer loop
     vertex  1.800000e+02  2.200000e+02  0.000000e+00
     vertex  1.800000e+02  2.150000e+02  8.000000e+00
     vertex  1.800000e+02  2.200000e+02  4.898286e+01
   endloop
 endfacet
 facet normal -1.000000e+00  0.000000e+00  0.000000e+00
   outer loop
     vertex  1.800000e+02  1.830886e+02  0.000000e+00
     vertex  1.800000e+02  1.802314e+02  8.000000e+00
     vertex  1.800000e+02  2.150000e+02  8.000000e+00
   endloop
 endfacet
 facet normal -1.000000e+00  0.000000e+00  0.000000e+00
   outer loop
     vertex  1.800000e+02  1.830886e+02  0.000000e+00
     vertex  1.800000e+02  2.150000e+02  8.000000e+00
     vertex  1.800000e+02  2.200000e+02  0.000000e+00
   endloop
 endfacet
 facet normal -0.000000e+00 -1.000000e+00  0.000000e+00
   outer loop
     vertex  3.600000e+02  0.000000e+00  8.000000e+00
     vertex  1.800000e+02  0.000000e+00  8.000000e+00
     vertex  1.800000e+02  0.000000e+00  0.000000e+00
   endloop
 endfacet
 facet normal  0.000000e+00 -1.000000e+00  0.000000e+00
   outer loop
     vertex  3.660000e+02  0.000000e+00  8.000000e+00
     vertex  3.660000e+02  0.000000e+00  2.380000e+02
     vertex  3.600000e+02  0.000000e+00  2.380000e+02
   endloop
 endfacet
 facet normal  0.000000e+00 -1.000000e+00  0.000000e+00
   outer loop
     vertex  3.660000e+02  0.000000e+00  8.000000e+00
     vertex  3.600000e+02  0.000000e+00  2.380000e+02
     vertex  3.600000e+02  0.000000e+00  8.000000e+00
   endloop
 endfacet
 facet normal  0.000000e+00 -1.000000e+00  0.000000e+00
   outer loop
     vertex  4.100000e+02  0.000000e+00  0.000000e+00
     vertex  4.100000e+02  0.000000e+00  8.000000e+00
     vertex  3.660000e+02  0.000000e+00  8.000000e+00
   endloop
 endfacet
 facet normal  0.000000e+00 -1.000000e+00  0.000000e+00
   outer loop
     vertex  4.100000e+02  0.000000e+00  0.000000e+00
     vertex  3.660000e+02  0.000000e+00  8.000000e+00
     vertex  3.600000e+02  0.000000e+00  8.000000e+00
   endloop
 endfacet
 facet normal  0.000000e+00 -1.000000e+00  0.000000e+00
   outer loop
     vertex  1.800000e+02  0.000000e+00  0.000000e+00
     vertex  4.100000e+02  0.000000e+00  0.000000e+00
     vertex  3.600000e+02  0.000000e+00  8.000000e+00
   endloop
 endfacet
 facet normal  1.000000e+00  9.207187e-15  5.754492e-15
   outer loop
     vertex  4.100000e+02  1.829571e+02  0.000000e+00
     vertex  4.100000e+02  2.200000e+02  0.000000e+00
     vertex  4.100000e+02  2.150000e+02  8.000000e+00
   endloop
 endfacet
 facet normal  1.000000e+00  9.732669e-15  3.649751e-15
   outer loop
     vertex  4.100000e+02  1.799571e+02  8.000000e+00
     vertex  4.100000e+02  1.829571e+02  0.000000e+00
     vertex  4.100000e+02  2.150000e+02  8.000000e+00
   endloop
 endfacet
 facet normal  1.000000e+00 -1.112694e-14 -6.954336e-15
   outer loop
     vertex  4.100000e+02  2.200000e+02  4.904286e+01
     vertex  4.100000e+02  2.150000e+02  8.000000e+00
     vertex  4.100000e+02  2.200000e+02  0.000000e+00
   endloop
 endfacet
 facet normal  1.000000e+00 -6.821210e-14  0.000000e+00
   outer loop
     vertex  4.100000e+02  2.150000e+02  5.288901e+01
     vertex  4.100000e+02  2.150000e+02  8.000000e+00
     vertex  4.100000e+02  2.200000e+02  4.904286e+01
   endloop
 endfacet
 facet normal  0.000000e+00  1.000000e+00  0.000000e+00
   outer loop
     vertex  1.948000e+02  2.200000e+02  5.194286e+01
     vertex  1.800000e+02  2.200000e+02  0.000000e+00
     vertex  1.800000e+02  2.200000e+02  4.898286e+01
   endloop
 endfacet
 facet normal  0.000000e+00  1.000000e+00  0.000000e+00
   outer loop
     vertex  1.800000e+02  2.200000e+02  1.629829e+02
     vertex  1.948000e+02  2.200000e+02  8.005714e+01
     vertex  1.800000e+02  2.200000e+02  8.301714e+01
   endloop
 endfacet
 facet normal  0.000000e+00  1.000000e+00  0.000000e+00
   outer loop
     vertex  1.948000e+02  2.200000e+02  1.659429e+02
     vertex  1.948000e+02  2.200000e+02  8.005714e+01
     vertex  1.800000e+02  2.200000e+02  1.629829e+02
   endloop
 endfacet
 facet normal  0.000000e+00  1.000000e+00  0.000000e+00
   outer loop
     vertex  4.100000e+02  2.200000e+02  0.000000e+00
     vertex  1.800000e+02  2.200000e+02  0.000000e+00
     vertex  1.948000e+02  2.200000e+02  5.194286e+01
   endloop
 endfacet
 facet normal  0.000000e+00  1.000000e+00  0.000000e+00
   outer loop
     vertex  1.800000e+02  2.200000e+02  2.380000e+02
     vertex  1.948000e+02  2.200000e+02  1.940571e+02
     vertex  1.800000e+02  2.200000e+02  1.970171e+02
   endloop
 endfacet
 facet normal  0.000000e+00  1.000000e+00  0.000000e+00
   outer loop
     vertex  4.100000e+02  2.200000e+02  4.904286e+01
     vertex  4.100000e+02  2.200000e+02  0.000000e+00
     vertex  1.948000e+02  2.200000e+02  5.194286e+01
   endloop
 endfacet
 facet normal  0.000000e+00  1.000000e+00  0.000000e+00
   outer loop
     vertex  4.100000e+02  2.200000e+02  8.295714e+01
     vertex  1.948000e+02  2.200000e+02  5.194286e+01
     vertex  1.948000e+02  2.200000e+02  8.005714e+01
   endloop
 endfacet
 facet normal  0.000000e+00  1.000000e+00  0.000000e+00
   outer loop
     vertex  4.100000e+02  2.200000e+02  8.295714e+01
     vertex  4.100000e+02  2.200000e+02  4.904286e+01
     vertex  1.948000e+02  2.200000e+02  5.194286e+01
   endloop
 endfacet
 facet normal  0.000000e+00  1.000000e+00  0.000000e+00
   outer loop
     vertex  4.100000e+02  2.200000e+02  1.630429e+02
     vertex  1.948000e+02  2.200000e+02  1.659429e+02
     vertex  1.948000e+02  2.200000e+02  1.940571e+02
   endloop
 endfacet
 facet normal  0.000000e+00  1.000000e+00  0.000000e+00
   outer loop
     vertex  4.100000e+02  2.200000e+02  1.630429e+02
     vertex  4.100000e+02  2.200000e+02  8.295714e+01
     vertex  1.948000e+02  2.200000e+02  8.005714e+01
   endloop
 endfacet
 facet normal  0.000000e+00  1.000000e+00  0.000000e+00
   outer loop
     vertex  4.100000e+02  2.200000e+02  1.630429e+02
     vertex  1.948000e+02  2.200000e+02  8.005714e+01
     vertex  1.948000e+02  2.200000e+02  1.659429e+02
   endloop
 endfacet
 facet normal  0.000000e+00  1.000000e+00  0.000000e+00
   outer loop
     vertex  4.100000e+02  2.200000e+02  1.969571e+02
     vertex  4.100000e+02  2.200000e+02  1.630429e+02
     vertex  1.948000e+02  2.200000e+02  1.940571e+02
   endloop
 endfacet
 facet normal  0.000000e+00  1.000000e+00  0.000000e+00
   outer loop
     vertex  4.100000e+02  2.200000e+02  2.380000e+02
     vertex  1.948000e+02  2.200000e+02  1.940571e+02
     vertex  1.800000e+02  2.200000e+02  2.380000e+02
   endloop
 endfacet
 facet normal  0.000000e+00  1.000000e+00  0.000000e+00
   outer loop
     vertex  4.100000e+02  2.200000e+02  2.380000e+02
     vertex  4.100000e+02  2.200000e+02  1.969571e+02
     vertex  1.948000e+02  2.200000e+02  1.940571e+02
   endloop
 endfacet
 facet normal  0.000000e+00  0.000000e+00  1.000000e+00
   outer loop
     vertex  3.600000e+02  2.150000e+02  2.380000e+02
     vertex  1.800000e+02  2.200000e+02  2.380000e+02
     vertex  1.800000e+02  2.150000e+02  2.380000e+02
   endloop
 endfacet
 facet normal  0.000000e+00  0.000000e+00  1.000000e+00
   outer loop
     vertex  3.660000e+02  2.150000e+02  2.380000e+02
     vertex  3.600000e+02  2.150000e+02  2.380000e+02
     vertex  3.600000e+02  0.000000e+00  2.380000e+02
   endloop
 endfacet
 facet normal  0.000000e+00  0.000000e+00  1.000000e+00
   outer loop
     vertex  3.660000e+02  2.150000e+02  2.380000e+02
     vertex  3.600000e+02  0.000000e+00  2.380000e+02
     vertex  3.660000e+02  0.000000e+00  2.380000e+02
   endloop
 endfacet
 facet normal  0.000000e+00  0.000000e+00  1.000000e+00
   outer loop
     vertex  4.100000e+02  2.200000e+02  2.380000e+02
     vertex  3.660000e+02  2.150000e+02  2.380000e+02
     vertex  4.100000e+02  2.150000e+02  2.380000e+02
   endloop
 endfacet
 facet normal  0.000000e+00  0.000000e+00  1.000000e+00
   outer loop
     vertex  4.100000e+02  2.200000e+02  2.380000e+02
     vertex  1.800000e+02  2.200000e+02  2.380000e+02
     vertex  3.600000e+02  2.150000e+02  2.380000e+02
   endloop
 endfacet
 facet normal  0.000000e+00  0.000000e+00  1.000000e+00
   outer loop
     vertex  4.100000e+02  2.200000e+02  2.380000e+02
     vertex  3.600000e+02  2.150000e+02  2.380000e+02
     vertex  3.660000e+02  2.150000e+02  2.380000e+02
   endloop
 endfacet
endsolid
