solid 
 facet normal  0.000000e+00 -1.000000e+00 -0.000000e+00
   outer loop
     vertex  1.798000e+02  2.150000e+02  5.284615e+01
     vertex  0.000000e+00  2.150000e+02  8.000000e+00
     vertex  1.800000e+02  2.150000e+02  8.000000e+00
   endloop
 endfacet
 facet normal  0.000000e+00 -1.000000e+00 -0.000000e+00
   outer loop
     vertex  1.800000e+02  2.150000e+02  5.288901e+01
     vertex  1.798000e+02  2.150000e+02  5.284615e+01
     vertex  1.800000e+02  2.150000e+02  8.000000e+00
   endloop
 endfacet
 facet normal  0.000000e+00 -1.000000e+00 -0.000000e+00
   outer loop
     vertex  1.798000e+02  2.150000e+02  7.915385e+01
     vertex  0.000000e+00  2.150000e+02  8.000000e+00
     vertex  1.798000e+02  2.150000e+02  5.284615e+01
   endloop
 endfacet
 facet normal -0.000000e+00 -1.000000e+00  0.000000e+00
   outer loop
     vertex  1.798000e+02  2.150000e+02  1.668462e+02
     vertex  0.000000e+00  2.150000e+02  2.380000e+02
     vertex  0.000000e+00  2.150000e+02  8.000000e+00
   endloop
 endfacet
 facet normal  0.000000e+00 -1.000000e+00  0.000000e+00
   outer loop
     vertex  1.798000e+02  2.150000e+02  1.668462e+02
     vertex  1.798000e+02  2.150000e+02  7.915385e+01
     vertex  1.800000e+02  2.150000e+02  7.911099e+01
   endloop
 endfacet
 facet normal  0.000000e+00 -1.000000e+00 -0.000000e+00
   outer loop
     vertex  1.798000e+02  2.150000e+02  1.668462e+02
     vertex  0.000000e+00  2.150000e+02  8.000000e+00
     vertex  1.798000e+02  2.150000e+02  7.915385e+01
   endloop
 endfacet
 facet normal  0.000000e+00 -1.000000e+00 -0.000000e+00
   outer loop
     vertex  1.800000e+02  2.150000e+02  1.668890e+02
     vertex  1.798000e+02  2.150000e+02  1.668462e+02
     vertex  1.800000e+02  2.150000e+02  7.911099e+01
   endloop
 endfacet
 facet normal -0.000000e+00 -1.000000e+00 -0.000000e+00
   outer loop
     vertex  1.798000e+02  2.150000e+02  1.931538e+02
     vertex  0.000000e+00  2.150000e+02  2.380000e+02
     vertex  1.798000e+02  2.150000e+02  1.668462e+02
   endloop
 endfacet
 facet normal  0.000000e+00 -1.000000e+00 -0.000000e+00
   outer loop
     vertex  1.800000e+02  2.150000e+02  2.380000e+02
     vertex  1.798000e+02  2.150000e+02  1.931538e+02
     vertex  1.800000e+02  2.150000e+02  1.931110e+02
   endloop
 endfacet
 facet normal -0.000000e+00 -1.000000e+00  0.000000e+00
   outer loop
     vertex  1.800000e+02  2.150000e+02  2.380000e+02
     vertex  0.000000e+00  2.150000e+02  2.380000e+02
     vertex  1.798000e+02  2.150000e+02  1.931538e+02
   endloop
 endfacet
 facet normal  1.674498e-01 -6.011020e-01 -7.814326e-01
   outer loop
     vertex  1.798000e+02  2.148000e+02  5.300000e+01
     vertex  1.798000e+02  2.150000e+02  5.284615e+01
     vertex  1.800000e+02  2.150000e+02  5.288901e+01
   endloop
 endfacet
 facet normal  1.674498e-01 -6.011020e-01 -7.814326e-01
   outer loop
     vertex  1.938000e+02  2.200000e+02  5.200000e+01
     vertex  1.800000e+02  2.150000e+02  5.288901e+01
     vertex  1.800000e+02  2.200000e+02  4.904286e+01
   endloop
 endfacet
 facet normal  1.674498e-01 -6.011020e-01 -7.814326e-01
   outer loop
     vertex  1.938000e+02  2.148000e+02  5.600000e+01
     vertex  1.800000e+02  2.150000e+02  5.288901e+01
     vertex  1.938000e+02  2.200000e+02  5.200000e+01
   endloop
 endfacet
 facet normal  1.674498e-01 -6.011020e-01 -7.814326e-01
   outer loop
     vertex  1.938000e+02  2.148000e+02  5.600000e+01
     vertex  1.798000e+02  2.148000e+02  5.300000e+01
     vertex  1.800000e+02  2.150000e+02  5.288901e+01
   endloop
 endfacet
 facet normal -1.000000e+00  0.000000e+00 -0.000000e+00
   outer loop
     vertex  1.798000e+02  2.150000e+02  7.915385e+01
     vertex  1.798000e+02  2.150000e+02  5.284615e+01
     vertex  1.798000e+02  2.148000e+02  5.300000e+01
   endloop
 endfacet
 facet normal -1.000000e+00  0.000000e+00  0.000000e+00
   outer loop
     vertex  1.798000e+02  2.150000e+02  7.915385e+01
     vertex  1.798000e+02  2.148000e+02  5.300000e+01
     vertex  1.798000e+02  2.148000e+02  7.900000e+01
   endloop
 endfacet
 facet normal  1.674498e-01 -6.011020e-01  7.814326e-01
   outer loop
     vertex  1.800000e+02  2.150000e+02  7.911099e+01
     vertex  1.798000e+02  2.150000e+02  7.915385e+01
     vertex  1.798000e+02  2.148000e+02  7.900000e+01
   endloop
 endfacet
 facet normal  1.674498e-01 -6.011020e-01  7.814326e-01
   outer loop
     vertex  1.938000e+02  2.148000e+02  7.600000e+01
     vertex  1.800000e+02  2.150000e+02  7.911099e+01
     vertex  1.798000e+02  2.148000e+02  7.900000e+01
   endloop
 endfacet
 facet normal  1.674498e-01 -6.011020e-01  7.814326e-01
   outer loop
     vertex  1.938000e+02  2.200000e+02  8.000000e+01
     vertex  1.800000e+02  2.200000e+02  8.295714e+01
     vertex  1.800000e+02  2.150000e+02  7.911099e+01
   endloop
 endfacet
 facet normal  1.674498e-01 -6.011020e-01  7.814326e-01
   outer loop
     vertex  1.938000e+02  2.200000e+02  8.000000e+01
     vertex  1.800000e+02  2.150000e+02  7.911099e+01
     vertex  1.938000e+02  2.148000e+02  7.600000e+01
   endloop
 endfacet
 facet normal  1.000000e+00 -6.252776e-14  0.000000e+00
   outer loop
     vertex  1.800000e+02  2.200000e+02  1.630429e+02
     vertex  1.800000e+02  2.150000e+02  7.911099e+01
     vertex  1.800000e+02  2.200000e+02  8.295714e+01
   endloop
 endfacet
 facet normal  1.000000e+00 -6.252776e-14  0.000000e+00
   outer loop
     vertex  1.800000e+02  2.150000e+02  1.668890e+02
     vertex  1.800000e+02  2.150000e+02  7.911099e+01
     vertex  1.800000e+02  2.200000e+02  1.630429e+02
   endloop
 endfacet
 facet normal  1.674498e-01 -6.011020e-01 -7.814326e-01
   outer loop
     vertex  1.798000e+02  2.148000e+02  1.670000e+02
     vertex  1.798000e+02  2.150000e+02  1.668462e+02
     vertex  1.800000e+02  2.150000e+02  1.668890e+02
   endloop
 endfacet
 facet normal  1.674498e-01 -6.011020e-01 -7.814326e-01
   outer loop
     vertex  1.938000e+02  2.200000e+02  1.660000e+02
     vertex  1.800000e+02  2.150000e+02  1.668890e+02
     vertex  1.800000e+02  2.200000e+02  1.630429e+02
   endloop
 endfacet
 facet normal  1.674498e-01 -6.011020e-01 -7.814326e-01
   outer loop
     vertex  1.938000e+02  2.148000e+02  1.700000e+02
     vertex  1.800000e+02  2.150000e+02  1.668890e+02
     vertex  1.938000e+02  2.200000e+02  1.660000e+02
   endloop
 endfacet
 facet normal  1.674498e-01 -6.011020e-01 -7.814326e-01
   outer loop
     vertex  1.938000e+02  2.148000e+02  1.700000e+02
     vertex  1.798000e+02  2.148000e+02  1.670000e+02
     vertex  1.800000e+02  2.150000e+02  1.668890e+02
   endloop
 endfacet
 facet normal -1.000000e+00  0.000000e+00  0.000000e+00
   outer loop
     vertex  1.798000e+02  2.148000e+02  1.930000e+02
     vertex  1.798000e+02  2.150000e+02  1.668462e+02
     vertex  1.798000e+02  2.148000e+02  1.670000e+02
   endloop
 endfacet
 facet normal -1.000000e+00  0.000000e+00 -0.000000e+00
   outer loop
     vertex  1.798000e+02  2.150000e+02  1.931538e+02
     vertex  1.798000e+02  2.150000e+02  1.668462e+02
     vertex  1.798000e+02  2.148000e+02  1.930000e+02
   endloop
 endfacet
 facet normal  1.674498e-01 -6.011020e-01  7.814326e-01
   outer loop
     vertex  1.800000e+02  2.150000e+02  1.931110e+02
     vertex  1.798000e+02  2.150000e+02  1.931538e+02
     vertex  1.798000e+02  2.148000e+02  1.930000e+02
   endloop
 endfacet
 facet normal  1.674498e-01 -6.011020e-01  7.814326e-01
   outer loop
     vertex  1.938000e+02  2.148000e+02  1.900000e+02
     vertex  1.800000e+02  2.150000e+02  1.931110e+02
     vertex  1.798000e+02  2.148000e+02  1.930000e+02
   endloop
 endfacet
 facet normal  1.674498e-01 -6.011020e-01  7.814326e-01
   outer loop
     vertex  1.938000e+02  2.200000e+02  1.940000e+02
     vertex  1.800000e+02  2.200000e+02  1.969571e+02
     vertex  1.800000e+02  2.150000e+02  1.931110e+02
   endloop
 endfacet
 facet normal  1.674498e-01 -6.011020e-01  7.814326e-01
   outer loop
     vertex  1.938000e+02  2.200000e+02  1.940000e+02
     vertex  1.800000e+02  2.150000e+02  1.931110e+02
     vertex  1.938000e+02  2.148000e+02  1.900000e+02
   endloop
 endfacet
 facet normal  1.000000e+00 -6.252776e-14  0.000000e+00
   outer loop
     vertex  1.800000e+02  2.150000e+02  2.380000e+02
     vertex  1.800000e+02  2.150000e+02  1.931110e+02
     vertex  1.800000e+02  2.200000e+02  1.969571e+02
   endloop
 endfacet
 facet normal  1.000000e+00 -0.000000e+00  7.617374e-15
   outer loop
     vertex  1.800000e+02  2.150000e+02  2.380000e+02
     vertex  1.800000e+02  2.200000e+02  1.969571e+02
     vertex  1.800000e+02  2.200000e+02  2.380000e+02
   endloop
 endfacet
 facet normal  0.000000e+00  0.000000e+00  1.000000e+00
   outer loop
     vertex  1.800000e+02  2.150000e+02  2.380000e+02
     vertex  0.000000e+00  2.200000e+02  2.380000e+02
     vertex  0.000000e+00  2.150000e+02  2.380000e+02
   endloop
 endfacet
 facet normal  0.000000e+00  0.000000e+00  1.000000e+00
   outer loop
     vertex  1.800000e+02  2.200000e+02  2.380000e+02
     vertex  0.000000e+00  2.200000e+02  2.380000e+02
     vertex  1.800000e+02  2.150000e+02  2.380000e+02
   endloop
 endfacet
 facet normal  0.000000e+00  1.000000e+00  0.000000e+00
   outer loop
     vertex  1.817250e+02  2.200000e+02  6.185312e+01
     vertex  1.800000e+02  2.200000e+02  4.904286e+01
     vertex  1.800000e+02  2.200000e+02  8.295714e+01
   endloop
 endfacet
 facet normal  0.000000e+00  1.000000e+00  0.000000e+00
   outer loop
     vertex  1.817250e+02  2.200000e+02  6.185312e+01
     vertex  1.800000e+02  2.200000e+02  8.295714e+01
     vertex  1.817250e+02  2.200000e+02  7.844062e+01
   endloop
 endfacet
 facet normal  0.000000e+00  1.000000e+00 -0.000000e+00
   outer loop
     vertex  1.817250e+02  2.200000e+02  6.185312e+01
     vertex  1.817250e+02  2.200000e+02  7.844062e+01
     vertex  1.834500e+02  2.200000e+02  7.410893e+01
   endloop
 endfacet
 facet normal  0.000000e+00  1.000000e+00  0.000000e+00
   outer loop
     vertex  1.869000e+02  2.200000e+02  7.373929e+01
     vertex  1.851750e+02  2.200000e+02  6.996205e+01
     vertex  1.834500e+02  2.200000e+02  7.410893e+01
   endloop
 endfacet
 facet normal -0.000000e+00  1.000000e+00  0.000000e+00
   outer loop
     vertex  1.929375e+02  2.200000e+02  7.486551e+01
     vertex  1.938000e+02  2.200000e+02  8.000000e+01
     vertex  1.938000e+02  2.200000e+02  5.200000e+01
   endloop
 endfacet
 facet normal  0.000000e+00  1.000000e+00  0.000000e+00
   outer loop
     vertex  1.834500e+02  2.200000e+02  6.600000e+01
     vertex  1.851750e+02  2.200000e+02  6.996205e+01
     vertex  1.869000e+02  2.200000e+02  6.600000e+01
   endloop
 endfacet
 facet normal  0.000000e+00  1.000000e+00 -0.000000e+00
   outer loop
     vertex  1.834500e+02  2.200000e+02  6.600000e+01
     vertex  1.834500e+02  2.200000e+02  7.410893e+01
     vertex  1.851750e+02  2.200000e+02  6.996205e+01
   endloop
 endfacet
 facet normal  0.000000e+00  1.000000e+00  0.000000e+00
   outer loop
     vertex  1.834500e+02  2.200000e+02  6.600000e+01
     vertex  1.817250e+02  2.200000e+02  6.185312e+01
     vertex  1.834500e+02  2.200000e+02  7.410893e+01
   endloop
 endfacet
 facet normal  0.000000e+00  1.000000e+00  0.000000e+00
   outer loop
     vertex  1.903500e+02  2.200000e+02  6.600000e+01
     vertex  1.869000e+02  2.200000e+02  6.600000e+01
     vertex  1.894875e+02  2.200000e+02  6.786551e+01
   endloop
 endfacet
 facet normal  0.000000e+00  1.000000e+00 -0.000000e+00
   outer loop
     vertex  1.912125e+02  2.200000e+02  6.418069e+01
     vertex  1.903500e+02  2.200000e+02  6.600000e+01
     vertex  1.920750e+02  2.200000e+02  6.959241e+01
   endloop
 endfacet
 facet normal  0.000000e+00  1.000000e+00  0.000000e+00
   outer loop
     vertex  1.821562e+02  2.200000e+02  8.146415e+01
     vertex  1.817250e+02  2.200000e+02  7.844062e+01
     vertex  1.800000e+02  2.200000e+02  8.295714e+01
   endloop
 endfacet
 facet normal  0.000000e+00  1.000000e+00  0.000000e+00
   outer loop
     vertex  1.830188e+02  2.200000e+02  7.925209e+01
     vertex  1.817250e+02  2.200000e+02  7.844062e+01
     vertex  1.821562e+02  2.200000e+02  8.146415e+01
   endloop
 endfacet
 facet normal  0.000000e+00  1.000000e+00 -0.000000e+00
   outer loop
     vertex  1.830188e+02  2.200000e+02  7.925209e+01
     vertex  1.821562e+02  2.200000e+02  8.146415e+01
     vertex  1.843125e+02  2.200000e+02  8.002891e+01
   endloop
 endfacet
 facet normal  0.000000e+00  1.000000e+00  0.000000e+00
   outer loop
     vertex  1.838813e+02  2.200000e+02  7.708624e+01
     vertex  1.834500e+02  2.200000e+02  7.410893e+01
     vertex  1.817250e+02  2.200000e+02  7.844062e+01
   endloop
 endfacet
 facet normal  0.000000e+00  1.000000e+00  0.000000e+00
   outer loop
     vertex  1.838813e+02  2.200000e+02  7.708624e+01
     vertex  1.817250e+02  2.200000e+02  7.844062e+01
     vertex  1.830188e+02  2.200000e+02  7.925209e+01
   endloop
 endfacet
 facet normal  0.000000e+00  1.000000e+00 -0.000000e+00
   outer loop
     vertex  1.847438e+02  2.200000e+02  7.496660e+01
     vertex  1.838813e+02  2.200000e+02  7.708624e+01
     vertex  1.860375e+02  2.200000e+02  7.578962e+01
   endloop
 endfacet
 facet normal  0.000000e+00  1.000000e+00  0.000000e+00
   outer loop
     vertex  1.847438e+02  2.200000e+02  7.496660e+01
     vertex  1.869000e+02  2.200000e+02  7.373929e+01
     vertex  1.834500e+02  2.200000e+02  7.410893e+01
   endloop
 endfacet
 facet normal  0.000000e+00  1.000000e+00  0.000000e+00
   outer loop
     vertex  1.847438e+02  2.200000e+02  7.496660e+01
     vertex  1.834500e+02  2.200000e+02  7.410893e+01
     vertex  1.838813e+02  2.200000e+02  7.708624e+01
   endloop
 endfacet
 facet normal -0.000000e+00  1.000000e+00  0.000000e+00
   outer loop
     vertex  1.847438e+02  2.200000e+02  7.496660e+01
     vertex  1.860375e+02  2.200000e+02  7.578962e+01
     vertex  1.869000e+02  2.200000e+02  7.373929e+01
   endloop
 endfacet
 facet normal  0.000000e+00  1.000000e+00 -0.000000e+00
   outer loop
     vertex  1.873313e+02  2.200000e+02  7.657799e+01
     vertex  1.864688e+02  2.200000e+02  7.865142e+01
     vertex  1.886250e+02  2.200000e+02  7.733170e+01
   endloop
 endfacet
 facet normal  0.000000e+00  1.000000e+00 -0.000000e+00
   outer loop
     vertex  1.899188e+02  2.200000e+02  7.805075e+01
     vertex  1.890563e+02  2.200000e+02  8.007799e+01
     vertex  1.912125e+02  2.200000e+02  7.873516e+01
   endloop
 endfacet
 facet normal  0.000000e+00  1.000000e+00  0.000000e+00
   outer loop
     vertex  1.925063e+02  2.200000e+02  7.938491e+01
     vertex  1.929375e+02  2.200000e+02  7.486551e+01
     vertex  1.912125e+02  2.200000e+02  7.873516e+01
   endloop
 endfacet
 facet normal -0.000000e+00  1.000000e+00  0.000000e+00
   outer loop
     vertex  1.925063e+02  2.200000e+02  7.938491e+01
     vertex  1.938000e+02  2.200000e+02  8.000000e+01
     vertex  1.929375e+02  2.200000e+02  7.486551e+01
   endloop
 endfacet
 facet normal  0.000000e+00  1.000000e+00  0.000000e+00
   outer loop
     vertex  1.877625e+02  2.200000e+02  7.555859e+01
     vertex  1.860375e+02  2.200000e+02  7.578962e+01
     vertex  1.873313e+02  2.200000e+02  7.657799e+01
   endloop
 endfacet
 facet normal  0.000000e+00  1.000000e+00  0.000000e+00
   outer loop
     vertex  1.877625e+02  2.200000e+02  7.555859e+01
     vertex  1.869000e+02  2.200000e+02  7.373929e+01
     vertex  1.860375e+02  2.200000e+02  7.578962e+01
   endloop
 endfacet
 facet normal  0.000000e+00  1.000000e+00 -0.000000e+00
   outer loop
     vertex  1.877625e+02  2.200000e+02  7.555859e+01
     vertex  1.873313e+02  2.200000e+02  7.657799e+01
     vertex  1.886250e+02  2.200000e+02  7.733170e+01
   endloop
 endfacet
 facet normal  0.000000e+00  1.000000e+00  0.000000e+00
   outer loop
     vertex  1.907813e+02  2.200000e+02  7.606973e+01
     vertex  1.886250e+02  2.200000e+02  7.733170e+01
     vertex  1.899188e+02  2.200000e+02  7.805075e+01
   endloop
 endfacet
 facet normal  0.000000e+00  1.000000e+00 -0.000000e+00
   outer loop
     vertex  1.907813e+02  2.200000e+02  7.606973e+01
     vertex  1.899188e+02  2.200000e+02  7.805075e+01
     vertex  1.912125e+02  2.200000e+02  7.873516e+01
   endloop
 endfacet
 facet normal -0.000000e+00  1.000000e+00  0.000000e+00
   outer loop
     vertex  1.907813e+02  2.200000e+02  7.606973e+01
     vertex  1.912125e+02  2.200000e+02  7.873516e+01
     vertex  1.929375e+02  2.200000e+02  7.486551e+01
   endloop
 endfacet
 facet normal  0.000000e+00  1.000000e+00 -0.000000e+00
   outer loop
     vertex  1.916438e+02  2.200000e+02  7.413491e+01
     vertex  1.907813e+02  2.200000e+02  7.606973e+01
     vertex  1.929375e+02  2.200000e+02  7.486551e+01
   endloop
 endfacet
 facet normal  0.000000e+00  1.000000e+00  0.000000e+00
   outer loop
     vertex  1.916438e+02  2.200000e+02  7.413491e+01
     vertex  1.920750e+02  2.200000e+02  6.959241e+01
     vertex  1.903500e+02  2.200000e+02  7.336964e+01
   endloop
 endfacet
 facet normal -0.000000e+00  1.000000e+00  0.000000e+00
   outer loop
     vertex  1.916438e+02  2.200000e+02  7.413491e+01
     vertex  1.929375e+02  2.200000e+02  7.486551e+01
     vertex  1.920750e+02  2.200000e+02  6.959241e+01
   endloop
 endfacet
 facet normal  0.000000e+00  1.000000e+00  0.000000e+00
   outer loop
     vertex  1.881938e+02  2.200000e+02  7.075042e+01
     vertex  1.851750e+02  2.200000e+02  6.996205e+01
     vertex  1.869000e+02  2.200000e+02  7.373929e+01
   endloop
 endfacet
 facet normal  0.000000e+00  1.000000e+00  0.000000e+00
   outer loop
     vertex  1.873313e+02  2.200000e+02  6.888491e+01
     vertex  1.894875e+02  2.200000e+02  6.786551e+01
     vertex  1.869000e+02  2.200000e+02  6.600000e+01
   endloop
 endfacet
 facet normal  0.000000e+00  1.000000e+00  0.000000e+00
   outer loop
     vertex  1.873313e+02  2.200000e+02  6.888491e+01
     vertex  1.869000e+02  2.200000e+02  6.600000e+01
     vertex  1.851750e+02  2.200000e+02  6.996205e+01
   endloop
 endfacet
 facet normal  0.000000e+00  1.000000e+00 -0.000000e+00
   outer loop
     vertex  1.873313e+02  2.200000e+02  6.888491e+01
     vertex  1.851750e+02  2.200000e+02  6.996205e+01
     vertex  1.881938e+02  2.200000e+02  7.075042e+01
   endloop
 endfacet
 facet normal  0.000000e+00  1.000000e+00 -0.000000e+00
   outer loop
     vertex  1.830188e+02  2.200000e+02  6.294182e+01
     vertex  1.817250e+02  2.200000e+02  6.185312e+01
     vertex  1.834500e+02  2.200000e+02  6.600000e+01
   endloop
 endfacet
 facet normal  0.000000e+00  1.000000e+00  0.000000e+00
   outer loop
     vertex  1.830188e+02  2.200000e+02  6.294182e+01
     vertex  1.834500e+02  2.200000e+02  6.600000e+01
     vertex  1.843125e+02  2.200000e+02  6.399587e+01
   endloop
 endfacet
 facet normal  0.000000e+00  1.000000e+00 -0.000000e+00
   outer loop
     vertex  1.856063e+02  2.200000e+02  6.501526e+01
     vertex  1.834500e+02  2.200000e+02  6.600000e+01
     vertex  1.869000e+02  2.200000e+02  6.600000e+01
   endloop
 endfacet
 facet normal  0.000000e+00  1.000000e+00  0.000000e+00
   outer loop
     vertex  1.856063e+02  2.200000e+02  6.501526e+01
     vertex  1.843125e+02  2.200000e+02  6.399587e+01
     vertex  1.834500e+02  2.200000e+02  6.600000e+01
   endloop
 endfacet
 facet normal  0.000000e+00  1.000000e+00  0.000000e+00
   outer loop
     vertex  1.907813e+02  2.200000e+02  6.874629e+01
     vertex  1.903500e+02  2.200000e+02  6.600000e+01
     vertex  1.894875e+02  2.200000e+02  6.786551e+01
   endloop
 endfacet
 facet normal -0.000000e+00  1.000000e+00  0.000000e+00
   outer loop
     vertex  1.907813e+02  2.200000e+02  6.874629e+01
     vertex  1.920750e+02  2.200000e+02  6.959241e+01
     vertex  1.903500e+02  2.200000e+02  6.600000e+01
   endloop
 endfacet
 facet normal  0.000000e+00  1.000000e+00  0.000000e+00
   outer loop
     vertex  1.864688e+02  2.200000e+02  6.308044e+01
     vertex  1.843125e+02  2.200000e+02  6.399587e+01
     vertex  1.856063e+02  2.200000e+02  6.501526e+01
   endloop
 endfacet
 facet normal  0.000000e+00  1.000000e+00  0.000000e+00
   outer loop
     vertex  1.899188e+02  2.200000e+02  6.321906e+01
     vertex  1.894875e+02  2.200000e+02  6.040346e+01
     vertex  1.886250e+02  2.200000e+02  6.222277e+01
   endloop
 endfacet
 facet normal  0.000000e+00  1.000000e+00  0.000000e+00
   outer loop
     vertex  1.817250e+02  2.200000e+02  5.355938e+01
     vertex  1.800000e+02  2.200000e+02  4.904286e+01
     vertex  1.817250e+02  2.200000e+02  6.185312e+01
   endloop
 endfacet
 facet normal  0.000000e+00  1.000000e+00 -0.000000e+00
   outer loop
     vertex  1.817250e+02  2.200000e+02  5.355938e+01
     vertex  1.817250e+02  2.200000e+02  6.185312e+01
     vertex  1.834500e+02  2.200000e+02  5.789107e+01
   endloop
 endfacet
 facet normal -0.000000e+00  1.000000e+00  0.000000e+00
   outer loop
     vertex  1.881938e+02  2.200000e+02  5.934941e+01
     vertex  1.894875e+02  2.200000e+02  6.040346e+01
     vertex  1.903500e+02  2.200000e+02  5.863036e+01
   endloop
 endfacet
 facet normal  0.000000e+00  1.000000e+00  0.000000e+00
   outer loop
     vertex  1.812938e+02  2.200000e+02  5.036258e+01
     vertex  1.817250e+02  2.200000e+02  5.355938e+01
     vertex  1.825875e+02  2.200000e+02  5.164766e+01
   endloop
 endfacet
 facet normal  0.000000e+00  1.000000e+00 -0.000000e+00
   outer loop
     vertex  1.812938e+02  2.200000e+02  5.036258e+01
     vertex  1.800000e+02  2.200000e+02  4.904286e+01
     vertex  1.817250e+02  2.200000e+02  5.355938e+01
   endloop
 endfacet
 facet normal  0.000000e+00  1.000000e+00  0.000000e+00
   outer loop
     vertex  1.838813e+02  2.200000e+02  5.289807e+01
     vertex  1.825875e+02  2.200000e+02  5.164766e+01
     vertex  1.817250e+02  2.200000e+02  5.355938e+01
   endloop
 endfacet
 facet normal  0.000000e+00  1.000000e+00  0.000000e+00
   outer loop
     vertex  1.890563e+02  2.200000e+02  5.755321e+01
     vertex  1.869000e+02  2.200000e+02  5.826071e+01
     vertex  1.881938e+02  2.200000e+02  5.934941e+01
   endloop
 endfacet
 facet normal  0.000000e+00  1.000000e+00 -0.000000e+00
   outer loop
     vertex  1.890563e+02  2.200000e+02  5.755321e+01
     vertex  1.881938e+02  2.200000e+02  5.934941e+01
     vertex  1.903500e+02  2.200000e+02  5.863036e+01
   endloop
 endfacet
 facet normal  0.000000e+00  1.000000e+00  0.000000e+00
   outer loop
     vertex  1.890563e+02  2.200000e+02  5.755321e+01
     vertex  1.877625e+02  2.200000e+02  5.644141e+01
     vertex  1.869000e+02  2.200000e+02  5.826071e+01
   endloop
 endfacet
 facet normal -0.000000e+00  1.000000e+00  0.000000e+00
   outer loop
     vertex  1.890563e+02  2.200000e+02  5.755321e+01
     vertex  1.903500e+02  2.200000e+02  5.863036e+01
     vertex  1.912125e+02  2.200000e+02  5.690346e+01
   endloop
 endfacet
 facet normal  0.000000e+00  1.000000e+00  0.000000e+00
   outer loop
     vertex  1.847438e+02  2.200000e+02  5.105566e+01
     vertex  1.825875e+02  2.200000e+02  5.164766e+01
     vertex  1.838813e+02  2.200000e+02  5.289807e+01
   endloop
 endfacet
 facet normal  0.000000e+00  1.000000e+00  0.000000e+00
   outer loop
     vertex  1.873313e+02  2.200000e+02  5.349874e+01
     vertex  1.851750e+02  2.200000e+02  5.411384e+01
     vertex  1.864688e+02  2.200000e+02  5.529495e+01
   endloop
 endfacet
 facet normal  0.000000e+00  1.000000e+00  0.000000e+00
   outer loop
     vertex  1.886250e+02  2.200000e+02  5.466830e+01
     vertex  1.864688e+02  2.200000e+02  5.529495e+01
     vertex  1.877625e+02  2.200000e+02  5.644141e+01
   endloop
 endfacet
 facet normal  0.000000e+00  1.000000e+00  0.000000e+00
   outer loop
     vertex  1.886250e+02  2.200000e+02  5.466830e+01
     vertex  1.873313e+02  2.200000e+02  5.349874e+01
     vertex  1.864688e+02  2.200000e+02  5.529495e+01
   endloop
 endfacet
 facet normal  0.000000e+00  1.000000e+00  0.000000e+00
   outer loop
     vertex  1.886250e+02  2.200000e+02  5.466830e+01
     vertex  1.894875e+02  2.200000e+02  5.294141e+01
     vertex  1.873313e+02  2.200000e+02  5.349874e+01
   endloop
 endfacet
 facet normal  0.000000e+00  1.000000e+00  0.000000e+00
   outer loop
     vertex  1.925063e+02  2.200000e+02  5.796906e+01
     vertex  1.929375e+02  2.200000e+02  5.358828e+01
     vertex  1.920750e+02  2.200000e+02  5.522277e+01
   endloop
 endfacet
 facet normal -0.000000e+00  1.000000e+00  0.000000e+00
   outer loop
     vertex  1.925063e+02  2.200000e+02  5.796906e+01
     vertex  1.929375e+02  2.200000e+02  7.486551e+01
     vertex  1.938000e+02  2.200000e+02  5.200000e+01
   endloop
 endfacet
 facet normal  0.000000e+00  1.000000e+00  0.000000e+00
   outer loop
     vertex  1.925063e+02  2.200000e+02  5.796906e+01
     vertex  1.920750e+02  2.200000e+02  5.522277e+01
     vertex  1.912125e+02  2.200000e+02  5.690346e+01
   endloop
 endfacet
 facet normal  0.000000e+00  1.000000e+00 -0.000000e+00
   outer loop
     vertex  1.925063e+02  2.200000e+02  5.796906e+01
     vertex  1.920750e+02  2.200000e+02  6.959241e+01
     vertex  1.929375e+02  2.200000e+02  7.486551e+01
   endloop
 endfacet
 facet normal  0.000000e+00  1.000000e+00  0.000000e+00
   outer loop
     vertex  1.925063e+02  2.200000e+02  5.796906e+01
     vertex  1.912125e+02  2.200000e+02  6.418069e+01
     vertex  1.920750e+02  2.200000e+02  6.959241e+01
   endloop
 endfacet
 facet normal  0.000000e+00  1.000000e+00  0.000000e+00
   outer loop
     vertex  1.925063e+02  2.200000e+02  5.796906e+01
     vertex  1.912125e+02  2.200000e+02  5.690346e+01
     vertex  1.903500e+02  2.200000e+02  5.863036e+01
   endloop
 endfacet
 facet normal  0.000000e+00  1.000000e+00  0.000000e+00
   outer loop
     vertex  1.925063e+02  2.200000e+02  5.796906e+01
     vertex  1.938000e+02  2.200000e+02  5.200000e+01
     vertex  1.929375e+02  2.200000e+02  5.358828e+01
   endloop
 endfacet
 facet normal -0.000000e+00  1.000000e+00  0.000000e+00
   outer loop
     vertex  1.907813e+02  2.200000e+02  5.409941e+01
     vertex  1.920750e+02  2.200000e+02  5.522277e+01
     vertex  1.929375e+02  2.200000e+02  5.358828e+01
   endloop
 endfacet
 facet normal  0.000000e+00  1.000000e+00  0.000000e+00
   outer loop
     vertex  1.907813e+02  2.200000e+02  5.409941e+01
     vertex  1.894875e+02  2.200000e+02  5.294141e+01
     vertex  1.886250e+02  2.200000e+02  5.466830e+01
   endloop
 endfacet
 facet normal  0.000000e+00  1.000000e+00 -0.000000e+00
   outer loop
     vertex  1.916438e+02  2.200000e+02  5.244182e+01
     vertex  1.907813e+02  2.200000e+02  5.409941e+01
     vertex  1.929375e+02  2.200000e+02  5.358828e+01
   endloop
 endfacet
 facet normal  0.000000e+00  1.000000e+00  0.000000e+00
   outer loop
     vertex  1.916438e+02  2.200000e+02  5.244182e+01
     vertex  1.894875e+02  2.200000e+02  5.294141e+01
     vertex  1.907813e+02  2.200000e+02  5.409941e+01
   endloop
 endfacet
 facet normal -0.000000e+00  1.000000e+00  0.000000e+00
   outer loop
     vertex  1.916438e+02  2.200000e+02  5.244182e+01
     vertex  1.929375e+02  2.200000e+02  5.358828e+01
     vertex  1.938000e+02  2.200000e+02  5.200000e+01
   endloop
 endfacet
 facet normal  0.000000e+00  1.000000e+00  0.000000e+00
   outer loop
     vertex  1.845281e+02  2.200000e+02  8.148724e+01
     vertex  1.821562e+02  2.200000e+02  8.146415e+01
     vertex  1.800000e+02  2.200000e+02  8.295714e+01
   endloop
 endfacet
 facet normal  0.000000e+00  1.000000e+00  0.000000e+00
   outer loop
     vertex  1.845281e+02  2.200000e+02  8.148724e+01
     vertex  1.843125e+02  2.200000e+02  8.002891e+01
     vertex  1.821562e+02  2.200000e+02  8.146415e+01
   endloop
 endfacet
 facet normal  0.000000e+00  1.000000e+00  0.000000e+00
   outer loop
     vertex  1.866844e+02  2.200000e+02  8.006933e+01
     vertex  1.864688e+02  2.200000e+02  7.865142e+01
     vertex  1.843125e+02  2.200000e+02  8.002891e+01
   endloop
 endfacet
 facet normal  0.000000e+00  1.000000e+00  0.000000e+00
   outer loop
     vertex  1.866844e+02  2.200000e+02  8.006933e+01
     vertex  1.843125e+02  2.200000e+02  8.002891e+01
     vertex  1.845281e+02  2.200000e+02  8.148724e+01
   endloop
 endfacet
 facet normal  0.000000e+00  1.000000e+00  0.000000e+00
   outer loop
     vertex  1.851750e+02  2.200000e+02  7.788616e+01
     vertex  1.860375e+02  2.200000e+02  7.578962e+01
     vertex  1.838813e+02  2.200000e+02  7.708624e+01
   endloop
 endfacet
 facet normal  0.000000e+00  1.000000e+00  0.000000e+00
   outer loop
     vertex  1.851750e+02  2.200000e+02  7.788616e+01
     vertex  1.838813e+02  2.200000e+02  7.708624e+01
     vertex  1.830188e+02  2.200000e+02  7.925209e+01
   endloop
 endfacet
 facet normal  0.000000e+00  1.000000e+00 -0.000000e+00
   outer loop
     vertex  1.851750e+02  2.200000e+02  7.788616e+01
     vertex  1.843125e+02  2.200000e+02  8.002891e+01
     vertex  1.864688e+02  2.200000e+02  7.865142e+01
   endloop
 endfacet
 facet normal  0.000000e+00  1.000000e+00  0.000000e+00
   outer loop
     vertex  1.851750e+02  2.200000e+02  7.788616e+01
     vertex  1.873313e+02  2.200000e+02  7.657799e+01
     vertex  1.860375e+02  2.200000e+02  7.578962e+01
   endloop
 endfacet
 facet normal -0.000000e+00  1.000000e+00  0.000000e+00
   outer loop
     vertex  1.851750e+02  2.200000e+02  7.788616e+01
     vertex  1.864688e+02  2.200000e+02  7.865142e+01
     vertex  1.873313e+02  2.200000e+02  7.657799e+01
   endloop
 endfacet
 facet normal  0.000000e+00  1.000000e+00  0.000000e+00
   outer loop
     vertex  1.851750e+02  2.200000e+02  7.788616e+01
     vertex  1.830188e+02  2.200000e+02  7.925209e+01
     vertex  1.843125e+02  2.200000e+02  8.002891e+01
   endloop
 endfacet
 facet normal  0.000000e+00  1.000000e+00  0.000000e+00
   outer loop
     vertex  1.877625e+02  2.200000e+02  7.938203e+01
     vertex  1.886250e+02  2.200000e+02  7.733170e+01
     vertex  1.864688e+02  2.200000e+02  7.865142e+01
   endloop
 endfacet
 facet normal  0.000000e+00  1.000000e+00  0.000000e+00
   outer loop
     vertex  1.877625e+02  2.200000e+02  7.938203e+01
     vertex  1.864688e+02  2.200000e+02  7.865142e+01
     vertex  1.866844e+02  2.200000e+02  8.006933e+01
   endloop
 endfacet
 facet normal  0.000000e+00  1.000000e+00  0.000000e+00
   outer loop
     vertex  1.877625e+02  2.200000e+02  7.938203e+01
     vertex  1.899188e+02  2.200000e+02  7.805075e+01
     vertex  1.886250e+02  2.200000e+02  7.733170e+01
   endloop
 endfacet
 facet normal -0.000000e+00  1.000000e+00  0.000000e+00
   outer loop
     vertex  1.877625e+02  2.200000e+02  7.938203e+01
     vertex  1.890563e+02  2.200000e+02  8.007799e+01
     vertex  1.899188e+02  2.200000e+02  7.805075e+01
   endloop
 endfacet
 facet normal  0.000000e+00  1.000000e+00 -0.000000e+00
   outer loop
     vertex  1.877625e+02  2.200000e+02  7.938203e+01
     vertex  1.866844e+02  2.200000e+02  8.006933e+01
     vertex  1.890563e+02  2.200000e+02  8.007799e+01
   endloop
 endfacet
 facet normal  0.000000e+00  1.000000e+00  0.000000e+00
   outer loop
     vertex  1.914281e+02  2.200000e+02  8.005488e+01
     vertex  1.912125e+02  2.200000e+02  7.873516e+01
     vertex  1.890563e+02  2.200000e+02  8.007799e+01
   endloop
 endfacet
 facet normal  0.000000e+00  1.000000e+00  0.000000e+00
   outer loop
     vertex  1.914281e+02  2.200000e+02  8.005488e+01
     vertex  1.938000e+02  2.200000e+02  8.000000e+01
     vertex  1.925063e+02  2.200000e+02  7.938491e+01
   endloop
 endfacet
 facet normal  0.000000e+00  1.000000e+00  0.000000e+00
   outer loop
     vertex  1.914281e+02  2.200000e+02  8.005488e+01
     vertex  1.925063e+02  2.200000e+02  7.938491e+01
     vertex  1.912125e+02  2.200000e+02  7.873516e+01
   endloop
 endfacet
 facet normal  0.000000e+00  1.000000e+00  0.000000e+00
   outer loop
     vertex  1.890563e+02  2.200000e+02  7.444679e+01
     vertex  1.869000e+02  2.200000e+02  7.373929e+01
     vertex  1.877625e+02  2.200000e+02  7.555859e+01
   endloop
 endfacet
 facet normal  0.000000e+00  1.000000e+00  0.000000e+00
   outer loop
     vertex  1.890563e+02  2.200000e+02  7.444679e+01
     vertex  1.877625e+02  2.200000e+02  7.555859e+01
     vertex  1.886250e+02  2.200000e+02  7.733170e+01
   endloop
 endfacet
 facet normal -0.000000e+00  1.000000e+00  0.000000e+00
   outer loop
     vertex  1.890563e+02  2.200000e+02  7.444679e+01
     vertex  1.907813e+02  2.200000e+02  7.606973e+01
     vertex  1.916438e+02  2.200000e+02  7.413491e+01
   endloop
 endfacet
 facet normal  0.000000e+00  1.000000e+00  0.000000e+00
   outer loop
     vertex  1.890563e+02  2.200000e+02  7.444679e+01
     vertex  1.916438e+02  2.200000e+02  7.413491e+01
     vertex  1.903500e+02  2.200000e+02  7.336964e+01
   endloop
 endfacet
 facet normal  0.000000e+00  1.000000e+00 -0.000000e+00
   outer loop
     vertex  1.890563e+02  2.200000e+02  7.444679e+01
     vertex  1.886250e+02  2.200000e+02  7.733170e+01
     vertex  1.907813e+02  2.200000e+02  7.606973e+01
   endloop
 endfacet
 facet normal  0.000000e+00  1.000000e+00 -0.000000e+00
   outer loop
     vertex  1.892719e+02  2.200000e+02  7.208169e+01
     vertex  1.890563e+02  2.200000e+02  7.444679e+01
     vertex  1.903500e+02  2.200000e+02  7.336964e+01
   endloop
 endfacet
 facet normal  0.000000e+00  1.000000e+00  0.000000e+00
   outer loop
     vertex  1.892719e+02  2.200000e+02  7.208169e+01
     vertex  1.869000e+02  2.200000e+02  7.373929e+01
     vertex  1.890563e+02  2.200000e+02  7.444679e+01
   endloop
 endfacet
 facet normal  0.000000e+00  1.000000e+00  0.000000e+00
   outer loop
     vertex  1.892719e+02  2.200000e+02  7.208169e+01
     vertex  1.881938e+02  2.200000e+02  7.075042e+01
     vertex  1.869000e+02  2.200000e+02  7.373929e+01
   endloop
 endfacet
 facet normal  0.000000e+00  1.000000e+00  0.000000e+00
   outer loop
     vertex  1.894875e+02  2.200000e+02  6.973103e+01
     vertex  1.894875e+02  2.200000e+02  6.786551e+01
     vertex  1.873313e+02  2.200000e+02  6.888491e+01
   endloop
 endfacet
 facet normal  0.000000e+00  1.000000e+00  0.000000e+00
   outer loop
     vertex  1.894875e+02  2.200000e+02  6.973103e+01
     vertex  1.873313e+02  2.200000e+02  6.888491e+01
     vertex  1.881938e+02  2.200000e+02  7.075042e+01
   endloop
 endfacet
 facet normal  0.000000e+00  1.000000e+00  0.000000e+00
   outer loop
     vertex  1.894875e+02  2.200000e+02  6.973103e+01
     vertex  1.907813e+02  2.200000e+02  6.874629e+01
     vertex  1.894875e+02  2.200000e+02  6.786551e+01
   endloop
 endfacet
 facet normal  0.000000e+00  1.000000e+00  0.000000e+00
   outer loop
     vertex  1.901344e+02  2.200000e+02  7.015842e+01
     vertex  1.881938e+02  2.200000e+02  7.075042e+01
     vertex  1.892719e+02  2.200000e+02  7.208169e+01
   endloop
 endfacet
 facet normal  0.000000e+00  1.000000e+00  0.000000e+00
   outer loop
     vertex  1.901344e+02  2.200000e+02  7.015842e+01
     vertex  1.894875e+02  2.200000e+02  6.973103e+01
     vertex  1.881938e+02  2.200000e+02  7.075042e+01
   endloop
 endfacet
 facet normal  0.000000e+00  1.000000e+00  0.000000e+00
   outer loop
     vertex  1.901344e+02  2.200000e+02  7.015842e+01
     vertex  1.907813e+02  2.200000e+02  6.874629e+01
     vertex  1.894875e+02  2.200000e+02  6.973103e+01
   endloop
 endfacet
 facet normal  0.000000e+00  1.000000e+00 -0.000000e+00
   outer loop
     vertex  1.901344e+02  2.200000e+02  7.015842e+01
     vertex  1.892719e+02  2.200000e+02  7.208169e+01
     vertex  1.903500e+02  2.200000e+02  7.336964e+01
   endloop
 endfacet
 facet normal  0.000000e+00  1.000000e+00  0.000000e+00
   outer loop
     vertex  1.901344e+02  2.200000e+02  7.015842e+01
     vertex  1.920750e+02  2.200000e+02  6.959241e+01
     vertex  1.907813e+02  2.200000e+02  6.874629e+01
   endloop
 endfacet
 facet normal -0.000000e+00  1.000000e+00  0.000000e+00
   outer loop
     vertex  1.901344e+02  2.200000e+02  7.015842e+01
     vertex  1.903500e+02  2.200000e+02  7.336964e+01
     vertex  1.920750e+02  2.200000e+02  6.959241e+01
   endloop
 endfacet
 facet normal  0.000000e+00  1.000000e+00  0.000000e+00
   outer loop
     vertex  1.836656e+02  2.200000e+02  6.145172e+01
     vertex  1.834500e+02  2.200000e+02  5.789107e+01
     vertex  1.817250e+02  2.200000e+02  6.185312e+01
   endloop
 endfacet
 facet normal  0.000000e+00  1.000000e+00  0.000000e+00
   outer loop
     vertex  1.836656e+02  2.200000e+02  6.145172e+01
     vertex  1.817250e+02  2.200000e+02  6.185312e+01
     vertex  1.830188e+02  2.200000e+02  6.294182e+01
   endloop
 endfacet
 facet normal  0.000000e+00  1.000000e+00  0.000000e+00
   outer loop
     vertex  1.843125e+02  2.200000e+02  6.199174e+01
     vertex  1.836656e+02  2.200000e+02  6.145172e+01
     vertex  1.830188e+02  2.200000e+02  6.294182e+01
   endloop
 endfacet
 facet normal  0.000000e+00  1.000000e+00  0.000000e+00
   outer loop
     vertex  1.843125e+02  2.200000e+02  6.199174e+01
     vertex  1.856063e+02  2.200000e+02  6.107631e+01
     vertex  1.836656e+02  2.200000e+02  6.145172e+01
   endloop
 endfacet
 facet normal  0.000000e+00  1.000000e+00  0.000000e+00
   outer loop
     vertex  1.843125e+02  2.200000e+02  6.199174e+01
     vertex  1.843125e+02  2.200000e+02  6.399587e+01
     vertex  1.864688e+02  2.200000e+02  6.308044e+01
   endloop
 endfacet
 facet normal -0.000000e+00  1.000000e+00  0.000000e+00
   outer loop
     vertex  1.843125e+02  2.200000e+02  6.199174e+01
     vertex  1.864688e+02  2.200000e+02  6.308044e+01
     vertex  1.856063e+02  2.200000e+02  6.107631e+01
   endloop
 endfacet
 facet normal  0.000000e+00  1.000000e+00 -0.000000e+00
   outer loop
     vertex  1.843125e+02  2.200000e+02  6.199174e+01
     vertex  1.830188e+02  2.200000e+02  6.294182e+01
     vertex  1.843125e+02  2.200000e+02  6.399587e+01
   endloop
 endfacet
 facet normal  0.000000e+00  1.000000e+00 -0.000000e+00
   outer loop
     vertex  1.884094e+02  2.200000e+02  6.457921e+01
     vertex  1.869000e+02  2.200000e+02  6.600000e+01
     vertex  1.903500e+02  2.200000e+02  6.600000e+01
   endloop
 endfacet
 facet normal  0.000000e+00  1.000000e+00  0.000000e+00
   outer loop
     vertex  1.884094e+02  2.200000e+02  6.457921e+01
     vertex  1.856063e+02  2.200000e+02  6.501526e+01
     vertex  1.869000e+02  2.200000e+02  6.600000e+01
   endloop
 endfacet
 facet normal  0.000000e+00  1.000000e+00  0.000000e+00
   outer loop
     vertex  1.884094e+02  2.200000e+02  6.457921e+01
     vertex  1.864688e+02  2.200000e+02  6.308044e+01
     vertex  1.856063e+02  2.200000e+02  6.501526e+01
   endloop
 endfacet
 facet normal  0.000000e+00  1.000000e+00  0.000000e+00
   outer loop
     vertex  1.884094e+02  2.200000e+02  6.457921e+01
     vertex  1.899188e+02  2.200000e+02  6.321906e+01
     vertex  1.886250e+02  2.200000e+02  6.222277e+01
   endloop
 endfacet
 facet normal  0.000000e+00  1.000000e+00  0.000000e+00
   outer loop
     vertex  1.884094e+02  2.200000e+02  6.457921e+01
     vertex  1.912125e+02  2.200000e+02  6.418069e+01
     vertex  1.899188e+02  2.200000e+02  6.321906e+01
   endloop
 endfacet
 facet normal  0.000000e+00  1.000000e+00  0.000000e+00
   outer loop
     vertex  1.884094e+02  2.200000e+02  6.457921e+01
     vertex  1.886250e+02  2.200000e+02  6.222277e+01
     vertex  1.864688e+02  2.200000e+02  6.308044e+01
   endloop
 endfacet
 facet normal -0.000000e+00  1.000000e+00  0.000000e+00
   outer loop
     vertex  1.884094e+02  2.200000e+02  6.457921e+01
     vertex  1.903500e+02  2.200000e+02  6.600000e+01
     vertex  1.912125e+02  2.200000e+02  6.418069e+01
   endloop
 endfacet
 facet normal  0.000000e+00  1.000000e+00 -0.000000e+00
   outer loop
     vertex  1.845281e+02  2.200000e+02  5.950535e+01
     vertex  1.836656e+02  2.200000e+02  6.145172e+01
     vertex  1.856063e+02  2.200000e+02  6.107631e+01
   endloop
 endfacet
 facet normal  0.000000e+00  1.000000e+00  0.000000e+00
   outer loop
     vertex  1.845281e+02  2.200000e+02  5.950535e+01
     vertex  1.834500e+02  2.200000e+02  5.789107e+01
     vertex  1.836656e+02  2.200000e+02  6.145172e+01
   endloop
 endfacet
 facet normal  0.000000e+00  1.000000e+00  0.000000e+00
   outer loop
     vertex  1.869000e+02  2.200000e+02  6.019554e+01
     vertex  1.881938e+02  2.200000e+02  5.934941e+01
     vertex  1.869000e+02  2.200000e+02  5.826071e+01
   endloop
 endfacet
 facet normal  0.000000e+00  1.000000e+00  0.000000e+00
   outer loop
     vertex  1.869000e+02  2.200000e+02  6.019554e+01
     vertex  1.856063e+02  2.200000e+02  6.107631e+01
     vertex  1.864688e+02  2.200000e+02  6.308044e+01
   endloop
 endfacet
 facet normal  0.000000e+00  1.000000e+00 -0.000000e+00
   outer loop
     vertex  1.869000e+02  2.200000e+02  6.019554e+01
     vertex  1.864688e+02  2.200000e+02  6.308044e+01
     vertex  1.886250e+02  2.200000e+02  6.222277e+01
   endloop
 endfacet
 facet normal -0.000000e+00  1.000000e+00  0.000000e+00
   outer loop
     vertex  1.869000e+02  2.200000e+02  6.019554e+01
     vertex  1.894875e+02  2.200000e+02  6.040346e+01
     vertex  1.881938e+02  2.200000e+02  5.934941e+01
   endloop
 endfacet
 facet normal  0.000000e+00  1.000000e+00  0.000000e+00
   outer loop
     vertex  1.869000e+02  2.200000e+02  6.019554e+01
     vertex  1.886250e+02  2.200000e+02  6.222277e+01
     vertex  1.894875e+02  2.200000e+02  6.040346e+01
   endloop
 endfacet
 facet normal  0.000000e+00  1.000000e+00  0.000000e+00
   outer loop
     vertex  1.849594e+02  2.200000e+02  5.656269e+01
     vertex  1.877625e+02  2.200000e+02  5.644141e+01
     vertex  1.864688e+02  2.200000e+02  5.529495e+01
   endloop
 endfacet
 facet normal  0.000000e+00  1.000000e+00  0.000000e+00
   outer loop
     vertex  1.849594e+02  2.200000e+02  5.656269e+01
     vertex  1.864688e+02  2.200000e+02  5.529495e+01
     vertex  1.851750e+02  2.200000e+02  5.411384e+01
   endloop
 endfacet
 facet normal -0.000000e+00  1.000000e+00  0.000000e+00
   outer loop
     vertex  1.849594e+02  2.200000e+02  5.656269e+01
     vertex  1.869000e+02  2.200000e+02  5.826071e+01
     vertex  1.877625e+02  2.200000e+02  5.644141e+01
   endloop
 endfacet
 facet normal  0.000000e+00  1.000000e+00 -0.000000e+00
   outer loop
     vertex  1.909969e+02  2.200000e+02  5.915594e+01
     vertex  1.899188e+02  2.200000e+02  6.321906e+01
     vertex  1.912125e+02  2.200000e+02  6.418069e+01
   endloop
 endfacet
 facet normal  0.000000e+00  1.000000e+00  0.000000e+00
   outer loop
     vertex  1.909969e+02  2.200000e+02  5.915594e+01
     vertex  1.894875e+02  2.200000e+02  6.040346e+01
     vertex  1.899188e+02  2.200000e+02  6.321906e+01
   endloop
 endfacet
 facet normal  0.000000e+00  1.000000e+00  0.000000e+00
   outer loop
     vertex  1.909969e+02  2.200000e+02  5.915594e+01
     vertex  1.903500e+02  2.200000e+02  5.863036e+01
     vertex  1.894875e+02  2.200000e+02  6.040346e+01
   endloop
 endfacet
 facet normal -0.000000e+00  1.000000e+00  0.000000e+00
   outer loop
     vertex  1.909969e+02  2.200000e+02  5.915594e+01
     vertex  1.912125e+02  2.200000e+02  6.418069e+01
     vertex  1.925063e+02  2.200000e+02  5.796906e+01
   endloop
 endfacet
 facet normal  0.000000e+00  1.000000e+00  0.000000e+00
   outer loop
     vertex  1.909969e+02  2.200000e+02  5.915594e+01
     vertex  1.925063e+02  2.200000e+02  5.796906e+01
     vertex  1.903500e+02  2.200000e+02  5.863036e+01
   endloop
 endfacet
 facet normal  0.000000e+00  1.000000e+00  0.000000e+00
   outer loop
     vertex  1.860375e+02  2.200000e+02  5.229453e+01
     vertex  1.838813e+02  2.200000e+02  5.289807e+01
     vertex  1.851750e+02  2.200000e+02  5.411384e+01
   endloop
 endfacet
 facet normal  0.000000e+00  1.000000e+00  0.000000e+00
   outer loop
     vertex  1.860375e+02  2.200000e+02  5.229453e+01
     vertex  1.847438e+02  2.200000e+02  5.105566e+01
     vertex  1.838813e+02  2.200000e+02  5.289807e+01
   endloop
 endfacet
 facet normal  0.000000e+00  1.000000e+00 -0.000000e+00
   outer loop
     vertex  1.860375e+02  2.200000e+02  5.229453e+01
     vertex  1.851750e+02  2.200000e+02  5.411384e+01
     vertex  1.873313e+02  2.200000e+02  5.349874e+01
   endloop
 endfacet
 facet normal -0.000000e+00  1.000000e+00  0.000000e+00
   outer loop
     vertex  1.899188e+02  2.200000e+02  5.580321e+01
     vertex  1.912125e+02  2.200000e+02  5.690346e+01
     vertex  1.920750e+02  2.200000e+02  5.522277e+01
   endloop
 endfacet
 facet normal  0.000000e+00  1.000000e+00  0.000000e+00
   outer loop
     vertex  1.899188e+02  2.200000e+02  5.580321e+01
     vertex  1.877625e+02  2.200000e+02  5.644141e+01
     vertex  1.890563e+02  2.200000e+02  5.755321e+01
   endloop
 endfacet
 facet normal  0.000000e+00  1.000000e+00 -0.000000e+00
   outer loop
     vertex  1.899188e+02  2.200000e+02  5.580321e+01
     vertex  1.890563e+02  2.200000e+02  5.755321e+01
     vertex  1.912125e+02  2.200000e+02  5.690346e+01
   endloop
 endfacet
 facet normal  0.000000e+00  1.000000e+00  0.000000e+00
   outer loop
     vertex  1.899188e+02  2.200000e+02  5.580321e+01
     vertex  1.907813e+02  2.200000e+02  5.409941e+01
     vertex  1.886250e+02  2.200000e+02  5.466830e+01
   endloop
 endfacet
 facet normal  0.000000e+00  1.000000e+00  0.000000e+00
   outer loop
     vertex  1.899188e+02  2.200000e+02  5.580321e+01
     vertex  1.886250e+02  2.200000e+02  5.466830e+01
     vertex  1.877625e+02  2.200000e+02  5.644141e+01
   endloop
 endfacet
 facet normal  0.000000e+00  1.000000e+00  0.000000e+00
   outer loop
     vertex  1.899188e+02  2.200000e+02  5.580321e+01
     vertex  1.920750e+02  2.200000e+02  5.522277e+01
     vertex  1.907813e+02  2.200000e+02  5.409941e+01
   endloop
 endfacet
 facet normal  0.000000e+00  1.000000e+00  0.000000e+00
   outer loop
     vertex  1.871156e+02  2.200000e+02  5.201442e+01
     vertex  1.847438e+02  2.200000e+02  5.105566e+01
     vertex  1.860375e+02  2.200000e+02  5.229453e+01
   endloop
 endfacet
 facet normal  0.000000e+00  1.000000e+00 -0.000000e+00
   outer loop
     vertex  1.871156e+02  2.200000e+02  5.201442e+01
     vertex  1.860375e+02  2.200000e+02  5.229453e+01
     vertex  1.873313e+02  2.200000e+02  5.349874e+01
   endloop
 endfacet
 facet normal  0.000000e+00  1.000000e+00  0.000000e+00
   outer loop
     vertex  1.871156e+02  2.200000e+02  5.201442e+01
     vertex  1.873313e+02  2.200000e+02  5.349874e+01
     vertex  1.894875e+02  2.200000e+02  5.294141e+01
   endloop
 endfacet
 facet normal  0.000000e+00  1.000000e+00 -0.000000e+00
   outer loop
     vertex  1.892719e+02  2.200000e+02  5.149751e+01
     vertex  1.871156e+02  2.200000e+02  5.201442e+01
     vertex  1.894875e+02  2.200000e+02  5.294141e+01
   endloop
 endfacet
 facet normal  0.000000e+00  1.000000e+00  0.000000e+00
   outer loop
     vertex  1.892719e+02  2.200000e+02  5.149751e+01
     vertex  1.916438e+02  2.200000e+02  5.244182e+01
     vertex  1.938000e+02  2.200000e+02  5.200000e+01
   endloop
 endfacet
 facet normal  0.000000e+00  1.000000e+00  0.000000e+00
   outer loop
     vertex  1.892719e+02  2.200000e+02  5.149751e+01
     vertex  1.894875e+02  2.200000e+02  5.294141e+01
     vertex  1.916438e+02  2.200000e+02  5.244182e+01
   endloop
 endfacet
 facet normal -0.000000e+00  1.000000e+00 -0.000000e+00
   outer loop
     vertex  1.891641e+02  2.200000e+02  8.075914e+01
     vertex  1.800000e+02  2.200000e+02  8.295714e+01
     vertex  1.938000e+02  2.200000e+02  8.000000e+01
   endloop
 endfacet
 facet normal  0.000000e+00  1.000000e+00  0.000000e+00
   outer loop
     vertex  1.891641e+02  2.200000e+02  8.075914e+01
     vertex  1.938000e+02  2.200000e+02  8.000000e+01
     vertex  1.914281e+02  2.200000e+02  8.005488e+01
   endloop
 endfacet
 facet normal  0.000000e+00  1.000000e+00  0.000000e+00
   outer loop
     vertex  1.891641e+02  2.200000e+02  8.075914e+01
     vertex  1.914281e+02  2.200000e+02  8.005488e+01
     vertex  1.890563e+02  2.200000e+02  8.007799e+01
   endloop
 endfacet
 facet normal  0.000000e+00  1.000000e+00  0.000000e+00
   outer loop
     vertex  1.891641e+02  2.200000e+02  8.075914e+01
     vertex  1.845281e+02  2.200000e+02  8.148724e+01
     vertex  1.800000e+02  2.200000e+02  8.295714e+01
   endloop
 endfacet
 facet normal  0.000000e+00  1.000000e+00  0.000000e+00
   outer loop
     vertex  1.891641e+02  2.200000e+02  8.075914e+01
     vertex  1.890563e+02  2.200000e+02  8.007799e+01
     vertex  1.866844e+02  2.200000e+02  8.006933e+01
   endloop
 endfacet
 facet normal  0.000000e+00  1.000000e+00  0.000000e+00
   outer loop
     vertex  1.891641e+02  2.200000e+02  8.075914e+01
     vertex  1.866844e+02  2.200000e+02  8.006933e+01
     vertex  1.845281e+02  2.200000e+02  8.148724e+01
   endloop
 endfacet
 facet normal  0.000000e+00  1.000000e+00  0.000000e+00
   outer loop
     vertex  1.857141e+02  2.200000e+02  5.887112e+01
     vertex  1.834500e+02  2.200000e+02  5.789107e+01
     vertex  1.845281e+02  2.200000e+02  5.950535e+01
   endloop
 endfacet
 facet normal -0.000000e+00  1.000000e+00  0.000000e+00
   outer loop
     vertex  1.857141e+02  2.200000e+02  5.887112e+01
     vertex  1.869000e+02  2.200000e+02  6.019554e+01
     vertex  1.869000e+02  2.200000e+02  5.826071e+01
   endloop
 endfacet
 facet normal  0.000000e+00  1.000000e+00  0.000000e+00
   outer loop
     vertex  1.857141e+02  2.200000e+02  5.887112e+01
     vertex  1.845281e+02  2.200000e+02  5.950535e+01
     vertex  1.856063e+02  2.200000e+02  6.107631e+01
   endloop
 endfacet
 facet normal  0.000000e+00  1.000000e+00 -0.000000e+00
   outer loop
     vertex  1.857141e+02  2.200000e+02  5.887112e+01
     vertex  1.856063e+02  2.200000e+02  6.107631e+01
     vertex  1.869000e+02  2.200000e+02  6.019554e+01
   endloop
 endfacet
 facet normal  0.000000e+00  1.000000e+00  0.000000e+00
   outer loop
     vertex  1.857141e+02  2.200000e+02  5.887112e+01
     vertex  1.869000e+02  2.200000e+02  5.826071e+01
     vertex  1.849594e+02  2.200000e+02  5.656269e+01
   endloop
 endfacet
 facet normal  0.000000e+00  1.000000e+00  0.000000e+00
   outer loop
     vertex  1.857141e+02  2.200000e+02  5.887112e+01
     vertex  1.849594e+02  2.200000e+02  5.656269e+01
     vertex  1.834500e+02  2.200000e+02  5.789107e+01
   endloop
 endfacet
 facet normal -0.000000e+00  1.000000e+00  0.000000e+00
   outer loop
     vertex  1.833422e+02  2.200000e+02  5.508811e+01
     vertex  1.849594e+02  2.200000e+02  5.656269e+01
     vertex  1.851750e+02  2.200000e+02  5.411384e+01
   endloop
 endfacet
 facet normal  0.000000e+00  1.000000e+00 -0.000000e+00
   outer loop
     vertex  1.833422e+02  2.200000e+02  5.508811e+01
     vertex  1.817250e+02  2.200000e+02  5.355938e+01
     vertex  1.834500e+02  2.200000e+02  5.789107e+01
   endloop
 endfacet
 facet normal  0.000000e+00  1.000000e+00  0.000000e+00
   outer loop
     vertex  1.833422e+02  2.200000e+02  5.508811e+01
     vertex  1.851750e+02  2.200000e+02  5.411384e+01
     vertex  1.838813e+02  2.200000e+02  5.289807e+01
   endloop
 endfacet
 facet normal  0.000000e+00  1.000000e+00  0.000000e+00
   outer loop
     vertex  1.833422e+02  2.200000e+02  5.508811e+01
     vertex  1.838813e+02  2.200000e+02  5.289807e+01
     vertex  1.817250e+02  2.200000e+02  5.355938e+01
   endloop
 endfacet
 facet normal  0.000000e+00  1.000000e+00  0.000000e+00
   outer loop
     vertex  1.833422e+02  2.200000e+02  5.508811e+01
     vertex  1.834500e+02  2.200000e+02  5.789107e+01
     vertex  1.849594e+02  2.200000e+02  5.656269e+01
   endloop
 endfacet
 facet normal -0.000000e+00  1.000000e+00  0.000000e+00
   outer loop
     vertex  1.846359e+02  2.200000e+02  5.028571e+01
     vertex  1.938000e+02  2.200000e+02  5.200000e+01
     vertex  1.800000e+02  2.200000e+02  4.904286e+01
   endloop
 endfacet
 facet normal  0.000000e+00  1.000000e+00  0.000000e+00
   outer loop
     vertex  1.846359e+02  2.200000e+02  5.028571e+01
     vertex  1.800000e+02  2.200000e+02  4.904286e+01
     vertex  1.812938e+02  2.200000e+02  5.036258e+01
   endloop
 endfacet
 facet normal  0.000000e+00  1.000000e+00  0.000000e+00
   outer loop
     vertex  1.846359e+02  2.200000e+02  5.028571e+01
     vertex  1.892719e+02  2.200000e+02  5.149751e+01
     vertex  1.938000e+02  2.200000e+02  5.200000e+01
   endloop
 endfacet
 facet normal  0.000000e+00  1.000000e+00  0.000000e+00
   outer loop
     vertex  1.846359e+02  2.200000e+02  5.028571e+01
     vertex  1.871156e+02  2.200000e+02  5.201442e+01
     vertex  1.892719e+02  2.200000e+02  5.149751e+01
   endloop
 endfacet
 facet normal  0.000000e+00  1.000000e+00  0.000000e+00
   outer loop
     vertex  1.846359e+02  2.200000e+02  5.028571e+01
     vertex  1.812938e+02  2.200000e+02  5.036258e+01
     vertex  1.825875e+02  2.200000e+02  5.164766e+01
   endloop
 endfacet
 facet normal  0.000000e+00  1.000000e+00 -0.000000e+00
   outer loop
     vertex  1.846359e+02  2.200000e+02  5.028571e+01
     vertex  1.825875e+02  2.200000e+02  5.164766e+01
     vertex  1.847438e+02  2.200000e+02  5.105566e+01
   endloop
 endfacet
 facet normal  0.000000e+00  1.000000e+00  0.000000e+00
   outer loop
     vertex  1.846359e+02  2.200000e+02  5.028571e+01
     vertex  1.847438e+02  2.200000e+02  5.105566e+01
     vertex  1.871156e+02  2.200000e+02  5.201442e+01
   endloop
 endfacet
 facet normal  1.000000e+00  0.000000e+00  0.000000e+00
   outer loop
     vertex  1.938000e+02  2.148000e+02  7.600000e+01
     vertex  1.938000e+02  2.148000e+02  5.600000e+01
     vertex  1.938000e+02  2.200000e+02  5.200000e+01
   endloop
 endfacet
 facet normal  1.000000e+00  0.000000e+00  0.000000e+00
   outer loop
     vertex  1.938000e+02  2.200000e+02  8.000000e+01
     vertex  1.938000e+02  2.148000e+02  7.600000e+01
     vertex  1.938000e+02  2.200000e+02  5.200000e+01
   endloop
 endfacet
 facet normal -0.000000e+00 -1.000000e+00  0.000000e+00
   outer loop
     vertex  1.938000e+02  2.148000e+02  7.600000e+01
     vertex  1.798000e+02  2.148000e+02  7.900000e+01
     vertex  1.798000e+02  2.148000e+02  5.300000e+01
   endloop
 endfacet
 facet normal  0.000000e+00 -1.000000e+00 -0.000000e+00
   outer loop
     vertex  1.938000e+02  2.148000e+02  7.600000e+01
     vertex  1.798000e+02  2.148000e+02  5.300000e+01
     vertex  1.938000e+02  2.148000e+02  5.600000e+01
   endloop
 endfacet
 facet normal  0.000000e+00  1.000000e+00  0.000000e+00
   outer loop
     vertex  1.800000e+02  2.200000e+02  1.630429e+02
     vertex  1.800000e+02  2.200000e+02  1.969571e+02
     vertex  1.938000e+02  2.200000e+02  1.940000e+02
   endloop
 endfacet
 facet normal  0.000000e+00  1.000000e+00 -0.000000e+00
   outer loop
     vertex  1.938000e+02  2.200000e+02  1.660000e+02
     vertex  1.800000e+02  2.200000e+02  1.630429e+02
     vertex  1.938000e+02  2.200000e+02  1.940000e+02
   endloop
 endfacet
 facet normal  1.000000e+00  0.000000e+00  0.000000e+00
   outer loop
     vertex  1.938000e+02  2.148000e+02  1.900000e+02
     vertex  1.938000e+02  2.148000e+02  1.700000e+02
     vertex  1.938000e+02  2.200000e+02  1.660000e+02
   endloop
 endfacet
 facet normal  1.000000e+00  0.000000e+00  0.000000e+00
   outer loop
     vertex  1.938000e+02  2.200000e+02  1.940000e+02
     vertex  1.938000e+02  2.148000e+02  1.900000e+02
     vertex  1.938000e+02  2.200000e+02  1.660000e+02
   endloop
 endfacet
 facet normal -0.000000e+00 -1.000000e+00  0.000000e+00
   outer loop
     vertex  1.938000e+02  2.148000e+02  1.900000e+02
     vertex  1.798000e+02  2.148000e+02  1.930000e+02
     vertex  1.798000e+02  2.148000e+02  1.670000e+02
   endloop
 endfacet
 facet normal  0.000000e+00 -1.000000e+00 -0.000000e+00
   outer loop
     vertex  1.938000e+02  2.148000e+02  1.900000e+02
     vertex  1.798000e+02  2.148000e+02  1.670000e+02
     vertex  1.938000e+02  2.148000e+02  1.700000e+02
   endloop
 endfacet
 facet normal -1.000000e+00  0.000000e+00  0.000000e+00
   outer loop
     vertex  0.000000e+00  2.150000e+02  8.000000e+00
     vertex  0.000000e+00  2.150000e+02  2.380000e+02
     vertex  0.000000e+00  2.200000e+02  2.380000e+02
   endloop
 endfacet
 facet normal -1.000000e+00  0.000000e+00  0.000000e+00
   outer loop
     vertex  0.000000e+00  2.200000e+02  0.000000e+00
     vertex  0.000000e+00  2.150000e+02  8.000000e+00
     vertex  0.000000e+00  2.200000e+02  2.380000e+02
   endloop
 endfacet
 facet normal -1.000000e+00  0.000000e+00  0.000000e+00
   outer loop
     vertex  0.000000e+00  0.000000e+00  0.000000e+00
     vertex  0.000000e+00  0.000000e+00  8.000000e+00
     vertex  0.000000e+00  2.150000e+02  8.000000e+00
   endloop
 endfacet
 facet normal -1.000000e+00  0.000000e+00  0.000000e+00
   outer loop
     vertex  0.000000e+00  0.000000e+00  0.000000e+00
     vertex  0.000000e+00  2.150000e+02  8.000000e+00
     vertex  0.000000e+00  2.200000e+02  0.000000e+00
   endloop
 endfacet
 facet normal  1.967213e-01  9.180328e-01  3.442623e-01
   outer loop
     vertex  1.938000e+02  1.800000e+02  0.000000e+00
     vertex  1.800000e+02  1.829571e+02  0.000000e+00
     vertex  1.800000e+02  1.799571e+02  8.000000e+00
   endloop
 endfacet
 facet normal  1.967213e-01  9.180328e-01  3.442623e-01
   outer loop
     vertex  1.938000e+02  1.770000e+02  8.000000e+00
     vertex  1.938000e+02  1.800000e+02  0.000000e+00
     vertex  1.800000e+02  1.799571e+02  8.000000e+00
   endloop
 endfacet
 facet normal  0.000000e+00  0.000000e+00  1.000000e+00
   outer loop
     vertex  1.808625e+02  1.724146e+02  8.000000e+00
     vertex  1.800000e+02  1.799571e+02  8.000000e+00
     vertex  1.800000e+02  1.560429e+02  8.000000e+00
   endloop
 endfacet
 facet normal  0.000000e+00  0.000000e+00  1.000000e+00
   outer loop
     vertex  1.808625e+02  1.724146e+02  8.000000e+00
     vertex  1.808625e+02  1.783008e+02  8.000000e+00
     vertex  1.800000e+02  1.799571e+02  8.000000e+00
   endloop
 endfacet
 facet normal  0.000000e+00 -0.000000e+00  1.000000e+00
   outer loop
     vertex  1.808625e+02  1.724146e+02  8.000000e+00
     vertex  1.817250e+02  1.766906e+02  8.000000e+00
     vertex  1.808625e+02  1.783008e+02  8.000000e+00
   endloop
 endfacet
 facet normal  0.000000e+00  0.000000e+00  1.000000e+00
   outer loop
     vertex  1.825875e+02  1.694253e+02  8.000000e+00
     vertex  1.808625e+02  1.724146e+02  8.000000e+00
     vertex  1.817250e+02  1.651031e+02  8.000000e+00
   endloop
 endfacet
 facet normal  0.000000e+00  0.000000e+00  1.000000e+00
   outer loop
     vertex  1.929375e+02  1.760367e+02  8.000000e+00
     vertex  1.912125e+02  1.763602e+02  8.000000e+00
     vertex  1.920750e+02  1.750272e+02  8.000000e+00
   endloop
 endfacet
 facet normal  0.000000e+00  0.000000e+00  1.000000e+00
   outer loop
     vertex  1.912125e+02  1.739715e+02  8.000000e+00
     vertex  1.894875e+02  1.742026e+02  8.000000e+00
     vertex  1.903500e+02  1.728696e+02  8.000000e+00
   endloop
 endfacet
 facet normal  0.000000e+00  0.000000e+00  1.000000e+00
   outer loop
     vertex  1.877625e+02  1.692867e+02  8.000000e+00
     vertex  1.860375e+02  1.693329e+02  8.000000e+00
     vertex  1.869000e+02  1.680000e+02  8.000000e+00
   endloop
 endfacet
 facet normal  0.000000e+00  0.000000e+00  1.000000e+00
   outer loop
     vertex  1.929375e+02  1.737405e+02  8.000000e+00
     vertex  1.938000e+02  1.770000e+02  8.000000e+00
     vertex  1.929375e+02  1.760367e+02  8.000000e+00
   endloop
 endfacet
 facet normal  0.000000e+00 -0.000000e+00  1.000000e+00
   outer loop
     vertex  1.929375e+02  1.737405e+02  8.000000e+00
     vertex  1.929375e+02  1.760367e+02  8.000000e+00
     vertex  1.920750e+02  1.750272e+02  8.000000e+00
   endloop
 endfacet
 facet normal  0.000000e+00  0.000000e+00  1.000000e+00
   outer loop
     vertex  1.929375e+02  1.737405e+02  8.000000e+00
     vertex  1.920750e+02  1.750272e+02  8.000000e+00
     vertex  1.912125e+02  1.739715e+02  8.000000e+00
   endloop
 endfacet
 facet normal  0.000000e+00  0.000000e+00  1.000000e+00
   outer loop
     vertex  1.808625e+02  1.606423e+02  8.000000e+00
     vertex  1.808625e+02  1.724146e+02  8.000000e+00
     vertex  1.800000e+02  1.560429e+02  8.000000e+00
   endloop
 endfacet
 facet normal  0.000000e+00 -0.000000e+00  1.000000e+00
   outer loop
     vertex  1.808625e+02  1.606423e+02  8.000000e+00
     vertex  1.817250e+02  1.651031e+02  8.000000e+00
     vertex  1.808625e+02  1.724146e+02  8.000000e+00
   endloop
 endfacet
 facet normal  0.000000e+00  0.000000e+00  1.000000e+00
   outer loop
     vertex  1.843125e+02  1.638626e+02  8.000000e+00
     vertex  1.825875e+02  1.637240e+02  8.000000e+00
     vertex  1.834500e+02  1.623911e+02  8.000000e+00
   endloop
 endfacet
 facet normal  0.000000e+00  0.000000e+00  1.000000e+00
   outer loop
     vertex  1.825875e+02  1.608733e+02  8.000000e+00
     vertex  1.808625e+02  1.606423e+02  8.000000e+00
     vertex  1.817250e+02  1.593094e+02  8.000000e+00
   endloop
 endfacet
 facet normal  0.000000e+00  0.000000e+00  1.000000e+00
   outer loop
     vertex  1.877625e+02  1.667133e+02  8.000000e+00
     vertex  1.869000e+02  1.680000e+02  8.000000e+00
     vertex  1.860375e+02  1.666671e+02  8.000000e+00
   endloop
 endfacet
 facet normal  0.000000e+00  0.000000e+00  1.000000e+00
   outer loop
     vertex  1.808625e+02  1.576992e+02  8.000000e+00
     vertex  1.808625e+02  1.606423e+02  8.000000e+00
     vertex  1.800000e+02  1.560429e+02  8.000000e+00
   endloop
 endfacet
 facet normal  0.000000e+00 -0.000000e+00  1.000000e+00
   outer loop
     vertex  1.808625e+02  1.576992e+02  8.000000e+00
     vertex  1.817250e+02  1.593094e+02  8.000000e+00
     vertex  1.808625e+02  1.606423e+02  8.000000e+00
   endloop
 endfacet
 facet normal  0.000000e+00  0.000000e+00  1.000000e+00
   outer loop
     vertex  1.843125e+02  1.611044e+02  8.000000e+00
     vertex  1.834500e+02  1.623911e+02  8.000000e+00
     vertex  1.825875e+02  1.608733e+02  8.000000e+00
   endloop
 endfacet
 facet normal  0.000000e+00  0.000000e+00  1.000000e+00
   outer loop
     vertex  1.825875e+02  1.580227e+02  8.000000e+00
     vertex  1.817250e+02  1.593094e+02  8.000000e+00
     vertex  1.808625e+02  1.576992e+02  8.000000e+00
   endloop
 endfacet
 facet normal -0.000000e+00  0.000000e+00  1.000000e+00
   outer loop
     vertex  1.929375e+02  1.645557e+02  8.000000e+00
     vertex  1.938000e+02  1.590000e+02  8.000000e+00
     vertex  1.938000e+02  1.770000e+02  8.000000e+00
   endloop
 endfacet
 facet normal  0.000000e+00  0.000000e+00  1.000000e+00
   outer loop
     vertex  1.929375e+02  1.645557e+02  8.000000e+00
     vertex  1.938000e+02  1.770000e+02  8.000000e+00
     vertex  1.929375e+02  1.737405e+02  8.000000e+00
   endloop
 endfacet
 facet normal  0.000000e+00 -0.000000e+00  1.000000e+00
   outer loop
     vertex  1.929375e+02  1.645557e+02  8.000000e+00
     vertex  1.929375e+02  1.737405e+02  8.000000e+00
     vertex  1.920750e+02  1.703424e+02  8.000000e+00
   endloop
 endfacet
 facet normal -0.000000e+00  0.000000e+00  1.000000e+00
   outer loop
     vertex  1.929375e+02  1.599633e+02  8.000000e+00
     vertex  1.938000e+02  1.590000e+02  8.000000e+00
     vertex  1.929375e+02  1.645557e+02  8.000000e+00
   endloop
 endfacet
 facet normal  0.000000e+00  0.000000e+00  1.000000e+00
   outer loop
     vertex  1.830188e+02  1.771896e+02  8.000000e+00
     vertex  1.808625e+02  1.783008e+02  8.000000e+00
     vertex  1.817250e+02  1.766906e+02  8.000000e+00
   endloop
 endfacet
 facet normal  0.000000e+00 -0.000000e+00  1.000000e+00
   outer loop
     vertex  1.834500e+02  1.764134e+02  8.000000e+00
     vertex  1.843125e+02  1.776539e+02  8.000000e+00
     vertex  1.830188e+02  1.771896e+02  8.000000e+00
   endloop
 endfacet
 facet normal  0.000000e+00  0.000000e+00  1.000000e+00
   outer loop
     vertex  1.834500e+02  1.764134e+02  8.000000e+00
     vertex  1.817250e+02  1.766906e+02  8.000000e+00
     vertex  1.825875e+02  1.751267e+02  8.000000e+00
   endloop
 endfacet
 facet normal  0.000000e+00  0.000000e+00  1.000000e+00
   outer loop
     vertex  1.834500e+02  1.764134e+02  8.000000e+00
     vertex  1.830188e+02  1.771896e+02  8.000000e+00
     vertex  1.817250e+02  1.766906e+02  8.000000e+00
   endloop
 endfacet
 facet normal  0.000000e+00 -0.000000e+00  1.000000e+00
   outer loop
     vertex  1.817250e+02  1.737937e+02  8.000000e+00
     vertex  1.825875e+02  1.751267e+02  8.000000e+00
     vertex  1.817250e+02  1.766906e+02  8.000000e+00
   endloop
 endfacet
 facet normal -0.000000e+00  0.000000e+00  1.000000e+00
   outer loop
     vertex  1.817250e+02  1.737937e+02  8.000000e+00
     vertex  1.834500e+02  1.736089e+02  8.000000e+00
     vertex  1.825875e+02  1.751267e+02  8.000000e+00
   endloop
 endfacet
 facet normal  0.000000e+00  0.000000e+00  1.000000e+00
   outer loop
     vertex  1.817250e+02  1.737937e+02  8.000000e+00
     vertex  1.817250e+02  1.766906e+02  8.000000e+00
     vertex  1.808625e+02  1.724146e+02  8.000000e+00
   endloop
 endfacet
 facet normal  0.000000e+00  0.000000e+00  1.000000e+00
   outer loop
     vertex  1.851750e+02  1.761362e+02  8.000000e+00
     vertex  1.843125e+02  1.776539e+02  8.000000e+00
     vertex  1.834500e+02  1.764134e+02  8.000000e+00
   endloop
 endfacet
 facet normal -0.000000e+00  0.000000e+00  1.000000e+00
   outer loop
     vertex  1.821563e+02  1.730291e+02  8.000000e+00
     vertex  1.843125e+02  1.721374e+02  8.000000e+00
     vertex  1.834500e+02  1.736089e+02  8.000000e+00
   endloop
 endfacet
 facet normal  0.000000e+00 -0.000000e+00  1.000000e+00
   outer loop
     vertex  1.821563e+02  1.730291e+02  8.000000e+00
     vertex  1.834500e+02  1.736089e+02  8.000000e+00
     vertex  1.817250e+02  1.737937e+02  8.000000e+00
   endloop
 endfacet
 facet normal  0.000000e+00  0.000000e+00  1.000000e+00
   outer loop
     vertex  1.821563e+02  1.730291e+02  8.000000e+00
     vertex  1.817250e+02  1.737937e+02  8.000000e+00
     vertex  1.808625e+02  1.724146e+02  8.000000e+00
   endloop
 endfacet
 facet normal  0.000000e+00  0.000000e+00  1.000000e+00
   outer loop
     vertex  1.864688e+02  1.765889e+02  8.000000e+00
     vertex  1.843125e+02  1.776539e+02  8.000000e+00
     vertex  1.851750e+02  1.761362e+02  8.000000e+00
   endloop
 endfacet
 facet normal  0.000000e+00  0.000000e+00  1.000000e+00
   outer loop
     vertex  1.864688e+02  1.765889e+02  8.000000e+00
     vertex  1.851750e+02  1.761362e+02  8.000000e+00
     vertex  1.860375e+02  1.746646e+02  8.000000e+00
   endloop
 endfacet
 facet normal  0.000000e+00 -0.000000e+00  1.000000e+00
   outer loop
     vertex  1.847438e+02  1.741541e+02  8.000000e+00
     vertex  1.851750e+02  1.761362e+02  8.000000e+00
     vertex  1.834500e+02  1.764134e+02  8.000000e+00
   endloop
 endfacet
 facet normal  0.000000e+00  0.000000e+00  1.000000e+00
   outer loop
     vertex  1.847438e+02  1.741541e+02  8.000000e+00
     vertex  1.825875e+02  1.751267e+02  8.000000e+00
     vertex  1.834500e+02  1.736089e+02  8.000000e+00
   endloop
 endfacet
 facet normal  0.000000e+00  0.000000e+00  1.000000e+00
   outer loop
     vertex  1.847438e+02  1.741541e+02  8.000000e+00
     vertex  1.834500e+02  1.764134e+02  8.000000e+00
     vertex  1.825875e+02  1.751267e+02  8.000000e+00
   endloop
 endfacet
 facet normal  0.000000e+00  0.000000e+00  1.000000e+00
   outer loop
     vertex  1.847438e+02  1.741541e+02  8.000000e+00
     vertex  1.860375e+02  1.746646e+02  8.000000e+00
     vertex  1.851750e+02  1.761362e+02  8.000000e+00
   endloop
 endfacet
 facet normal  0.000000e+00  0.000000e+00  1.000000e+00
   outer loop
     vertex  1.851750e+02  1.734241e+02  8.000000e+00
     vertex  1.834500e+02  1.736089e+02  8.000000e+00
     vertex  1.843125e+02  1.721374e+02  8.000000e+00
   endloop
 endfacet
 facet normal  0.000000e+00  0.000000e+00  1.000000e+00
   outer loop
     vertex  1.851750e+02  1.734241e+02  8.000000e+00
     vertex  1.847438e+02  1.741541e+02  8.000000e+00
     vertex  1.834500e+02  1.736089e+02  8.000000e+00
   endloop
 endfacet
 facet normal -0.000000e+00  0.000000e+00  1.000000e+00
   outer loop
     vertex  1.851750e+02  1.734241e+02  8.000000e+00
     vertex  1.869000e+02  1.732393e+02  8.000000e+00
     vertex  1.860375e+02  1.746646e+02  8.000000e+00
   endloop
 endfacet
 facet normal  0.000000e+00 -0.000000e+00  1.000000e+00
   outer loop
     vertex  1.851750e+02  1.734241e+02  8.000000e+00
     vertex  1.860375e+02  1.746646e+02  8.000000e+00
     vertex  1.847438e+02  1.741541e+02  8.000000e+00
   endloop
 endfacet
 facet normal  0.000000e+00  0.000000e+00  1.000000e+00
   outer loop
     vertex  1.873313e+02  1.751405e+02  8.000000e+00
     vertex  1.864688e+02  1.765889e+02  8.000000e+00
     vertex  1.860375e+02  1.746646e+02  8.000000e+00
   endloop
 endfacet
 facet normal -0.000000e+00  0.000000e+00  1.000000e+00
   outer loop
     vertex  1.834500e+02  1.708045e+02  8.000000e+00
     vertex  1.851750e+02  1.707121e+02  8.000000e+00
     vertex  1.843125e+02  1.721374e+02  8.000000e+00
   endloop
 endfacet
 facet normal  0.000000e+00  0.000000e+00  1.000000e+00
   outer loop
     vertex  1.856063e+02  1.727057e+02  8.000000e+00
     vertex  1.851750e+02  1.734241e+02  8.000000e+00
     vertex  1.843125e+02  1.721374e+02  8.000000e+00
   endloop
 endfacet
 facet normal  0.000000e+00 -0.000000e+00  1.000000e+00
   outer loop
     vertex  1.856063e+02  1.727057e+02  8.000000e+00
     vertex  1.869000e+02  1.732393e+02  8.000000e+00
     vertex  1.851750e+02  1.734241e+02  8.000000e+00
   endloop
 endfacet
 facet normal  0.000000e+00  0.000000e+00  1.000000e+00
   outer loop
     vertex  1.877625e+02  1.744336e+02  8.000000e+00
     vertex  1.860375e+02  1.746646e+02  8.000000e+00
     vertex  1.869000e+02  1.732393e+02  8.000000e+00
   endloop
 endfacet
 facet normal -0.000000e+00  0.000000e+00  1.000000e+00
   outer loop
     vertex  1.877625e+02  1.744336e+02  8.000000e+00
     vertex  1.894875e+02  1.742026e+02  8.000000e+00
     vertex  1.886250e+02  1.755817e+02  8.000000e+00
   endloop
 endfacet
 facet normal  0.000000e+00  0.000000e+00  1.000000e+00
   outer loop
     vertex  1.877625e+02  1.744336e+02  8.000000e+00
     vertex  1.873313e+02  1.751405e+02  8.000000e+00
     vertex  1.860375e+02  1.746646e+02  8.000000e+00
   endloop
 endfacet
 facet normal  0.000000e+00 -0.000000e+00  1.000000e+00
   outer loop
     vertex  1.877625e+02  1.744336e+02  8.000000e+00
     vertex  1.886250e+02  1.755817e+02  8.000000e+00
     vertex  1.873313e+02  1.751405e+02  8.000000e+00
   endloop
 endfacet
 facet normal  0.000000e+00 -0.000000e+00  1.000000e+00
   outer loop
     vertex  1.899188e+02  1.759883e+02  8.000000e+00
     vertex  1.912125e+02  1.763602e+02  8.000000e+00
     vertex  1.890563e+02  1.773905e+02  8.000000e+00
   endloop
 endfacet
 facet normal  0.000000e+00  0.000000e+00  1.000000e+00
   outer loop
     vertex  1.899188e+02  1.759883e+02  8.000000e+00
     vertex  1.890563e+02  1.773905e+02  8.000000e+00
     vertex  1.886250e+02  1.755817e+02  8.000000e+00
   endloop
 endfacet
 facet normal  0.000000e+00 -0.000000e+00  1.000000e+00
   outer loop
     vertex  1.838813e+02  1.700860e+02  8.000000e+00
     vertex  1.851750e+02  1.707121e+02  8.000000e+00
     vertex  1.834500e+02  1.708045e+02  8.000000e+00
   endloop
 endfacet
 facet normal  0.000000e+00  0.000000e+00  1.000000e+00
   outer loop
     vertex  1.838813e+02  1.700860e+02  8.000000e+00
     vertex  1.834500e+02  1.708045e+02  8.000000e+00
     vertex  1.825875e+02  1.694253e+02  8.000000e+00
   endloop
 endfacet
 facet normal  0.000000e+00  0.000000e+00  1.000000e+00
   outer loop
     vertex  1.860375e+02  1.719988e+02  8.000000e+00
     vertex  1.843125e+02  1.721374e+02  8.000000e+00
     vertex  1.851750e+02  1.707121e+02  8.000000e+00
   endloop
 endfacet
 facet normal  0.000000e+00 -0.000000e+00  1.000000e+00
   outer loop
     vertex  1.860375e+02  1.719988e+02  8.000000e+00
     vertex  1.869000e+02  1.732393e+02  8.000000e+00
     vertex  1.856063e+02  1.727057e+02  8.000000e+00
   endloop
 endfacet
 facet normal  0.000000e+00  0.000000e+00  1.000000e+00
   outer loop
     vertex  1.860375e+02  1.719988e+02  8.000000e+00
     vertex  1.856063e+02  1.727057e+02  8.000000e+00
     vertex  1.843125e+02  1.721374e+02  8.000000e+00
   endloop
 endfacet
 facet normal -0.000000e+00  0.000000e+00  1.000000e+00
   outer loop
     vertex  1.881938e+02  1.737383e+02  8.000000e+00
     vertex  1.903500e+02  1.728696e+02  8.000000e+00
     vertex  1.894875e+02  1.742026e+02  8.000000e+00
   endloop
 endfacet
 facet normal  0.000000e+00  0.000000e+00  1.000000e+00
   outer loop
     vertex  1.881938e+02  1.737383e+02  8.000000e+00
     vertex  1.877625e+02  1.744336e+02  8.000000e+00
     vertex  1.869000e+02  1.732393e+02  8.000000e+00
   endloop
 endfacet
 facet normal  0.000000e+00 -0.000000e+00  1.000000e+00
   outer loop
     vertex  1.881938e+02  1.737383e+02  8.000000e+00
     vertex  1.894875e+02  1.742026e+02  8.000000e+00
     vertex  1.877625e+02  1.744336e+02  8.000000e+00
   endloop
 endfacet
 facet normal  0.000000e+00  0.000000e+00  1.000000e+00
   outer loop
     vertex  1.903500e+02  1.753045e+02  8.000000e+00
     vertex  1.899188e+02  1.759883e+02  8.000000e+00
     vertex  1.886250e+02  1.755817e+02  8.000000e+00
   endloop
 endfacet
 facet normal -0.000000e+00  0.000000e+00  1.000000e+00
   outer loop
     vertex  1.903500e+02  1.753045e+02  8.000000e+00
     vertex  1.920750e+02  1.750272e+02  8.000000e+00
     vertex  1.912125e+02  1.763602e+02  8.000000e+00
   endloop
 endfacet
 facet normal  0.000000e+00  0.000000e+00  1.000000e+00
   outer loop
     vertex  1.903500e+02  1.753045e+02  8.000000e+00
     vertex  1.894875e+02  1.742026e+02  8.000000e+00
     vertex  1.912125e+02  1.739715e+02  8.000000e+00
   endloop
 endfacet
 facet normal  0.000000e+00  0.000000e+00  1.000000e+00
   outer loop
     vertex  1.903500e+02  1.753045e+02  8.000000e+00
     vertex  1.886250e+02  1.755817e+02  8.000000e+00
     vertex  1.894875e+02  1.742026e+02  8.000000e+00
   endloop
 endfacet
 facet normal  0.000000e+00 -0.000000e+00  1.000000e+00
   outer loop
     vertex  1.903500e+02  1.753045e+02  8.000000e+00
     vertex  1.912125e+02  1.763602e+02  8.000000e+00
     vertex  1.899188e+02  1.759883e+02  8.000000e+00
   endloop
 endfacet
 facet normal  0.000000e+00  0.000000e+00  1.000000e+00
   outer loop
     vertex  1.903500e+02  1.753045e+02  8.000000e+00
     vertex  1.912125e+02  1.739715e+02  8.000000e+00
     vertex  1.920750e+02  1.750272e+02  8.000000e+00
   endloop
 endfacet
 facet normal -0.000000e+00  0.000000e+00  1.000000e+00
   outer loop
     vertex  1.925063e+02  1.766974e+02  8.000000e+00
     vertex  1.929375e+02  1.760367e+02  8.000000e+00
     vertex  1.938000e+02  1.770000e+02  8.000000e+00
   endloop
 endfacet
 facet normal  0.000000e+00  0.000000e+00  1.000000e+00
   outer loop
     vertex  1.925063e+02  1.766974e+02  8.000000e+00
     vertex  1.912125e+02  1.763602e+02  8.000000e+00
     vertex  1.929375e+02  1.760367e+02  8.000000e+00
   endloop
 endfacet
 facet normal  0.000000e+00 -0.000000e+00  1.000000e+00
   outer loop
     vertex  1.843125e+02  1.693791e+02  8.000000e+00
     vertex  1.851750e+02  1.707121e+02  8.000000e+00
     vertex  1.838813e+02  1.700860e+02  8.000000e+00
   endloop
 endfacet
 facet normal  0.000000e+00  0.000000e+00  1.000000e+00
   outer loop
     vertex  1.843125e+02  1.693791e+02  8.000000e+00
     vertex  1.838813e+02  1.700860e+02  8.000000e+00
     vertex  1.825875e+02  1.694253e+02  8.000000e+00
   endloop
 endfacet
 facet normal  0.000000e+00  0.000000e+00  1.000000e+00
   outer loop
     vertex  1.843125e+02  1.693791e+02  8.000000e+00
     vertex  1.825875e+02  1.694253e+02  8.000000e+00
     vertex  1.834500e+02  1.680000e+02  8.000000e+00
   endloop
 endfacet
 facet normal -0.000000e+00  0.000000e+00  1.000000e+00
   outer loop
     vertex  1.843125e+02  1.693791e+02  8.000000e+00
     vertex  1.860375e+02  1.693329e+02  8.000000e+00
     vertex  1.851750e+02  1.707121e+02  8.000000e+00
   endloop
 endfacet
 facet normal  0.000000e+00 -0.000000e+00  1.000000e+00
   outer loop
     vertex  1.881938e+02  1.724631e+02  8.000000e+00
     vertex  1.903500e+02  1.728696e+02  8.000000e+00
     vertex  1.881938e+02  1.737383e+02  8.000000e+00
   endloop
 endfacet
 facet normal  0.000000e+00  0.000000e+00  1.000000e+00
   outer loop
     vertex  1.881938e+02  1.724631e+02  8.000000e+00
     vertex  1.881938e+02  1.737383e+02  8.000000e+00
     vertex  1.869000e+02  1.732393e+02  8.000000e+00
   endloop
 endfacet
 facet normal -0.000000e+00  0.000000e+00  1.000000e+00
   outer loop
     vertex  1.881938e+02  1.724631e+02  8.000000e+00
     vertex  1.894875e+02  1.717215e+02  8.000000e+00
     vertex  1.903500e+02  1.728696e+02  8.000000e+00
   endloop
 endfacet
 facet normal  0.000000e+00  0.000000e+00  1.000000e+00
   outer loop
     vertex  1.825875e+02  1.665747e+02  8.000000e+00
     vertex  1.825875e+02  1.694253e+02  8.000000e+00
     vertex  1.817250e+02  1.651031e+02  8.000000e+00
   endloop
 endfacet
 facet normal  0.000000e+00 -0.000000e+00  1.000000e+00
   outer loop
     vertex  1.825875e+02  1.665747e+02  8.000000e+00
     vertex  1.834500e+02  1.680000e+02  8.000000e+00
     vertex  1.825875e+02  1.694253e+02  8.000000e+00
   endloop
 endfacet
 facet normal  0.000000e+00  0.000000e+00  1.000000e+00
   outer loop
     vertex  1.877625e+02  1.718602e+02  8.000000e+00
     vertex  1.869000e+02  1.732393e+02  8.000000e+00
     vertex  1.860375e+02  1.719988e+02  8.000000e+00
   endloop
 endfacet
 facet normal -0.000000e+00  0.000000e+00  1.000000e+00
   outer loop
     vertex  1.877625e+02  1.718602e+02  8.000000e+00
     vertex  1.894875e+02  1.717215e+02  8.000000e+00
     vertex  1.881938e+02  1.724631e+02  8.000000e+00
   endloop
 endfacet
 facet normal  0.000000e+00  0.000000e+00  1.000000e+00
   outer loop
     vertex  1.877625e+02  1.718602e+02  8.000000e+00
     vertex  1.886250e+02  1.705272e+02  8.000000e+00
     vertex  1.894875e+02  1.717215e+02  8.000000e+00
   endloop
 endfacet
 facet normal  0.000000e+00 -0.000000e+00  1.000000e+00
   outer loop
     vertex  1.877625e+02  1.718602e+02  8.000000e+00
     vertex  1.881938e+02  1.724631e+02  8.000000e+00
     vertex  1.869000e+02  1.732393e+02  8.000000e+00
   endloop
 endfacet
 facet normal  0.000000e+00  0.000000e+00  1.000000e+00
   outer loop
     vertex  1.847438e+02  1.686838e+02  8.000000e+00
     vertex  1.843125e+02  1.693791e+02  8.000000e+00
     vertex  1.834500e+02  1.680000e+02  8.000000e+00
   endloop
 endfacet
 facet normal  0.000000e+00 -0.000000e+00  1.000000e+00
   outer loop
     vertex  1.847438e+02  1.686838e+02  8.000000e+00
     vertex  1.860375e+02  1.693329e+02  8.000000e+00
     vertex  1.843125e+02  1.693791e+02  8.000000e+00
   endloop
 endfacet
 facet normal -0.000000e+00  0.000000e+00  1.000000e+00
   outer loop
     vertex  1.847438e+02  1.686838e+02  8.000000e+00
     vertex  1.869000e+02  1.680000e+02  8.000000e+00
     vertex  1.860375e+02  1.693329e+02  8.000000e+00
   endloop
 endfacet
 facet normal -0.000000e+00  0.000000e+00  1.000000e+00
   outer loop
     vertex  1.864688e+02  1.699821e+02  8.000000e+00
     vertex  1.877625e+02  1.692867e+02  8.000000e+00
     vertex  1.886250e+02  1.705272e+02  8.000000e+00
   endloop
 endfacet
 facet normal  0.000000e+00  0.000000e+00  1.000000e+00
   outer loop
     vertex  1.864688e+02  1.699821e+02  8.000000e+00
     vertex  1.860375e+02  1.719988e+02  8.000000e+00
     vertex  1.851750e+02  1.707121e+02  8.000000e+00
   endloop
 endfacet
 facet normal  0.000000e+00  0.000000e+00  1.000000e+00
   outer loop
     vertex  1.864688e+02  1.699821e+02  8.000000e+00
     vertex  1.860375e+02  1.693329e+02  8.000000e+00
     vertex  1.877625e+02  1.692867e+02  8.000000e+00
   endloop
 endfacet
 facet normal  0.000000e+00  0.000000e+00  1.000000e+00
   outer loop
     vertex  1.864688e+02  1.699821e+02  8.000000e+00
     vertex  1.886250e+02  1.705272e+02  8.000000e+00
     vertex  1.877625e+02  1.718602e+02  8.000000e+00
   endloop
 endfacet
 facet normal  0.000000e+00 -0.000000e+00  1.000000e+00
   outer loop
     vertex  1.864688e+02  1.699821e+02  8.000000e+00
     vertex  1.877625e+02  1.718602e+02  8.000000e+00
     vertex  1.860375e+02  1.719988e+02  8.000000e+00
   endloop
 endfacet
 facet normal  0.000000e+00  0.000000e+00  1.000000e+00
   outer loop
     vertex  1.864688e+02  1.699821e+02  8.000000e+00
     vertex  1.851750e+02  1.707121e+02  8.000000e+00
     vertex  1.860375e+02  1.693329e+02  8.000000e+00
   endloop
 endfacet
 facet normal -0.000000e+00  0.000000e+00  1.000000e+00
   outer loop
     vertex  1.847438e+02  1.673162e+02  8.000000e+00
     vertex  1.860375e+02  1.666671e+02  8.000000e+00
     vertex  1.869000e+02  1.680000e+02  8.000000e+00
   endloop
 endfacet
 facet normal  0.000000e+00  0.000000e+00  1.000000e+00
   outer loop
     vertex  1.847438e+02  1.673162e+02  8.000000e+00
     vertex  1.847438e+02  1.686838e+02  8.000000e+00
     vertex  1.834500e+02  1.680000e+02  8.000000e+00
   endloop
 endfacet
 facet normal  0.000000e+00 -0.000000e+00  1.000000e+00
   outer loop
     vertex  1.847438e+02  1.673162e+02  8.000000e+00
     vertex  1.869000e+02  1.680000e+02  8.000000e+00
     vertex  1.847438e+02  1.686838e+02  8.000000e+00
   endloop
 endfacet
 facet normal -0.000000e+00  0.000000e+00  1.000000e+00
   outer loop
     vertex  1.843125e+02  1.666209e+02  8.000000e+00
     vertex  1.851750e+02  1.652879e+02  8.000000e+00
     vertex  1.860375e+02  1.666671e+02  8.000000e+00
   endloop
 endfacet
 facet normal  0.000000e+00  0.000000e+00  1.000000e+00
   outer loop
     vertex  1.843125e+02  1.666209e+02  8.000000e+00
     vertex  1.860375e+02  1.666671e+02  8.000000e+00
     vertex  1.847438e+02  1.673162e+02  8.000000e+00
   endloop
 endfacet
 facet normal  0.000000e+00  0.000000e+00  1.000000e+00
   outer loop
     vertex  1.843125e+02  1.666209e+02  8.000000e+00
     vertex  1.834500e+02  1.680000e+02  8.000000e+00
     vertex  1.825875e+02  1.665747e+02  8.000000e+00
   endloop
 endfacet
 facet normal  0.000000e+00 -0.000000e+00  1.000000e+00
   outer loop
     vertex  1.843125e+02  1.666209e+02  8.000000e+00
     vertex  1.847438e+02  1.673162e+02  8.000000e+00
     vertex  1.834500e+02  1.680000e+02  8.000000e+00
   endloop
 endfacet
 facet normal  0.000000e+00 -0.000000e+00  1.000000e+00
   outer loop
     vertex  1.916438e+02  1.733224e+02  8.000000e+00
     vertex  1.929375e+02  1.737405e+02  8.000000e+00
     vertex  1.912125e+02  1.739715e+02  8.000000e+00
   endloop
 endfacet
 facet normal  0.000000e+00  0.000000e+00  1.000000e+00
   outer loop
     vertex  1.916438e+02  1.733224e+02  8.000000e+00
     vertex  1.912125e+02  1.739715e+02  8.000000e+00
     vertex  1.903500e+02  1.728696e+02  8.000000e+00
   endloop
 endfacet
 facet normal -0.000000e+00  0.000000e+00  1.000000e+00
   outer loop
     vertex  1.916438e+02  1.733224e+02  8.000000e+00
     vertex  1.920750e+02  1.703424e+02  8.000000e+00
     vertex  1.929375e+02  1.737405e+02  8.000000e+00
   endloop
 endfacet
 facet normal  0.000000e+00  0.000000e+00  1.000000e+00
   outer loop
     vertex  1.830188e+02  1.644655e+02  8.000000e+00
     vertex  1.817250e+02  1.651031e+02  8.000000e+00
     vertex  1.825875e+02  1.637240e+02  8.000000e+00
   endloop
 endfacet
 facet normal -0.000000e+00  0.000000e+00  1.000000e+00
   outer loop
     vertex  1.830188e+02  1.644655e+02  8.000000e+00
     vertex  1.843125e+02  1.638626e+02  8.000000e+00
     vertex  1.851750e+02  1.652879e+02  8.000000e+00
   endloop
 endfacet
 facet normal  0.000000e+00  0.000000e+00  1.000000e+00
   outer loop
     vertex  1.830188e+02  1.644655e+02  8.000000e+00
     vertex  1.851750e+02  1.652879e+02  8.000000e+00
     vertex  1.843125e+02  1.666209e+02  8.000000e+00
   endloop
 endfacet
 facet normal  0.000000e+00  0.000000e+00  1.000000e+00
   outer loop
     vertex  1.830188e+02  1.644655e+02  8.000000e+00
     vertex  1.825875e+02  1.665747e+02  8.000000e+00
     vertex  1.817250e+02  1.651031e+02  8.000000e+00
   endloop
 endfacet
 facet normal  0.000000e+00 -0.000000e+00  1.000000e+00
   outer loop
     vertex  1.830188e+02  1.644655e+02  8.000000e+00
     vertex  1.843125e+02  1.666209e+02  8.000000e+00
     vertex  1.825875e+02  1.665747e+02  8.000000e+00
   endloop
 endfacet
 facet normal  0.000000e+00  0.000000e+00  1.000000e+00
   outer loop
     vertex  1.830188e+02  1.644655e+02  8.000000e+00
     vertex  1.825875e+02  1.637240e+02  8.000000e+00
     vertex  1.843125e+02  1.638626e+02  8.000000e+00
   endloop
 endfacet
 facet normal  0.000000e+00 -0.000000e+00  1.000000e+00
   outer loop
     vertex  1.817250e+02  1.622063e+02  8.000000e+00
     vertex  1.825875e+02  1.637240e+02  8.000000e+00
     vertex  1.817250e+02  1.651031e+02  8.000000e+00
   endloop
 endfacet
 facet normal  0.000000e+00  0.000000e+00  1.000000e+00
   outer loop
     vertex  1.817250e+02  1.622063e+02  8.000000e+00
     vertex  1.834500e+02  1.623911e+02  8.000000e+00
     vertex  1.825875e+02  1.637240e+02  8.000000e+00
   endloop
 endfacet
 facet normal  0.000000e+00  0.000000e+00  1.000000e+00
   outer loop
     vertex  1.817250e+02  1.622063e+02  8.000000e+00
     vertex  1.808625e+02  1.606423e+02  8.000000e+00
     vertex  1.825875e+02  1.608733e+02  8.000000e+00
   endloop
 endfacet
 facet normal  0.000000e+00  0.000000e+00  1.000000e+00
   outer loop
     vertex  1.817250e+02  1.622063e+02  8.000000e+00
     vertex  1.817250e+02  1.651031e+02  8.000000e+00
     vertex  1.808625e+02  1.606423e+02  8.000000e+00
   endloop
 endfacet
 facet normal -0.000000e+00  0.000000e+00  1.000000e+00
   outer loop
     vertex  1.817250e+02  1.622063e+02  8.000000e+00
     vertex  1.825875e+02  1.608733e+02  8.000000e+00
     vertex  1.834500e+02  1.623911e+02  8.000000e+00
   endloop
 endfacet
 facet normal  0.000000e+00  0.000000e+00  1.000000e+00
   outer loop
     vertex  1.907813e+02  1.710146e+02  8.000000e+00
     vertex  1.894875e+02  1.717215e+02  8.000000e+00
     vertex  1.886250e+02  1.705272e+02  8.000000e+00
   endloop
 endfacet
 facet normal  0.000000e+00 -0.000000e+00  1.000000e+00
   outer loop
     vertex  1.907813e+02  1.710146e+02  8.000000e+00
     vertex  1.916438e+02  1.733224e+02  8.000000e+00
     vertex  1.903500e+02  1.728696e+02  8.000000e+00
   endloop
 endfacet
 facet normal -0.000000e+00  0.000000e+00  1.000000e+00
   outer loop
     vertex  1.907813e+02  1.710146e+02  8.000000e+00
     vertex  1.920750e+02  1.703424e+02  8.000000e+00
     vertex  1.916438e+02  1.733224e+02  8.000000e+00
   endloop
 endfacet
 facet normal  0.000000e+00  0.000000e+00  1.000000e+00
   outer loop
     vertex  1.907813e+02  1.710146e+02  8.000000e+00
     vertex  1.903500e+02  1.728696e+02  8.000000e+00
     vertex  1.894875e+02  1.717215e+02  8.000000e+00
   endloop
 endfacet
 facet normal  0.000000e+00  0.000000e+00  1.000000e+00
   outer loop
     vertex  1.894875e+02  1.692405e+02  8.000000e+00
     vertex  1.886250e+02  1.705272e+02  8.000000e+00
     vertex  1.877625e+02  1.692867e+02  8.000000e+00
   endloop
 endfacet
 facet normal  0.000000e+00 -0.000000e+00  1.000000e+00
   outer loop
     vertex  1.894875e+02  1.692405e+02  8.000000e+00
     vertex  1.907813e+02  1.710146e+02  8.000000e+00
     vertex  1.886250e+02  1.705272e+02  8.000000e+00
   endloop
 endfacet
 facet normal  0.000000e+00  0.000000e+00  1.000000e+00
   outer loop
     vertex  1.890563e+02  1.686260e+02  8.000000e+00
     vertex  1.877625e+02  1.692867e+02  8.000000e+00
     vertex  1.869000e+02  1.680000e+02  8.000000e+00
   endloop
 endfacet
 facet normal -0.000000e+00  0.000000e+00  1.000000e+00
   outer loop
     vertex  1.890563e+02  1.686260e+02  8.000000e+00
     vertex  1.903500e+02  1.680000e+02  8.000000e+00
     vertex  1.894875e+02  1.692405e+02  8.000000e+00
   endloop
 endfacet
 facet normal  0.000000e+00 -0.000000e+00  1.000000e+00
   outer loop
     vertex  1.890563e+02  1.686260e+02  8.000000e+00
     vertex  1.894875e+02  1.692405e+02  8.000000e+00
     vertex  1.877625e+02  1.692867e+02  8.000000e+00
   endloop
 endfacet
 facet normal  0.000000e+00  0.000000e+00  1.000000e+00
   outer loop
     vertex  1.890563e+02  1.673740e+02  8.000000e+00
     vertex  1.869000e+02  1.680000e+02  8.000000e+00
     vertex  1.877625e+02  1.667133e+02  8.000000e+00
   endloop
 endfacet
 facet normal  0.000000e+00 -0.000000e+00  1.000000e+00
   outer loop
     vertex  1.890563e+02  1.673740e+02  8.000000e+00
     vertex  1.890563e+02  1.686260e+02  8.000000e+00
     vertex  1.869000e+02  1.680000e+02  8.000000e+00
   endloop
 endfacet
 facet normal  0.000000e+00  0.000000e+00  1.000000e+00
   outer loop
     vertex  1.890563e+02  1.673740e+02  8.000000e+00
     vertex  1.903500e+02  1.680000e+02  8.000000e+00
     vertex  1.890563e+02  1.686260e+02  8.000000e+00
   endloop
 endfacet
 facet normal  0.000000e+00  0.000000e+00  1.000000e+00
   outer loop
     vertex  1.860375e+02  1.640012e+02  8.000000e+00
     vertex  1.851750e+02  1.652879e+02  8.000000e+00
     vertex  1.843125e+02  1.638626e+02  8.000000e+00
   endloop
 endfacet
 facet normal  0.000000e+00  0.000000e+00  1.000000e+00
   outer loop
     vertex  1.912125e+02  1.691943e+02  8.000000e+00
     vertex  1.894875e+02  1.692405e+02  8.000000e+00
     vertex  1.903500e+02  1.680000e+02  8.000000e+00
   endloop
 endfacet
 facet normal  0.000000e+00  0.000000e+00  1.000000e+00
   outer loop
     vertex  1.912125e+02  1.691943e+02  8.000000e+00
     vertex  1.903500e+02  1.680000e+02  8.000000e+00
     vertex  1.912125e+02  1.668057e+02  8.000000e+00
   endloop
 endfacet
 facet normal  0.000000e+00 -0.000000e+00  1.000000e+00
   outer loop
     vertex  1.912125e+02  1.691943e+02  8.000000e+00
     vertex  1.920750e+02  1.703424e+02  8.000000e+00
     vertex  1.907813e+02  1.710146e+02  8.000000e+00
   endloop
 endfacet
 facet normal  0.000000e+00  0.000000e+00  1.000000e+00
   outer loop
     vertex  1.912125e+02  1.691943e+02  8.000000e+00
     vertex  1.907813e+02  1.710146e+02  8.000000e+00
     vertex  1.894875e+02  1.692405e+02  8.000000e+00
   endloop
 endfacet
 facet normal  0.000000e+00 -0.000000e+00  1.000000e+00
   outer loop
     vertex  1.856063e+02  1.632943e+02  8.000000e+00
     vertex  1.860375e+02  1.640012e+02  8.000000e+00
     vertex  1.843125e+02  1.638626e+02  8.000000e+00
   endloop
 endfacet
 facet normal  0.000000e+00  0.000000e+00  1.000000e+00
   outer loop
     vertex  1.856063e+02  1.632943e+02  8.000000e+00
     vertex  1.843125e+02  1.638626e+02  8.000000e+00
     vertex  1.834500e+02  1.623911e+02  8.000000e+00
   endloop
 endfacet
 facet normal -0.000000e+00  0.000000e+00  1.000000e+00
   outer loop
     vertex  1.856063e+02  1.632943e+02  8.000000e+00
     vertex  1.869000e+02  1.627607e+02  8.000000e+00
     vertex  1.860375e+02  1.640012e+02  8.000000e+00
   endloop
 endfacet
 facet normal  0.000000e+00  0.000000e+00  1.000000e+00
   outer loop
     vertex  1.894875e+02  1.667595e+02  8.000000e+00
     vertex  1.877625e+02  1.667133e+02  8.000000e+00
     vertex  1.886250e+02  1.654728e+02  8.000000e+00
   endloop
 endfacet
 facet normal  0.000000e+00  0.000000e+00  1.000000e+00
   outer loop
     vertex  1.894875e+02  1.667595e+02  8.000000e+00
     vertex  1.912125e+02  1.668057e+02  8.000000e+00
     vertex  1.903500e+02  1.680000e+02  8.000000e+00
   endloop
 endfacet
 facet normal  0.000000e+00  0.000000e+00  1.000000e+00
   outer loop
     vertex  1.894875e+02  1.667595e+02  8.000000e+00
     vertex  1.890563e+02  1.673740e+02  8.000000e+00
     vertex  1.877625e+02  1.667133e+02  8.000000e+00
   endloop
 endfacet
 facet normal  0.000000e+00 -0.000000e+00  1.000000e+00
   outer loop
     vertex  1.894875e+02  1.667595e+02  8.000000e+00
     vertex  1.903500e+02  1.680000e+02  8.000000e+00
     vertex  1.890563e+02  1.673740e+02  8.000000e+00
   endloop
 endfacet
 facet normal  0.000000e+00  0.000000e+00  1.000000e+00
   outer loop
     vertex  1.812938e+02  1.570501e+02  8.000000e+00
     vertex  1.808625e+02  1.576992e+02  8.000000e+00
     vertex  1.800000e+02  1.560429e+02  8.000000e+00
   endloop
 endfacet
 facet normal  0.000000e+00 -0.000000e+00  1.000000e+00
   outer loop
     vertex  1.812938e+02  1.570501e+02  8.000000e+00
     vertex  1.825875e+02  1.580227e+02  8.000000e+00
     vertex  1.808625e+02  1.576992e+02  8.000000e+00
   endloop
 endfacet
 facet normal  0.000000e+00  0.000000e+00  1.000000e+00
   outer loop
     vertex  1.834500e+02  1.595866e+02  8.000000e+00
     vertex  1.825875e+02  1.608733e+02  8.000000e+00
     vertex  1.817250e+02  1.593094e+02  8.000000e+00
   endloop
 endfacet
 facet normal  0.000000e+00  0.000000e+00  1.000000e+00
   outer loop
     vertex  1.834500e+02  1.595866e+02  8.000000e+00
     vertex  1.851750e+02  1.598638e+02  8.000000e+00
     vertex  1.843125e+02  1.611044e+02  8.000000e+00
   endloop
 endfacet
 facet normal  0.000000e+00  0.000000e+00  1.000000e+00
   outer loop
     vertex  1.834500e+02  1.595866e+02  8.000000e+00
     vertex  1.817250e+02  1.593094e+02  8.000000e+00
     vertex  1.825875e+02  1.580227e+02  8.000000e+00
   endloop
 endfacet
 facet normal  0.000000e+00 -0.000000e+00  1.000000e+00
   outer loop
     vertex  1.834500e+02  1.595866e+02  8.000000e+00
     vertex  1.843125e+02  1.611044e+02  8.000000e+00
     vertex  1.825875e+02  1.608733e+02  8.000000e+00
   endloop
 endfacet
 facet normal  0.000000e+00  0.000000e+00  1.000000e+00
   outer loop
     vertex  1.856063e+02  1.619499e+02  8.000000e+00
     vertex  1.869000e+02  1.627607e+02  8.000000e+00
     vertex  1.856063e+02  1.632943e+02  8.000000e+00
   endloop
 endfacet
 facet normal  0.000000e+00  0.000000e+00  1.000000e+00
   outer loop
     vertex  1.856063e+02  1.619499e+02  8.000000e+00
     vertex  1.834500e+02  1.623911e+02  8.000000e+00
     vertex  1.843125e+02  1.611044e+02  8.000000e+00
   endloop
 endfacet
 facet normal  0.000000e+00 -0.000000e+00  1.000000e+00
   outer loop
     vertex  1.856063e+02  1.619499e+02  8.000000e+00
     vertex  1.856063e+02  1.632943e+02  8.000000e+00
     vertex  1.834500e+02  1.623911e+02  8.000000e+00
   endloop
 endfacet
 facet normal  0.000000e+00  0.000000e+00  1.000000e+00
   outer loop
     vertex  1.877625e+02  1.641398e+02  8.000000e+00
     vertex  1.894875e+02  1.642785e+02  8.000000e+00
     vertex  1.886250e+02  1.654728e+02  8.000000e+00
   endloop
 endfacet
 facet normal  0.000000e+00  0.000000e+00  1.000000e+00
   outer loop
     vertex  1.877625e+02  1.641398e+02  8.000000e+00
     vertex  1.860375e+02  1.640012e+02  8.000000e+00
     vertex  1.869000e+02  1.627607e+02  8.000000e+00
   endloop
 endfacet
 facet normal  0.000000e+00  0.000000e+00  1.000000e+00
   outer loop
     vertex  1.899188e+02  1.661566e+02  8.000000e+00
     vertex  1.894875e+02  1.667595e+02  8.000000e+00
     vertex  1.886250e+02  1.654728e+02  8.000000e+00
   endloop
 endfacet
 facet normal  0.000000e+00 -0.000000e+00  1.000000e+00
   outer loop
     vertex  1.899188e+02  1.661566e+02  8.000000e+00
     vertex  1.912125e+02  1.668057e+02  8.000000e+00
     vertex  1.894875e+02  1.667595e+02  8.000000e+00
   endloop
 endfacet
 facet normal  0.000000e+00 -0.000000e+00  1.000000e+00
   outer loop
     vertex  1.838813e+02  1.589606e+02  8.000000e+00
     vertex  1.851750e+02  1.598638e+02  8.000000e+00
     vertex  1.834500e+02  1.595866e+02  8.000000e+00
   endloop
 endfacet
 facet normal  0.000000e+00  0.000000e+00  1.000000e+00
   outer loop
     vertex  1.838813e+02  1.589606e+02  8.000000e+00
     vertex  1.834500e+02  1.595866e+02  8.000000e+00
     vertex  1.825875e+02  1.580227e+02  8.000000e+00
   endloop
 endfacet
 facet normal  0.000000e+00  0.000000e+00  1.000000e+00
   outer loop
     vertex  1.860375e+02  1.613354e+02  8.000000e+00
     vertex  1.843125e+02  1.611044e+02  8.000000e+00
     vertex  1.851750e+02  1.598638e+02  8.000000e+00
   endloop
 endfacet
 facet normal  0.000000e+00  0.000000e+00  1.000000e+00
   outer loop
     vertex  1.860375e+02  1.613354e+02  8.000000e+00
     vertex  1.856063e+02  1.619499e+02  8.000000e+00
     vertex  1.843125e+02  1.611044e+02  8.000000e+00
   endloop
 endfacet
 facet normal  0.000000e+00  0.000000e+00  1.000000e+00
   outer loop
     vertex  1.860375e+02  1.613354e+02  8.000000e+00
     vertex  1.877625e+02  1.615664e+02  8.000000e+00
     vertex  1.869000e+02  1.627607e+02  8.000000e+00
   endloop
 endfacet
 facet normal  0.000000e+00 -0.000000e+00  1.000000e+00
   outer loop
     vertex  1.860375e+02  1.613354e+02  8.000000e+00
     vertex  1.869000e+02  1.627607e+02  8.000000e+00
     vertex  1.856063e+02  1.619499e+02  8.000000e+00
   endloop
 endfacet
 facet normal  0.000000e+00  0.000000e+00  1.000000e+00
   outer loop
     vertex  1.881938e+02  1.635369e+02  8.000000e+00
     vertex  1.877625e+02  1.641398e+02  8.000000e+00
     vertex  1.869000e+02  1.627607e+02  8.000000e+00
   endloop
 endfacet
 facet normal  0.000000e+00 -0.000000e+00  1.000000e+00
   outer loop
     vertex  1.881938e+02  1.635369e+02  8.000000e+00
     vertex  1.894875e+02  1.642785e+02  8.000000e+00
     vertex  1.877625e+02  1.641398e+02  8.000000e+00
   endloop
 endfacet
 facet normal  0.000000e+00  0.000000e+00  1.000000e+00
   outer loop
     vertex  1.903500e+02  1.655652e+02  8.000000e+00
     vertex  1.886250e+02  1.654728e+02  8.000000e+00
     vertex  1.894875e+02  1.642785e+02  8.000000e+00
   endloop
 endfacet
 facet normal  0.000000e+00  0.000000e+00  1.000000e+00
   outer loop
     vertex  1.903500e+02  1.655652e+02  8.000000e+00
     vertex  1.899188e+02  1.661566e+02  8.000000e+00
     vertex  1.886250e+02  1.654728e+02  8.000000e+00
   endloop
 endfacet
 facet normal  0.000000e+00 -0.000000e+00  1.000000e+00
   outer loop
     vertex  1.903500e+02  1.655652e+02  8.000000e+00
     vertex  1.912125e+02  1.668057e+02  8.000000e+00
     vertex  1.899188e+02  1.661566e+02  8.000000e+00
   endloop
 endfacet
 facet normal  0.000000e+00  0.000000e+00  1.000000e+00
   outer loop
     vertex  1.864688e+02  1.607324e+02  8.000000e+00
     vertex  1.860375e+02  1.613354e+02  8.000000e+00
     vertex  1.851750e+02  1.598638e+02  8.000000e+00
   endloop
 endfacet
 facet normal  0.000000e+00 -0.000000e+00  1.000000e+00
   outer loop
     vertex  1.864688e+02  1.607324e+02  8.000000e+00
     vertex  1.877625e+02  1.615664e+02  8.000000e+00
     vertex  1.860375e+02  1.613354e+02  8.000000e+00
   endloop
 endfacet
 facet normal  0.000000e+00  0.000000e+00  1.000000e+00
   outer loop
     vertex  1.886250e+02  1.629455e+02  8.000000e+00
     vertex  1.903500e+02  1.631304e+02  8.000000e+00
     vertex  1.894875e+02  1.642785e+02  8.000000e+00
   endloop
 endfacet
 facet normal  0.000000e+00  0.000000e+00  1.000000e+00
   outer loop
     vertex  1.886250e+02  1.629455e+02  8.000000e+00
     vertex  1.869000e+02  1.627607e+02  8.000000e+00
     vertex  1.877625e+02  1.615664e+02  8.000000e+00
   endloop
 endfacet
 facet normal  0.000000e+00  0.000000e+00  1.000000e+00
   outer loop
     vertex  1.886250e+02  1.629455e+02  8.000000e+00
     vertex  1.881938e+02  1.635369e+02  8.000000e+00
     vertex  1.869000e+02  1.627607e+02  8.000000e+00
   endloop
 endfacet
 facet normal  0.000000e+00 -0.000000e+00  1.000000e+00
   outer loop
     vertex  1.886250e+02  1.629455e+02  8.000000e+00
     vertex  1.894875e+02  1.642785e+02  8.000000e+00
     vertex  1.881938e+02  1.635369e+02  8.000000e+00
   endloop
 endfacet
 facet normal  0.000000e+00 -0.000000e+00  1.000000e+00
   outer loop
     vertex  1.847438e+02  1.577432e+02  8.000000e+00
     vertex  1.851750e+02  1.598638e+02  8.000000e+00
     vertex  1.838813e+02  1.589606e+02  8.000000e+00
   endloop
 endfacet
 facet normal -0.000000e+00  0.000000e+00  1.000000e+00
   outer loop
     vertex  1.920750e+02  1.656576e+02  8.000000e+00
     vertex  1.929375e+02  1.645557e+02  8.000000e+00
     vertex  1.920750e+02  1.703424e+02  8.000000e+00
   endloop
 endfacet
 facet normal  0.000000e+00  0.000000e+00  1.000000e+00
   outer loop
     vertex  1.920750e+02  1.656576e+02  8.000000e+00
     vertex  1.912125e+02  1.668057e+02  8.000000e+00
     vertex  1.903500e+02  1.655652e+02  8.000000e+00
   endloop
 endfacet
 facet normal  0.000000e+00  0.000000e+00  1.000000e+00
   outer loop
     vertex  1.920750e+02  1.656576e+02  8.000000e+00
     vertex  1.912125e+02  1.691943e+02  8.000000e+00
     vertex  1.912125e+02  1.668057e+02  8.000000e+00
   endloop
 endfacet
 facet normal  0.000000e+00 -0.000000e+00  1.000000e+00
   outer loop
     vertex  1.920750e+02  1.656576e+02  8.000000e+00
     vertex  1.920750e+02  1.703424e+02  8.000000e+00
     vertex  1.912125e+02  1.691943e+02  8.000000e+00
   endloop
 endfacet
 facet normal  0.000000e+00  0.000000e+00  1.000000e+00
   outer loop
     vertex  1.890563e+02  1.623657e+02  8.000000e+00
     vertex  1.886250e+02  1.629455e+02  8.000000e+00
     vertex  1.877625e+02  1.615664e+02  8.000000e+00
   endloop
 endfacet
 facet normal  0.000000e+00 -0.000000e+00  1.000000e+00
   outer loop
     vertex  1.890563e+02  1.623657e+02  8.000000e+00
     vertex  1.903500e+02  1.631304e+02  8.000000e+00
     vertex  1.886250e+02  1.629455e+02  8.000000e+00
   endloop
 endfacet
 facet normal  0.000000e+00 -0.000000e+00  1.000000e+00
   outer loop
     vertex  1.873313e+02  1.595612e+02  8.000000e+00
     vertex  1.877625e+02  1.615664e+02  8.000000e+00
     vertex  1.864688e+02  1.607324e+02  8.000000e+00
   endloop
 endfacet
 facet normal  0.000000e+00 -0.000000e+00  1.000000e+00
   outer loop
     vertex  1.916438e+02  1.638604e+02  8.000000e+00
     vertex  1.920750e+02  1.656576e+02  8.000000e+00
     vertex  1.903500e+02  1.655652e+02  8.000000e+00
   endloop
 endfacet
 facet normal  0.000000e+00  0.000000e+00  1.000000e+00
   outer loop
     vertex  1.916438e+02  1.638604e+02  8.000000e+00
     vertex  1.903500e+02  1.655652e+02  8.000000e+00
     vertex  1.894875e+02  1.642785e+02  8.000000e+00
   endloop
 endfacet
 facet normal  0.000000e+00  0.000000e+00  1.000000e+00
   outer loop
     vertex  1.916438e+02  1.638604e+02  8.000000e+00
     vertex  1.894875e+02  1.642785e+02  8.000000e+00
     vertex  1.903500e+02  1.631304e+02  8.000000e+00
   endloop
 endfacet
 facet normal  0.000000e+00  0.000000e+00  1.000000e+00
   outer loop
     vertex  1.916438e+02  1.638604e+02  8.000000e+00
     vertex  1.929375e+02  1.645557e+02  8.000000e+00
     vertex  1.920750e+02  1.656576e+02  8.000000e+00
   endloop
 endfacet
 facet normal  0.000000e+00  0.000000e+00  1.000000e+00
   outer loop
     vertex  1.886250e+02  1.604183e+02  8.000000e+00
     vertex  1.877625e+02  1.615664e+02  8.000000e+00
     vertex  1.873313e+02  1.595612e+02  8.000000e+00
   endloop
 endfacet
 facet normal  0.000000e+00  0.000000e+00  1.000000e+00
   outer loop
     vertex  1.886250e+02  1.604183e+02  8.000000e+00
     vertex  1.873313e+02  1.595612e+02  8.000000e+00
     vertex  1.894875e+02  1.593164e+02  8.000000e+00
   endloop
 endfacet
 facet normal  0.000000e+00 -0.000000e+00  1.000000e+00
   outer loop
     vertex  1.886250e+02  1.604183e+02  8.000000e+00
     vertex  1.890563e+02  1.623657e+02  8.000000e+00
     vertex  1.877625e+02  1.615664e+02  8.000000e+00
   endloop
 endfacet
 facet normal  0.000000e+00  0.000000e+00  1.000000e+00
   outer loop
     vertex  1.920750e+02  1.633152e+02  8.000000e+00
     vertex  1.916438e+02  1.638604e+02  8.000000e+00
     vertex  1.903500e+02  1.631304e+02  8.000000e+00
   endloop
 endfacet
 facet normal  0.000000e+00 -0.000000e+00  1.000000e+00
   outer loop
     vertex  1.920750e+02  1.633152e+02  8.000000e+00
     vertex  1.929375e+02  1.645557e+02  8.000000e+00
     vertex  1.916438e+02  1.638604e+02  8.000000e+00
   endloop
 endfacet
 facet normal  0.000000e+00  0.000000e+00  1.000000e+00
   outer loop
     vertex  1.920750e+02  1.633152e+02  8.000000e+00
     vertex  1.912125e+02  1.620285e+02  8.000000e+00
     vertex  1.920750e+02  1.609728e+02  8.000000e+00
   endloop
 endfacet
 facet normal  0.000000e+00  0.000000e+00  1.000000e+00
   outer loop
     vertex  1.920750e+02  1.633152e+02  8.000000e+00
     vertex  1.903500e+02  1.631304e+02  8.000000e+00
     vertex  1.912125e+02  1.620285e+02  8.000000e+00
   endloop
 endfacet
 facet normal -0.000000e+00  0.000000e+00  1.000000e+00
   outer loop
     vertex  1.920750e+02  1.633152e+02  8.000000e+00
     vertex  1.929375e+02  1.599633e+02  8.000000e+00
     vertex  1.929375e+02  1.645557e+02  8.000000e+00
   endloop
 endfacet
 facet normal  0.000000e+00  0.000000e+00  1.000000e+00
   outer loop
     vertex  1.920750e+02  1.633152e+02  8.000000e+00
     vertex  1.920750e+02  1.609728e+02  8.000000e+00
     vertex  1.929375e+02  1.599633e+02  8.000000e+00
   endloop
 endfacet
 facet normal  0.000000e+00  0.000000e+00  1.000000e+00
   outer loop
     vertex  1.907813e+02  1.601619e+02  8.000000e+00
     vertex  1.920750e+02  1.609728e+02  8.000000e+00
     vertex  1.912125e+02  1.620285e+02  8.000000e+00
   endloop
 endfacet
 facet normal  0.000000e+00  0.000000e+00  1.000000e+00
   outer loop
     vertex  1.916438e+02  1.591293e+02  8.000000e+00
     vertex  1.907813e+02  1.601619e+02  8.000000e+00
     vertex  1.894875e+02  1.593164e+02  8.000000e+00
   endloop
 endfacet
 facet normal  0.000000e+00 -0.000000e+00  1.000000e+00
   outer loop
     vertex  1.916438e+02  1.591293e+02  8.000000e+00
     vertex  1.920750e+02  1.609728e+02  8.000000e+00
     vertex  1.907813e+02  1.601619e+02  8.000000e+00
   endloop
 endfacet
 facet normal -0.000000e+00  0.000000e+00  1.000000e+00
   outer loop
     vertex  1.916438e+02  1.591293e+02  8.000000e+00
     vertex  1.938000e+02  1.590000e+02  8.000000e+00
     vertex  1.929375e+02  1.599633e+02  8.000000e+00
   endloop
 endfacet
 facet normal  0.000000e+00  0.000000e+00  1.000000e+00
   outer loop
     vertex  1.916438e+02  1.591293e+02  8.000000e+00
     vertex  1.929375e+02  1.599633e+02  8.000000e+00
     vertex  1.920750e+02  1.609728e+02  8.000000e+00
   endloop
 endfacet
 facet normal  0.000000e+00  0.000000e+00  1.000000e+00
   outer loop
     vertex  1.845281e+02  1.786435e+02  8.000000e+00
     vertex  1.830188e+02  1.771896e+02  8.000000e+00
     vertex  1.843125e+02  1.776539e+02  8.000000e+00
   endloop
 endfacet
 facet normal  0.000000e+00  0.000000e+00  1.000000e+00
   outer loop
     vertex  1.845281e+02  1.786435e+02  8.000000e+00
     vertex  1.800000e+02  1.799571e+02  8.000000e+00
     vertex  1.808625e+02  1.783008e+02  8.000000e+00
   endloop
 endfacet
 facet normal  0.000000e+00  0.000000e+00  1.000000e+00
   outer loop
     vertex  1.845281e+02  1.786435e+02  8.000000e+00
     vertex  1.808625e+02  1.783008e+02  8.000000e+00
     vertex  1.830188e+02  1.771896e+02  8.000000e+00
   endloop
 endfacet
 facet normal  0.000000e+00  0.000000e+00  1.000000e+00
   outer loop
     vertex  1.866844e+02  1.775381e+02  8.000000e+00
     vertex  1.843125e+02  1.776539e+02  8.000000e+00
     vertex  1.864688e+02  1.765889e+02  8.000000e+00
   endloop
 endfacet
 facet normal  0.000000e+00  0.000000e+00  1.000000e+00
   outer loop
     vertex  1.866844e+02  1.775381e+02  8.000000e+00
     vertex  1.845281e+02  1.786435e+02  8.000000e+00
     vertex  1.843125e+02  1.776539e+02  8.000000e+00
   endloop
 endfacet
 facet normal  0.000000e+00  0.000000e+00  1.000000e+00
   outer loop
     vertex  1.877625e+02  1.770070e+02  8.000000e+00
     vertex  1.866844e+02  1.775381e+02  8.000000e+00
     vertex  1.864688e+02  1.765889e+02  8.000000e+00
   endloop
 endfacet
 facet normal -0.000000e+00  0.000000e+00  1.000000e+00
   outer loop
     vertex  1.877625e+02  1.770070e+02  8.000000e+00
     vertex  1.886250e+02  1.755817e+02  8.000000e+00
     vertex  1.890563e+02  1.773905e+02  8.000000e+00
   endloop
 endfacet
 facet normal  0.000000e+00  0.000000e+00  1.000000e+00
   outer loop
     vertex  1.877625e+02  1.770070e+02  8.000000e+00
     vertex  1.864688e+02  1.765889e+02  8.000000e+00
     vertex  1.873313e+02  1.751405e+02  8.000000e+00
   endloop
 endfacet
 facet normal  0.000000e+00  0.000000e+00  1.000000e+00
   outer loop
     vertex  1.877625e+02  1.770070e+02  8.000000e+00
     vertex  1.873313e+02  1.751405e+02  8.000000e+00
     vertex  1.886250e+02  1.755817e+02  8.000000e+00
   endloop
 endfacet
 facet normal  0.000000e+00 -0.000000e+00  1.000000e+00
   outer loop
     vertex  1.821563e+02  1.715922e+02  8.000000e+00
     vertex  1.843125e+02  1.721374e+02  8.000000e+00
     vertex  1.821563e+02  1.730291e+02  8.000000e+00
   endloop
 endfacet
 facet normal  0.000000e+00  0.000000e+00  1.000000e+00
   outer loop
     vertex  1.821563e+02  1.715922e+02  8.000000e+00
     vertex  1.821563e+02  1.730291e+02  8.000000e+00
     vertex  1.808625e+02  1.724146e+02  8.000000e+00
   endloop
 endfacet
 facet normal  0.000000e+00  0.000000e+00  1.000000e+00
   outer loop
     vertex  1.821563e+02  1.715922e+02  8.000000e+00
     vertex  1.808625e+02  1.724146e+02  8.000000e+00
     vertex  1.825875e+02  1.694253e+02  8.000000e+00
   endloop
 endfacet
 facet normal -0.000000e+00  0.000000e+00  1.000000e+00
   outer loop
     vertex  1.821563e+02  1.715922e+02  8.000000e+00
     vertex  1.834500e+02  1.708045e+02  8.000000e+00
     vertex  1.843125e+02  1.721374e+02  8.000000e+00
   endloop
 endfacet
 facet normal  0.000000e+00  0.000000e+00  1.000000e+00
   outer loop
     vertex  1.821563e+02  1.715922e+02  8.000000e+00
     vertex  1.825875e+02  1.694253e+02  8.000000e+00
     vertex  1.834500e+02  1.708045e+02  8.000000e+00
   endloop
 endfacet
 facet normal  0.000000e+00  0.000000e+00  1.000000e+00
   outer loop
     vertex  1.914281e+02  1.772111e+02  8.000000e+00
     vertex  1.912125e+02  1.763602e+02  8.000000e+00
     vertex  1.925063e+02  1.766974e+02  8.000000e+00
   endloop
 endfacet
 facet normal  0.000000e+00  0.000000e+00  1.000000e+00
   outer loop
     vertex  1.914281e+02  1.772111e+02  8.000000e+00
     vertex  1.925063e+02  1.766974e+02  8.000000e+00
     vertex  1.938000e+02  1.770000e+02  8.000000e+00
   endloop
 endfacet
 facet normal  0.000000e+00 -0.000000e+00  1.000000e+00
   outer loop
     vertex  1.869000e+02  1.653804e+02  8.000000e+00
     vertex  1.877625e+02  1.667133e+02  8.000000e+00
     vertex  1.860375e+02  1.666671e+02  8.000000e+00
   endloop
 endfacet
 facet normal  0.000000e+00  0.000000e+00  1.000000e+00
   outer loop
     vertex  1.869000e+02  1.653804e+02  8.000000e+00
     vertex  1.860375e+02  1.666671e+02  8.000000e+00
     vertex  1.851750e+02  1.652879e+02  8.000000e+00
   endloop
 endfacet
 facet normal  0.000000e+00  0.000000e+00  1.000000e+00
   outer loop
     vertex  1.869000e+02  1.653804e+02  8.000000e+00
     vertex  1.886250e+02  1.654728e+02  8.000000e+00
     vertex  1.877625e+02  1.667133e+02  8.000000e+00
   endloop
 endfacet
 facet normal -0.000000e+00  0.000000e+00  1.000000e+00
   outer loop
     vertex  1.869000e+02  1.653804e+02  8.000000e+00
     vertex  1.877625e+02  1.641398e+02  8.000000e+00
     vertex  1.886250e+02  1.654728e+02  8.000000e+00
   endloop
 endfacet
 facet normal  0.000000e+00  0.000000e+00  1.000000e+00
   outer loop
     vertex  1.869000e+02  1.653804e+02  8.000000e+00
     vertex  1.851750e+02  1.652879e+02  8.000000e+00
     vertex  1.860375e+02  1.640012e+02  8.000000e+00
   endloop
 endfacet
 facet normal  0.000000e+00  0.000000e+00  1.000000e+00
   outer loop
     vertex  1.869000e+02  1.653804e+02  8.000000e+00
     vertex  1.860375e+02  1.640012e+02  8.000000e+00
     vertex  1.877625e+02  1.641398e+02  8.000000e+00
   endloop
 endfacet
 facet normal  0.000000e+00 -0.000000e+00  1.000000e+00
   outer loop
     vertex  1.823719e+02  1.569089e+02  8.000000e+00
     vertex  1.825875e+02  1.580227e+02  8.000000e+00
     vertex  1.812938e+02  1.570501e+02  8.000000e+00
   endloop
 endfacet
 facet normal  0.000000e+00  0.000000e+00  1.000000e+00
   outer loop
     vertex  1.823719e+02  1.569089e+02  8.000000e+00
     vertex  1.812938e+02  1.570501e+02  8.000000e+00
     vertex  1.800000e+02  1.560429e+02  8.000000e+00
   endloop
 endfacet
 facet normal  0.000000e+00  0.000000e+00  1.000000e+00
   outer loop
     vertex  1.860375e+02  1.586695e+02  8.000000e+00
     vertex  1.873313e+02  1.595612e+02  8.000000e+00
     vertex  1.864688e+02  1.607324e+02  8.000000e+00
   endloop
 endfacet
 facet normal  0.000000e+00  0.000000e+00  1.000000e+00
   outer loop
     vertex  1.860375e+02  1.586695e+02  8.000000e+00
     vertex  1.851750e+02  1.598638e+02  8.000000e+00
     vertex  1.847438e+02  1.577432e+02  8.000000e+00
   endloop
 endfacet
 facet normal  0.000000e+00 -0.000000e+00  1.000000e+00
   outer loop
     vertex  1.860375e+02  1.586695e+02  8.000000e+00
     vertex  1.864688e+02  1.607324e+02  8.000000e+00
     vertex  1.851750e+02  1.598638e+02  8.000000e+00
   endloop
 endfacet
 facet normal  0.000000e+00 -0.000000e+00  1.000000e+00
   outer loop
     vertex  1.871156e+02  1.585457e+02  8.000000e+00
     vertex  1.873313e+02  1.595612e+02  8.000000e+00
     vertex  1.860375e+02  1.586695e+02  8.000000e+00
   endloop
 endfacet
 facet normal  0.000000e+00  0.000000e+00  1.000000e+00
   outer loop
     vertex  1.871156e+02  1.585457e+02  8.000000e+00
     vertex  1.894875e+02  1.593164e+02  8.000000e+00
     vertex  1.873313e+02  1.595612e+02  8.000000e+00
   endloop
 endfacet
 facet normal  0.000000e+00 -0.000000e+00  1.000000e+00
   outer loop
     vertex  1.899188e+02  1.612407e+02  8.000000e+00
     vertex  1.903500e+02  1.631304e+02  8.000000e+00
     vertex  1.890563e+02  1.623657e+02  8.000000e+00
   endloop
 endfacet
 facet normal  0.000000e+00  0.000000e+00  1.000000e+00
   outer loop
     vertex  1.899188e+02  1.612407e+02  8.000000e+00
     vertex  1.890563e+02  1.623657e+02  8.000000e+00
     vertex  1.886250e+02  1.604183e+02  8.000000e+00
   endloop
 endfacet
 facet normal  0.000000e+00  0.000000e+00  1.000000e+00
   outer loop
     vertex  1.899188e+02  1.612407e+02  8.000000e+00
     vertex  1.886250e+02  1.604183e+02  8.000000e+00
     vertex  1.894875e+02  1.593164e+02  8.000000e+00
   endloop
 endfacet
 facet normal  0.000000e+00  0.000000e+00  1.000000e+00
   outer loop
     vertex  1.899188e+02  1.612407e+02  8.000000e+00
     vertex  1.894875e+02  1.593164e+02  8.000000e+00
     vertex  1.907813e+02  1.601619e+02  8.000000e+00
   endloop
 endfacet
 facet normal  0.000000e+00  0.000000e+00  1.000000e+00
   outer loop
     vertex  1.899188e+02  1.612407e+02  8.000000e+00
     vertex  1.912125e+02  1.620285e+02  8.000000e+00
     vertex  1.903500e+02  1.631304e+02  8.000000e+00
   endloop
 endfacet
 facet normal -0.000000e+00  0.000000e+00  1.000000e+00
   outer loop
     vertex  1.899188e+02  1.612407e+02  8.000000e+00
     vertex  1.907813e+02  1.601619e+02  8.000000e+00
     vertex  1.912125e+02  1.620285e+02  8.000000e+00
   endloop
 endfacet
 facet normal  0.000000e+00 -0.000000e+00  1.000000e+00
   outer loop
     vertex  1.892719e+02  1.583413e+02  8.000000e+00
     vertex  1.894875e+02  1.593164e+02  8.000000e+00
     vertex  1.871156e+02  1.585457e+02  8.000000e+00
   endloop
 endfacet
 facet normal  0.000000e+00  0.000000e+00  1.000000e+00
   outer loop
     vertex  1.892719e+02  1.583413e+02  8.000000e+00
     vertex  1.938000e+02  1.590000e+02  8.000000e+00
     vertex  1.916438e+02  1.591293e+02  8.000000e+00
   endloop
 endfacet
 facet normal  0.000000e+00  0.000000e+00  1.000000e+00
   outer loop
     vertex  1.892719e+02  1.583413e+02  8.000000e+00
     vertex  1.916438e+02  1.591293e+02  8.000000e+00
     vertex  1.894875e+02  1.593164e+02  8.000000e+00
   endloop
 endfacet
 facet normal -0.000000e+00 -0.000000e+00  1.000000e+00
   outer loop
     vertex  1.891641e+02  1.778373e+02  8.000000e+00
     vertex  1.938000e+02  1.770000e+02  8.000000e+00
     vertex  1.800000e+02  1.799571e+02  8.000000e+00
   endloop
 endfacet
 facet normal  0.000000e+00  0.000000e+00  1.000000e+00
   outer loop
     vertex  1.891641e+02  1.778373e+02  8.000000e+00
     vertex  1.800000e+02  1.799571e+02  8.000000e+00
     vertex  1.845281e+02  1.786435e+02  8.000000e+00
   endloop
 endfacet
 facet normal  0.000000e+00  0.000000e+00  1.000000e+00
   outer loop
     vertex  1.891641e+02  1.778373e+02  8.000000e+00
     vertex  1.914281e+02  1.772111e+02  8.000000e+00
     vertex  1.938000e+02  1.770000e+02  8.000000e+00
   endloop
 endfacet
 facet normal  0.000000e+00  0.000000e+00  1.000000e+00
   outer loop
     vertex  1.891641e+02  1.778373e+02  8.000000e+00
     vertex  1.912125e+02  1.763602e+02  8.000000e+00
     vertex  1.914281e+02  1.772111e+02  8.000000e+00
   endloop
 endfacet
 facet normal  0.000000e+00  0.000000e+00  1.000000e+00
   outer loop
     vertex  1.891641e+02  1.778373e+02  8.000000e+00
     vertex  1.890563e+02  1.773905e+02  8.000000e+00
     vertex  1.912125e+02  1.763602e+02  8.000000e+00
   endloop
 endfacet
 facet normal -0.000000e+00  0.000000e+00  1.000000e+00
   outer loop
     vertex  1.846359e+02  1.572076e+02  8.000000e+00
     vertex  1.800000e+02  1.560429e+02  8.000000e+00
     vertex  1.938000e+02  1.590000e+02  8.000000e+00
   endloop
 endfacet
 facet normal  0.000000e+00  0.000000e+00  1.000000e+00
   outer loop
     vertex  1.846359e+02  1.572076e+02  8.000000e+00
     vertex  1.823719e+02  1.569089e+02  8.000000e+00
     vertex  1.800000e+02  1.560429e+02  8.000000e+00
   endloop
 endfacet
 facet normal  0.000000e+00  0.000000e+00  1.000000e+00
   outer loop
     vertex  1.846359e+02  1.572076e+02  8.000000e+00
     vertex  1.871156e+02  1.585457e+02  8.000000e+00
     vertex  1.860375e+02  1.586695e+02  8.000000e+00
   endloop
 endfacet
 facet normal  0.000000e+00  0.000000e+00  1.000000e+00
   outer loop
     vertex  1.846359e+02  1.572076e+02  8.000000e+00
     vertex  1.860375e+02  1.586695e+02  8.000000e+00
     vertex  1.847438e+02  1.577432e+02  8.000000e+00
   endloop
 endfacet
 facet normal  0.000000e+00  0.000000e+00  1.000000e+00
   outer loop
     vertex  1.846359e+02  1.572076e+02  8.000000e+00
     vertex  1.938000e+02  1.590000e+02  8.000000e+00
     vertex  1.892719e+02  1.583413e+02  8.000000e+00
   endloop
 endfacet
 facet normal  0.000000e+00  0.000000e+00  1.000000e+00
   outer loop
     vertex  1.846359e+02  1.572076e+02  8.000000e+00
     vertex  1.892719e+02  1.583413e+02  8.000000e+00
     vertex  1.871156e+02  1.585457e+02  8.000000e+00
   endloop
 endfacet
 facet normal  0.000000e+00 -0.000000e+00  1.000000e+00
   outer loop
     vertex  1.879242e+02  1.776981e+02  8.000000e+00
     vertex  1.891641e+02  1.778373e+02  8.000000e+00
     vertex  1.845281e+02  1.786435e+02  8.000000e+00
   endloop
 endfacet
 facet normal  0.000000e+00  0.000000e+00  1.000000e+00
   outer loop
     vertex  1.879242e+02  1.776981e+02  8.000000e+00
     vertex  1.877625e+02  1.770070e+02  8.000000e+00
     vertex  1.890563e+02  1.773905e+02  8.000000e+00
   endloop
 endfacet
 facet normal  0.000000e+00  0.000000e+00  1.000000e+00
   outer loop
     vertex  1.879242e+02  1.776981e+02  8.000000e+00
     vertex  1.866844e+02  1.775381e+02  8.000000e+00
     vertex  1.877625e+02  1.770070e+02  8.000000e+00
   endloop
 endfacet
 facet normal -0.000000e+00  0.000000e+00  1.000000e+00
   outer loop
     vertex  1.879242e+02  1.776981e+02  8.000000e+00
     vertex  1.890563e+02  1.773905e+02  8.000000e+00
     vertex  1.891641e+02  1.778373e+02  8.000000e+00
   endloop
 endfacet
 facet normal  0.000000e+00  0.000000e+00  1.000000e+00
   outer loop
     vertex  1.879242e+02  1.776981e+02  8.000000e+00
     vertex  1.845281e+02  1.786435e+02  8.000000e+00
     vertex  1.866844e+02  1.775381e+02  8.000000e+00
   endloop
 endfacet
 facet normal  0.000000e+00  0.000000e+00  1.000000e+00
   outer loop
     vertex  1.836117e+02  1.576031e+02  8.000000e+00
     vertex  1.847438e+02  1.577432e+02  8.000000e+00
     vertex  1.838813e+02  1.589606e+02  8.000000e+00
   endloop
 endfacet
 facet normal  0.000000e+00 -0.000000e+00  1.000000e+00
   outer loop
     vertex  1.836117e+02  1.576031e+02  8.000000e+00
     vertex  1.838813e+02  1.589606e+02  8.000000e+00
     vertex  1.825875e+02  1.580227e+02  8.000000e+00
   endloop
 endfacet
 facet normal  0.000000e+00  0.000000e+00  1.000000e+00
   outer loop
     vertex  1.836117e+02  1.576031e+02  8.000000e+00
     vertex  1.823719e+02  1.569089e+02  8.000000e+00
     vertex  1.846359e+02  1.572076e+02  8.000000e+00
   endloop
 endfacet
 facet normal  0.000000e+00  0.000000e+00  1.000000e+00
   outer loop
     vertex  1.836117e+02  1.576031e+02  8.000000e+00
     vertex  1.825875e+02  1.580227e+02  8.000000e+00
     vertex  1.823719e+02  1.569089e+02  8.000000e+00
   endloop
 endfacet
 facet normal -0.000000e+00  0.000000e+00  1.000000e+00
   outer loop
     vertex  1.836117e+02  1.576031e+02  8.000000e+00
     vertex  1.846359e+02  1.572076e+02  8.000000e+00
     vertex  1.847438e+02  1.577432e+02  8.000000e+00
   endloop
 endfacet
 facet normal  1.967213e-01 -9.180328e-01  3.442623e-01
   outer loop
     vertex  1.938000e+02  1.590000e+02  8.000000e+00
     vertex  1.800000e+02  1.560429e+02  8.000000e+00
     vertex  1.800000e+02  1.530429e+02  0.000000e+00
   endloop
 endfacet
 facet normal  1.967213e-01 -9.180328e-01  3.442623e-01
   outer loop
     vertex  1.938000e+02  1.560000e+02  0.000000e+00
     vertex  1.938000e+02  1.590000e+02  8.000000e+00
     vertex  1.800000e+02  1.530429e+02  0.000000e+00
   endloop
 endfacet
 facet normal  1.000000e+00  0.000000e+00  0.000000e+00
   outer loop
     vertex  1.800000e+02  6.395714e+01  8.000000e+00
     vertex  1.800000e+02  6.695714e+01  0.000000e+00
     vertex  1.800000e+02  1.530429e+02  0.000000e+00
   endloop
 endfacet
 facet normal  1.000000e+00 -0.000000e+00  0.000000e+00
   outer loop
     vertex  1.800000e+02  6.395714e+01  8.000000e+00
     vertex  1.800000e+02  1.530429e+02  0.000000e+00
     vertex  1.800000e+02  1.560429e+02  8.000000e+00
   endloop
 endfacet
 facet normal  1.967213e-01  9.180328e-01  3.442623e-01
   outer loop
     vertex  1.938000e+02  6.400000e+01  0.000000e+00
     vertex  1.800000e+02  6.695714e+01  0.000000e+00
     vertex  1.800000e+02  6.395714e+01  8.000000e+00
   endloop
 endfacet
 facet normal  1.967213e-01  9.180328e-01  3.442623e-01
   outer loop
     vertex  1.938000e+02  6.100000e+01  8.000000e+00
     vertex  1.938000e+02  6.400000e+01  0.000000e+00
     vertex  1.800000e+02  6.395714e+01  8.000000e+00
   endloop
 endfacet
 facet normal  0.000000e+00  0.000000e+00  1.000000e+00
   outer loop
     vertex  1.929375e+02  6.003672e+01  8.000000e+00
     vertex  1.912125e+02  6.036016e+01  8.000000e+00
     vertex  1.920750e+02  5.902723e+01  8.000000e+00
   endloop
 endfacet
 facet normal  0.000000e+00  0.000000e+00  1.000000e+00
   outer loop
     vertex  1.912125e+02  5.797154e+01  8.000000e+00
     vertex  1.894875e+02  5.820257e+01  8.000000e+00
     vertex  1.903500e+02  5.686964e+01  8.000000e+00
   endloop
 endfacet
 facet normal  0.000000e+00  0.000000e+00  1.000000e+00
   outer loop
     vertex  1.877625e+02  5.328672e+01  8.000000e+00
     vertex  1.860375e+02  5.333292e+01  8.000000e+00
     vertex  1.869000e+02  5.200000e+01  8.000000e+00
   endloop
 endfacet
 facet normal  0.000000e+00  0.000000e+00  1.000000e+00
   outer loop
     vertex  1.929375e+02  5.774051e+01  8.000000e+00
     vertex  1.938000e+02  6.100000e+01  8.000000e+00
     vertex  1.929375e+02  6.003672e+01  8.000000e+00
   endloop
 endfacet
 facet normal  0.000000e+00 -0.000000e+00  1.000000e+00
   outer loop
     vertex  1.929375e+02  5.774051e+01  8.000000e+00
     vertex  1.929375e+02  6.003672e+01  8.000000e+00
     vertex  1.920750e+02  5.902723e+01  8.000000e+00
   endloop
 endfacet
 facet normal  0.000000e+00  0.000000e+00  1.000000e+00
   outer loop
     vertex  1.929375e+02  5.774051e+01  8.000000e+00
     vertex  1.920750e+02  5.902723e+01  8.000000e+00
     vertex  1.912125e+02  5.797154e+01  8.000000e+00
   endloop
 endfacet
 facet normal  0.000000e+00  0.000000e+00  1.000000e+00
   outer loop
     vertex  1.808625e+02  4.464230e+01  8.000000e+00
     vertex  1.800000e+02  6.395714e+01  8.000000e+00
     vertex  1.800000e+02  4.004286e+01  8.000000e+00
   endloop
 endfacet
 facet normal  0.000000e+00  0.000000e+00  1.000000e+00
   outer loop
     vertex  1.808625e+02  4.464230e+01  8.000000e+00
     vertex  1.800000e+02  4.004286e+01  8.000000e+00
     vertex  1.817250e+02  4.330938e+01  8.000000e+00
   endloop
 endfacet
 facet normal  0.000000e+00  0.000000e+00  1.000000e+00
   outer loop
     vertex  1.843125e+02  4.786261e+01  8.000000e+00
     vertex  1.825875e+02  4.772400e+01  8.000000e+00
     vertex  1.834500e+02  4.639107e+01  8.000000e+00
   endloop
 endfacet
 facet normal  0.000000e+00  0.000000e+00  1.000000e+00
   outer loop
     vertex  1.825875e+02  4.487333e+01  8.000000e+00
     vertex  1.808625e+02  4.464230e+01  8.000000e+00
     vertex  1.817250e+02  4.330938e+01  8.000000e+00
   endloop
 endfacet
 facet normal  0.000000e+00  0.000000e+00  1.000000e+00
   outer loop
     vertex  1.877625e+02  5.071328e+01  8.000000e+00
     vertex  1.869000e+02  5.200000e+01  8.000000e+00
     vertex  1.860375e+02  5.066708e+01  8.000000e+00
   endloop
 endfacet
 facet normal  0.000000e+00  0.000000e+00  1.000000e+00
   outer loop
     vertex  1.843125e+02  4.510435e+01  8.000000e+00
     vertex  1.834500e+02  4.639107e+01  8.000000e+00
     vertex  1.825875e+02  4.487333e+01  8.000000e+00
   endloop
 endfacet
 facet normal -0.000000e+00  0.000000e+00  1.000000e+00
   outer loop
     vertex  1.929375e+02  4.855569e+01  8.000000e+00
     vertex  1.938000e+02  4.300000e+01  8.000000e+00
     vertex  1.938000e+02  6.100000e+01  8.000000e+00
   endloop
 endfacet
 facet normal  0.000000e+00  0.000000e+00  1.000000e+00
   outer loop
     vertex  1.929375e+02  4.855569e+01  8.000000e+00
     vertex  1.938000e+02  6.100000e+01  8.000000e+00
     vertex  1.929375e+02  5.774051e+01  8.000000e+00
   endloop
 endfacet
 facet normal  0.000000e+00 -0.000000e+00  1.000000e+00
   outer loop
     vertex  1.929375e+02  4.855569e+01  8.000000e+00
     vertex  1.929375e+02  5.774051e+01  8.000000e+00
     vertex  1.920750e+02  5.434241e+01  8.000000e+00
   endloop
 endfacet
 facet normal -0.000000e+00  0.000000e+00  1.000000e+00
   outer loop
     vertex  1.929375e+02  4.396328e+01  8.000000e+00
     vertex  1.938000e+02  4.300000e+01  8.000000e+00
     vertex  1.929375e+02  4.855569e+01  8.000000e+00
   endloop
 endfacet
 facet normal  0.000000e+00 -0.000000e+00  1.000000e+00
   outer loop
     vertex  1.929375e+02  4.396328e+01  8.000000e+00
     vertex  1.929375e+02  4.855569e+01  8.000000e+00
     vertex  1.920750e+02  4.497277e+01  8.000000e+00
   endloop
 endfacet
 facet normal  0.000000e+00  0.000000e+00  1.000000e+00
   outer loop
     vertex  1.821562e+02  6.277665e+01  8.000000e+00
     vertex  1.800000e+02  6.395714e+01  8.000000e+00
     vertex  1.808625e+02  6.230078e+01  8.000000e+00
   endloop
 endfacet
 facet normal  0.000000e+00  0.000000e+00  1.000000e+00
   outer loop
     vertex  1.821562e+02  6.277665e+01  8.000000e+00
     vertex  1.808625e+02  6.230078e+01  8.000000e+00
     vertex  1.817250e+02  6.069062e+01  8.000000e+00
   endloop
 endfacet
 facet normal  0.000000e+00 -0.000000e+00  1.000000e+00
   outer loop
     vertex  1.830188e+02  6.118959e+01  8.000000e+00
     vertex  1.843125e+02  6.165391e+01  8.000000e+00
     vertex  1.821562e+02  6.277665e+01  8.000000e+00
   endloop
 endfacet
 facet normal  0.000000e+00  0.000000e+00  1.000000e+00
   outer loop
     vertex  1.830188e+02  6.118959e+01  8.000000e+00
     vertex  1.821562e+02  6.277665e+01  8.000000e+00
     vertex  1.817250e+02  6.069062e+01  8.000000e+00
   endloop
 endfacet
 facet normal  0.000000e+00  0.000000e+00  1.000000e+00
   outer loop
     vertex  1.812938e+02  5.856995e+01  8.000000e+00
     vertex  1.808625e+02  4.464230e+01  8.000000e+00
     vertex  1.817250e+02  4.910312e+01  8.000000e+00
   endloop
 endfacet
 facet normal  0.000000e+00  0.000000e+00  1.000000e+00
   outer loop
     vertex  1.812938e+02  5.856995e+01  8.000000e+00
     vertex  1.800000e+02  6.395714e+01  8.000000e+00
     vertex  1.808625e+02  4.464230e+01  8.000000e+00
   endloop
 endfacet
 facet normal  0.000000e+00  0.000000e+00  1.000000e+00
   outer loop
     vertex  1.812938e+02  5.856995e+01  8.000000e+00
     vertex  1.808625e+02  6.230078e+01  8.000000e+00
     vertex  1.800000e+02  6.395714e+01  8.000000e+00
   endloop
 endfacet
 facet normal  0.000000e+00  0.000000e+00  1.000000e+00
   outer loop
     vertex  1.812938e+02  5.856995e+01  8.000000e+00
     vertex  1.817250e+02  4.910312e+01  8.000000e+00
     vertex  1.825875e+02  5.342533e+01  8.000000e+00
   endloop
 endfacet
 facet normal  0.000000e+00 -0.000000e+00  1.000000e+00
   outer loop
     vertex  1.812938e+02  5.856995e+01  8.000000e+00
     vertex  1.817250e+02  6.069062e+01  8.000000e+00
     vertex  1.808625e+02  6.230078e+01  8.000000e+00
   endloop
 endfacet
 facet normal  0.000000e+00  0.000000e+00  1.000000e+00
   outer loop
     vertex  1.812938e+02  5.856995e+01  8.000000e+00
     vertex  1.825875e+02  5.912667e+01  8.000000e+00
     vertex  1.817250e+02  6.069062e+01  8.000000e+00
   endloop
 endfacet
 facet normal  0.000000e+00 -0.000000e+00  1.000000e+00
   outer loop
     vertex  1.834500e+02  6.041339e+01  8.000000e+00
     vertex  1.843125e+02  6.165391e+01  8.000000e+00
     vertex  1.830188e+02  6.118959e+01  8.000000e+00
   endloop
 endfacet
 facet normal  0.000000e+00  0.000000e+00  1.000000e+00
   outer loop
     vertex  1.834500e+02  6.041339e+01  8.000000e+00
     vertex  1.830188e+02  6.118959e+01  8.000000e+00
     vertex  1.817250e+02  6.069062e+01  8.000000e+00
   endloop
 endfacet
 facet normal  0.000000e+00  0.000000e+00  1.000000e+00
   outer loop
     vertex  1.834500e+02  6.041339e+01  8.000000e+00
     vertex  1.817250e+02  6.069062e+01  8.000000e+00
     vertex  1.825875e+02  5.912667e+01  8.000000e+00
   endloop
 endfacet
 facet normal  0.000000e+00 -0.000000e+00  1.000000e+00
   outer loop
     vertex  1.817250e+02  5.779375e+01  8.000000e+00
     vertex  1.825875e+02  5.912667e+01  8.000000e+00
     vertex  1.812938e+02  5.856995e+01  8.000000e+00
   endloop
 endfacet
 facet normal -0.000000e+00  0.000000e+00  1.000000e+00
   outer loop
     vertex  1.817250e+02  5.779375e+01  8.000000e+00
     vertex  1.834500e+02  5.760893e+01  8.000000e+00
     vertex  1.825875e+02  5.912667e+01  8.000000e+00
   endloop
 endfacet
 facet normal  0.000000e+00  0.000000e+00  1.000000e+00
   outer loop
     vertex  1.817250e+02  5.779375e+01  8.000000e+00
     vertex  1.812938e+02  5.856995e+01  8.000000e+00
     vertex  1.825875e+02  5.342533e+01  8.000000e+00
   endloop
 endfacet
 facet normal  0.000000e+00  0.000000e+00  1.000000e+00
   outer loop
     vertex  1.851750e+02  6.013616e+01  8.000000e+00
     vertex  1.843125e+02  6.165391e+01  8.000000e+00
     vertex  1.834500e+02  6.041339e+01  8.000000e+00
   endloop
 endfacet
 facet normal  0.000000e+00  0.000000e+00  1.000000e+00
   outer loop
     vertex  1.864688e+02  6.058892e+01  8.000000e+00
     vertex  1.843125e+02  6.165391e+01  8.000000e+00
     vertex  1.851750e+02  6.013616e+01  8.000000e+00
   endloop
 endfacet
 facet normal  0.000000e+00  0.000000e+00  1.000000e+00
   outer loop
     vertex  1.864688e+02  6.058892e+01  8.000000e+00
     vertex  1.851750e+02  6.013616e+01  8.000000e+00
     vertex  1.860375e+02  5.866462e+01  8.000000e+00
   endloop
 endfacet
 facet normal  0.000000e+00 -0.000000e+00  1.000000e+00
   outer loop
     vertex  1.847438e+02  5.815410e+01  8.000000e+00
     vertex  1.851750e+02  6.013616e+01  8.000000e+00
     vertex  1.834500e+02  6.041339e+01  8.000000e+00
   endloop
 endfacet
 facet normal  0.000000e+00  0.000000e+00  1.000000e+00
   outer loop
     vertex  1.847438e+02  5.815410e+01  8.000000e+00
     vertex  1.825875e+02  5.912667e+01  8.000000e+00
     vertex  1.834500e+02  5.760893e+01  8.000000e+00
   endloop
 endfacet
 facet normal  0.000000e+00  0.000000e+00  1.000000e+00
   outer loop
     vertex  1.847438e+02  5.815410e+01  8.000000e+00
     vertex  1.834500e+02  6.041339e+01  8.000000e+00
     vertex  1.825875e+02  5.912667e+01  8.000000e+00
   endloop
 endfacet
 facet normal  0.000000e+00  0.000000e+00  1.000000e+00
   outer loop
     vertex  1.847438e+02  5.815410e+01  8.000000e+00
     vertex  1.860375e+02  5.866462e+01  8.000000e+00
     vertex  1.851750e+02  6.013616e+01  8.000000e+00
   endloop
 endfacet
 facet normal  0.000000e+00  0.000000e+00  1.000000e+00
   outer loop
     vertex  1.851750e+02  5.742411e+01  8.000000e+00
     vertex  1.834500e+02  5.760893e+01  8.000000e+00
     vertex  1.843125e+02  5.613739e+01  8.000000e+00
   endloop
 endfacet
 facet normal  0.000000e+00  0.000000e+00  1.000000e+00
   outer loop
     vertex  1.851750e+02  5.742411e+01  8.000000e+00
     vertex  1.847438e+02  5.815410e+01  8.000000e+00
     vertex  1.834500e+02  5.760893e+01  8.000000e+00
   endloop
 endfacet
 facet normal -0.000000e+00  0.000000e+00  1.000000e+00
   outer loop
     vertex  1.851750e+02  5.742411e+01  8.000000e+00
     vertex  1.869000e+02  5.723929e+01  8.000000e+00
     vertex  1.860375e+02  5.866462e+01  8.000000e+00
   endloop
 endfacet
 facet normal  0.000000e+00 -0.000000e+00  1.000000e+00
   outer loop
     vertex  1.851750e+02  5.742411e+01  8.000000e+00
     vertex  1.860375e+02  5.866462e+01  8.000000e+00
     vertex  1.847438e+02  5.815410e+01  8.000000e+00
   endloop
 endfacet
 facet normal  0.000000e+00  0.000000e+00  1.000000e+00
   outer loop
     vertex  1.873313e+02  5.914049e+01  8.000000e+00
     vertex  1.864688e+02  6.058892e+01  8.000000e+00
     vertex  1.860375e+02  5.866462e+01  8.000000e+00
   endloop
 endfacet
 facet normal -0.000000e+00  0.000000e+00  1.000000e+00
   outer loop
     vertex  1.834500e+02  5.480446e+01  8.000000e+00
     vertex  1.851750e+02  5.471205e+01  8.000000e+00
     vertex  1.843125e+02  5.613739e+01  8.000000e+00
   endloop
 endfacet
 facet normal  0.000000e+00 -0.000000e+00  1.000000e+00
   outer loop
     vertex  1.856063e+02  5.670566e+01  8.000000e+00
     vertex  1.869000e+02  5.723929e+01  8.000000e+00
     vertex  1.851750e+02  5.742411e+01  8.000000e+00
   endloop
 endfacet
 facet normal  0.000000e+00  0.000000e+00  1.000000e+00
   outer loop
     vertex  1.856063e+02  5.670566e+01  8.000000e+00
     vertex  1.851750e+02  5.742411e+01  8.000000e+00
     vertex  1.843125e+02  5.613739e+01  8.000000e+00
   endloop
 endfacet
 facet normal  0.000000e+00  0.000000e+00  1.000000e+00
   outer loop
     vertex  1.877625e+02  5.843359e+01  8.000000e+00
     vertex  1.873313e+02  5.914049e+01  8.000000e+00
     vertex  1.860375e+02  5.866462e+01  8.000000e+00
   endloop
 endfacet
 facet normal  0.000000e+00  0.000000e+00  1.000000e+00
   outer loop
     vertex  1.877625e+02  5.843359e+01  8.000000e+00
     vertex  1.860375e+02  5.866462e+01  8.000000e+00
     vertex  1.869000e+02  5.723929e+01  8.000000e+00
   endloop
 endfacet
 facet normal -0.000000e+00  0.000000e+00  1.000000e+00
   outer loop
     vertex  1.877625e+02  5.843359e+01  8.000000e+00
     vertex  1.894875e+02  5.820257e+01  8.000000e+00
     vertex  1.886250e+02  5.958170e+01  8.000000e+00
   endloop
 endfacet
 facet normal  0.000000e+00 -0.000000e+00  1.000000e+00
   outer loop
     vertex  1.877625e+02  5.843359e+01  8.000000e+00
     vertex  1.886250e+02  5.958170e+01  8.000000e+00
     vertex  1.873313e+02  5.914049e+01  8.000000e+00
   endloop
 endfacet
 facet normal  0.000000e+00 -0.000000e+00  1.000000e+00
   outer loop
     vertex  1.899188e+02  5.998825e+01  8.000000e+00
     vertex  1.912125e+02  6.036016e+01  8.000000e+00
     vertex  1.890563e+02  6.139049e+01  8.000000e+00
   endloop
 endfacet
 facet normal  0.000000e+00  0.000000e+00  1.000000e+00
   outer loop
     vertex  1.899188e+02  5.998825e+01  8.000000e+00
     vertex  1.890563e+02  6.139049e+01  8.000000e+00
     vertex  1.886250e+02  5.958170e+01  8.000000e+00
   endloop
 endfacet
 facet normal  0.000000e+00 -0.000000e+00  1.000000e+00
   outer loop
     vertex  1.838813e+02  5.408602e+01  8.000000e+00
     vertex  1.851750e+02  5.471205e+01  8.000000e+00
     vertex  1.834500e+02  5.480446e+01  8.000000e+00
   endloop
 endfacet
 facet normal  0.000000e+00  0.000000e+00  1.000000e+00
   outer loop
     vertex  1.838813e+02  5.408602e+01  8.000000e+00
     vertex  1.834500e+02  5.480446e+01  8.000000e+00
     vertex  1.825875e+02  5.342533e+01  8.000000e+00
   endloop
 endfacet
 facet normal  0.000000e+00  0.000000e+00  1.000000e+00
   outer loop
     vertex  1.860375e+02  5.599877e+01  8.000000e+00
     vertex  1.843125e+02  5.613739e+01  8.000000e+00
     vertex  1.851750e+02  5.471205e+01  8.000000e+00
   endloop
 endfacet
 facet normal  0.000000e+00 -0.000000e+00  1.000000e+00
   outer loop
     vertex  1.860375e+02  5.599877e+01  8.000000e+00
     vertex  1.869000e+02  5.723929e+01  8.000000e+00
     vertex  1.856063e+02  5.670566e+01  8.000000e+00
   endloop
 endfacet
 facet normal  0.000000e+00  0.000000e+00  1.000000e+00
   outer loop
     vertex  1.860375e+02  5.599877e+01  8.000000e+00
     vertex  1.856063e+02  5.670566e+01  8.000000e+00
     vertex  1.843125e+02  5.613739e+01  8.000000e+00
   endloop
 endfacet
 facet normal -0.000000e+00  0.000000e+00  1.000000e+00
   outer loop
     vertex  1.881938e+02  5.773825e+01  8.000000e+00
     vertex  1.903500e+02  5.686964e+01  8.000000e+00
     vertex  1.894875e+02  5.820257e+01  8.000000e+00
   endloop
 endfacet
 facet normal  0.000000e+00  0.000000e+00  1.000000e+00
   outer loop
     vertex  1.881938e+02  5.773825e+01  8.000000e+00
     vertex  1.877625e+02  5.843359e+01  8.000000e+00
     vertex  1.869000e+02  5.723929e+01  8.000000e+00
   endloop
 endfacet
 facet normal  0.000000e+00 -0.000000e+00  1.000000e+00
   outer loop
     vertex  1.881938e+02  5.773825e+01  8.000000e+00
     vertex  1.894875e+02  5.820257e+01  8.000000e+00
     vertex  1.877625e+02  5.843359e+01  8.000000e+00
   endloop
 endfacet
 facet normal  0.000000e+00  0.000000e+00  1.000000e+00
   outer loop
     vertex  1.903500e+02  5.930446e+01  8.000000e+00
     vertex  1.894875e+02  5.820257e+01  8.000000e+00
     vertex  1.912125e+02  5.797154e+01  8.000000e+00
   endloop
 endfacet
 facet normal -0.000000e+00  0.000000e+00  1.000000e+00
   outer loop
     vertex  1.903500e+02  5.930446e+01  8.000000e+00
     vertex  1.920750e+02  5.902723e+01  8.000000e+00
     vertex  1.912125e+02  6.036016e+01  8.000000e+00
   endloop
 endfacet
 facet normal  0.000000e+00  0.000000e+00  1.000000e+00
   outer loop
     vertex  1.903500e+02  5.930446e+01  8.000000e+00
     vertex  1.886250e+02  5.958170e+01  8.000000e+00
     vertex  1.894875e+02  5.820257e+01  8.000000e+00
   endloop
 endfacet
 facet normal  0.000000e+00  0.000000e+00  1.000000e+00
   outer loop
     vertex  1.903500e+02  5.930446e+01  8.000000e+00
     vertex  1.912125e+02  5.797154e+01  8.000000e+00
     vertex  1.920750e+02  5.902723e+01  8.000000e+00
   endloop
 endfacet
 facet normal  0.000000e+00 -0.000000e+00  1.000000e+00
   outer loop
     vertex  1.903500e+02  5.930446e+01  8.000000e+00
     vertex  1.912125e+02  6.036016e+01  8.000000e+00
     vertex  1.899188e+02  5.998825e+01  8.000000e+00
   endloop
 endfacet
 facet normal  0.000000e+00  0.000000e+00  1.000000e+00
   outer loop
     vertex  1.903500e+02  5.930446e+01  8.000000e+00
     vertex  1.899188e+02  5.998825e+01  8.000000e+00
     vertex  1.886250e+02  5.958170e+01  8.000000e+00
   endloop
 endfacet
 facet normal  0.000000e+00 -0.000000e+00  1.000000e+00
   outer loop
     vertex  1.925063e+02  6.069741e+01  8.000000e+00
     vertex  1.938000e+02  6.100000e+01  8.000000e+00
     vertex  1.890563e+02  6.139049e+01  8.000000e+00
   endloop
 endfacet
 facet normal  0.000000e+00  0.000000e+00  1.000000e+00
   outer loop
     vertex  1.925063e+02  6.069741e+01  8.000000e+00
     vertex  1.890563e+02  6.139049e+01  8.000000e+00
     vertex  1.912125e+02  6.036016e+01  8.000000e+00
   endloop
 endfacet
 facet normal -0.000000e+00  0.000000e+00  1.000000e+00
   outer loop
     vertex  1.925063e+02  6.069741e+01  8.000000e+00
     vertex  1.929375e+02  6.003672e+01  8.000000e+00
     vertex  1.938000e+02  6.100000e+01  8.000000e+00
   endloop
 endfacet
 facet normal  0.000000e+00  0.000000e+00  1.000000e+00
   outer loop
     vertex  1.925063e+02  6.069741e+01  8.000000e+00
     vertex  1.912125e+02  6.036016e+01  8.000000e+00
     vertex  1.929375e+02  6.003672e+01  8.000000e+00
   endloop
 endfacet
 facet normal  0.000000e+00 -0.000000e+00  1.000000e+00
   outer loop
     vertex  1.843125e+02  5.337913e+01  8.000000e+00
     vertex  1.851750e+02  5.471205e+01  8.000000e+00
     vertex  1.838813e+02  5.408602e+01  8.000000e+00
   endloop
 endfacet
 facet normal  0.000000e+00  0.000000e+00  1.000000e+00
   outer loop
     vertex  1.843125e+02  5.337913e+01  8.000000e+00
     vertex  1.825875e+02  5.342533e+01  8.000000e+00
     vertex  1.834500e+02  5.200000e+01  8.000000e+00
   endloop
 endfacet
 facet normal -0.000000e+00  0.000000e+00  1.000000e+00
   outer loop
     vertex  1.843125e+02  5.337913e+01  8.000000e+00
     vertex  1.860375e+02  5.333292e+01  8.000000e+00
     vertex  1.851750e+02  5.471205e+01  8.000000e+00
   endloop
 endfacet
 facet normal  0.000000e+00  0.000000e+00  1.000000e+00
   outer loop
     vertex  1.843125e+02  5.337913e+01  8.000000e+00
     vertex  1.838813e+02  5.408602e+01  8.000000e+00
     vertex  1.825875e+02  5.342533e+01  8.000000e+00
   endloop
 endfacet
 facet normal  0.000000e+00  0.000000e+00  1.000000e+00
   outer loop
     vertex  1.881938e+02  5.646309e+01  8.000000e+00
     vertex  1.881938e+02  5.773825e+01  8.000000e+00
     vertex  1.869000e+02  5.723929e+01  8.000000e+00
   endloop
 endfacet
 facet normal  0.000000e+00 -0.000000e+00  1.000000e+00
   outer loop
     vertex  1.881938e+02  5.646309e+01  8.000000e+00
     vertex  1.903500e+02  5.686964e+01  8.000000e+00
     vertex  1.881938e+02  5.773825e+01  8.000000e+00
   endloop
 endfacet
 facet normal -0.000000e+00  0.000000e+00  1.000000e+00
   outer loop
     vertex  1.881938e+02  5.646309e+01  8.000000e+00
     vertex  1.894875e+02  5.572154e+01  8.000000e+00
     vertex  1.903500e+02  5.686964e+01  8.000000e+00
   endloop
 endfacet
 facet normal  0.000000e+00  0.000000e+00  1.000000e+00
   outer loop
     vertex  1.825875e+02  5.057467e+01  8.000000e+00
     vertex  1.825875e+02  5.342533e+01  8.000000e+00
     vertex  1.817250e+02  4.910312e+01  8.000000e+00
   endloop
 endfacet
 facet normal  0.000000e+00 -0.000000e+00  1.000000e+00
   outer loop
     vertex  1.825875e+02  5.057467e+01  8.000000e+00
     vertex  1.834500e+02  5.200000e+01  8.000000e+00
     vertex  1.825875e+02  5.342533e+01  8.000000e+00
   endloop
 endfacet
 facet normal  0.000000e+00 -0.000000e+00  1.000000e+00
   outer loop
     vertex  1.877625e+02  5.586016e+01  8.000000e+00
     vertex  1.881938e+02  5.646309e+01  8.000000e+00
     vertex  1.869000e+02  5.723929e+01  8.000000e+00
   endloop
 endfacet
 facet normal  0.000000e+00  0.000000e+00  1.000000e+00
   outer loop
     vertex  1.877625e+02  5.586016e+01  8.000000e+00
     vertex  1.869000e+02  5.723929e+01  8.000000e+00
     vertex  1.860375e+02  5.599877e+01  8.000000e+00
   endloop
 endfacet
 facet normal -0.000000e+00  0.000000e+00  1.000000e+00
   outer loop
     vertex  1.877625e+02  5.586016e+01  8.000000e+00
     vertex  1.894875e+02  5.572154e+01  8.000000e+00
     vertex  1.881938e+02  5.646309e+01  8.000000e+00
   endloop
 endfacet
 facet normal  0.000000e+00  0.000000e+00  1.000000e+00
   outer loop
     vertex  1.877625e+02  5.586016e+01  8.000000e+00
     vertex  1.886250e+02  5.452723e+01  8.000000e+00
     vertex  1.894875e+02  5.572154e+01  8.000000e+00
   endloop
 endfacet
 facet normal  0.000000e+00  0.000000e+00  1.000000e+00
   outer loop
     vertex  1.847438e+02  5.268379e+01  8.000000e+00
     vertex  1.843125e+02  5.337913e+01  8.000000e+00
     vertex  1.834500e+02  5.200000e+01  8.000000e+00
   endloop
 endfacet
 facet normal -0.000000e+00  0.000000e+00  1.000000e+00
   outer loop
     vertex  1.847438e+02  5.268379e+01  8.000000e+00
     vertex  1.869000e+02  5.200000e+01  8.000000e+00
     vertex  1.860375e+02  5.333292e+01  8.000000e+00
   endloop
 endfacet
 facet normal  0.000000e+00 -0.000000e+00  1.000000e+00
   outer loop
     vertex  1.847438e+02  5.268379e+01  8.000000e+00
     vertex  1.860375e+02  5.333292e+01  8.000000e+00
     vertex  1.843125e+02  5.337913e+01  8.000000e+00
   endloop
 endfacet
 facet normal  0.000000e+00  0.000000e+00  1.000000e+00
   outer loop
     vertex  1.847438e+02  5.131621e+01  8.000000e+00
     vertex  1.847438e+02  5.268379e+01  8.000000e+00
     vertex  1.834500e+02  5.200000e+01  8.000000e+00
   endloop
 endfacet
 facet normal -0.000000e+00  0.000000e+00  1.000000e+00
   outer loop
     vertex  1.847438e+02  5.131621e+01  8.000000e+00
     vertex  1.860375e+02  5.066708e+01  8.000000e+00
     vertex  1.869000e+02  5.200000e+01  8.000000e+00
   endloop
 endfacet
 facet normal  0.000000e+00 -0.000000e+00  1.000000e+00
   outer loop
     vertex  1.847438e+02  5.131621e+01  8.000000e+00
     vertex  1.869000e+02  5.200000e+01  8.000000e+00
     vertex  1.847438e+02  5.268379e+01  8.000000e+00
   endloop
 endfacet
 facet normal  0.000000e+00  0.000000e+00  1.000000e+00
   outer loop
     vertex  1.873313e+02  5.394741e+01  8.000000e+00
     vertex  1.860375e+02  5.599877e+01  8.000000e+00
     vertex  1.851750e+02  5.471205e+01  8.000000e+00
   endloop
 endfacet
 facet normal -0.000000e+00  0.000000e+00  1.000000e+00
   outer loop
     vertex  1.873313e+02  5.394741e+01  8.000000e+00
     vertex  1.877625e+02  5.328672e+01  8.000000e+00
     vertex  1.886250e+02  5.452723e+01  8.000000e+00
   endloop
 endfacet
 facet normal  0.000000e+00 -0.000000e+00  1.000000e+00
   outer loop
     vertex  1.873313e+02  5.394741e+01  8.000000e+00
     vertex  1.877625e+02  5.586016e+01  8.000000e+00
     vertex  1.860375e+02  5.599877e+01  8.000000e+00
   endloop
 endfacet
 facet normal  0.000000e+00  0.000000e+00  1.000000e+00
   outer loop
     vertex  1.873313e+02  5.394741e+01  8.000000e+00
     vertex  1.886250e+02  5.452723e+01  8.000000e+00
     vertex  1.877625e+02  5.586016e+01  8.000000e+00
   endloop
 endfacet
 facet normal  0.000000e+00  0.000000e+00  1.000000e+00
   outer loop
     vertex  1.873313e+02  5.394741e+01  8.000000e+00
     vertex  1.860375e+02  5.333292e+01  8.000000e+00
     vertex  1.877625e+02  5.328672e+01  8.000000e+00
   endloop
 endfacet
 facet normal  0.000000e+00  0.000000e+00  1.000000e+00
   outer loop
     vertex  1.873313e+02  5.394741e+01  8.000000e+00
     vertex  1.851750e+02  5.471205e+01  8.000000e+00
     vertex  1.860375e+02  5.333292e+01  8.000000e+00
   endloop
 endfacet
 facet normal -0.000000e+00  0.000000e+00  1.000000e+00
   outer loop
     vertex  1.843125e+02  5.062087e+01  8.000000e+00
     vertex  1.851750e+02  4.928795e+01  8.000000e+00
     vertex  1.860375e+02  5.066708e+01  8.000000e+00
   endloop
 endfacet
 facet normal  0.000000e+00  0.000000e+00  1.000000e+00
   outer loop
     vertex  1.843125e+02  5.062087e+01  8.000000e+00
     vertex  1.860375e+02  5.066708e+01  8.000000e+00
     vertex  1.847438e+02  5.131621e+01  8.000000e+00
   endloop
 endfacet
 facet normal  0.000000e+00  0.000000e+00  1.000000e+00
   outer loop
     vertex  1.843125e+02  5.062087e+01  8.000000e+00
     vertex  1.834500e+02  5.200000e+01  8.000000e+00
     vertex  1.825875e+02  5.057467e+01  8.000000e+00
   endloop
 endfacet
 facet normal  0.000000e+00 -0.000000e+00  1.000000e+00
   outer loop
     vertex  1.843125e+02  5.062087e+01  8.000000e+00
     vertex  1.847438e+02  5.131621e+01  8.000000e+00
     vertex  1.834500e+02  5.200000e+01  8.000000e+00
   endloop
 endfacet
 facet normal  0.000000e+00 -0.000000e+00  1.000000e+00
   outer loop
     vertex  1.916438e+02  5.732241e+01  8.000000e+00
     vertex  1.929375e+02  5.774051e+01  8.000000e+00
     vertex  1.912125e+02  5.797154e+01  8.000000e+00
   endloop
 endfacet
 facet normal  0.000000e+00  0.000000e+00  1.000000e+00
   outer loop
     vertex  1.916438e+02  5.732241e+01  8.000000e+00
     vertex  1.912125e+02  5.797154e+01  8.000000e+00
     vertex  1.903500e+02  5.686964e+01  8.000000e+00
   endloop
 endfacet
 facet normal -0.000000e+00  0.000000e+00  1.000000e+00
   outer loop
     vertex  1.916438e+02  5.732241e+01  8.000000e+00
     vertex  1.920750e+02  5.434241e+01  8.000000e+00
     vertex  1.929375e+02  5.774051e+01  8.000000e+00
   endloop
 endfacet
 facet normal  0.000000e+00  0.000000e+00  1.000000e+00
   outer loop
     vertex  1.817250e+02  4.620625e+01  8.000000e+00
     vertex  1.817250e+02  4.910312e+01  8.000000e+00
     vertex  1.808625e+02  4.464230e+01  8.000000e+00
   endloop
 endfacet
 facet normal -0.000000e+00  0.000000e+00  1.000000e+00
   outer loop
     vertex  1.817250e+02  4.620625e+01  8.000000e+00
     vertex  1.825875e+02  4.487333e+01  8.000000e+00
     vertex  1.834500e+02  4.639107e+01  8.000000e+00
   endloop
 endfacet
 facet normal  0.000000e+00  0.000000e+00  1.000000e+00
   outer loop
     vertex  1.817250e+02  4.620625e+01  8.000000e+00
     vertex  1.808625e+02  4.464230e+01  8.000000e+00
     vertex  1.825875e+02  4.487333e+01  8.000000e+00
   endloop
 endfacet
 facet normal  0.000000e+00 -0.000000e+00  1.000000e+00
   outer loop
     vertex  1.817250e+02  4.620625e+01  8.000000e+00
     vertex  1.825875e+02  4.772400e+01  8.000000e+00
     vertex  1.817250e+02  4.910312e+01  8.000000e+00
   endloop
 endfacet
 facet normal  0.000000e+00  0.000000e+00  1.000000e+00
   outer loop
     vertex  1.817250e+02  4.620625e+01  8.000000e+00
     vertex  1.834500e+02  4.639107e+01  8.000000e+00
     vertex  1.825875e+02  4.772400e+01  8.000000e+00
   endloop
 endfacet
 facet normal  0.000000e+00  0.000000e+00  1.000000e+00
   outer loop
     vertex  1.838813e+02  4.852330e+01  8.000000e+00
     vertex  1.825875e+02  5.057467e+01  8.000000e+00
     vertex  1.817250e+02  4.910312e+01  8.000000e+00
   endloop
 endfacet
 facet normal  0.000000e+00  0.000000e+00  1.000000e+00
   outer loop
     vertex  1.838813e+02  4.852330e+01  8.000000e+00
     vertex  1.851750e+02  4.928795e+01  8.000000e+00
     vertex  1.843125e+02  5.062087e+01  8.000000e+00
   endloop
 endfacet
 facet normal  0.000000e+00 -0.000000e+00  1.000000e+00
   outer loop
     vertex  1.838813e+02  4.852330e+01  8.000000e+00
     vertex  1.843125e+02  5.062087e+01  8.000000e+00
     vertex  1.825875e+02  5.057467e+01  8.000000e+00
   endloop
 endfacet
 facet normal -0.000000e+00  0.000000e+00  1.000000e+00
   outer loop
     vertex  1.838813e+02  4.852330e+01  8.000000e+00
     vertex  1.843125e+02  4.786261e+01  8.000000e+00
     vertex  1.851750e+02  4.928795e+01  8.000000e+00
   endloop
 endfacet
 facet normal  0.000000e+00  0.000000e+00  1.000000e+00
   outer loop
     vertex  1.838813e+02  4.852330e+01  8.000000e+00
     vertex  1.825875e+02  4.772400e+01  8.000000e+00
     vertex  1.843125e+02  4.786261e+01  8.000000e+00
   endloop
 endfacet
 facet normal  0.000000e+00  0.000000e+00  1.000000e+00
   outer loop
     vertex  1.838813e+02  4.852330e+01  8.000000e+00
     vertex  1.817250e+02  4.910312e+01  8.000000e+00
     vertex  1.825875e+02  4.772400e+01  8.000000e+00
   endloop
 endfacet
 facet normal  0.000000e+00 -0.000000e+00  1.000000e+00
   outer loop
     vertex  1.907813e+02  5.501465e+01  8.000000e+00
     vertex  1.916438e+02  5.732241e+01  8.000000e+00
     vertex  1.903500e+02  5.686964e+01  8.000000e+00
   endloop
 endfacet
 facet normal -0.000000e+00  0.000000e+00  1.000000e+00
   outer loop
     vertex  1.907813e+02  5.501465e+01  8.000000e+00
     vertex  1.920750e+02  5.434241e+01  8.000000e+00
     vertex  1.916438e+02  5.732241e+01  8.000000e+00
   endloop
 endfacet
 facet normal  0.000000e+00  0.000000e+00  1.000000e+00
   outer loop
     vertex  1.907813e+02  5.501465e+01  8.000000e+00
     vertex  1.894875e+02  5.572154e+01  8.000000e+00
     vertex  1.886250e+02  5.452723e+01  8.000000e+00
   endloop
 endfacet
 facet normal  0.000000e+00  0.000000e+00  1.000000e+00
   outer loop
     vertex  1.907813e+02  5.501465e+01  8.000000e+00
     vertex  1.903500e+02  5.686964e+01  8.000000e+00
     vertex  1.894875e+02  5.572154e+01  8.000000e+00
   endloop
 endfacet
 facet normal  0.000000e+00  0.000000e+00  1.000000e+00
   outer loop
     vertex  1.894875e+02  5.324051e+01  8.000000e+00
     vertex  1.886250e+02  5.452723e+01  8.000000e+00
     vertex  1.877625e+02  5.328672e+01  8.000000e+00
   endloop
 endfacet
 facet normal  0.000000e+00 -0.000000e+00  1.000000e+00
   outer loop
     vertex  1.894875e+02  5.324051e+01  8.000000e+00
     vertex  1.907813e+02  5.501465e+01  8.000000e+00
     vertex  1.886250e+02  5.452723e+01  8.000000e+00
   endloop
 endfacet
 facet normal  0.000000e+00  0.000000e+00  1.000000e+00
   outer loop
     vertex  1.864688e+02  5.001794e+01  8.000000e+00
     vertex  1.860375e+02  5.066708e+01  8.000000e+00
     vertex  1.851750e+02  4.928795e+01  8.000000e+00
   endloop
 endfacet
 facet normal  0.000000e+00 -0.000000e+00  1.000000e+00
   outer loop
     vertex  1.864688e+02  5.001794e+01  8.000000e+00
     vertex  1.877625e+02  5.071328e+01  8.000000e+00
     vertex  1.860375e+02  5.066708e+01  8.000000e+00
   endloop
 endfacet
 facet normal -0.000000e+00  0.000000e+00  1.000000e+00
   outer loop
     vertex  1.864688e+02  5.001794e+01  8.000000e+00
     vertex  1.886250e+02  4.947277e+01  8.000000e+00
     vertex  1.877625e+02  5.071328e+01  8.000000e+00
   endloop
 endfacet
 facet normal  0.000000e+00  0.000000e+00  1.000000e+00
   outer loop
     vertex  1.890563e+02  5.262603e+01  8.000000e+00
     vertex  1.877625e+02  5.328672e+01  8.000000e+00
     vertex  1.869000e+02  5.200000e+01  8.000000e+00
   endloop
 endfacet
 facet normal -0.000000e+00  0.000000e+00  1.000000e+00
   outer loop
     vertex  1.890563e+02  5.262603e+01  8.000000e+00
     vertex  1.903500e+02  5.200000e+01  8.000000e+00
     vertex  1.894875e+02  5.324051e+01  8.000000e+00
   endloop
 endfacet
 facet normal  0.000000e+00 -0.000000e+00  1.000000e+00
   outer loop
     vertex  1.890563e+02  5.262603e+01  8.000000e+00
     vertex  1.894875e+02  5.324051e+01  8.000000e+00
     vertex  1.877625e+02  5.328672e+01  8.000000e+00
   endloop
 endfacet
 facet normal  0.000000e+00  0.000000e+00  1.000000e+00
   outer loop
     vertex  1.890563e+02  5.137397e+01  8.000000e+00
     vertex  1.869000e+02  5.200000e+01  8.000000e+00
     vertex  1.877625e+02  5.071328e+01  8.000000e+00
   endloop
 endfacet
 facet normal  0.000000e+00  0.000000e+00  1.000000e+00
   outer loop
     vertex  1.890563e+02  5.137397e+01  8.000000e+00
     vertex  1.903500e+02  5.200000e+01  8.000000e+00
     vertex  1.890563e+02  5.262603e+01  8.000000e+00
   endloop
 endfacet
 facet normal  0.000000e+00 -0.000000e+00  1.000000e+00
   outer loop
     vertex  1.890563e+02  5.137397e+01  8.000000e+00
     vertex  1.890563e+02  5.262603e+01  8.000000e+00
     vertex  1.869000e+02  5.200000e+01  8.000000e+00
   endloop
 endfacet
 facet normal  0.000000e+00  0.000000e+00  1.000000e+00
   outer loop
     vertex  1.860375e+02  4.800123e+01  8.000000e+00
     vertex  1.851750e+02  4.928795e+01  8.000000e+00
     vertex  1.843125e+02  4.786261e+01  8.000000e+00
   endloop
 endfacet
 facet normal  0.000000e+00 -0.000000e+00  1.000000e+00
   outer loop
     vertex  1.860375e+02  4.800123e+01  8.000000e+00
     vertex  1.864688e+02  5.001794e+01  8.000000e+00
     vertex  1.851750e+02  4.928795e+01  8.000000e+00
   endloop
 endfacet
 facet normal  0.000000e+00  0.000000e+00  1.000000e+00
   outer loop
     vertex  1.912125e+02  5.319431e+01  8.000000e+00
     vertex  1.903500e+02  5.200000e+01  8.000000e+00
     vertex  1.912125e+02  5.080569e+01  8.000000e+00
   endloop
 endfacet
 facet normal  0.000000e+00 -0.000000e+00  1.000000e+00
   outer loop
     vertex  1.912125e+02  5.319431e+01  8.000000e+00
     vertex  1.920750e+02  5.434241e+01  8.000000e+00
     vertex  1.907813e+02  5.501465e+01  8.000000e+00
   endloop
 endfacet
 facet normal  0.000000e+00  0.000000e+00  1.000000e+00
   outer loop
     vertex  1.912125e+02  5.319431e+01  8.000000e+00
     vertex  1.894875e+02  5.324051e+01  8.000000e+00
     vertex  1.903500e+02  5.200000e+01  8.000000e+00
   endloop
 endfacet
 facet normal  0.000000e+00  0.000000e+00  1.000000e+00
   outer loop
     vertex  1.912125e+02  5.319431e+01  8.000000e+00
     vertex  1.907813e+02  5.501465e+01  8.000000e+00
     vertex  1.894875e+02  5.324051e+01  8.000000e+00
   endloop
 endfacet
 facet normal -0.000000e+00  0.000000e+00  1.000000e+00
   outer loop
     vertex  1.856063e+02  4.729434e+01  8.000000e+00
     vertex  1.869000e+02  4.676071e+01  8.000000e+00
     vertex  1.860375e+02  4.800123e+01  8.000000e+00
   endloop
 endfacet
 facet normal  0.000000e+00  0.000000e+00  1.000000e+00
   outer loop
     vertex  1.856063e+02  4.729434e+01  8.000000e+00
     vertex  1.843125e+02  4.786261e+01  8.000000e+00
     vertex  1.834500e+02  4.639107e+01  8.000000e+00
   endloop
 endfacet
 facet normal  0.000000e+00 -0.000000e+00  1.000000e+00
   outer loop
     vertex  1.856063e+02  4.729434e+01  8.000000e+00
     vertex  1.860375e+02  4.800123e+01  8.000000e+00
     vertex  1.843125e+02  4.786261e+01  8.000000e+00
   endloop
 endfacet
 facet normal  0.000000e+00  0.000000e+00  1.000000e+00
   outer loop
     vertex  1.894875e+02  5.075949e+01  8.000000e+00
     vertex  1.877625e+02  5.071328e+01  8.000000e+00
     vertex  1.886250e+02  4.947277e+01  8.000000e+00
   endloop
 endfacet
 facet normal  0.000000e+00  0.000000e+00  1.000000e+00
   outer loop
     vertex  1.894875e+02  5.075949e+01  8.000000e+00
     vertex  1.912125e+02  5.080569e+01  8.000000e+00
     vertex  1.903500e+02  5.200000e+01  8.000000e+00
   endloop
 endfacet
 facet normal  0.000000e+00  0.000000e+00  1.000000e+00
   outer loop
     vertex  1.894875e+02  5.075949e+01  8.000000e+00
     vertex  1.890563e+02  5.137397e+01  8.000000e+00
     vertex  1.877625e+02  5.071328e+01  8.000000e+00
   endloop
 endfacet
 facet normal  0.000000e+00 -0.000000e+00  1.000000e+00
   outer loop
     vertex  1.894875e+02  5.075949e+01  8.000000e+00
     vertex  1.903500e+02  5.200000e+01  8.000000e+00
     vertex  1.890563e+02  5.137397e+01  8.000000e+00
   endloop
 endfacet
 facet normal  0.000000e+00 -0.000000e+00  1.000000e+00
   outer loop
     vertex  1.812938e+02  4.105008e+01  8.000000e+00
     vertex  1.817250e+02  4.330938e+01  8.000000e+00
     vertex  1.800000e+02  4.004286e+01  8.000000e+00
   endloop
 endfacet
 facet normal  0.000000e+00  0.000000e+00  1.000000e+00
   outer loop
     vertex  1.812938e+02  4.105008e+01  8.000000e+00
     vertex  1.825875e+02  4.202266e+01  8.000000e+00
     vertex  1.817250e+02  4.330938e+01  8.000000e+00
   endloop
 endfacet
 facet normal  0.000000e+00  0.000000e+00  1.000000e+00
   outer loop
     vertex  1.834500e+02  4.358661e+01  8.000000e+00
     vertex  1.825875e+02  4.487333e+01  8.000000e+00
     vertex  1.817250e+02  4.330938e+01  8.000000e+00
   endloop
 endfacet
 facet normal  0.000000e+00 -0.000000e+00  1.000000e+00
   outer loop
     vertex  1.834500e+02  4.358661e+01  8.000000e+00
     vertex  1.843125e+02  4.510435e+01  8.000000e+00
     vertex  1.825875e+02  4.487333e+01  8.000000e+00
   endloop
 endfacet
 facet normal  0.000000e+00  0.000000e+00  1.000000e+00
   outer loop
     vertex  1.834500e+02  4.358661e+01  8.000000e+00
     vertex  1.817250e+02  4.330938e+01  8.000000e+00
     vertex  1.825875e+02  4.202266e+01  8.000000e+00
   endloop
 endfacet
 facet normal  0.000000e+00  0.000000e+00  1.000000e+00
   outer loop
     vertex  1.834500e+02  4.358661e+01  8.000000e+00
     vertex  1.851750e+02  4.386384e+01  8.000000e+00
     vertex  1.843125e+02  4.510435e+01  8.000000e+00
   endloop
 endfacet
 facet normal  0.000000e+00  0.000000e+00  1.000000e+00
   outer loop
     vertex  1.856063e+02  4.594986e+01  8.000000e+00
     vertex  1.834500e+02  4.639107e+01  8.000000e+00
     vertex  1.843125e+02  4.510435e+01  8.000000e+00
   endloop
 endfacet
 facet normal  0.000000e+00  0.000000e+00  1.000000e+00
   outer loop
     vertex  1.856063e+02  4.594986e+01  8.000000e+00
     vertex  1.869000e+02  4.676071e+01  8.000000e+00
     vertex  1.856063e+02  4.729434e+01  8.000000e+00
   endloop
 endfacet
 facet normal  0.000000e+00 -0.000000e+00  1.000000e+00
   outer loop
     vertex  1.856063e+02  4.594986e+01  8.000000e+00
     vertex  1.856063e+02  4.729434e+01  8.000000e+00
     vertex  1.834500e+02  4.639107e+01  8.000000e+00
   endloop
 endfacet
 facet normal  0.000000e+00  0.000000e+00  1.000000e+00
   outer loop
     vertex  1.877625e+02  4.813984e+01  8.000000e+00
     vertex  1.860375e+02  4.800123e+01  8.000000e+00
     vertex  1.869000e+02  4.676071e+01  8.000000e+00
   endloop
 endfacet
 facet normal  0.000000e+00  0.000000e+00  1.000000e+00
   outer loop
     vertex  1.877625e+02  4.813984e+01  8.000000e+00
     vertex  1.894875e+02  4.827846e+01  8.000000e+00
     vertex  1.886250e+02  4.947277e+01  8.000000e+00
   endloop
 endfacet
 facet normal  0.000000e+00 -0.000000e+00  1.000000e+00
   outer loop
     vertex  1.877625e+02  4.813984e+01  8.000000e+00
     vertex  1.886250e+02  4.947277e+01  8.000000e+00
     vertex  1.864688e+02  5.001794e+01  8.000000e+00
   endloop
 endfacet
 facet normal  0.000000e+00  0.000000e+00  1.000000e+00
   outer loop
     vertex  1.877625e+02  4.813984e+01  8.000000e+00
     vertex  1.864688e+02  5.001794e+01  8.000000e+00
     vertex  1.860375e+02  4.800123e+01  8.000000e+00
   endloop
 endfacet
 facet normal  0.000000e+00  0.000000e+00  1.000000e+00
   outer loop
     vertex  1.899188e+02  5.015656e+01  8.000000e+00
     vertex  1.894875e+02  5.075949e+01  8.000000e+00
     vertex  1.886250e+02  4.947277e+01  8.000000e+00
   endloop
 endfacet
 facet normal  0.000000e+00 -0.000000e+00  1.000000e+00
   outer loop
     vertex  1.899188e+02  5.015656e+01  8.000000e+00
     vertex  1.912125e+02  5.080569e+01  8.000000e+00
     vertex  1.894875e+02  5.075949e+01  8.000000e+00
   endloop
 endfacet
 facet normal  0.000000e+00  0.000000e+00  1.000000e+00
   outer loop
     vertex  1.838813e+02  4.296057e+01  8.000000e+00
     vertex  1.834500e+02  4.358661e+01  8.000000e+00
     vertex  1.825875e+02  4.202266e+01  8.000000e+00
   endloop
 endfacet
 facet normal  0.000000e+00 -0.000000e+00  1.000000e+00
   outer loop
     vertex  1.838813e+02  4.296057e+01  8.000000e+00
     vertex  1.851750e+02  4.386384e+01  8.000000e+00
     vertex  1.834500e+02  4.358661e+01  8.000000e+00
   endloop
 endfacet
 facet normal  0.000000e+00 -0.000000e+00  1.000000e+00
   outer loop
     vertex  1.860375e+02  4.533538e+01  8.000000e+00
     vertex  1.869000e+02  4.676071e+01  8.000000e+00
     vertex  1.856063e+02  4.594986e+01  8.000000e+00
   endloop
 endfacet
 facet normal  0.000000e+00  0.000000e+00  1.000000e+00
   outer loop
     vertex  1.860375e+02  4.533538e+01  8.000000e+00
     vertex  1.877625e+02  4.556641e+01  8.000000e+00
     vertex  1.869000e+02  4.676071e+01  8.000000e+00
   endloop
 endfacet
 facet normal  0.000000e+00  0.000000e+00  1.000000e+00
   outer loop
     vertex  1.860375e+02  4.533538e+01  8.000000e+00
     vertex  1.856063e+02  4.594986e+01  8.000000e+00
     vertex  1.843125e+02  4.510435e+01  8.000000e+00
   endloop
 endfacet
 facet normal  0.000000e+00  0.000000e+00  1.000000e+00
   outer loop
     vertex  1.860375e+02  4.533538e+01  8.000000e+00
     vertex  1.843125e+02  4.510435e+01  8.000000e+00
     vertex  1.851750e+02  4.386384e+01  8.000000e+00
   endloop
 endfacet
 facet normal  0.000000e+00  0.000000e+00  1.000000e+00
   outer loop
     vertex  1.881938e+02  4.753691e+01  8.000000e+00
     vertex  1.877625e+02  4.813984e+01  8.000000e+00
     vertex  1.869000e+02  4.676071e+01  8.000000e+00
   endloop
 endfacet
 facet normal  0.000000e+00 -0.000000e+00  1.000000e+00
   outer loop
     vertex  1.881938e+02  4.753691e+01  8.000000e+00
     vertex  1.894875e+02  4.827846e+01  8.000000e+00
     vertex  1.877625e+02  4.813984e+01  8.000000e+00
   endloop
 endfacet
 facet normal  0.000000e+00  0.000000e+00  1.000000e+00
   outer loop
     vertex  1.903500e+02  4.956518e+01  8.000000e+00
     vertex  1.886250e+02  4.947277e+01  8.000000e+00
     vertex  1.894875e+02  4.827846e+01  8.000000e+00
   endloop
 endfacet
 facet normal  0.000000e+00  0.000000e+00  1.000000e+00
   outer loop
     vertex  1.903500e+02  4.956518e+01  8.000000e+00
     vertex  1.899188e+02  5.015656e+01  8.000000e+00
     vertex  1.886250e+02  4.947277e+01  8.000000e+00
   endloop
 endfacet
 facet normal  0.000000e+00 -0.000000e+00  1.000000e+00
   outer loop
     vertex  1.903500e+02  4.956518e+01  8.000000e+00
     vertex  1.912125e+02  5.080569e+01  8.000000e+00
     vertex  1.899188e+02  5.015656e+01  8.000000e+00
   endloop
 endfacet
 facet normal  0.000000e+00 -0.000000e+00  1.000000e+00
   outer loop
     vertex  1.864688e+02  4.473245e+01  8.000000e+00
     vertex  1.877625e+02  4.556641e+01  8.000000e+00
     vertex  1.860375e+02  4.533538e+01  8.000000e+00
   endloop
 endfacet
 facet normal  0.000000e+00  0.000000e+00  1.000000e+00
   outer loop
     vertex  1.864688e+02  4.473245e+01  8.000000e+00
     vertex  1.860375e+02  4.533538e+01  8.000000e+00
     vertex  1.851750e+02  4.386384e+01  8.000000e+00
   endloop
 endfacet
 facet normal  0.000000e+00  0.000000e+00  1.000000e+00
   outer loop
     vertex  1.886250e+02  4.694554e+01  8.000000e+00
     vertex  1.903500e+02  4.713036e+01  8.000000e+00
     vertex  1.894875e+02  4.827846e+01  8.000000e+00
   endloop
 endfacet
 facet normal  0.000000e+00  0.000000e+00  1.000000e+00
   outer loop
     vertex  1.886250e+02  4.694554e+01  8.000000e+00
     vertex  1.869000e+02  4.676071e+01  8.000000e+00
     vertex  1.877625e+02  4.556641e+01  8.000000e+00
   endloop
 endfacet
 facet normal  0.000000e+00  0.000000e+00  1.000000e+00
   outer loop
     vertex  1.886250e+02  4.694554e+01  8.000000e+00
     vertex  1.881938e+02  4.753691e+01  8.000000e+00
     vertex  1.869000e+02  4.676071e+01  8.000000e+00
   endloop
 endfacet
 facet normal  0.000000e+00 -0.000000e+00  1.000000e+00
   outer loop
     vertex  1.886250e+02  4.694554e+01  8.000000e+00
     vertex  1.894875e+02  4.827846e+01  8.000000e+00
     vertex  1.881938e+02  4.753691e+01  8.000000e+00
   endloop
 endfacet
 facet normal  0.000000e+00 -0.000000e+00  1.000000e+00
   outer loop
     vertex  1.847438e+02  4.174316e+01  8.000000e+00
     vertex  1.851750e+02  4.386384e+01  8.000000e+00
     vertex  1.838813e+02  4.296057e+01  8.000000e+00
   endloop
 endfacet
 facet normal -0.000000e+00  0.000000e+00  1.000000e+00
   outer loop
     vertex  1.920750e+02  4.965759e+01  8.000000e+00
     vertex  1.929375e+02  4.855569e+01  8.000000e+00
     vertex  1.920750e+02  5.434241e+01  8.000000e+00
   endloop
 endfacet
 facet normal  0.000000e+00  0.000000e+00  1.000000e+00
   outer loop
     vertex  1.920750e+02  4.965759e+01  8.000000e+00
     vertex  1.912125e+02  5.080569e+01  8.000000e+00
     vertex  1.903500e+02  4.956518e+01  8.000000e+00
   endloop
 endfacet
 facet normal  0.000000e+00  0.000000e+00  1.000000e+00
   outer loop
     vertex  1.920750e+02  4.965759e+01  8.000000e+00
     vertex  1.912125e+02  5.319431e+01  8.000000e+00
     vertex  1.912125e+02  5.080569e+01  8.000000e+00
   endloop
 endfacet
 facet normal  0.000000e+00 -0.000000e+00  1.000000e+00
   outer loop
     vertex  1.920750e+02  4.965759e+01  8.000000e+00
     vertex  1.920750e+02  5.434241e+01  8.000000e+00
     vertex  1.912125e+02  5.319431e+01  8.000000e+00
   endloop
 endfacet
 facet normal  0.000000e+00  0.000000e+00  1.000000e+00
   outer loop
     vertex  1.890563e+02  4.636571e+01  8.000000e+00
     vertex  1.886250e+02  4.694554e+01  8.000000e+00
     vertex  1.877625e+02  4.556641e+01  8.000000e+00
   endloop
 endfacet
 facet normal  0.000000e+00 -0.000000e+00  1.000000e+00
   outer loop
     vertex  1.890563e+02  4.636571e+01  8.000000e+00
     vertex  1.903500e+02  4.713036e+01  8.000000e+00
     vertex  1.886250e+02  4.694554e+01  8.000000e+00
   endloop
 endfacet
 facet normal  0.000000e+00 -0.000000e+00  1.000000e+00
   outer loop
     vertex  1.873313e+02  4.356124e+01  8.000000e+00
     vertex  1.877625e+02  4.556641e+01  8.000000e+00
     vertex  1.864688e+02  4.473245e+01  8.000000e+00
   endloop
 endfacet
 facet normal  0.000000e+00 -0.000000e+00  1.000000e+00
   outer loop
     vertex  1.916438e+02  4.786035e+01  8.000000e+00
     vertex  1.920750e+02  4.965759e+01  8.000000e+00
     vertex  1.903500e+02  4.956518e+01  8.000000e+00
   endloop
 endfacet
 facet normal  0.000000e+00  0.000000e+00  1.000000e+00
   outer loop
     vertex  1.916438e+02  4.786035e+01  8.000000e+00
     vertex  1.903500e+02  4.956518e+01  8.000000e+00
     vertex  1.894875e+02  4.827846e+01  8.000000e+00
   endloop
 endfacet
 facet normal  0.000000e+00  0.000000e+00  1.000000e+00
   outer loop
     vertex  1.916438e+02  4.786035e+01  8.000000e+00
     vertex  1.894875e+02  4.827846e+01  8.000000e+00
     vertex  1.903500e+02  4.713036e+01  8.000000e+00
   endloop
 endfacet
 facet normal  0.000000e+00  0.000000e+00  1.000000e+00
   outer loop
     vertex  1.916438e+02  4.786035e+01  8.000000e+00
     vertex  1.929375e+02  4.855569e+01  8.000000e+00
     vertex  1.920750e+02  4.965759e+01  8.000000e+00
   endloop
 endfacet
 facet normal  0.000000e+00  0.000000e+00  1.000000e+00
   outer loop
     vertex  1.886250e+02  4.441830e+01  8.000000e+00
     vertex  1.873313e+02  4.356124e+01  8.000000e+00
     vertex  1.894875e+02  4.331641e+01  8.000000e+00
   endloop
 endfacet
 facet normal  0.000000e+00  0.000000e+00  1.000000e+00
   outer loop
     vertex  1.886250e+02  4.441830e+01  8.000000e+00
     vertex  1.877625e+02  4.556641e+01  8.000000e+00
     vertex  1.873313e+02  4.356124e+01  8.000000e+00
   endloop
 endfacet
 facet normal  0.000000e+00 -0.000000e+00  1.000000e+00
   outer loop
     vertex  1.886250e+02  4.441830e+01  8.000000e+00
     vertex  1.890563e+02  4.636571e+01  8.000000e+00
     vertex  1.877625e+02  4.556641e+01  8.000000e+00
   endloop
 endfacet
 facet normal  0.000000e+00  0.000000e+00  1.000000e+00
   outer loop
     vertex  1.920750e+02  4.731518e+01  8.000000e+00
     vertex  1.916438e+02  4.786035e+01  8.000000e+00
     vertex  1.903500e+02  4.713036e+01  8.000000e+00
   endloop
 endfacet
 facet normal  0.000000e+00 -0.000000e+00  1.000000e+00
   outer loop
     vertex  1.920750e+02  4.731518e+01  8.000000e+00
     vertex  1.929375e+02  4.855569e+01  8.000000e+00
     vertex  1.916438e+02  4.786035e+01  8.000000e+00
   endloop
 endfacet
 facet normal -0.000000e+00  0.000000e+00  1.000000e+00
   outer loop
     vertex  1.920750e+02  4.731518e+01  8.000000e+00
     vertex  1.920750e+02  4.497277e+01  8.000000e+00
     vertex  1.929375e+02  4.855569e+01  8.000000e+00
   endloop
 endfacet
 facet normal  0.000000e+00  0.000000e+00  1.000000e+00
   outer loop
     vertex  1.920750e+02  4.731518e+01  8.000000e+00
     vertex  1.912125e+02  4.602846e+01  8.000000e+00
     vertex  1.920750e+02  4.497277e+01  8.000000e+00
   endloop
 endfacet
 facet normal  0.000000e+00  0.000000e+00  1.000000e+00
   outer loop
     vertex  1.920750e+02  4.731518e+01  8.000000e+00
     vertex  1.903500e+02  4.713036e+01  8.000000e+00
     vertex  1.912125e+02  4.602846e+01  8.000000e+00
   endloop
 endfacet
 facet normal  0.000000e+00  0.000000e+00  1.000000e+00
   outer loop
     vertex  1.907813e+02  4.416191e+01  8.000000e+00
     vertex  1.920750e+02  4.497277e+01  8.000000e+00
     vertex  1.912125e+02  4.602846e+01  8.000000e+00
   endloop
 endfacet
 facet normal  0.000000e+00 -0.000000e+00  1.000000e+00
   outer loop
     vertex  1.916438e+02  4.312932e+01  8.000000e+00
     vertex  1.920750e+02  4.497277e+01  8.000000e+00
     vertex  1.907813e+02  4.416191e+01  8.000000e+00
   endloop
 endfacet
 facet normal  0.000000e+00  0.000000e+00  1.000000e+00
   outer loop
     vertex  1.916438e+02  4.312932e+01  8.000000e+00
     vertex  1.907813e+02  4.416191e+01  8.000000e+00
     vertex  1.894875e+02  4.331641e+01  8.000000e+00
   endloop
 endfacet
 facet normal -0.000000e+00  0.000000e+00  1.000000e+00
   outer loop
     vertex  1.916438e+02  4.312932e+01  8.000000e+00
     vertex  1.938000e+02  4.300000e+01  8.000000e+00
     vertex  1.929375e+02  4.396328e+01  8.000000e+00
   endloop
 endfacet
 facet normal  0.000000e+00  0.000000e+00  1.000000e+00
   outer loop
     vertex  1.916438e+02  4.312932e+01  8.000000e+00
     vertex  1.929375e+02  4.396328e+01  8.000000e+00
     vertex  1.920750e+02  4.497277e+01  8.000000e+00
   endloop
 endfacet
 facet normal -0.000000e+00 -0.000000e+00  1.000000e+00
   outer loop
     vertex  1.845281e+02  6.264349e+01  8.000000e+00
     vertex  1.938000e+02  6.100000e+01  8.000000e+00
     vertex  1.800000e+02  6.395714e+01  8.000000e+00
   endloop
 endfacet
 facet normal  0.000000e+00  0.000000e+00  1.000000e+00
   outer loop
     vertex  1.845281e+02  6.264349e+01  8.000000e+00
     vertex  1.890563e+02  6.139049e+01  8.000000e+00
     vertex  1.938000e+02  6.100000e+01  8.000000e+00
   endloop
 endfacet
 facet normal  0.000000e+00  0.000000e+00  1.000000e+00
   outer loop
     vertex  1.845281e+02  6.264349e+01  8.000000e+00
     vertex  1.821562e+02  6.277665e+01  8.000000e+00
     vertex  1.843125e+02  6.165391e+01  8.000000e+00
   endloop
 endfacet
 facet normal  0.000000e+00  0.000000e+00  1.000000e+00
   outer loop
     vertex  1.845281e+02  6.264349e+01  8.000000e+00
     vertex  1.800000e+02  6.395714e+01  8.000000e+00
     vertex  1.821562e+02  6.277665e+01  8.000000e+00
   endloop
 endfacet
 facet normal -0.000000e+00 -0.000000e+00  1.000000e+00
   outer loop
     vertex  1.866844e+02  6.153808e+01  8.000000e+00
     vertex  1.890563e+02  6.139049e+01  8.000000e+00
     vertex  1.845281e+02  6.264349e+01  8.000000e+00
   endloop
 endfacet
 facet normal  0.000000e+00  0.000000e+00  1.000000e+00
   outer loop
     vertex  1.866844e+02  6.153808e+01  8.000000e+00
     vertex  1.845281e+02  6.264349e+01  8.000000e+00
     vertex  1.843125e+02  6.165391e+01  8.000000e+00
   endloop
 endfacet
 facet normal  0.000000e+00  0.000000e+00  1.000000e+00
   outer loop
     vertex  1.866844e+02  6.153808e+01  8.000000e+00
     vertex  1.843125e+02  6.165391e+01  8.000000e+00
     vertex  1.864688e+02  6.058892e+01  8.000000e+00
   endloop
 endfacet
 facet normal  0.000000e+00 -0.000000e+00  1.000000e+00
   outer loop
     vertex  1.825875e+02  5.627600e+01  8.000000e+00
     vertex  1.834500e+02  5.760893e+01  8.000000e+00
     vertex  1.817250e+02  5.779375e+01  8.000000e+00
   endloop
 endfacet
 facet normal  0.000000e+00  0.000000e+00  1.000000e+00
   outer loop
     vertex  1.825875e+02  5.627600e+01  8.000000e+00
     vertex  1.817250e+02  5.779375e+01  8.000000e+00
     vertex  1.825875e+02  5.342533e+01  8.000000e+00
   endloop
 endfacet
 facet normal -0.000000e+00  0.000000e+00  1.000000e+00
   outer loop
     vertex  1.825875e+02  5.627600e+01  8.000000e+00
     vertex  1.843125e+02  5.613739e+01  8.000000e+00
     vertex  1.834500e+02  5.760893e+01  8.000000e+00
   endloop
 endfacet
 facet normal  0.000000e+00  0.000000e+00  1.000000e+00
   outer loop
     vertex  1.825875e+02  5.627600e+01  8.000000e+00
     vertex  1.825875e+02  5.342533e+01  8.000000e+00
     vertex  1.834500e+02  5.480446e+01  8.000000e+00
   endloop
 endfacet
 facet normal  0.000000e+00  0.000000e+00  1.000000e+00
   outer loop
     vertex  1.825875e+02  5.627600e+01  8.000000e+00
     vertex  1.834500e+02  5.480446e+01  8.000000e+00
     vertex  1.843125e+02  5.613739e+01  8.000000e+00
   endloop
 endfacet
 facet normal  0.000000e+00 -0.000000e+00  1.000000e+00
   outer loop
     vertex  1.877625e+02  6.100703e+01  8.000000e+00
     vertex  1.890563e+02  6.139049e+01  8.000000e+00
     vertex  1.866844e+02  6.153808e+01  8.000000e+00
   endloop
 endfacet
 facet normal  0.000000e+00  0.000000e+00  1.000000e+00
   outer loop
     vertex  1.877625e+02  6.100703e+01  8.000000e+00
     vertex  1.866844e+02  6.153808e+01  8.000000e+00
     vertex  1.864688e+02  6.058892e+01  8.000000e+00
   endloop
 endfacet
 facet normal  0.000000e+00  0.000000e+00  1.000000e+00
   outer loop
     vertex  1.877625e+02  6.100703e+01  8.000000e+00
     vertex  1.864688e+02  6.058892e+01  8.000000e+00
     vertex  1.873313e+02  5.914049e+01  8.000000e+00
   endloop
 endfacet
 facet normal -0.000000e+00  0.000000e+00  1.000000e+00
   outer loop
     vertex  1.877625e+02  6.100703e+01  8.000000e+00
     vertex  1.886250e+02  5.958170e+01  8.000000e+00
     vertex  1.890563e+02  6.139049e+01  8.000000e+00
   endloop
 endfacet
 facet normal  0.000000e+00  0.000000e+00  1.000000e+00
   outer loop
     vertex  1.877625e+02  6.100703e+01  8.000000e+00
     vertex  1.873313e+02  5.914049e+01  8.000000e+00
     vertex  1.886250e+02  5.958170e+01  8.000000e+00
   endloop
 endfacet
 facet normal  0.000000e+00  0.000000e+00  1.000000e+00
   outer loop
     vertex  1.823719e+02  4.090889e+01  8.000000e+00
     vertex  1.812938e+02  4.105008e+01  8.000000e+00
     vertex  1.800000e+02  4.004286e+01  8.000000e+00
   endloop
 endfacet
 facet normal  0.000000e+00 -0.000000e+00  1.000000e+00
   outer loop
     vertex  1.823719e+02  4.090889e+01  8.000000e+00
     vertex  1.825875e+02  4.202266e+01  8.000000e+00
     vertex  1.812938e+02  4.105008e+01  8.000000e+00
   endloop
 endfacet
 facet normal  0.000000e+00  0.000000e+00  1.000000e+00
   outer loop
     vertex  1.860375e+02  4.266953e+01  8.000000e+00
     vertex  1.873313e+02  4.356124e+01  8.000000e+00
     vertex  1.864688e+02  4.473245e+01  8.000000e+00
   endloop
 endfacet
 facet normal  0.000000e+00  0.000000e+00  1.000000e+00
   outer loop
     vertex  1.860375e+02  4.266953e+01  8.000000e+00
     vertex  1.851750e+02  4.386384e+01  8.000000e+00
     vertex  1.847438e+02  4.174316e+01  8.000000e+00
   endloop
 endfacet
 facet normal  0.000000e+00 -0.000000e+00  1.000000e+00
   outer loop
     vertex  1.860375e+02  4.266953e+01  8.000000e+00
     vertex  1.864688e+02  4.473245e+01  8.000000e+00
     vertex  1.851750e+02  4.386384e+01  8.000000e+00
   endloop
 endfacet
 facet normal  0.000000e+00 -0.000000e+00  1.000000e+00
   outer loop
     vertex  1.871156e+02  4.254567e+01  8.000000e+00
     vertex  1.873313e+02  4.356124e+01  8.000000e+00
     vertex  1.860375e+02  4.266953e+01  8.000000e+00
   endloop
 endfacet
 facet normal  0.000000e+00  0.000000e+00  1.000000e+00
   outer loop
     vertex  1.871156e+02  4.254567e+01  8.000000e+00
     vertex  1.894875e+02  4.331641e+01  8.000000e+00
     vertex  1.873313e+02  4.356124e+01  8.000000e+00
   endloop
 endfacet
 facet normal  0.000000e+00 -0.000000e+00  1.000000e+00
   outer loop
     vertex  1.899188e+02  4.524071e+01  8.000000e+00
     vertex  1.903500e+02  4.713036e+01  8.000000e+00
     vertex  1.890563e+02  4.636571e+01  8.000000e+00
   endloop
 endfacet
 facet normal  0.000000e+00  0.000000e+00  1.000000e+00
   outer loop
     vertex  1.899188e+02  4.524071e+01  8.000000e+00
     vertex  1.890563e+02  4.636571e+01  8.000000e+00
     vertex  1.886250e+02  4.441830e+01  8.000000e+00
   endloop
 endfacet
 facet normal  0.000000e+00  0.000000e+00  1.000000e+00
   outer loop
     vertex  1.899188e+02  4.524071e+01  8.000000e+00
     vertex  1.886250e+02  4.441830e+01  8.000000e+00
     vertex  1.894875e+02  4.331641e+01  8.000000e+00
   endloop
 endfacet
 facet normal -0.000000e+00  0.000000e+00  1.000000e+00
   outer loop
     vertex  1.899188e+02  4.524071e+01  8.000000e+00
     vertex  1.907813e+02  4.416191e+01  8.000000e+00
     vertex  1.912125e+02  4.602846e+01  8.000000e+00
   endloop
 endfacet
 facet normal  0.000000e+00  0.000000e+00  1.000000e+00
   outer loop
     vertex  1.899188e+02  4.524071e+01  8.000000e+00
     vertex  1.912125e+02  4.602846e+01  8.000000e+00
     vertex  1.903500e+02  4.713036e+01  8.000000e+00
   endloop
 endfacet
 facet normal  0.000000e+00  0.000000e+00  1.000000e+00
   outer loop
     vertex  1.899188e+02  4.524071e+01  8.000000e+00
     vertex  1.894875e+02  4.331641e+01  8.000000e+00
     vertex  1.907813e+02  4.416191e+01  8.000000e+00
   endloop
 endfacet
 facet normal  0.000000e+00  0.000000e+00  1.000000e+00
   outer loop
     vertex  1.892719e+02  4.234126e+01  8.000000e+00
     vertex  1.938000e+02  4.300000e+01  8.000000e+00
     vertex  1.916438e+02  4.312932e+01  8.000000e+00
   endloop
 endfacet
 facet normal  0.000000e+00  0.000000e+00  1.000000e+00
   outer loop
     vertex  1.892719e+02  4.234126e+01  8.000000e+00
     vertex  1.916438e+02  4.312932e+01  8.000000e+00
     vertex  1.894875e+02  4.331641e+01  8.000000e+00
   endloop
 endfacet
 facet normal  0.000000e+00 -0.000000e+00  1.000000e+00
   outer loop
     vertex  1.892719e+02  4.234126e+01  8.000000e+00
     vertex  1.894875e+02  4.331641e+01  8.000000e+00
     vertex  1.871156e+02  4.254567e+01  8.000000e+00
   endloop
 endfacet
 facet normal -0.000000e+00  0.000000e+00  1.000000e+00
   outer loop
     vertex  1.846359e+02  4.120758e+01  8.000000e+00
     vertex  1.800000e+02  4.004286e+01  8.000000e+00
     vertex  1.938000e+02  4.300000e+01  8.000000e+00
   endloop
 endfacet
 facet normal  0.000000e+00  0.000000e+00  1.000000e+00
   outer loop
     vertex  1.846359e+02  4.120758e+01  8.000000e+00
     vertex  1.823719e+02  4.090889e+01  8.000000e+00
     vertex  1.800000e+02  4.004286e+01  8.000000e+00
   endloop
 endfacet
 facet normal  0.000000e+00  0.000000e+00  1.000000e+00
   outer loop
     vertex  1.846359e+02  4.120758e+01  8.000000e+00
     vertex  1.860375e+02  4.266953e+01  8.000000e+00
     vertex  1.847438e+02  4.174316e+01  8.000000e+00
   endloop
 endfacet
 facet normal  0.000000e+00  0.000000e+00  1.000000e+00
   outer loop
     vertex  1.846359e+02  4.120758e+01  8.000000e+00
     vertex  1.871156e+02  4.254567e+01  8.000000e+00
     vertex  1.860375e+02  4.266953e+01  8.000000e+00
   endloop
 endfacet
 facet normal  0.000000e+00  0.000000e+00  1.000000e+00
   outer loop
     vertex  1.846359e+02  4.120758e+01  8.000000e+00
     vertex  1.938000e+02  4.300000e+01  8.000000e+00
     vertex  1.892719e+02  4.234126e+01  8.000000e+00
   endloop
 endfacet
 facet normal  0.000000e+00  0.000000e+00  1.000000e+00
   outer loop
     vertex  1.846359e+02  4.120758e+01  8.000000e+00
     vertex  1.892719e+02  4.234126e+01  8.000000e+00
     vertex  1.871156e+02  4.254567e+01  8.000000e+00
   endloop
 endfacet
 facet normal  0.000000e+00  0.000000e+00  1.000000e+00
   outer loop
     vertex  1.836117e+02  4.160312e+01  8.000000e+00
     vertex  1.847438e+02  4.174316e+01  8.000000e+00
     vertex  1.838813e+02  4.296057e+01  8.000000e+00
   endloop
 endfacet
 facet normal  0.000000e+00  0.000000e+00  1.000000e+00
   outer loop
     vertex  1.836117e+02  4.160312e+01  8.000000e+00
     vertex  1.825875e+02  4.202266e+01  8.000000e+00
     vertex  1.823719e+02  4.090889e+01  8.000000e+00
   endloop
 endfacet
 facet normal  0.000000e+00  0.000000e+00  1.000000e+00
   outer loop
     vertex  1.836117e+02  4.160312e+01  8.000000e+00
     vertex  1.823719e+02  4.090889e+01  8.000000e+00
     vertex  1.846359e+02  4.120758e+01  8.000000e+00
   endloop
 endfacet
 facet normal -0.000000e+00  0.000000e+00  1.000000e+00
   outer loop
     vertex  1.836117e+02  4.160312e+01  8.000000e+00
     vertex  1.846359e+02  4.120758e+01  8.000000e+00
     vertex  1.847438e+02  4.174316e+01  8.000000e+00
   endloop
 endfacet
 facet normal  0.000000e+00 -0.000000e+00  1.000000e+00
   outer loop
     vertex  1.836117e+02  4.160312e+01  8.000000e+00
     vertex  1.838813e+02  4.296057e+01  8.000000e+00
     vertex  1.825875e+02  4.202266e+01  8.000000e+00
   endloop
 endfacet
 facet normal  1.967213e-01 -9.180328e-01  3.442623e-01
   outer loop
     vertex  1.938000e+02  4.300000e+01  8.000000e+00
     vertex  1.800000e+02  4.004286e+01  8.000000e+00
     vertex  1.800000e+02  3.704286e+01  0.000000e+00
   endloop
 endfacet
 facet normal  1.967213e-01 -9.180328e-01  3.442623e-01
   outer loop
     vertex  1.938000e+02  4.000000e+01  0.000000e+00
     vertex  1.938000e+02  4.300000e+01  8.000000e+00
     vertex  1.800000e+02  3.704286e+01  0.000000e+00
   endloop
 endfacet
 facet normal  0.000000e+00 -1.000000e+00 -0.000000e+00
   outer loop
     vertex  1.800000e+02  0.000000e+00  8.000000e+00
     vertex  0.000000e+00  0.000000e+00  0.000000e+00
     vertex  1.800000e+02  0.000000e+00  0.000000e+00
   endloop
 endfacet
 facet normal -0.000000e+00 -1.000000e+00  0.000000e+00
   outer loop
     vertex  1.800000e+02  0.000000e+00  8.000000e+00
     vertex  0.000000e+00  0.000000e+00  8.000000e+00
     vertex  0.000000e+00  0.000000e+00  0.000000e+00
   endloop
 endfacet
 facet normal  1.000000e+00 -8.439921e-15  0.000000e+00
   outer loop
     vertex  1.800000e+02  0.000000e+00  8.000000e+00
     vertex  1.800000e+02  0.000000e+00  0.000000e+00
     vertex  1.800000e+02  3.704286e+01  0.000000e+00
   endloop
 endfacet
 facet normal  1.000000e+00 -7.807605e-15  2.927852e-15
   outer loop
     vertex  1.800000e+02  0.000000e+00  8.000000e+00
     vertex  1.800000e+02  3.704286e+01  0.000000e+00
     vertex  1.800000e+02  4.004286e+01  8.000000e+00
   endloop
 endfacet
 facet normal  0.000000e+00  0.000000e+00 -1.000000e+00
   outer loop
     vertex  1.800000e+02  1.829571e+02  0.000000e+00
     vertex  1.938000e+02  1.560000e+02  0.000000e+00
     vertex  1.800000e+02  1.530429e+02  0.000000e+00
   endloop
 endfacet
 facet normal -0.000000e+00 -0.000000e+00 -1.000000e+00
   outer loop
     vertex  1.938000e+02  1.800000e+02  0.000000e+00
     vertex  1.938000e+02  1.560000e+02  0.000000e+00
     vertex  1.800000e+02  1.829571e+02  0.000000e+00
   endloop
 endfacet
 facet normal  0.000000e+00  0.000000e+00 -1.000000e+00
   outer loop
     vertex  1.929375e+02  5.656931e+01  0.000000e+00
     vertex  1.938000e+02  6.400000e+01  0.000000e+00
     vertex  1.938000e+02  4.000000e+01  0.000000e+00
   endloop
 endfacet
 facet normal  0.000000e+00  0.000000e+00 -1.000000e+00
   outer loop
     vertex  1.929375e+02  5.656931e+01  0.000000e+00
     vertex  1.920750e+02  4.890759e+01  0.000000e+00
     vertex  1.912125e+02  5.356931e+01  0.000000e+00
   endloop
 endfacet
 facet normal  0.000000e+00  0.000000e+00 -1.000000e+00
   outer loop
     vertex  1.929375e+02  5.656931e+01  0.000000e+00
     vertex  1.938000e+02  4.000000e+01  0.000000e+00
     vertex  1.929375e+02  4.438449e+01  0.000000e+00
   endloop
 endfacet
 facet normal  0.000000e+00 -0.000000e+00 -1.000000e+00
   outer loop
     vertex  1.929375e+02  5.656931e+01  0.000000e+00
     vertex  1.929375e+02  4.438449e+01  0.000000e+00
     vertex  1.920750e+02  4.890759e+01  0.000000e+00
   endloop
 endfacet
 facet normal  0.000000e+00  0.000000e+00 -1.000000e+00
   outer loop
     vertex  1.929375e+02  6.266172e+01  0.000000e+00
     vertex  1.938000e+02  6.400000e+01  0.000000e+00
     vertex  1.929375e+02  5.656931e+01  0.000000e+00
   endloop
 endfacet
 facet normal -0.000000e+00  0.000000e+00 -1.000000e+00
   outer loop
     vertex  1.843125e+02  4.498348e+01  0.000000e+00
     vertex  1.830188e+02  4.037291e+01  0.000000e+00
     vertex  1.825875e+02  4.659900e+01  0.000000e+00
   endloop
 endfacet
 facet normal  0.000000e+00  0.000000e+00 -1.000000e+00
   outer loop
     vertex  1.881938e+02  5.117492e+01  0.000000e+00
     vertex  1.903500e+02  5.200000e+01  0.000000e+00
     vertex  1.894875e+02  5.038449e+01  0.000000e+00
   endloop
 endfacet
 facet normal  0.000000e+00  0.000000e+00 -1.000000e+00
   outer loop
     vertex  1.912125e+02  5.043069e+01  0.000000e+00
     vertex  1.912125e+02  5.356931e+01  0.000000e+00
     vertex  1.920750e+02  4.890759e+01  0.000000e+00
   endloop
 endfacet
 facet normal -0.000000e+00  0.000000e+00 -1.000000e+00
   outer loop
     vertex  1.912125e+02  5.043069e+01  0.000000e+00
     vertex  1.894875e+02  5.038449e+01  0.000000e+00
     vertex  1.903500e+02  5.200000e+01  0.000000e+00
   endloop
 endfacet
 facet normal  0.000000e+00  0.000000e+00 -1.000000e+00
   outer loop
     vertex  1.912125e+02  5.043069e+01  0.000000e+00
     vertex  1.903500e+02  5.200000e+01  0.000000e+00
     vertex  1.912125e+02  5.356931e+01  0.000000e+00
   endloop
 endfacet
 facet normal -0.000000e+00  0.000000e+00 -1.000000e+00
   outer loop
     vertex  1.873313e+02  5.450991e+01  0.000000e+00
     vertex  1.860375e+02  5.370792e+01  0.000000e+00
     vertex  1.851750e+02  5.546205e+01  0.000000e+00
   endloop
 endfacet
 facet normal  0.000000e+00 -0.000000e+00 -1.000000e+00
   outer loop
     vertex  1.864688e+02  5.624093e+01  0.000000e+00
     vertex  1.873313e+02  5.450991e+01  0.000000e+00
     vertex  1.851750e+02  5.546205e+01  0.000000e+00
   endloop
 endfacet
 facet normal  0.000000e+00  0.000000e+00 -1.000000e+00
   outer loop
     vertex  1.864688e+02  5.624093e+01  0.000000e+00
     vertex  1.886250e+02  5.527723e+01  0.000000e+00
     vertex  1.873313e+02  5.450991e+01  0.000000e+00
   endloop
 endfacet
 facet normal  0.000000e+00  0.000000e+00 -1.000000e+00
   outer loop
     vertex  1.864688e+02  5.624093e+01  0.000000e+00
     vertex  1.877625e+02  5.698516e+01  0.000000e+00
     vertex  1.886250e+02  5.527723e+01  0.000000e+00
   endloop
 endfacet
 facet normal  0.000000e+00  0.000000e+00 -1.000000e+00
   outer loop
     vertex  1.894875e+02  5.361551e+01  0.000000e+00
     vertex  1.873313e+02  5.450991e+01  0.000000e+00
     vertex  1.886250e+02  5.527723e+01  0.000000e+00
   endloop
 endfacet
 facet normal  0.000000e+00  0.000000e+00 -1.000000e+00
   outer loop
     vertex  1.894875e+02  5.361551e+01  0.000000e+00
     vertex  1.912125e+02  5.356931e+01  0.000000e+00
     vertex  1.903500e+02  5.200000e+01  0.000000e+00
   endloop
 endfacet
 facet normal  0.000000e+00  0.000000e+00 -1.000000e+00
   outer loop
     vertex  1.856063e+02  5.801816e+01  0.000000e+00
     vertex  1.877625e+02  5.698516e+01  0.000000e+00
     vertex  1.864688e+02  5.624093e+01  0.000000e+00
   endloop
 endfacet
 facet normal  0.000000e+00  0.000000e+00 -1.000000e+00
   outer loop
     vertex  1.830188e+02  6.183831e+01  0.000000e+00
     vertex  1.851750e+02  6.238616e+01  0.000000e+00
     vertex  1.843125e+02  6.077065e+01  0.000000e+00
   endloop
 endfacet
 facet normal -0.000000e+00  0.000000e+00 -1.000000e+00
   outer loop
     vertex  1.899188e+02  5.440594e+01  0.000000e+00
     vertex  1.894875e+02  5.361551e+01  0.000000e+00
     vertex  1.886250e+02  5.527723e+01  0.000000e+00
   endloop
 endfacet
 facet normal  0.000000e+00 -0.000000e+00 -1.000000e+00
   outer loop
     vertex  1.899188e+02  5.440594e+01  0.000000e+00
     vertex  1.912125e+02  5.356931e+01  0.000000e+00
     vertex  1.894875e+02  5.361551e+01  0.000000e+00
   endloop
 endfacet
 facet normal  0.000000e+00  0.000000e+00 -1.000000e+00
   outer loop
     vertex  1.860375e+02  5.883170e+01  0.000000e+00
     vertex  1.834500e+02  5.910893e+01  0.000000e+00
     vertex  1.843125e+02  6.077065e+01  0.000000e+00
   endloop
 endfacet
 facet normal -0.000000e+00  0.000000e+00 -1.000000e+00
   outer loop
     vertex  1.860375e+02  5.883170e+01  0.000000e+00
     vertex  1.856063e+02  5.801816e+01  0.000000e+00
     vertex  1.834500e+02  5.910893e+01  0.000000e+00
   endloop
 endfacet
 facet normal  0.000000e+00 -0.000000e+00 -1.000000e+00
   outer loop
     vertex  1.860375e+02  5.883170e+01  0.000000e+00
     vertex  1.877625e+02  5.698516e+01  0.000000e+00
     vertex  1.856063e+02  5.801816e+01  0.000000e+00
   endloop
 endfacet
 facet normal -0.000000e+00 -0.000000e+00 -1.000000e+00
   outer loop
     vertex  1.812938e+02  6.576242e+01  0.000000e+00
     vertex  1.817250e+02  6.294062e+01  0.000000e+00
     vertex  1.800000e+02  6.695714e+01  0.000000e+00
   endloop
 endfacet
 facet normal  0.000000e+00  0.000000e+00 -1.000000e+00
   outer loop
     vertex  1.812938e+02  6.576242e+01  0.000000e+00
     vertex  1.825875e+02  6.460234e+01  0.000000e+00
     vertex  1.817250e+02  6.294062e+01  0.000000e+00
   endloop
 endfacet
 facet normal  0.000000e+00  0.000000e+00 -1.000000e+00
   outer loop
     vertex  1.838813e+02  6.347693e+01  0.000000e+00
     vertex  1.830188e+02  6.183831e+01  0.000000e+00
     vertex  1.817250e+02  6.294062e+01  0.000000e+00
   endloop
 endfacet
 facet normal  0.000000e+00 -0.000000e+00 -1.000000e+00
   outer loop
     vertex  1.838813e+02  6.347693e+01  0.000000e+00
     vertex  1.851750e+02  6.238616e+01  0.000000e+00
     vertex  1.830188e+02  6.183831e+01  0.000000e+00
   endloop
 endfacet
 facet normal -0.000000e+00  0.000000e+00 -1.000000e+00
   outer loop
     vertex  1.838813e+02  6.347693e+01  0.000000e+00
     vertex  1.817250e+02  6.294062e+01  0.000000e+00
     vertex  1.825875e+02  6.460234e+01  0.000000e+00
   endloop
 endfacet
 facet normal -0.000000e+00  0.000000e+00 -1.000000e+00
   outer loop
     vertex  1.890563e+02  5.769473e+01  0.000000e+00
     vertex  1.877625e+02  5.698516e+01  0.000000e+00
     vertex  1.860375e+02  5.883170e+01  0.000000e+00
   endloop
 endfacet
 facet normal  0.000000e+00  0.000000e+00 -1.000000e+00
   outer loop
     vertex  1.890563e+02  5.769473e+01  0.000000e+00
     vertex  1.886250e+02  5.527723e+01  0.000000e+00
     vertex  1.877625e+02  5.698516e+01  0.000000e+00
   endloop
 endfacet
 facet normal  0.000000e+00  0.000000e+00 -1.000000e+00
   outer loop
     vertex  1.907813e+02  5.595215e+01  0.000000e+00
     vertex  1.899188e+02  5.440594e+01  0.000000e+00
     vertex  1.886250e+02  5.527723e+01  0.000000e+00
   endloop
 endfacet
 facet normal  0.000000e+00 -0.000000e+00 -1.000000e+00
   outer loop
     vertex  1.907813e+02  5.595215e+01  0.000000e+00
     vertex  1.912125e+02  5.356931e+01  0.000000e+00
     vertex  1.899188e+02  5.440594e+01  0.000000e+00
   endloop
 endfacet
 facet normal  0.000000e+00  0.000000e+00 -1.000000e+00
   outer loop
     vertex  1.907813e+02  5.595215e+01  0.000000e+00
     vertex  1.890563e+02  5.769473e+01  0.000000e+00
     vertex  1.903500e+02  5.836964e+01  0.000000e+00
   endloop
 endfacet
 facet normal -0.000000e+00  0.000000e+00 -1.000000e+00
   outer loop
     vertex  1.907813e+02  5.595215e+01  0.000000e+00
     vertex  1.886250e+02  5.527723e+01  0.000000e+00
     vertex  1.890563e+02  5.769473e+01  0.000000e+00
   endloop
 endfacet
 facet normal  0.000000e+00  0.000000e+00 -1.000000e+00
   outer loop
     vertex  1.907813e+02  5.595215e+01  0.000000e+00
     vertex  1.929375e+02  5.656931e+01  0.000000e+00
     vertex  1.912125e+02  5.356931e+01  0.000000e+00
   endloop
 endfacet
 facet normal  0.000000e+00  0.000000e+00 -1.000000e+00
   outer loop
     vertex  1.864688e+02  6.133005e+01  0.000000e+00
     vertex  1.860375e+02  5.883170e+01  0.000000e+00
     vertex  1.843125e+02  6.077065e+01  0.000000e+00
   endloop
 endfacet
 facet normal  0.000000e+00 -0.000000e+00 -1.000000e+00
   outer loop
     vertex  1.864688e+02  6.133005e+01  0.000000e+00
     vertex  1.877625e+02  6.030859e+01  0.000000e+00
     vertex  1.860375e+02  5.883170e+01  0.000000e+00
   endloop
 endfacet
 facet normal -0.000000e+00  0.000000e+00 -1.000000e+00
   outer loop
     vertex  1.864688e+02  6.133005e+01  0.000000e+00
     vertex  1.843125e+02  6.077065e+01  0.000000e+00
     vertex  1.851750e+02  6.238616e+01  0.000000e+00
   endloop
 endfacet
 facet normal  0.000000e+00  0.000000e+00 -1.000000e+00
   outer loop
     vertex  1.890563e+02  5.932179e+01  0.000000e+00
     vertex  1.903500e+02  5.836964e+01  0.000000e+00
     vertex  1.890563e+02  5.769473e+01  0.000000e+00
   endloop
 endfacet
 facet normal -0.000000e+00  0.000000e+00 -1.000000e+00
   outer loop
     vertex  1.890563e+02  5.932179e+01  0.000000e+00
     vertex  1.860375e+02  5.883170e+01  0.000000e+00
     vertex  1.877625e+02  6.030859e+01  0.000000e+00
   endloop
 endfacet
 facet normal  0.000000e+00 -0.000000e+00 -1.000000e+00
   outer loop
     vertex  1.890563e+02  5.932179e+01  0.000000e+00
     vertex  1.890563e+02  5.769473e+01  0.000000e+00
     vertex  1.860375e+02  5.883170e+01  0.000000e+00
   endloop
 endfacet
 facet normal  0.000000e+00  0.000000e+00 -1.000000e+00
   outer loop
     vertex  1.890563e+02  5.932179e+01  0.000000e+00
     vertex  1.912125e+02  5.984654e+01  0.000000e+00
     vertex  1.903500e+02  5.836964e+01  0.000000e+00
   endloop
 endfacet
 facet normal -0.000000e+00  0.000000e+00 -1.000000e+00
   outer loop
     vertex  1.916438e+02  5.745215e+01  0.000000e+00
     vertex  1.907813e+02  5.595215e+01  0.000000e+00
     vertex  1.903500e+02  5.836964e+01  0.000000e+00
   endloop
 endfacet
 facet normal  0.000000e+00 -0.000000e+00 -1.000000e+00
   outer loop
     vertex  1.916438e+02  5.745215e+01  0.000000e+00
     vertex  1.929375e+02  5.656931e+01  0.000000e+00
     vertex  1.907813e+02  5.595215e+01  0.000000e+00
   endloop
 endfacet
 facet normal  0.000000e+00 -0.000000e+00 -1.000000e+00
   outer loop
     vertex  1.920750e+02  5.818482e+01  0.000000e+00
     vertex  1.929375e+02  5.656931e+01  0.000000e+00
     vertex  1.916438e+02  5.745215e+01  0.000000e+00
   endloop
 endfacet
 facet normal -0.000000e+00  0.000000e+00 -1.000000e+00
   outer loop
     vertex  1.920750e+02  5.818482e+01  0.000000e+00
     vertex  1.916438e+02  5.745215e+01  0.000000e+00
     vertex  1.903500e+02  5.836964e+01  0.000000e+00
   endloop
 endfacet
 facet normal  0.000000e+00  0.000000e+00 -1.000000e+00
   outer loop
     vertex  1.920750e+02  5.818482e+01  0.000000e+00
     vertex  1.903500e+02  5.836964e+01  0.000000e+00
     vertex  1.912125e+02  5.984654e+01  0.000000e+00
   endloop
 endfacet
 facet normal  0.000000e+00  0.000000e+00 -1.000000e+00
   outer loop
     vertex  1.920750e+02  5.818482e+01  0.000000e+00
     vertex  1.912125e+02  5.984654e+01  0.000000e+00
     vertex  1.920750e+02  6.127723e+01  0.000000e+00
   endloop
 endfacet
 facet normal  0.000000e+00  0.000000e+00 -1.000000e+00
   outer loop
     vertex  1.920750e+02  5.818482e+01  0.000000e+00
     vertex  1.929375e+02  6.266172e+01  0.000000e+00
     vertex  1.929375e+02  5.656931e+01  0.000000e+00
   endloop
 endfacet
 facet normal  0.000000e+00  0.000000e+00 -1.000000e+00
   outer loop
     vertex  1.920750e+02  5.818482e+01  0.000000e+00
     vertex  1.920750e+02  6.127723e+01  0.000000e+00
     vertex  1.929375e+02  6.266172e+01  0.000000e+00
   endloop
 endfacet
 facet normal  0.000000e+00  0.000000e+00 -1.000000e+00
   outer loop
     vertex  1.899188e+02  6.082179e+01  0.000000e+00
     vertex  1.890563e+02  5.932179e+01  0.000000e+00
     vertex  1.877625e+02  6.030859e+01  0.000000e+00
   endloop
 endfacet
 facet normal  0.000000e+00 -0.000000e+00 -1.000000e+00
   outer loop
     vertex  1.899188e+02  6.082179e+01  0.000000e+00
     vertex  1.912125e+02  5.984654e+01  0.000000e+00
     vertex  1.890563e+02  5.932179e+01  0.000000e+00
   endloop
 endfacet
 facet normal  0.000000e+00  0.000000e+00 -1.000000e+00
   outer loop
     vertex  1.899188e+02  6.082179e+01  0.000000e+00
     vertex  1.920750e+02  6.127723e+01  0.000000e+00
     vertex  1.912125e+02  5.984654e+01  0.000000e+00
   endloop
 endfacet
 facet normal -0.000000e+00  0.000000e+00 -1.000000e+00
   outer loop
     vertex  1.815094e+02  3.873820e+01  0.000000e+00
     vertex  1.800000e+02  3.704286e+01  0.000000e+00
     vertex  1.825875e+02  4.659900e+01  0.000000e+00
   endloop
 endfacet
 facet normal  0.000000e+00  0.000000e+00 -1.000000e+00
   outer loop
     vertex  1.815094e+02  3.873820e+01  0.000000e+00
     vertex  1.825875e+02  4.659900e+01  0.000000e+00
     vertex  1.830188e+02  4.037291e+01  0.000000e+00
   endloop
 endfacet
 facet normal  0.000000e+00 -0.000000e+00 -1.000000e+00
   outer loop
     vertex  1.845281e+02  4.194697e+01  0.000000e+00
     vertex  1.849594e+02  3.940818e+01  0.000000e+00
     vertex  1.830188e+02  4.037291e+01  0.000000e+00
   endloop
 endfacet
 facet normal  0.000000e+00  0.000000e+00 -1.000000e+00
   outer loop
     vertex  1.845281e+02  4.194697e+01  0.000000e+00
     vertex  1.843125e+02  4.498348e+01  0.000000e+00
     vertex  1.860375e+02  4.346038e+01  0.000000e+00
   endloop
 endfacet
 facet normal -0.000000e+00  0.000000e+00 -1.000000e+00
   outer loop
     vertex  1.845281e+02  4.194697e+01  0.000000e+00
     vertex  1.830188e+02  4.037291e+01  0.000000e+00
     vertex  1.843125e+02  4.498348e+01  0.000000e+00
   endloop
 endfacet
 facet normal  0.000000e+00  0.000000e+00 -1.000000e+00
   outer loop
     vertex  1.918594e+02  4.074814e+01  0.000000e+00
     vertex  1.929375e+02  4.438449e+01  0.000000e+00
     vertex  1.938000e+02  4.000000e+01  0.000000e+00
   endloop
 endfacet
 facet normal  0.000000e+00  0.000000e+00 -1.000000e+00
   outer loop
     vertex  1.836656e+02  4.801422e+01  0.000000e+00
     vertex  1.843125e+02  5.024587e+01  0.000000e+00
     vertex  1.847438e+02  4.938613e+01  0.000000e+00
   endloop
 endfacet
 facet normal -0.000000e+00  0.000000e+00 -1.000000e+00
   outer loop
     vertex  1.836656e+02  4.801422e+01  0.000000e+00
     vertex  1.825875e+02  4.659900e+01  0.000000e+00
     vertex  1.838813e+02  5.111716e+01  0.000000e+00
   endloop
 endfacet
 facet normal  0.000000e+00  0.000000e+00 -1.000000e+00
   outer loop
     vertex  1.836656e+02  4.801422e+01  0.000000e+00
     vertex  1.838813e+02  5.111716e+01  0.000000e+00
     vertex  1.843125e+02  5.024587e+01  0.000000e+00
   endloop
 endfacet
 facet normal  0.000000e+00  0.000000e+00 -1.000000e+00
   outer loop
     vertex  1.843125e+02  4.761468e+01  0.000000e+00
     vertex  1.847438e+02  4.938613e+01  0.000000e+00
     vertex  1.860375e+02  4.858415e+01  0.000000e+00
   endloop
 endfacet
 facet normal  0.000000e+00  0.000000e+00 -1.000000e+00
   outer loop
     vertex  1.843125e+02  4.761468e+01  0.000000e+00
     vertex  1.843125e+02  4.498348e+01  0.000000e+00
     vertex  1.825875e+02  4.659900e+01  0.000000e+00
   endloop
 endfacet
 facet normal -0.000000e+00  0.000000e+00 -1.000000e+00
   outer loop
     vertex  1.843125e+02  4.761468e+01  0.000000e+00
     vertex  1.825875e+02  4.659900e+01  0.000000e+00
     vertex  1.836656e+02  4.801422e+01  0.000000e+00
   endloop
 endfacet
 facet normal  0.000000e+00  0.000000e+00 -1.000000e+00
   outer loop
     vertex  1.843125e+02  4.761468e+01  0.000000e+00
     vertex  1.836656e+02  4.801422e+01  0.000000e+00
     vertex  1.847438e+02  4.938613e+01  0.000000e+00
   endloop
 endfacet
 facet normal  0.000000e+00  0.000000e+00 -1.000000e+00
   outer loop
     vertex  1.860375e+02  4.602227e+01  0.000000e+00
     vertex  1.843125e+02  4.761468e+01  0.000000e+00
     vertex  1.860375e+02  4.858415e+01  0.000000e+00
   endloop
 endfacet
 facet normal -0.000000e+00  0.000000e+00 -1.000000e+00
   outer loop
     vertex  1.860375e+02  4.602227e+01  0.000000e+00
     vertex  1.843125e+02  4.498348e+01  0.000000e+00
     vertex  1.843125e+02  4.761468e+01  0.000000e+00
   endloop
 endfacet
 facet normal  0.000000e+00  0.000000e+00 -1.000000e+00
   outer loop
     vertex  1.860375e+02  4.602227e+01  0.000000e+00
     vertex  1.860375e+02  4.346038e+01  0.000000e+00
     vertex  1.843125e+02  4.498348e+01  0.000000e+00
   endloop
 endfacet
 facet normal  0.000000e+00  0.000000e+00 -1.000000e+00
   outer loop
     vertex  1.860375e+02  4.602227e+01  0.000000e+00
     vertex  1.860375e+02  4.858415e+01  0.000000e+00
     vertex  1.877625e+02  4.701484e+01  0.000000e+00
   endloop
 endfacet
 facet normal -0.000000e+00  0.000000e+00 -1.000000e+00
   outer loop
     vertex  1.869000e+02  4.526071e+01  0.000000e+00
     vertex  1.860375e+02  4.346038e+01  0.000000e+00
     vertex  1.860375e+02  4.602227e+01  0.000000e+00
   endloop
 endfacet
 facet normal  0.000000e+00  0.000000e+00 -1.000000e+00
   outer loop
     vertex  1.869000e+02  4.526071e+01  0.000000e+00
     vertex  1.860375e+02  4.602227e+01  0.000000e+00
     vertex  1.877625e+02  4.701484e+01  0.000000e+00
   endloop
 endfacet
 facet normal  0.000000e+00 -0.000000e+00 -1.000000e+00
   outer loop
     vertex  1.875469e+02  4.491315e+01  0.000000e+00
     vertex  1.879781e+02  4.247833e+01  0.000000e+00
     vertex  1.860375e+02  4.346038e+01  0.000000e+00
   endloop
 endfacet
 facet normal -0.000000e+00  0.000000e+00 -1.000000e+00
   outer loop
     vertex  1.875469e+02  4.491315e+01  0.000000e+00
     vertex  1.860375e+02  4.346038e+01  0.000000e+00
     vertex  1.869000e+02  4.526071e+01  0.000000e+00
   endloop
 endfacet
 facet normal  0.000000e+00  0.000000e+00 -1.000000e+00
   outer loop
     vertex  1.875469e+02  4.491315e+01  0.000000e+00
     vertex  1.869000e+02  4.526071e+01  0.000000e+00
     vertex  1.877625e+02  4.701484e+01  0.000000e+00
   endloop
 endfacet
 facet normal  0.000000e+00  0.000000e+00 -1.000000e+00
   outer loop
     vertex  1.875469e+02  4.491315e+01  0.000000e+00
     vertex  1.877625e+02  4.701484e+01  0.000000e+00
     vertex  1.890563e+02  4.630527e+01  0.000000e+00
   endloop
 endfacet
 facet normal  0.000000e+00  0.000000e+00 -1.000000e+00
   outer loop
     vertex  1.914281e+02  4.300969e+01  0.000000e+00
     vertex  1.929375e+02  4.438449e+01  0.000000e+00
     vertex  1.918594e+02  4.074814e+01  0.000000e+00
   endloop
 endfacet
 facet normal  0.000000e+00  0.000000e+00 -1.000000e+00
   outer loop
     vertex  1.914281e+02  4.300969e+01  0.000000e+00
     vertex  1.899188e+02  4.157425e+01  0.000000e+00
     vertex  1.879781e+02  4.247833e+01  0.000000e+00
   endloop
 endfacet
 facet normal  0.000000e+00 -0.000000e+00 -1.000000e+00
   outer loop
     vertex  1.914281e+02  4.300969e+01  0.000000e+00
     vertex  1.918594e+02  4.074814e+01  0.000000e+00
     vertex  1.899188e+02  4.157425e+01  0.000000e+00
   endloop
 endfacet
 facet normal  0.000000e+00  0.000000e+00 -1.000000e+00
   outer loop
     vertex  1.909969e+02  4.530589e+01  0.000000e+00
     vertex  1.920750e+02  4.890759e+01  0.000000e+00
     vertex  1.929375e+02  4.438449e+01  0.000000e+00
   endloop
 endfacet
 facet normal  0.000000e+00  0.000000e+00 -1.000000e+00
   outer loop
     vertex  1.909969e+02  4.530589e+01  0.000000e+00
     vertex  1.929375e+02  4.438449e+01  0.000000e+00
     vertex  1.914281e+02  4.300969e+01  0.000000e+00
   endloop
 endfacet
 facet normal  0.000000e+00  0.000000e+00 -1.000000e+00
   outer loop
     vertex  1.909969e+02  4.530589e+01  0.000000e+00
     vertex  1.879781e+02  4.247833e+01  0.000000e+00
     vertex  1.875469e+02  4.491315e+01  0.000000e+00
   endloop
 endfacet
 facet normal -0.000000e+00  0.000000e+00 -1.000000e+00
   outer loop
     vertex  1.909969e+02  4.530589e+01  0.000000e+00
     vertex  1.875469e+02  4.491315e+01  0.000000e+00
     vertex  1.890563e+02  4.630527e+01  0.000000e+00
   endloop
 endfacet
 facet normal  0.000000e+00 -0.000000e+00 -1.000000e+00
   outer loop
     vertex  1.909969e+02  4.530589e+01  0.000000e+00
     vertex  1.914281e+02  4.300969e+01  0.000000e+00
     vertex  1.879781e+02  4.247833e+01  0.000000e+00
   endloop
 endfacet
 facet normal  0.000000e+00 -0.000000e+00 -1.000000e+00
   outer loop
     vertex  1.858219e+02  5.071473e+01  0.000000e+00
     vertex  1.860375e+02  4.858415e+01  0.000000e+00
     vertex  1.847438e+02  4.938613e+01  0.000000e+00
   endloop
 endfacet
 facet normal  0.000000e+00  0.000000e+00 -1.000000e+00
   outer loop
     vertex  1.858219e+02  5.071473e+01  0.000000e+00
     vertex  1.847438e+02  4.938613e+01  0.000000e+00
     vertex  1.843125e+02  5.024587e+01  0.000000e+00
   endloop
 endfacet
 facet normal  0.000000e+00  0.000000e+00 -1.000000e+00
   outer loop
     vertex  1.856063e+02  5.114026e+01  0.000000e+00
     vertex  1.869000e+02  5.200000e+01  0.000000e+00
     vertex  1.858219e+02  5.071473e+01  0.000000e+00
   endloop
 endfacet
 facet normal  0.000000e+00 -0.000000e+00 -1.000000e+00
   outer loop
     vertex  1.856063e+02  5.114026e+01  0.000000e+00
     vertex  1.858219e+02  5.071473e+01  0.000000e+00
     vertex  1.843125e+02  5.024587e+01  0.000000e+00
   endloop
 endfacet
 facet normal  0.000000e+00  0.000000e+00 -1.000000e+00
   outer loop
     vertex  1.856063e+02  5.114026e+01  0.000000e+00
     vertex  1.843125e+02  5.024587e+01  0.000000e+00
     vertex  1.838813e+02  5.111716e+01  0.000000e+00
   endloop
 endfacet
 facet normal  0.000000e+00  0.000000e+00 -1.000000e+00
   outer loop
     vertex  1.871156e+02  4.990119e+01  0.000000e+00
     vertex  1.869000e+02  5.200000e+01  0.000000e+00
     vertex  1.881938e+02  5.117492e+01  0.000000e+00
   endloop
 endfacet
 facet normal -0.000000e+00  0.000000e+00 -1.000000e+00
   outer loop
     vertex  1.871156e+02  4.990119e+01  0.000000e+00
     vertex  1.860375e+02  4.858415e+01  0.000000e+00
     vertex  1.858219e+02  5.071473e+01  0.000000e+00
   endloop
 endfacet
 facet normal  0.000000e+00  0.000000e+00 -1.000000e+00
   outer loop
     vertex  1.871156e+02  4.990119e+01  0.000000e+00
     vertex  1.858219e+02  5.071473e+01  0.000000e+00
     vertex  1.869000e+02  5.200000e+01  0.000000e+00
   endloop
 endfacet
 facet normal  0.000000e+00  0.000000e+00 -1.000000e+00
   outer loop
     vertex  1.877625e+02  4.950742e+01  0.000000e+00
     vertex  1.871156e+02  4.990119e+01  0.000000e+00
     vertex  1.881938e+02  5.117492e+01  0.000000e+00
   endloop
 endfacet
 facet normal  0.000000e+00  0.000000e+00 -1.000000e+00
   outer loop
     vertex  1.877625e+02  4.950742e+01  0.000000e+00
     vertex  1.881938e+02  5.117492e+01  0.000000e+00
     vertex  1.894875e+02  5.038449e+01  0.000000e+00
   endloop
 endfacet
 facet normal -0.000000e+00  0.000000e+00 -1.000000e+00
   outer loop
     vertex  1.877625e+02  4.950742e+01  0.000000e+00
     vertex  1.860375e+02  4.858415e+01  0.000000e+00
     vertex  1.871156e+02  4.990119e+01  0.000000e+00
   endloop
 endfacet
 facet normal  0.000000e+00  0.000000e+00 -1.000000e+00
   outer loop
     vertex  1.877625e+02  4.950742e+01  0.000000e+00
     vertex  1.877625e+02  4.701484e+01  0.000000e+00
     vertex  1.860375e+02  4.858415e+01  0.000000e+00
   endloop
 endfacet
 facet normal  0.000000e+00  0.000000e+00 -1.000000e+00
   outer loop
     vertex  1.886250e+02  4.872277e+01  0.000000e+00
     vertex  1.877625e+02  4.950742e+01  0.000000e+00
     vertex  1.894875e+02  5.038449e+01  0.000000e+00
   endloop
 endfacet
 facet normal -0.000000e+00  0.000000e+00 -1.000000e+00
   outer loop
     vertex  1.886250e+02  4.872277e+01  0.000000e+00
     vertex  1.877625e+02  4.701484e+01  0.000000e+00
     vertex  1.877625e+02  4.950742e+01  0.000000e+00
   endloop
 endfacet
 facet normal  0.000000e+00 -0.000000e+00 -1.000000e+00
   outer loop
     vertex  1.886250e+02  4.872277e+01  0.000000e+00
     vertex  1.890563e+02  4.630527e+01  0.000000e+00
     vertex  1.877625e+02  4.701484e+01  0.000000e+00
   endloop
 endfacet
 facet normal  0.000000e+00  0.000000e+00 -1.000000e+00
   outer loop
     vertex  1.849594e+02  5.243420e+01  0.000000e+00
     vertex  1.860375e+02  5.370792e+01  0.000000e+00
     vertex  1.869000e+02  5.200000e+01  0.000000e+00
   endloop
 endfacet
 facet normal  0.000000e+00  0.000000e+00 -1.000000e+00
   outer loop
     vertex  1.849594e+02  5.243420e+01  0.000000e+00
     vertex  1.869000e+02  5.200000e+01  0.000000e+00
     vertex  1.856063e+02  5.114026e+01  0.000000e+00
   endloop
 endfacet
 facet normal  0.000000e+00 -0.000000e+00 -1.000000e+00
   outer loop
     vertex  1.849594e+02  5.243420e+01  0.000000e+00
     vertex  1.856063e+02  5.114026e+01  0.000000e+00
     vertex  1.838813e+02  5.111716e+01  0.000000e+00
   endloop
 endfacet
 facet normal  0.000000e+00  0.000000e+00 -1.000000e+00
   outer loop
     vertex  1.905656e+02  4.763675e+01  0.000000e+00
     vertex  1.912125e+02  5.043069e+01  0.000000e+00
     vertex  1.920750e+02  4.890759e+01  0.000000e+00
   endloop
 endfacet
 facet normal  0.000000e+00  0.000000e+00 -1.000000e+00
   outer loop
     vertex  1.905656e+02  4.763675e+01  0.000000e+00
     vertex  1.894875e+02  5.038449e+01  0.000000e+00
     vertex  1.912125e+02  5.043069e+01  0.000000e+00
   endloop
 endfacet
 facet normal -0.000000e+00  0.000000e+00 -1.000000e+00
   outer loop
     vertex  1.905656e+02  4.763675e+01  0.000000e+00
     vertex  1.890563e+02  4.630527e+01  0.000000e+00
     vertex  1.886250e+02  4.872277e+01  0.000000e+00
   endloop
 endfacet
 facet normal  0.000000e+00  0.000000e+00 -1.000000e+00
   outer loop
     vertex  1.905656e+02  4.763675e+01  0.000000e+00
     vertex  1.886250e+02  4.872277e+01  0.000000e+00
     vertex  1.894875e+02  5.038449e+01  0.000000e+00
   endloop
 endfacet
 facet normal  0.000000e+00 -0.000000e+00 -1.000000e+00
   outer loop
     vertex  1.905656e+02  4.763675e+01  0.000000e+00
     vertex  1.909969e+02  4.530589e+01  0.000000e+00
     vertex  1.890563e+02  4.630527e+01  0.000000e+00
   endloop
 endfacet
 facet normal  0.000000e+00  0.000000e+00 -1.000000e+00
   outer loop
     vertex  1.905656e+02  4.763675e+01  0.000000e+00
     vertex  1.920750e+02  4.890759e+01  0.000000e+00
     vertex  1.909969e+02  4.530589e+01  0.000000e+00
   endloop
 endfacet
 facet normal  0.000000e+00 -0.000000e+00 -1.000000e+00
   outer loop
     vertex  1.828031e+02  5.693504e+01  0.000000e+00
     vertex  1.838813e+02  5.111716e+01  0.000000e+00
     vertex  1.825875e+02  4.659900e+01  0.000000e+00
   endloop
 endfacet
 facet normal  0.000000e+00  0.000000e+00 -1.000000e+00
   outer loop
     vertex  1.881938e+02  5.282508e+01  0.000000e+00
     vertex  1.903500e+02  5.200000e+01  0.000000e+00
     vertex  1.881938e+02  5.117492e+01  0.000000e+00
   endloop
 endfacet
 facet normal  0.000000e+00  0.000000e+00 -1.000000e+00
   outer loop
     vertex  1.881938e+02  5.282508e+01  0.000000e+00
     vertex  1.860375e+02  5.370792e+01  0.000000e+00
     vertex  1.873313e+02  5.450991e+01  0.000000e+00
   endloop
 endfacet
 facet normal  0.000000e+00  0.000000e+00 -1.000000e+00
   outer loop
     vertex  1.881938e+02  5.282508e+01  0.000000e+00
     vertex  1.894875e+02  5.361551e+01  0.000000e+00
     vertex  1.903500e+02  5.200000e+01  0.000000e+00
   endloop
 endfacet
 facet normal  0.000000e+00  0.000000e+00 -1.000000e+00
   outer loop
     vertex  1.881938e+02  5.282508e+01  0.000000e+00
     vertex  1.873313e+02  5.450991e+01  0.000000e+00
     vertex  1.894875e+02  5.361551e+01  0.000000e+00
   endloop
 endfacet
 facet normal  0.000000e+00 -0.000000e+00 -1.000000e+00
   outer loop
     vertex  1.881938e+02  5.282508e+01  0.000000e+00
     vertex  1.881938e+02  5.117492e+01  0.000000e+00
     vertex  1.869000e+02  5.200000e+01  0.000000e+00
   endloop
 endfacet
 facet normal -0.000000e+00  0.000000e+00 -1.000000e+00
   outer loop
     vertex  1.881938e+02  5.282508e+01  0.000000e+00
     vertex  1.869000e+02  5.200000e+01  0.000000e+00
     vertex  1.860375e+02  5.370792e+01  0.000000e+00
   endloop
 endfacet
 facet normal  0.000000e+00  0.000000e+00 -1.000000e+00
   outer loop
     vertex  1.840969e+02  6.563926e+01  0.000000e+00
     vertex  1.812938e+02  6.576242e+01  0.000000e+00
     vertex  1.800000e+02  6.695714e+01  0.000000e+00
   endloop
 endfacet
 facet normal -0.000000e+00  0.000000e+00 -1.000000e+00
   outer loop
     vertex  1.840969e+02  6.563926e+01  0.000000e+00
     vertex  1.825875e+02  6.460234e+01  0.000000e+00
     vertex  1.812938e+02  6.576242e+01  0.000000e+00
   endloop
 endfacet
 facet normal  0.000000e+00  0.000000e+00 -1.000000e+00
   outer loop
     vertex  1.840969e+02  6.563926e+01  0.000000e+00
     vertex  1.838813e+02  6.347693e+01  0.000000e+00
     vertex  1.825875e+02  6.460234e+01  0.000000e+00
   endloop
 endfacet
 facet normal -0.000000e+00  0.000000e+00 -1.000000e+00
   outer loop
     vertex  1.853906e+02  6.450807e+01  0.000000e+00
     vertex  1.838813e+02  6.347693e+01  0.000000e+00
     vertex  1.840969e+02  6.563926e+01  0.000000e+00
   endloop
 endfacet
 facet normal  0.000000e+00  0.000000e+00 -1.000000e+00
   outer loop
     vertex  1.853906e+02  6.450807e+01  0.000000e+00
     vertex  1.851750e+02  6.238616e+01  0.000000e+00
     vertex  1.838813e+02  6.347693e+01  0.000000e+00
   endloop
 endfacet
 facet normal  0.000000e+00  0.000000e+00 -1.000000e+00
   outer loop
     vertex  1.853906e+02  6.450807e+01  0.000000e+00
     vertex  1.840969e+02  6.563926e+01  0.000000e+00
     vertex  1.881938e+02  6.437626e+01  0.000000e+00
   endloop
 endfacet
 facet normal -0.000000e+00  0.000000e+00 -1.000000e+00
   outer loop
     vertex  1.860375e+02  6.395547e+01  0.000000e+00
     vertex  1.851750e+02  6.238616e+01  0.000000e+00
     vertex  1.853906e+02  6.450807e+01  0.000000e+00
   endloop
 endfacet
 facet normal  0.000000e+00  0.000000e+00 -1.000000e+00
   outer loop
     vertex  1.860375e+02  6.395547e+01  0.000000e+00
     vertex  1.853906e+02  6.450807e+01  0.000000e+00
     vertex  1.881938e+02  6.437626e+01  0.000000e+00
   endloop
 endfacet
 facet normal  0.000000e+00 -0.000000e+00 -1.000000e+00
   outer loop
     vertex  1.877625e+02  6.197031e+01  0.000000e+00
     vertex  1.877625e+02  6.030859e+01  0.000000e+00
     vertex  1.864688e+02  6.133005e+01  0.000000e+00
   endloop
 endfacet
 facet normal  0.000000e+00  0.000000e+00 -1.000000e+00
   outer loop
     vertex  1.877625e+02  6.197031e+01  0.000000e+00
     vertex  1.890563e+02  6.257592e+01  0.000000e+00
     vertex  1.899188e+02  6.082179e+01  0.000000e+00
   endloop
 endfacet
 facet normal  0.000000e+00  0.000000e+00 -1.000000e+00
   outer loop
     vertex  1.877625e+02  6.197031e+01  0.000000e+00
     vertex  1.899188e+02  6.082179e+01  0.000000e+00
     vertex  1.877625e+02  6.030859e+01  0.000000e+00
   endloop
 endfacet
 facet normal -0.000000e+00  0.000000e+00 -1.000000e+00
   outer loop
     vertex  1.866844e+02  6.341153e+01  0.000000e+00
     vertex  1.851750e+02  6.238616e+01  0.000000e+00
     vertex  1.860375e+02  6.395547e+01  0.000000e+00
   endloop
 endfacet
 facet normal  0.000000e+00  0.000000e+00 -1.000000e+00
   outer loop
     vertex  1.866844e+02  6.341153e+01  0.000000e+00
     vertex  1.860375e+02  6.395547e+01  0.000000e+00
     vertex  1.881938e+02  6.437626e+01  0.000000e+00
   endloop
 endfacet
 facet normal  0.000000e+00  0.000000e+00 -1.000000e+00
   outer loop
     vertex  1.866844e+02  6.341153e+01  0.000000e+00
     vertex  1.864688e+02  6.133005e+01  0.000000e+00
     vertex  1.851750e+02  6.238616e+01  0.000000e+00
   endloop
 endfacet
 facet normal  0.000000e+00  0.000000e+00 -1.000000e+00
   outer loop
     vertex  1.873313e+02  6.287626e+01  0.000000e+00
     vertex  1.866844e+02  6.341153e+01  0.000000e+00
     vertex  1.881938e+02  6.437626e+01  0.000000e+00
   endloop
 endfacet
 facet normal  0.000000e+00  0.000000e+00 -1.000000e+00
   outer loop
     vertex  1.873313e+02  6.287626e+01  0.000000e+00
     vertex  1.890563e+02  6.257592e+01  0.000000e+00
     vertex  1.877625e+02  6.197031e+01  0.000000e+00
   endloop
 endfacet
 facet normal -0.000000e+00  0.000000e+00 -1.000000e+00
   outer loop
     vertex  1.873313e+02  6.287626e+01  0.000000e+00
     vertex  1.864688e+02  6.133005e+01  0.000000e+00
     vertex  1.866844e+02  6.341153e+01  0.000000e+00
   endloop
 endfacet
 facet normal  0.000000e+00 -0.000000e+00 -1.000000e+00
   outer loop
     vertex  1.873313e+02  6.287626e+01  0.000000e+00
     vertex  1.877625e+02  6.197031e+01  0.000000e+00
     vertex  1.864688e+02  6.133005e+01  0.000000e+00
   endloop
 endfacet
 facet normal  0.000000e+00  0.000000e+00 -1.000000e+00
   outer loop
     vertex  1.873313e+02  6.287626e+01  0.000000e+00
     vertex  1.881938e+02  6.437626e+01  0.000000e+00
     vertex  1.890563e+02  6.257592e+01  0.000000e+00
   endloop
 endfacet
 facet normal  0.000000e+00 -0.000000e+00 -1.000000e+00
   outer loop
     vertex  1.909969e+02  6.263182e+01  0.000000e+00
     vertex  1.920750e+02  6.127723e+01  0.000000e+00
     vertex  1.899188e+02  6.082179e+01  0.000000e+00
   endloop
 endfacet
 facet normal  0.000000e+00  0.000000e+00 -1.000000e+00
   outer loop
     vertex  1.909969e+02  6.263182e+01  0.000000e+00
     vertex  1.899188e+02  6.082179e+01  0.000000e+00
     vertex  1.890563e+02  6.257592e+01  0.000000e+00
   endloop
 endfacet
 facet normal  0.000000e+00  0.000000e+00 -1.000000e+00
   outer loop
     vertex  1.909969e+02  6.263182e+01  0.000000e+00
     vertex  1.929375e+02  6.266172e+01  0.000000e+00
     vertex  1.920750e+02  6.127723e+01  0.000000e+00
   endloop
 endfacet
 facet normal  0.000000e+00 -0.000000e+00 -1.000000e+00
   outer loop
     vertex  1.905656e+02  6.350310e+01  0.000000e+00
     vertex  1.909969e+02  6.263182e+01  0.000000e+00
     vertex  1.890563e+02  6.257592e+01  0.000000e+00
   endloop
 endfacet
 facet normal  0.000000e+00  0.000000e+00 -1.000000e+00
   outer loop
     vertex  1.909969e+02  6.420690e+01  0.000000e+00
     vertex  1.938000e+02  6.400000e+01  0.000000e+00
     vertex  1.929375e+02  6.266172e+01  0.000000e+00
   endloop
 endfacet
 facet normal  0.000000e+00  0.000000e+00 -1.000000e+00
   outer loop
     vertex  1.909969e+02  6.420690e+01  0.000000e+00
     vertex  1.929375e+02  6.266172e+01  0.000000e+00
     vertex  1.909969e+02  6.263182e+01  0.000000e+00
   endloop
 endfacet
 facet normal  0.000000e+00 -0.000000e+00 -1.000000e+00
   outer loop
     vertex  1.909969e+02  6.420690e+01  0.000000e+00
     vertex  1.909969e+02  6.263182e+01  0.000000e+00
     vertex  1.905656e+02  6.350310e+01  0.000000e+00
   endloop
 endfacet
 facet normal  0.000000e+00 -0.000000e+00 -1.000000e+00
   outer loop
     vertex  1.824797e+02  3.825043e+01  0.000000e+00
     vertex  1.938000e+02  4.000000e+01  0.000000e+00
     vertex  1.800000e+02  3.704286e+01  0.000000e+00
   endloop
 endfacet
 facet normal  0.000000e+00  0.000000e+00 -1.000000e+00
   outer loop
     vertex  1.824797e+02  3.825043e+01  0.000000e+00
     vertex  1.815094e+02  3.873820e+01  0.000000e+00
     vertex  1.830188e+02  4.037291e+01  0.000000e+00
   endloop
 endfacet
 facet normal  0.000000e+00  0.000000e+00 -1.000000e+00
   outer loop
     vertex  1.824797e+02  3.825043e+01  0.000000e+00
     vertex  1.830188e+02  4.037291e+01  0.000000e+00
     vertex  1.849594e+02  3.940818e+01  0.000000e+00
   endloop
 endfacet
 facet normal -0.000000e+00  0.000000e+00 -1.000000e+00
   outer loop
     vertex  1.824797e+02  3.825043e+01  0.000000e+00
     vertex  1.800000e+02  3.704286e+01  0.000000e+00
     vertex  1.815094e+02  3.873820e+01  0.000000e+00
   endloop
 endfacet
 facet normal  0.000000e+00  0.000000e+00 -1.000000e+00
   outer loop
     vertex  1.864688e+02  4.097358e+01  0.000000e+00
     vertex  1.860375e+02  4.346038e+01  0.000000e+00
     vertex  1.879781e+02  4.247833e+01  0.000000e+00
   endloop
 endfacet
 facet normal  0.000000e+00  0.000000e+00 -1.000000e+00
   outer loop
     vertex  1.864688e+02  4.097358e+01  0.000000e+00
     vertex  1.845281e+02  4.194697e+01  0.000000e+00
     vertex  1.860375e+02  4.346038e+01  0.000000e+00
   endloop
 endfacet
 facet normal -0.000000e+00  0.000000e+00 -1.000000e+00
   outer loop
     vertex  1.864688e+02  4.097358e+01  0.000000e+00
     vertex  1.849594e+02  3.940818e+01  0.000000e+00
     vertex  1.845281e+02  4.194697e+01  0.000000e+00
   endloop
 endfacet
 facet normal -0.000000e+00  0.000000e+00 -1.000000e+00
   outer loop
     vertex  1.874391e+02  4.051612e+01  0.000000e+00
     vertex  1.849594e+02  3.940818e+01  0.000000e+00
     vertex  1.864688e+02  4.097358e+01  0.000000e+00
   endloop
 endfacet
 facet normal  0.000000e+00  0.000000e+00 -1.000000e+00
   outer loop
     vertex  1.874391e+02  4.051612e+01  0.000000e+00
     vertex  1.864688e+02  4.097358e+01  0.000000e+00
     vertex  1.879781e+02  4.247833e+01  0.000000e+00
   endloop
 endfacet
 facet normal  0.000000e+00 -0.000000e+00 -1.000000e+00
   outer loop
     vertex  1.838813e+02  5.464852e+01  0.000000e+00
     vertex  1.849594e+02  5.243420e+01  0.000000e+00
     vertex  1.838813e+02  5.111716e+01  0.000000e+00
   endloop
 endfacet
 facet normal -0.000000e+00  0.000000e+00 -1.000000e+00
   outer loop
     vertex  1.838813e+02  5.464852e+01  0.000000e+00
     vertex  1.838813e+02  5.111716e+01  0.000000e+00
     vertex  1.828031e+02  5.693504e+01  0.000000e+00
   endloop
 endfacet
 facet normal  0.000000e+00  0.000000e+00 -1.000000e+00
   outer loop
     vertex  1.838813e+02  5.464852e+01  0.000000e+00
     vertex  1.851750e+02  5.546205e+01  0.000000e+00
     vertex  1.860375e+02  5.370792e+01  0.000000e+00
   endloop
 endfacet
 facet normal  0.000000e+00  0.000000e+00 -1.000000e+00
   outer loop
     vertex  1.838813e+02  5.464852e+01  0.000000e+00
     vertex  1.860375e+02  5.370792e+01  0.000000e+00
     vertex  1.849594e+02  5.243420e+01  0.000000e+00
   endloop
 endfacet
 facet normal -0.000000e+00  0.000000e+00 -1.000000e+00
   outer loop
     vertex  1.839891e+02  5.618663e+01  0.000000e+00
     vertex  1.838813e+02  5.464852e+01  0.000000e+00
     vertex  1.828031e+02  5.693504e+01  0.000000e+00
   endloop
 endfacet
 facet normal  0.000000e+00 -0.000000e+00 -1.000000e+00
   outer loop
     vertex  1.839891e+02  5.618663e+01  0.000000e+00
     vertex  1.851750e+02  5.546205e+01  0.000000e+00
     vertex  1.838813e+02  5.464852e+01  0.000000e+00
   endloop
 endfacet
 facet normal  0.000000e+00  0.000000e+00 -1.000000e+00
   outer loop
     vertex  1.842047e+02  5.749068e+01  0.000000e+00
     vertex  1.856063e+02  5.801816e+01  0.000000e+00
     vertex  1.864688e+02  5.624093e+01  0.000000e+00
   endloop
 endfacet
 facet normal  0.000000e+00 -0.000000e+00 -1.000000e+00
   outer loop
     vertex  1.842047e+02  5.749068e+01  0.000000e+00
     vertex  1.851750e+02  5.546205e+01  0.000000e+00
     vertex  1.839891e+02  5.618663e+01  0.000000e+00
   endloop
 endfacet
 facet normal -0.000000e+00  0.000000e+00 -1.000000e+00
   outer loop
     vertex  1.842047e+02  5.749068e+01  0.000000e+00
     vertex  1.828031e+02  5.693504e+01  0.000000e+00
     vertex  1.834500e+02  5.910893e+01  0.000000e+00
   endloop
 endfacet
 facet normal  0.000000e+00  0.000000e+00 -1.000000e+00
   outer loop
     vertex  1.842047e+02  5.749068e+01  0.000000e+00
     vertex  1.834500e+02  5.910893e+01  0.000000e+00
     vertex  1.856063e+02  5.801816e+01  0.000000e+00
   endloop
 endfacet
 facet normal  0.000000e+00  0.000000e+00 -1.000000e+00
   outer loop
     vertex  1.842047e+02  5.749068e+01  0.000000e+00
     vertex  1.864688e+02  5.624093e+01  0.000000e+00
     vertex  1.851750e+02  5.546205e+01  0.000000e+00
   endloop
 endfacet
 facet normal  0.000000e+00  0.000000e+00 -1.000000e+00
   outer loop
     vertex  1.842047e+02  5.749068e+01  0.000000e+00
     vertex  1.839891e+02  5.618663e+01  0.000000e+00
     vertex  1.828031e+02  5.693504e+01  0.000000e+00
   endloop
 endfacet
 facet normal -0.000000e+00  0.000000e+00 -1.000000e+00
   outer loop
     vertex  1.814016e+02  6.184754e+01  0.000000e+00
     vertex  1.800000e+02  3.704286e+01  0.000000e+00
     vertex  1.800000e+02  6.695714e+01  0.000000e+00
   endloop
 endfacet
 facet normal  0.000000e+00 -0.000000e+00 -1.000000e+00
   outer loop
     vertex  1.814016e+02  6.184754e+01  0.000000e+00
     vertex  1.825875e+02  4.659900e+01  0.000000e+00
     vertex  1.800000e+02  3.704286e+01  0.000000e+00
   endloop
 endfacet
 facet normal  0.000000e+00  0.000000e+00 -1.000000e+00
   outer loop
     vertex  1.814016e+02  6.184754e+01  0.000000e+00
     vertex  1.800000e+02  6.695714e+01  0.000000e+00
     vertex  1.817250e+02  6.294062e+01  0.000000e+00
   endloop
 endfacet
 facet normal  0.000000e+00  0.000000e+00 -1.000000e+00
   outer loop
     vertex  1.814016e+02  6.184754e+01  0.000000e+00
     vertex  1.817250e+02  6.294062e+01  0.000000e+00
     vertex  1.830188e+02  6.183831e+01  0.000000e+00
   endloop
 endfacet
 facet normal  0.000000e+00  0.000000e+00 -1.000000e+00
   outer loop
     vertex  1.814016e+02  6.184754e+01  0.000000e+00
     vertex  1.828031e+02  5.693504e+01  0.000000e+00
     vertex  1.825875e+02  4.659900e+01  0.000000e+00
   endloop
 endfacet
 facet normal  0.000000e+00  0.000000e+00 -1.000000e+00
   outer loop
     vertex  1.889484e+02  6.483588e+01  0.000000e+00
     vertex  1.800000e+02  6.695714e+01  0.000000e+00
     vertex  1.938000e+02  6.400000e+01  0.000000e+00
   endloop
 endfacet
 facet normal  0.000000e+00  0.000000e+00 -1.000000e+00
   outer loop
     vertex  1.889484e+02  6.483588e+01  0.000000e+00
     vertex  1.840969e+02  6.563926e+01  0.000000e+00
     vertex  1.800000e+02  6.695714e+01  0.000000e+00
   endloop
 endfacet
 facet normal  0.000000e+00  0.000000e+00 -1.000000e+00
   outer loop
     vertex  1.889484e+02  6.483588e+01  0.000000e+00
     vertex  1.938000e+02  6.400000e+01  0.000000e+00
     vertex  1.909969e+02  6.420690e+01  0.000000e+00
   endloop
 endfacet
 facet normal  0.000000e+00  0.000000e+00 -1.000000e+00
   outer loop
     vertex  1.889484e+02  6.483588e+01  0.000000e+00
     vertex  1.905656e+02  6.350310e+01  0.000000e+00
     vertex  1.890563e+02  6.257592e+01  0.000000e+00
   endloop
 endfacet
 facet normal  0.000000e+00  0.000000e+00 -1.000000e+00
   outer loop
     vertex  1.889484e+02  6.483588e+01  0.000000e+00
     vertex  1.909969e+02  6.420690e+01  0.000000e+00
     vertex  1.905656e+02  6.350310e+01  0.000000e+00
   endloop
 endfacet
 facet normal -0.000000e+00  0.000000e+00 -1.000000e+00
   outer loop
     vertex  1.889484e+02  6.483588e+01  0.000000e+00
     vertex  1.881938e+02  6.437626e+01  0.000000e+00
     vertex  1.840969e+02  6.563926e+01  0.000000e+00
   endloop
 endfacet
 facet normal  0.000000e+00 -0.000000e+00 -1.000000e+00
   outer loop
     vertex  1.889484e+02  6.483588e+01  0.000000e+00
     vertex  1.890563e+02  6.257592e+01  0.000000e+00
     vertex  1.881938e+02  6.437626e+01  0.000000e+00
   endloop
 endfacet
 facet normal  0.000000e+00  0.000000e+00 -1.000000e+00
   outer loop
     vertex  1.906195e+02  4.021014e+01  0.000000e+00
     vertex  1.824797e+02  3.825043e+01  0.000000e+00
     vertex  1.849594e+02  3.940818e+01  0.000000e+00
   endloop
 endfacet
 facet normal  0.000000e+00  0.000000e+00 -1.000000e+00
   outer loop
     vertex  1.906195e+02  4.021014e+01  0.000000e+00
     vertex  1.896492e+02  4.062103e+01  0.000000e+00
     vertex  1.899188e+02  4.157425e+01  0.000000e+00
   endloop
 endfacet
 facet normal  0.000000e+00  0.000000e+00 -1.000000e+00
   outer loop
     vertex  1.906195e+02  4.021014e+01  0.000000e+00
     vertex  1.899188e+02  4.157425e+01  0.000000e+00
     vertex  1.918594e+02  4.074814e+01  0.000000e+00
   endloop
 endfacet
 facet normal  0.000000e+00  0.000000e+00 -1.000000e+00
   outer loop
     vertex  1.824258e+02  6.045937e+01  0.000000e+00
     vertex  1.843125e+02  6.077065e+01  0.000000e+00
     vertex  1.834500e+02  5.910893e+01  0.000000e+00
   endloop
 endfacet
 facet normal  0.000000e+00  0.000000e+00 -1.000000e+00
   outer loop
     vertex  1.824258e+02  6.045937e+01  0.000000e+00
     vertex  1.830188e+02  6.183831e+01  0.000000e+00
     vertex  1.843125e+02  6.077065e+01  0.000000e+00
   endloop
 endfacet
 facet normal  0.000000e+00  0.000000e+00 -1.000000e+00
   outer loop
     vertex  1.824258e+02  6.045937e+01  0.000000e+00
     vertex  1.834500e+02  5.910893e+01  0.000000e+00
     vertex  1.828031e+02  5.693504e+01  0.000000e+00
   endloop
 endfacet
 facet normal  0.000000e+00  0.000000e+00 -1.000000e+00
   outer loop
     vertex  1.824258e+02  6.045937e+01  0.000000e+00
     vertex  1.814016e+02  6.184754e+01  0.000000e+00
     vertex  1.830188e+02  6.183831e+01  0.000000e+00
   endloop
 endfacet
 facet normal -0.000000e+00 -0.000000e+00 -1.000000e+00
   outer loop
     vertex  1.824258e+02  6.045937e+01  0.000000e+00
     vertex  1.828031e+02  5.693504e+01  0.000000e+00
     vertex  1.814016e+02  6.184754e+01  0.000000e+00
   endloop
 endfacet
 facet normal  0.000000e+00  0.000000e+00 -1.000000e+00
   outer loop
     vertex  1.890293e+02  4.035115e+01  0.000000e+00
     vertex  1.874391e+02  4.051612e+01  0.000000e+00
     vertex  1.879781e+02  4.247833e+01  0.000000e+00
   endloop
 endfacet
 facet normal  0.000000e+00  0.000000e+00 -1.000000e+00
   outer loop
     vertex  1.890293e+02  4.035115e+01  0.000000e+00
     vertex  1.896492e+02  4.062103e+01  0.000000e+00
     vertex  1.906195e+02  4.021014e+01  0.000000e+00
   endloop
 endfacet
 facet normal  0.000000e+00  0.000000e+00 -1.000000e+00
   outer loop
     vertex  1.890293e+02  4.035115e+01  0.000000e+00
     vertex  1.879781e+02  4.247833e+01  0.000000e+00
     vertex  1.899188e+02  4.157425e+01  0.000000e+00
   endloop
 endfacet
 facet normal  0.000000e+00  0.000000e+00 -1.000000e+00
   outer loop
     vertex  1.890293e+02  4.035115e+01  0.000000e+00
     vertex  1.899188e+02  4.157425e+01  0.000000e+00
     vertex  1.896492e+02  4.062103e+01  0.000000e+00
   endloop
 endfacet
 facet normal  0.000000e+00 -0.000000e+00 -1.000000e+00
   outer loop
     vertex  1.890293e+02  4.035115e+01  0.000000e+00
     vertex  1.906195e+02  4.021014e+01  0.000000e+00
     vertex  1.849594e+02  3.940818e+01  0.000000e+00
   endloop
 endfacet
 facet normal -0.000000e+00  0.000000e+00 -1.000000e+00
   outer loop
     vertex  1.890293e+02  4.035115e+01  0.000000e+00
     vertex  1.849594e+02  3.940818e+01  0.000000e+00
     vertex  1.874391e+02  4.051612e+01  0.000000e+00
   endloop
 endfacet
 facet normal  0.000000e+00 -0.000000e+00 -1.000000e+00
   outer loop
     vertex  1.922098e+02  4.009309e+01  0.000000e+00
     vertex  1.938000e+02  4.000000e+01  0.000000e+00
     vertex  1.824797e+02  3.825043e+01  0.000000e+00
   endloop
 endfacet
 facet normal  0.000000e+00  0.000000e+00 -1.000000e+00
   outer loop
     vertex  1.922098e+02  4.009309e+01  0.000000e+00
     vertex  1.918594e+02  4.074814e+01  0.000000e+00
     vertex  1.938000e+02  4.000000e+01  0.000000e+00
   endloop
 endfacet
 facet normal -0.000000e+00  0.000000e+00 -1.000000e+00
   outer loop
     vertex  1.922098e+02  4.009309e+01  0.000000e+00
     vertex  1.824797e+02  3.825043e+01  0.000000e+00
     vertex  1.906195e+02  4.021014e+01  0.000000e+00
   endloop
 endfacet
 facet normal  0.000000e+00  0.000000e+00 -1.000000e+00
   outer loop
     vertex  1.922098e+02  4.009309e+01  0.000000e+00
     vertex  1.906195e+02  4.021014e+01  0.000000e+00
     vertex  1.918594e+02  4.074814e+01  0.000000e+00
   endloop
 endfacet
 facet normal  1.000000e+00  0.000000e+00  0.000000e+00
   outer loop
     vertex  1.938000e+02  1.800000e+02  0.000000e+00
     vertex  1.938000e+02  1.590000e+02  8.000000e+00
     vertex  1.938000e+02  1.560000e+02  0.000000e+00
   endloop
 endfacet
 facet normal  1.000000e+00  0.000000e+00  0.000000e+00
   outer loop
     vertex  1.938000e+02  1.770000e+02  8.000000e+00
     vertex  1.938000e+02  1.590000e+02  8.000000e+00
     vertex  1.938000e+02  1.800000e+02  0.000000e+00
   endloop
 endfacet
 facet normal  1.000000e+00  0.000000e+00  0.000000e+00
   outer loop
     vertex  1.938000e+02  6.100000e+01  8.000000e+00
     vertex  1.938000e+02  4.000000e+01  0.000000e+00
     vertex  1.938000e+02  6.400000e+01  0.000000e+00
   endloop
 endfacet
 facet normal  1.000000e+00  0.000000e+00  0.000000e+00
   outer loop
     vertex  1.938000e+02  6.100000e+01  8.000000e+00
     vertex  1.938000e+02  4.300000e+01  8.000000e+00
     vertex  1.938000e+02  4.000000e+01  0.000000e+00
   endloop
 endfacet
 facet normal  0.000000e+00  0.000000e+00  1.000000e+00
   outer loop
     vertex  1.800000e+02  4.004286e+01  8.000000e+00
     vertex  0.000000e+00  0.000000e+00  8.000000e+00
     vertex  1.800000e+02  0.000000e+00  8.000000e+00
   endloop
 endfacet
 facet normal  0.000000e+00  0.000000e+00  1.000000e+00
   outer loop
     vertex  1.800000e+02  6.395714e+01  8.000000e+00
     vertex  0.000000e+00  2.150000e+02  8.000000e+00
     vertex  0.000000e+00  0.000000e+00  8.000000e+00
   endloop
 endfacet
 facet normal  0.000000e+00  0.000000e+00  1.000000e+00
   outer loop
     vertex  1.800000e+02  6.395714e+01  8.000000e+00
     vertex  0.000000e+00  0.000000e+00  8.000000e+00
     vertex  1.800000e+02  4.004286e+01  8.000000e+00
   endloop
 endfacet
 facet normal  0.000000e+00  0.000000e+00  1.000000e+00
   outer loop
     vertex  1.800000e+02  1.560429e+02  8.000000e+00
     vertex  0.000000e+00  2.150000e+02  8.000000e+00
     vertex  1.800000e+02  6.395714e+01  8.000000e+00
   endloop
 endfacet
 facet normal  0.000000e+00  0.000000e+00  1.000000e+00
   outer loop
     vertex  1.800000e+02  1.799571e+02  8.000000e+00
     vertex  0.000000e+00  2.150000e+02  8.000000e+00
     vertex  1.800000e+02  1.560429e+02  8.000000e+00
   endloop
 endfacet
 facet normal  0.000000e+00  0.000000e+00  1.000000e+00
   outer loop
     vertex  1.800000e+02  2.150000e+02  8.000000e+00
     vertex  0.000000e+00  2.150000e+02  8.000000e+00
     vertex  1.800000e+02  1.799571e+02  8.000000e+00
   endloop
 endfacet
 facet normal  0.000000e+00  1.000000e+00  0.000000e+00
   outer loop
     vertex  1.800000e+02  2.200000e+02  4.904286e+01
     vertex  1.800000e+02  2.200000e+02  0.000000e+00
     vertex  0.000000e+00  2.200000e+02  0.000000e+00
   endloop
 endfacet
 facet normal  0.000000e+00  1.000000e+00  0.000000e+00
   outer loop
     vertex  1.800000e+02  2.200000e+02  8.295714e+01
     vertex  0.000000e+00  2.200000e+02  0.000000e+00
     vertex  0.000000e+00  2.200000e+02  2.380000e+02
   endloop
 endfacet
 facet normal  0.000000e+00  1.000000e+00  0.000000e+00
   outer loop
     vertex  1.800000e+02  2.200000e+02  8.295714e+01
     vertex  1.800000e+02  2.200000e+02  4.904286e+01
     vertex  0.000000e+00  2.200000e+02  0.000000e+00
   endloop
 endfacet
 facet normal  0.000000e+00  1.000000e+00  0.000000e+00
   outer loop
     vertex  1.800000e+02  2.200000e+02  1.630429e+02
     vertex  1.800000e+02  2.200000e+02  8.295714e+01
     vertex  0.000000e+00  2.200000e+02  2.380000e+02
   endloop
 endfacet
 facet normal  0.000000e+00  1.000000e+00  0.000000e+00
   outer loop
     vertex  1.800000e+02  2.200000e+02  1.969571e+02
     vertex  1.800000e+02  2.200000e+02  1.630429e+02
     vertex  0.000000e+00  2.200000e+02  2.380000e+02
   endloop
 endfacet
 facet normal  0.000000e+00  1.000000e+00  0.000000e+00
   outer loop
     vertex  1.800000e+02  2.200000e+02  2.380000e+02
     vertex  1.800000e+02  2.200000e+02  1.969571e+02
     vertex  0.000000e+00  2.200000e+02  2.380000e+02
   endloop
 endfacet
 facet normal  0.000000e+00  0.000000e+00 -1.000000e+00
   outer loop
     vertex  1.800000e+02  3.704286e+01  0.000000e+00
     vertex  1.800000e+02  0.000000e+00  0.000000e+00
     vertex  0.000000e+00  0.000000e+00  0.000000e+00
   endloop
 endfacet
 facet normal -0.000000e+00  0.000000e+00 -1.000000e+00
   outer loop
     vertex  1.800000e+02  6.695714e+01  0.000000e+00
     vertex  0.000000e+00  0.000000e+00  0.000000e+00
     vertex  0.000000e+00  2.200000e+02  0.000000e+00
   endloop
 endfacet
 facet normal  0.000000e+00 -0.000000e+00 -1.000000e+00
   outer loop
     vertex  1.800000e+02  6.695714e+01  0.000000e+00
     vertex  1.800000e+02  3.704286e+01  0.000000e+00
     vertex  0.000000e+00  0.000000e+00  0.000000e+00
   endloop
 endfacet
 facet normal -0.000000e+00 -0.000000e+00 -1.000000e+00
   outer loop
     vertex  1.800000e+02  1.530429e+02  0.000000e+00
     vertex  1.800000e+02  6.695714e+01  0.000000e+00
     vertex  0.000000e+00  2.200000e+02  0.000000e+00
   endloop
 endfacet
 facet normal -0.000000e+00 -0.000000e+00 -1.000000e+00
   outer loop
     vertex  1.800000e+02  1.829571e+02  0.000000e+00
     vertex  1.800000e+02  1.530429e+02  0.000000e+00
     vertex  0.000000e+00  2.200000e+02  0.000000e+00
   endloop
 endfacet
 facet normal -0.000000e+00 -0.000000e+00 -1.000000e+00
   outer loop
     vertex  1.800000e+02  2.200000e+02  0.000000e+00
     vertex  1.800000e+02  1.829571e+02  0.000000e+00
     vertex  0.000000e+00  2.200000e+02  0.000000e+00
   endloop
 endfacet
 facet normal  1.000000e+00  8.439921e-15  5.274951e-15
   outer loop
     vertex  1.800000e+02  1.829571e+02  0.000000e+00
     vertex  1.800000e+02  2.200000e+02  0.000000e+00
     vertex  1.800000e+02  2.150000e+02  8.000000e+00
   endloop
 endfacet
 facet normal  1.000000e+00  8.921613e-15  3.345605e-15
   outer loop
     vertex  1.800000e+02  1.799571e+02  8.000000e+00
     vertex  1.800000e+02  1.829571e+02  0.000000e+00
     vertex  1.800000e+02  2.150000e+02  8.000000e+00
   endloop
 endfacet
 facet normal  1.000000e+00 -1.019969e-14 -6.374808e-15
   outer loop
     vertex  1.800000e+02  2.200000e+02  4.904286e+01
     vertex  1.800000e+02  2.150000e+02  8.000000e+00
     vertex  1.800000e+02  2.200000e+02  0.000000e+00
   endloop
 endfacet
 facet normal  1.000000e+00 -6.252776e-14  0.000000e+00
   outer loop
     vertex  1.800000e+02  2.150000e+02  5.288901e+01
     vertex  1.800000e+02  2.150000e+02  8.000000e+00
     vertex  1.800000e+02  2.200000e+02  4.904286e+01
   endloop
 endfacet
endsolid
