solid 
 facet normal  0.000000e+00 -1.000000e+00  0.000000e+00
   outer loop
     vertex  4.248000e+02  2.150000e+02  5.551429e+01
     vertex  4.100000e+02  2.150000e+02  5.255429e+01
     vertex  4.100000e+02  2.150000e+02  8.000000e+00
   endloop
 endfacet
 facet normal  0.000000e+00 -1.000000e+00 -0.000000e+00
   outer loop
     vertex  4.248000e+02  2.150000e+02  1.695143e+02
     vertex  4.100000e+02  2.150000e+02  7.944571e+01
     vertex  4.248000e+02  2.150000e+02  7.648571e+01
   endloop
 endfacet
 facet normal  0.000000e+00 -1.000000e+00  0.000000e+00
   outer loop
     vertex  4.248000e+02  2.150000e+02  1.695143e+02
     vertex  4.100000e+02  2.150000e+02  1.665543e+02
     vertex  4.100000e+02  2.150000e+02  7.944571e+01
   endloop
 endfacet
 facet normal  0.000000e+00 -1.000000e+00  0.000000e+00
   outer loop
     vertex  5.900000e+02  2.150000e+02  8.000000e+00
     vertex  4.248000e+02  2.150000e+02  5.551429e+01
     vertex  4.100000e+02  2.150000e+02  8.000000e+00
   endloop
 endfacet
 facet normal  0.000000e+00 -1.000000e+00  0.000000e+00
   outer loop
     vertex  5.898000e+02  2.150000e+02  5.284615e+01
     vertex  4.248000e+02  2.150000e+02  7.648571e+01
     vertex  4.248000e+02  2.150000e+02  5.551429e+01
   endloop
 endfacet
 facet normal -0.000000e+00 -1.000000e+00 -0.000000e+00
   outer loop
     vertex  5.898000e+02  2.150000e+02  5.284615e+01
     vertex  4.248000e+02  2.150000e+02  5.551429e+01
     vertex  5.900000e+02  2.150000e+02  8.000000e+00
   endloop
 endfacet
 facet normal  0.000000e+00 -1.000000e+00 -0.000000e+00
   outer loop
     vertex  5.900000e+02  2.150000e+02  5.288901e+01
     vertex  5.898000e+02  2.150000e+02  5.284615e+01
     vertex  5.900000e+02  2.150000e+02  8.000000e+00
   endloop
 endfacet
 facet normal  0.000000e+00 -1.000000e+00  0.000000e+00
   outer loop
     vertex  4.100000e+02  2.150000e+02  2.380000e+02
     vertex  4.100000e+02  2.150000e+02  1.934457e+02
     vertex  4.248000e+02  2.150000e+02  1.904857e+02
   endloop
 endfacet
 facet normal  0.000000e+00 -1.000000e+00 -0.000000e+00
   outer loop
     vertex  5.898000e+02  2.150000e+02  7.915385e+01
     vertex  4.248000e+02  2.150000e+02  7.648571e+01
     vertex  5.898000e+02  2.150000e+02  5.284615e+01
   endloop
 endfacet
 facet normal  0.000000e+00 -1.000000e+00  0.000000e+00
   outer loop
     vertex  5.898000e+02  2.150000e+02  1.668462e+02
     vertex  5.898000e+02  2.150000e+02  7.915385e+01
     vertex  5.900000e+02  2.150000e+02  7.911099e+01
   endloop
 endfacet
 facet normal  0.000000e+00 -1.000000e+00 -0.000000e+00
   outer loop
     vertex  5.898000e+02  2.150000e+02  1.668462e+02
     vertex  4.248000e+02  2.150000e+02  7.648571e+01
     vertex  5.898000e+02  2.150000e+02  7.915385e+01
   endloop
 endfacet
 facet normal -0.000000e+00 -1.000000e+00  0.000000e+00
   outer loop
     vertex  5.898000e+02  2.150000e+02  1.668462e+02
     vertex  4.248000e+02  2.150000e+02  1.695143e+02
     vertex  4.248000e+02  2.150000e+02  7.648571e+01
   endloop
 endfacet
 facet normal  0.000000e+00 -1.000000e+00 -0.000000e+00
   outer loop
     vertex  5.900000e+02  2.150000e+02  1.668890e+02
     vertex  5.898000e+02  2.150000e+02  1.668462e+02
     vertex  5.900000e+02  2.150000e+02  7.911099e+01
   endloop
 endfacet
 facet normal  0.000000e+00 -1.000000e+00  0.000000e+00
   outer loop
     vertex  5.898000e+02  2.150000e+02  1.931538e+02
     vertex  4.248000e+02  2.150000e+02  1.904857e+02
     vertex  4.248000e+02  2.150000e+02  1.695143e+02
   endloop
 endfacet
 facet normal  0.000000e+00 -1.000000e+00 -0.000000e+00
   outer loop
     vertex  5.898000e+02  2.150000e+02  1.931538e+02
     vertex  4.248000e+02  2.150000e+02  1.695143e+02
     vertex  5.898000e+02  2.150000e+02  1.668462e+02
   endloop
 endfacet
 facet normal  0.000000e+00 -1.000000e+00 -0.000000e+00
   outer loop
     vertex  5.900000e+02  2.150000e+02  2.380000e+02
     vertex  5.898000e+02  2.150000e+02  1.931538e+02
     vertex  5.900000e+02  2.150000e+02  1.931110e+02
   endloop
 endfacet
 facet normal -0.000000e+00 -1.000000e+00  0.000000e+00
   outer loop
     vertex  5.900000e+02  2.150000e+02  2.380000e+02
     vertex  4.100000e+02  2.150000e+02  2.380000e+02
     vertex  4.248000e+02  2.150000e+02  1.904857e+02
   endloop
 endfacet
 facet normal  0.000000e+00 -1.000000e+00  0.000000e+00
   outer loop
     vertex  5.900000e+02  2.150000e+02  2.380000e+02
     vertex  4.248000e+02  2.150000e+02  1.904857e+02
     vertex  5.898000e+02  2.150000e+02  1.931538e+02
   endloop
 endfacet
 facet normal  1.674498e-01 -6.011020e-01 -7.814326e-01
   outer loop
     vertex  5.898000e+02  2.148000e+02  5.300000e+01
     vertex  5.898000e+02  2.150000e+02  5.284615e+01
     vertex  5.900000e+02  2.150000e+02  5.288901e+01
   endloop
 endfacet
 facet normal  1.674498e-01 -6.011020e-01 -7.814326e-01
   outer loop
     vertex  6.038000e+02  2.200000e+02  5.200000e+01
     vertex  5.900000e+02  2.150000e+02  5.288901e+01
     vertex  5.900000e+02  2.200000e+02  4.904286e+01
   endloop
 endfacet
 facet normal  1.674498e-01 -6.011020e-01 -7.814326e-01
   outer loop
     vertex  6.038000e+02  2.148000e+02  5.600000e+01
     vertex  5.900000e+02  2.150000e+02  5.288901e+01
     vertex  6.038000e+02  2.200000e+02  5.200000e+01
   endloop
 endfacet
 facet normal  1.674498e-01 -6.011020e-01 -7.814326e-01
   outer loop
     vertex  6.038000e+02  2.148000e+02  5.600000e+01
     vertex  5.898000e+02  2.148000e+02  5.300000e+01
     vertex  5.900000e+02  2.150000e+02  5.288901e+01
   endloop
 endfacet
 facet normal -1.000000e+00  0.000000e+00 -0.000000e+00
   outer loop
     vertex  5.898000e+02  2.150000e+02  7.915385e+01
     vertex  5.898000e+02  2.150000e+02  5.284615e+01
     vertex  5.898000e+02  2.148000e+02  5.300000e+01
   endloop
 endfacet
 facet normal -1.000000e+00  0.000000e+00  0.000000e+00
   outer loop
     vertex  5.898000e+02  2.150000e+02  7.915385e+01
     vertex  5.898000e+02  2.148000e+02  5.300000e+01
     vertex  5.898000e+02  2.148000e+02  7.900000e+01
   endloop
 endfacet
 facet normal  1.674498e-01 -6.011020e-01  7.814326e-01
   outer loop
     vertex  5.900000e+02  2.150000e+02  7.911099e+01
     vertex  5.898000e+02  2.150000e+02  7.915385e+01
     vertex  5.898000e+02  2.148000e+02  7.900000e+01
   endloop
 endfacet
 facet normal  1.674498e-01 -6.011020e-01  7.814326e-01
   outer loop
     vertex  6.038000e+02  2.148000e+02  7.600000e+01
     vertex  5.900000e+02  2.150000e+02  7.911099e+01
     vertex  5.898000e+02  2.148000e+02  7.900000e+01
   endloop
 endfacet
 facet normal  1.674498e-01 -6.011020e-01  7.814326e-01
   outer loop
     vertex  6.038000e+02  2.200000e+02  8.000000e+01
     vertex  5.900000e+02  2.200000e+02  8.295714e+01
     vertex  5.900000e+02  2.150000e+02  7.911099e+01
   endloop
 endfacet
 facet normal  1.674498e-01 -6.011020e-01  7.814326e-01
   outer loop
     vertex  6.038000e+02  2.200000e+02  8.000000e+01
     vertex  5.900000e+02  2.150000e+02  7.911099e+01
     vertex  6.038000e+02  2.148000e+02  7.600000e+01
   endloop
 endfacet
 facet normal  1.000000e+00 -6.821210e-14  0.000000e+00
   outer loop
     vertex  5.900000e+02  2.200000e+02  1.630429e+02
     vertex  5.900000e+02  2.150000e+02  7.911099e+01
     vertex  5.900000e+02  2.200000e+02  8.295714e+01
   endloop
 endfacet
 facet normal  1.000000e+00 -6.821210e-14  0.000000e+00
   outer loop
     vertex  5.900000e+02  2.150000e+02  1.668890e+02
     vertex  5.900000e+02  2.150000e+02  7.911099e+01
     vertex  5.900000e+02  2.200000e+02  1.630429e+02
   endloop
 endfacet
 facet normal  1.674498e-01 -6.011020e-01 -7.814326e-01
   outer loop
     vertex  5.898000e+02  2.148000e+02  1.670000e+02
     vertex  5.898000e+02  2.150000e+02  1.668462e+02
     vertex  5.900000e+02  2.150000e+02  1.668890e+02
   endloop
 endfacet
 facet normal  1.674498e-01 -6.011020e-01 -7.814326e-01
   outer loop
     vertex  6.038000e+02  2.200000e+02  1.660000e+02
     vertex  5.900000e+02  2.150000e+02  1.668890e+02
     vertex  5.900000e+02  2.200000e+02  1.630429e+02
   endloop
 endfacet
 facet normal  1.674498e-01 -6.011020e-01 -7.814326e-01
   outer loop
     vertex  6.038000e+02  2.148000e+02  1.700000e+02
     vertex  5.900000e+02  2.150000e+02  1.668890e+02
     vertex  6.038000e+02  2.200000e+02  1.660000e+02
   endloop
 endfacet
 facet normal  1.674498e-01 -6.011020e-01 -7.814326e-01
   outer loop
     vertex  6.038000e+02  2.148000e+02  1.700000e+02
     vertex  5.898000e+02  2.148000e+02  1.670000e+02
     vertex  5.900000e+02  2.150000e+02  1.668890e+02
   endloop
 endfacet
 facet normal -1.000000e+00  0.000000e+00  0.000000e+00
   outer loop
     vertex  5.898000e+02  2.148000e+02  1.930000e+02
     vertex  5.898000e+02  2.150000e+02  1.668462e+02
     vertex  5.898000e+02  2.148000e+02  1.670000e+02
   endloop
 endfacet
 facet normal -1.000000e+00  0.000000e+00 -0.000000e+00
   outer loop
     vertex  5.898000e+02  2.150000e+02  1.931538e+02
     vertex  5.898000e+02  2.150000e+02  1.668462e+02
     vertex  5.898000e+02  2.148000e+02  1.930000e+02
   endloop
 endfacet
 facet normal  1.674498e-01 -6.011020e-01  7.814326e-01
   outer loop
     vertex  5.900000e+02  2.150000e+02  1.931110e+02
     vertex  5.898000e+02  2.150000e+02  1.931538e+02
     vertex  5.898000e+02  2.148000e+02  1.930000e+02
   endloop
 endfacet
 facet normal  1.674498e-01 -6.011020e-01  7.814326e-01
   outer loop
     vertex  6.038000e+02  2.148000e+02  1.900000e+02
     vertex  5.900000e+02  2.150000e+02  1.931110e+02
     vertex  5.898000e+02  2.148000e+02  1.930000e+02
   endloop
 endfacet
 facet normal  1.674498e-01 -6.011020e-01  7.814326e-01
   outer loop
     vertex  6.038000e+02  2.200000e+02  1.940000e+02
     vertex  5.900000e+02  2.200000e+02  1.969571e+02
     vertex  5.900000e+02  2.150000e+02  1.931110e+02
   endloop
 endfacet
 facet normal  1.674498e-01 -6.011020e-01  7.814326e-01
   outer loop
     vertex  6.038000e+02  2.200000e+02  1.940000e+02
     vertex  5.900000e+02  2.150000e+02  1.931110e+02
     vertex  6.038000e+02  2.148000e+02  1.900000e+02
   endloop
 endfacet
 facet normal  1.000000e+00 -6.821210e-14  0.000000e+00
   outer loop
     vertex  5.900000e+02  2.150000e+02  2.380000e+02
     vertex  5.900000e+02  2.150000e+02  1.931110e+02
     vertex  5.900000e+02  2.200000e+02  1.969571e+02
   endloop
 endfacet
 facet normal  1.000000e+00 -0.000000e+00  8.309863e-15
   outer loop
     vertex  5.900000e+02  2.150000e+02  2.380000e+02
     vertex  5.900000e+02  2.200000e+02  1.969571e+02
     vertex  5.900000e+02  2.200000e+02  2.380000e+02
   endloop
 endfacet
 facet normal  0.000000e+00  0.000000e+00  1.000000e+00
   outer loop
     vertex  5.900000e+02  2.150000e+02  2.380000e+02
     vertex  4.100000e+02  2.200000e+02  2.380000e+02
     vertex  4.100000e+02  2.150000e+02  2.380000e+02
   endloop
 endfacet
 facet normal  0.000000e+00  0.000000e+00  1.000000e+00
   outer loop
     vertex  5.900000e+02  2.200000e+02  2.380000e+02
     vertex  4.100000e+02  2.200000e+02  2.380000e+02
     vertex  5.900000e+02  2.150000e+02  2.380000e+02
   endloop
 endfacet
 facet normal -1.000000e+00  0.000000e+00  0.000000e+00
   outer loop
     vertex  4.100000e+02  2.150000e+02  2.380000e+02
     vertex  4.100000e+02  2.200000e+02  1.970171e+02
     vertex  4.100000e+02  2.150000e+02  1.934457e+02
   endloop
 endfacet
 facet normal -1.000000e+00  0.000000e+00  0.000000e+00
   outer loop
     vertex  4.100000e+02  2.150000e+02  2.380000e+02
     vertex  4.100000e+02  2.200000e+02  2.380000e+02
     vertex  4.100000e+02  2.200000e+02  1.970171e+02
   endloop
 endfacet
 facet normal -1.606333e-01  5.736903e-01 -8.031665e-01
   outer loop
     vertex  4.248000e+02  2.150000e+02  1.904857e+02
     vertex  4.100000e+02  2.150000e+02  1.934457e+02
     vertex  4.100000e+02  2.200000e+02  1.970171e+02
   endloop
 endfacet
 facet normal -1.606333e-01  5.736903e-01 -8.031665e-01
   outer loop
     vertex  4.248000e+02  2.200000e+02  1.940571e+02
     vertex  4.248000e+02  2.150000e+02  1.904857e+02
     vertex  4.100000e+02  2.200000e+02  1.970171e+02
   endloop
 endfacet
 facet normal -1.000000e+00  0.000000e+00  0.000000e+00
   outer loop
     vertex  4.248000e+02  2.150000e+02  1.904857e+02
     vertex  4.248000e+02  2.200000e+02  1.659429e+02
     vertex  4.248000e+02  2.150000e+02  1.695143e+02
   endloop
 endfacet
 facet normal -1.000000e+00  0.000000e+00 -0.000000e+00
   outer loop
     vertex  4.248000e+02  2.200000e+02  1.940571e+02
     vertex  4.248000e+02  2.200000e+02  1.659429e+02
     vertex  4.248000e+02  2.150000e+02  1.904857e+02
   endloop
 endfacet
 facet normal -1.606333e-01  5.736903e-01  8.031665e-01
   outer loop
     vertex  4.248000e+02  2.200000e+02  1.659429e+02
     vertex  4.100000e+02  2.200000e+02  1.629829e+02
     vertex  4.100000e+02  2.150000e+02  1.665543e+02
   endloop
 endfacet
 facet normal -1.606333e-01  5.736903e-01  8.031665e-01
   outer loop
     vertex  4.248000e+02  2.150000e+02  1.695143e+02
     vertex  4.248000e+02  2.200000e+02  1.659429e+02
     vertex  4.100000e+02  2.150000e+02  1.665543e+02
   endloop
 endfacet
 facet normal -1.000000e+00  0.000000e+00  0.000000e+00
   outer loop
     vertex  4.100000e+02  2.150000e+02  1.665543e+02
     vertex  4.100000e+02  2.200000e+02  8.301714e+01
     vertex  4.100000e+02  2.150000e+02  7.944571e+01
   endloop
 endfacet
 facet normal -1.000000e+00  0.000000e+00  0.000000e+00
   outer loop
     vertex  4.100000e+02  2.150000e+02  1.665543e+02
     vertex  4.100000e+02  2.200000e+02  1.629829e+02
     vertex  4.100000e+02  2.200000e+02  8.301714e+01
   endloop
 endfacet
 facet normal -1.606333e-01  5.736903e-01 -8.031665e-01
   outer loop
     vertex  4.248000e+02  2.150000e+02  7.648571e+01
     vertex  4.100000e+02  2.150000e+02  7.944571e+01
     vertex  4.100000e+02  2.200000e+02  8.301714e+01
   endloop
 endfacet
 facet normal -1.606333e-01  5.736903e-01 -8.031665e-01
   outer loop
     vertex  4.248000e+02  2.200000e+02  8.005714e+01
     vertex  4.248000e+02  2.150000e+02  7.648571e+01
     vertex  4.100000e+02  2.200000e+02  8.301714e+01
   endloop
 endfacet
 facet normal -1.000000e+00  0.000000e+00 -0.000000e+00
   outer loop
     vertex  4.248000e+02  2.200000e+02  8.005714e+01
     vertex  4.248000e+02  2.200000e+02  5.194286e+01
     vertex  4.248000e+02  2.150000e+02  5.551429e+01
   endloop
 endfacet
 facet normal -1.000000e+00  0.000000e+00  0.000000e+00
   outer loop
     vertex  4.248000e+02  2.200000e+02  8.005714e+01
     vertex  4.248000e+02  2.150000e+02  5.551429e+01
     vertex  4.248000e+02  2.150000e+02  7.648571e+01
   endloop
 endfacet
 facet normal -1.606333e-01  5.736903e-01  8.031665e-01
   outer loop
     vertex  4.248000e+02  2.200000e+02  5.194286e+01
     vertex  4.100000e+02  2.200000e+02  4.898286e+01
     vertex  4.100000e+02  2.150000e+02  5.255429e+01
   endloop
 endfacet
 facet normal -1.606333e-01  5.736903e-01  8.031665e-01
   outer loop
     vertex  4.248000e+02  2.150000e+02  5.551429e+01
     vertex  4.248000e+02  2.200000e+02  5.194286e+01
     vertex  4.100000e+02  2.150000e+02  5.255429e+01
   endloop
 endfacet
 facet normal  0.000000e+00  1.000000e+00  0.000000e+00
   outer loop
     vertex  5.900000e+02  2.200000e+02  4.904286e+01
     vertex  5.900000e+02  2.200000e+02  8.295714e+01
     vertex  6.038000e+02  2.200000e+02  8.000000e+01
   endloop
 endfacet
 facet normal  0.000000e+00  1.000000e+00 -0.000000e+00
   outer loop
     vertex  6.038000e+02  2.200000e+02  5.200000e+01
     vertex  5.900000e+02  2.200000e+02  4.904286e+01
     vertex  6.038000e+02  2.200000e+02  8.000000e+01
   endloop
 endfacet
 facet normal  1.000000e+00  0.000000e+00  0.000000e+00
   outer loop
     vertex  6.038000e+02  2.148000e+02  7.600000e+01
     vertex  6.038000e+02  2.148000e+02  5.600000e+01
     vertex  6.038000e+02  2.200000e+02  5.200000e+01
   endloop
 endfacet
 facet normal  1.000000e+00  0.000000e+00  0.000000e+00
   outer loop
     vertex  6.038000e+02  2.200000e+02  8.000000e+01
     vertex  6.038000e+02  2.148000e+02  7.600000e+01
     vertex  6.038000e+02  2.200000e+02  5.200000e+01
   endloop
 endfacet
 facet normal -0.000000e+00 -1.000000e+00  0.000000e+00
   outer loop
     vertex  6.038000e+02  2.148000e+02  7.600000e+01
     vertex  5.898000e+02  2.148000e+02  7.900000e+01
     vertex  5.898000e+02  2.148000e+02  5.300000e+01
   endloop
 endfacet
 facet normal  0.000000e+00 -1.000000e+00 -0.000000e+00
   outer loop
     vertex  6.038000e+02  2.148000e+02  7.600000e+01
     vertex  5.898000e+02  2.148000e+02  5.300000e+01
     vertex  6.038000e+02  2.148000e+02  5.600000e+01
   endloop
 endfacet
 facet normal  0.000000e+00  1.000000e+00  0.000000e+00
   outer loop
     vertex  5.917250e+02  2.200000e+02  1.758531e+02
     vertex  5.900000e+02  2.200000e+02  1.630429e+02
     vertex  5.900000e+02  2.200000e+02  1.969571e+02
   endloop
 endfacet
 facet normal  0.000000e+00  1.000000e+00  0.000000e+00
   outer loop
     vertex  5.917250e+02  2.200000e+02  1.758531e+02
     vertex  5.900000e+02  2.200000e+02  1.969571e+02
     vertex  5.917250e+02  2.200000e+02  1.924406e+02
   endloop
 endfacet
 facet normal  0.000000e+00  1.000000e+00 -0.000000e+00
   outer loop
     vertex  5.917250e+02  2.200000e+02  1.758531e+02
     vertex  5.917250e+02  2.200000e+02  1.924406e+02
     vertex  5.934500e+02  2.200000e+02  1.881089e+02
   endloop
 endfacet
 facet normal  0.000000e+00  1.000000e+00  0.000000e+00
   outer loop
     vertex  5.951750e+02  2.200000e+02  1.760379e+02
     vertex  5.934500e+02  2.200000e+02  1.718911e+02
     vertex  5.917250e+02  2.200000e+02  1.758531e+02
   endloop
 endfacet
 facet normal  0.000000e+00  1.000000e+00  0.000000e+00
   outer loop
     vertex  5.917250e+02  2.200000e+02  1.675594e+02
     vertex  5.917250e+02  2.200000e+02  1.758531e+02
     vertex  5.934500e+02  2.200000e+02  1.718911e+02
   endloop
 endfacet
 facet normal  0.000000e+00  1.000000e+00 -0.000000e+00
   outer loop
     vertex  5.917250e+02  2.200000e+02  1.675594e+02
     vertex  5.900000e+02  2.200000e+02  1.630429e+02
     vertex  5.917250e+02  2.200000e+02  1.758531e+02
   endloop
 endfacet
 facet normal  0.000000e+00  1.000000e+00  0.000000e+00
   outer loop
     vertex  5.951750e+02  2.200000e+02  1.681138e+02
     vertex  5.917250e+02  2.200000e+02  1.675594e+02
     vertex  5.934500e+02  2.200000e+02  1.718911e+02
   endloop
 endfacet
 facet normal  0.000000e+00  1.000000e+00  0.000000e+00
   outer loop
     vertex  6.029375e+02  2.200000e+02  1.924117e+02
     vertex  6.020750e+02  2.200000e+02  1.907772e+02
     vertex  6.012125e+02  2.200000e+02  1.927352e+02
   endloop
 endfacet
 facet normal  0.000000e+00  1.000000e+00  0.000000e+00
   outer loop
     vertex  5.977625e+02  2.200000e+02  1.857352e+02
     vertex  5.986250e+02  2.200000e+02  1.837772e+02
     vertex  5.951750e+02  2.200000e+02  1.839621e+02
   endloop
 endfacet
 facet normal  0.000000e+00  1.000000e+00  0.000000e+00
   outer loop
     vertex  6.029375e+02  2.200000e+02  1.888655e+02
     vertex  6.029375e+02  2.200000e+02  1.924117e+02
     vertex  6.038000e+02  2.200000e+02  1.940000e+02
   endloop
 endfacet
 facet normal  0.000000e+00  1.000000e+00 -0.000000e+00
   outer loop
     vertex  6.029375e+02  2.200000e+02  1.888655e+02
     vertex  6.020750e+02  2.200000e+02  1.907772e+02
     vertex  6.029375e+02  2.200000e+02  1.924117e+02
   endloop
 endfacet
 facet normal  0.000000e+00  1.000000e+00  0.000000e+00
   outer loop
     vertex  6.029375e+02  2.200000e+02  1.888655e+02
     vertex  6.012125e+02  2.200000e+02  1.890965e+02
     vertex  6.020750e+02  2.200000e+02  1.907772e+02
   endloop
 endfacet
 facet normal  0.000000e+00  1.000000e+00 -0.000000e+00
   outer loop
     vertex  5.934500e+02  2.200000e+02  1.800000e+02
     vertex  5.934500e+02  2.200000e+02  1.881089e+02
     vertex  5.951750e+02  2.200000e+02  1.839621e+02
   endloop
 endfacet
 facet normal  0.000000e+00  1.000000e+00  0.000000e+00
   outer loop
     vertex  5.934500e+02  2.200000e+02  1.800000e+02
     vertex  5.917250e+02  2.200000e+02  1.758531e+02
     vertex  5.934500e+02  2.200000e+02  1.881089e+02
   endloop
 endfacet
 facet normal  0.000000e+00  1.000000e+00  0.000000e+00
   outer loop
     vertex  5.994875e+02  2.200000e+02  1.855965e+02
     vertex  5.986250e+02  2.200000e+02  1.837772e+02
     vertex  5.977625e+02  2.200000e+02  1.857352e+02
   endloop
 endfacet
 facet normal -0.000000e+00  1.000000e+00  0.000000e+00
   outer loop
     vertex  6.029375e+02  2.200000e+02  1.746807e+02
     vertex  6.038000e+02  2.200000e+02  1.940000e+02
     vertex  6.038000e+02  2.200000e+02  1.660000e+02
   endloop
 endfacet
 facet normal  0.000000e+00  1.000000e+00 -0.000000e+00
   outer loop
     vertex  6.029375e+02  2.200000e+02  1.746807e+02
     vertex  6.020750e+02  2.200000e+02  1.835924e+02
     vertex  6.029375e+02  2.200000e+02  1.888655e+02
   endloop
 endfacet
 facet normal  0.000000e+00  1.000000e+00  0.000000e+00
   outer loop
     vertex  6.029375e+02  2.200000e+02  1.746807e+02
     vertex  6.029375e+02  2.200000e+02  1.888655e+02
     vertex  6.038000e+02  2.200000e+02  1.940000e+02
   endloop
 endfacet
 facet normal  0.000000e+00  1.000000e+00  0.000000e+00
   outer loop
     vertex  5.921562e+02  2.200000e+02  1.954641e+02
     vertex  5.917250e+02  2.200000e+02  1.924406e+02
     vertex  5.900000e+02  2.200000e+02  1.969571e+02
   endloop
 endfacet
 facet normal  0.000000e+00  1.000000e+00  0.000000e+00
   outer loop
     vertex  5.930188e+02  2.200000e+02  1.932521e+02
     vertex  5.917250e+02  2.200000e+02  1.924406e+02
     vertex  5.921562e+02  2.200000e+02  1.954641e+02
   endloop
 endfacet
 facet normal  0.000000e+00  1.000000e+00 -0.000000e+00
   outer loop
     vertex  5.930188e+02  2.200000e+02  1.932521e+02
     vertex  5.921562e+02  2.200000e+02  1.954641e+02
     vertex  5.943125e+02  2.200000e+02  1.940289e+02
   endloop
 endfacet
 facet normal  0.000000e+00  1.000000e+00  0.000000e+00
   outer loop
     vertex  5.938813e+02  2.200000e+02  1.910862e+02
     vertex  5.960375e+02  2.200000e+02  1.897896e+02
     vertex  5.934500e+02  2.200000e+02  1.881089e+02
   endloop
 endfacet
 facet normal  0.000000e+00  1.000000e+00  0.000000e+00
   outer loop
     vertex  5.938813e+02  2.200000e+02  1.910862e+02
     vertex  5.934500e+02  2.200000e+02  1.881089e+02
     vertex  5.917250e+02  2.200000e+02  1.924406e+02
   endloop
 endfacet
 facet normal  0.000000e+00  1.000000e+00  0.000000e+00
   outer loop
     vertex  5.938813e+02  2.200000e+02  1.910862e+02
     vertex  5.917250e+02  2.200000e+02  1.924406e+02
     vertex  5.930188e+02  2.200000e+02  1.932521e+02
   endloop
 endfacet
 facet normal  0.000000e+00  1.000000e+00 -0.000000e+00
   outer loop
     vertex  5.973313e+02  2.200000e+02  1.905780e+02
     vertex  5.964688e+02  2.200000e+02  1.926514e+02
     vertex  5.986250e+02  2.200000e+02  1.913317e+02
   endloop
 endfacet
 facet normal  0.000000e+00  1.000000e+00 -0.000000e+00
   outer loop
     vertex  5.999188e+02  2.200000e+02  1.920508e+02
     vertex  5.990562e+02  2.200000e+02  1.940780e+02
     vertex  6.012125e+02  2.200000e+02  1.927352e+02
   endloop
 endfacet
 facet normal -0.000000e+00  1.000000e+00  0.000000e+00
   outer loop
     vertex  5.999188e+02  2.200000e+02  1.920508e+02
     vertex  6.012125e+02  2.200000e+02  1.927352e+02
     vertex  6.020750e+02  2.200000e+02  1.907772e+02
   endloop
 endfacet
 facet normal -0.000000e+00  1.000000e+00  0.000000e+00
   outer loop
     vertex  6.025063e+02  2.200000e+02  1.933849e+02
     vertex  6.038000e+02  2.200000e+02  1.940000e+02
     vertex  6.029375e+02  2.200000e+02  1.924117e+02
   endloop
 endfacet
 facet normal  0.000000e+00  1.000000e+00  0.000000e+00
   outer loop
     vertex  6.025063e+02  2.200000e+02  1.933849e+02
     vertex  6.029375e+02  2.200000e+02  1.924117e+02
     vertex  6.012125e+02  2.200000e+02  1.927352e+02
   endloop
 endfacet
 facet normal  0.000000e+00  1.000000e+00 -0.000000e+00
   outer loop
     vertex  5.956063e+02  2.200000e+02  1.868932e+02
     vertex  5.934500e+02  2.200000e+02  1.881089e+02
     vertex  5.960375e+02  2.200000e+02  1.897896e+02
   endloop
 endfacet
 facet normal  0.000000e+00  1.000000e+00  0.000000e+00
   outer loop
     vertex  5.956063e+02  2.200000e+02  1.868932e+02
     vertex  5.951750e+02  2.200000e+02  1.839621e+02
     vertex  5.934500e+02  2.200000e+02  1.881089e+02
   endloop
 endfacet
 facet normal  0.000000e+00  1.000000e+00  0.000000e+00
   outer loop
     vertex  5.956063e+02  2.200000e+02  1.868932e+02
     vertex  5.977625e+02  2.200000e+02  1.857352e+02
     vertex  5.951750e+02  2.200000e+02  1.839621e+02
   endloop
 endfacet
 facet normal  0.000000e+00  1.000000e+00  0.000000e+00
   outer loop
     vertex  5.999188e+02  2.200000e+02  1.901968e+02
     vertex  5.999188e+02  2.200000e+02  1.920508e+02
     vertex  6.020750e+02  2.200000e+02  1.907772e+02
   endloop
 endfacet
 facet normal  0.000000e+00  1.000000e+00  0.000000e+00
   outer loop
     vertex  5.999188e+02  2.200000e+02  1.901968e+02
     vertex  6.012125e+02  2.200000e+02  1.890965e+02
     vertex  6.003500e+02  2.200000e+02  1.873696e+02
   endloop
 endfacet
 facet normal  0.000000e+00  1.000000e+00 -0.000000e+00
   outer loop
     vertex  5.999188e+02  2.200000e+02  1.901968e+02
     vertex  5.986250e+02  2.200000e+02  1.913317e+02
     vertex  5.999188e+02  2.200000e+02  1.920508e+02
   endloop
 endfacet
 facet normal  0.000000e+00  1.000000e+00  0.000000e+00
   outer loop
     vertex  5.999188e+02  2.200000e+02  1.901968e+02
     vertex  5.973313e+02  2.200000e+02  1.905780e+02
     vertex  5.986250e+02  2.200000e+02  1.913317e+02
   endloop
 endfacet
 facet normal -0.000000e+00  1.000000e+00  0.000000e+00
   outer loop
     vertex  5.999188e+02  2.200000e+02  1.901968e+02
     vertex  6.020750e+02  2.200000e+02  1.907772e+02
     vertex  6.012125e+02  2.200000e+02  1.890965e+02
   endloop
 endfacet
 facet normal  0.000000e+00  1.000000e+00  0.000000e+00
   outer loop
     vertex  5.981938e+02  2.200000e+02  1.885508e+02
     vertex  5.960375e+02  2.200000e+02  1.897896e+02
     vertex  5.973313e+02  2.200000e+02  1.905780e+02
   endloop
 endfacet
 facet normal  0.000000e+00  1.000000e+00 -0.000000e+00
   outer loop
     vertex  5.981938e+02  2.200000e+02  1.885508e+02
     vertex  5.973313e+02  2.200000e+02  1.905780e+02
     vertex  5.999188e+02  2.200000e+02  1.901968e+02
   endloop
 endfacet
 facet normal -0.000000e+00  1.000000e+00  0.000000e+00
   outer loop
     vertex  5.981938e+02  2.200000e+02  1.885508e+02
     vertex  5.999188e+02  2.200000e+02  1.901968e+02
     vertex  6.003500e+02  2.200000e+02  1.873696e+02
   endloop
 endfacet
 facet normal  0.000000e+00  1.000000e+00 -0.000000e+00
   outer loop
     vertex  5.990563e+02  2.200000e+02  1.865697e+02
     vertex  5.981938e+02  2.200000e+02  1.885508e+02
     vertex  6.003500e+02  2.200000e+02  1.873696e+02
   endloop
 endfacet
 facet normal -0.000000e+00  1.000000e+00  0.000000e+00
   outer loop
     vertex  5.990563e+02  2.200000e+02  1.865697e+02
     vertex  6.003500e+02  2.200000e+02  1.873696e+02
     vertex  5.994875e+02  2.200000e+02  1.855965e+02
   endloop
 endfacet
 facet normal  0.000000e+00  1.000000e+00  0.000000e+00
   outer loop
     vertex  5.990563e+02  2.200000e+02  1.865697e+02
     vertex  5.994875e+02  2.200000e+02  1.855965e+02
     vertex  5.977625e+02  2.200000e+02  1.857352e+02
   endloop
 endfacet
 facet normal -0.000000e+00  1.000000e+00  0.000000e+00
   outer loop
     vertex  6.016438e+02  2.200000e+02  1.881349e+02
     vertex  6.029375e+02  2.200000e+02  1.888655e+02
     vertex  6.020750e+02  2.200000e+02  1.835924e+02
   endloop
 endfacet
 facet normal  0.000000e+00  1.000000e+00  0.000000e+00
   outer loop
     vertex  6.016438e+02  2.200000e+02  1.881349e+02
     vertex  6.003500e+02  2.200000e+02  1.873696e+02
     vertex  6.012125e+02  2.200000e+02  1.890965e+02
   endloop
 endfacet
 facet normal  0.000000e+00  1.000000e+00 -0.000000e+00
   outer loop
     vertex  6.016438e+02  2.200000e+02  1.881349e+02
     vertex  6.012125e+02  2.200000e+02  1.890965e+02
     vertex  6.029375e+02  2.200000e+02  1.888655e+02
   endloop
 endfacet
 facet normal  0.000000e+00  1.000000e+00  0.000000e+00
   outer loop
     vertex  5.930188e+02  2.200000e+02  1.769418e+02
     vertex  5.951750e+02  2.200000e+02  1.760379e+02
     vertex  5.917250e+02  2.200000e+02  1.758531e+02
   endloop
 endfacet
 facet normal  0.000000e+00  1.000000e+00 -0.000000e+00
   outer loop
     vertex  5.930188e+02  2.200000e+02  1.769418e+02
     vertex  5.917250e+02  2.200000e+02  1.758531e+02
     vertex  5.934500e+02  2.200000e+02  1.800000e+02
   endloop
 endfacet
 facet normal -0.000000e+00  1.000000e+00  0.000000e+00
   outer loop
     vertex  5.930188e+02  2.200000e+02  1.769418e+02
     vertex  5.943125e+02  2.200000e+02  1.779959e+02
     vertex  5.951750e+02  2.200000e+02  1.760379e+02
   endloop
 endfacet
 facet normal  0.000000e+00  1.000000e+00  0.000000e+00
   outer loop
     vertex  5.930188e+02  2.200000e+02  1.769418e+02
     vertex  5.934500e+02  2.200000e+02  1.800000e+02
     vertex  5.943125e+02  2.200000e+02  1.779959e+02
   endloop
 endfacet
 facet normal -0.000000e+00  1.000000e+00  0.000000e+00
   outer loop
     vertex  6.007812e+02  2.200000e+02  1.845771e+02
     vertex  6.016438e+02  2.200000e+02  1.881349e+02
     vertex  6.020750e+02  2.200000e+02  1.835924e+02
   endloop
 endfacet
 facet normal  0.000000e+00  1.000000e+00 -0.000000e+00
   outer loop
     vertex  6.007812e+02  2.200000e+02  1.845771e+02
     vertex  6.003500e+02  2.200000e+02  1.873696e+02
     vertex  6.016438e+02  2.200000e+02  1.881349e+02
   endloop
 endfacet
 facet normal  0.000000e+00  1.000000e+00  0.000000e+00
   outer loop
     vertex  6.007812e+02  2.200000e+02  1.845771e+02
     vertex  5.994875e+02  2.200000e+02  1.855965e+02
     vertex  6.003500e+02  2.200000e+02  1.873696e+02
   endloop
 endfacet
 facet normal  0.000000e+00  1.000000e+00  0.000000e+00
   outer loop
     vertex  6.007812e+02  2.200000e+02  1.845771e+02
     vertex  5.986250e+02  2.200000e+02  1.837772e+02
     vertex  5.994875e+02  2.200000e+02  1.855965e+02
   endloop
 endfacet
 facet normal  0.000000e+00  1.000000e+00  0.000000e+00
   outer loop
     vertex  5.956063e+02  2.200000e+02  1.790153e+02
     vertex  5.943125e+02  2.200000e+02  1.779959e+02
     vertex  5.934500e+02  2.200000e+02  1.800000e+02
   endloop
 endfacet
 facet normal -0.000000e+00  1.000000e+00  0.000000e+00
   outer loop
     vertex  5.981938e+02  2.200000e+02  1.809501e+02
     vertex  5.994875e+02  2.200000e+02  1.818655e+02
     vertex  6.003500e+02  2.200000e+02  1.800000e+02
   endloop
 endfacet
 facet normal  0.000000e+00  1.000000e+00 -0.000000e+00
   outer loop
     vertex  6.007812e+02  2.200000e+02  1.827463e+02
     vertex  5.986250e+02  2.200000e+02  1.837772e+02
     vertex  6.007812e+02  2.200000e+02  1.845771e+02
   endloop
 endfacet
 facet normal  0.000000e+00  1.000000e+00  0.000000e+00
   outer loop
     vertex  6.007812e+02  2.200000e+02  1.827463e+02
     vertex  6.007812e+02  2.200000e+02  1.845771e+02
     vertex  6.020750e+02  2.200000e+02  1.835924e+02
   endloop
 endfacet
 facet normal  0.000000e+00  1.000000e+00  0.000000e+00
   outer loop
     vertex  6.007812e+02  2.200000e+02  1.827463e+02
     vertex  5.994875e+02  2.200000e+02  1.818655e+02
     vertex  5.986250e+02  2.200000e+02  1.837772e+02
   endloop
 endfacet
 facet normal  0.000000e+00  1.000000e+00 -0.000000e+00
   outer loop
     vertex  6.012125e+02  2.200000e+02  1.818193e+02
     vertex  6.007812e+02  2.200000e+02  1.827463e+02
     vertex  6.020750e+02  2.200000e+02  1.835924e+02
   endloop
 endfacet
 facet normal  0.000000e+00  1.000000e+00  0.000000e+00
   outer loop
     vertex  6.012125e+02  2.200000e+02  1.818193e+02
     vertex  5.994875e+02  2.200000e+02  1.818655e+02
     vertex  6.007812e+02  2.200000e+02  1.827463e+02
   endloop
 endfacet
 facet normal  0.000000e+00  1.000000e+00  0.000000e+00
   outer loop
     vertex  6.012125e+02  2.200000e+02  1.818193e+02
     vertex  6.003500e+02  2.200000e+02  1.800000e+02
     vertex  5.994875e+02  2.200000e+02  1.818655e+02
   endloop
 endfacet
 facet normal -0.000000e+00  1.000000e+00  0.000000e+00
   outer loop
     vertex  6.012125e+02  2.200000e+02  1.818193e+02
     vertex  6.020750e+02  2.200000e+02  1.835924e+02
     vertex  6.012125e+02  2.200000e+02  1.781807e+02
   endloop
 endfacet
 facet normal  0.000000e+00  1.000000e+00  0.000000e+00
   outer loop
     vertex  6.012125e+02  2.200000e+02  1.818193e+02
     vertex  6.012125e+02  2.200000e+02  1.781807e+02
     vertex  6.003500e+02  2.200000e+02  1.800000e+02
   endloop
 endfacet
 facet normal -0.000000e+00  1.000000e+00  0.000000e+00
   outer loop
     vertex  5.973313e+02  2.200000e+02  1.751918e+02
     vertex  5.986250e+02  2.200000e+02  1.762228e+02
     vertex  5.994875e+02  2.200000e+02  1.744035e+02
   endloop
 endfacet
 facet normal  0.000000e+00  1.000000e+00  0.000000e+00
   outer loop
     vertex  5.964688e+02  2.200000e+02  1.731877e+02
     vertex  5.934500e+02  2.200000e+02  1.718911e+02
     vertex  5.951750e+02  2.200000e+02  1.760379e+02
   endloop
 endfacet
 facet normal  0.000000e+00  1.000000e+00 -0.000000e+00
   outer loop
     vertex  5.964688e+02  2.200000e+02  1.731877e+02
     vertex  5.951750e+02  2.200000e+02  1.760379e+02
     vertex  5.973313e+02  2.200000e+02  1.751918e+02
   endloop
 endfacet
 facet normal  0.000000e+00  1.000000e+00  0.000000e+00
   outer loop
     vertex  5.956063e+02  2.200000e+02  1.711374e+02
     vertex  5.977625e+02  2.200000e+02  1.704414e+02
     vertex  5.951750e+02  2.200000e+02  1.681138e+02
   endloop
 endfacet
 facet normal  0.000000e+00  1.000000e+00  0.000000e+00
   outer loop
     vertex  5.956063e+02  2.200000e+02  1.711374e+02
     vertex  5.951750e+02  2.200000e+02  1.681138e+02
     vertex  5.934500e+02  2.200000e+02  1.718911e+02
   endloop
 endfacet
 facet normal  0.000000e+00  1.000000e+00 -0.000000e+00
   outer loop
     vertex  5.956063e+02  2.200000e+02  1.711374e+02
     vertex  5.934500e+02  2.200000e+02  1.718911e+02
     vertex  5.964688e+02  2.200000e+02  1.731877e+02
   endloop
 endfacet
 facet normal  0.000000e+00  1.000000e+00 -0.000000e+00
   outer loop
     vertex  5.912938e+02  2.200000e+02  1.643626e+02
     vertex  5.900000e+02  2.200000e+02  1.630429e+02
     vertex  5.917250e+02  2.200000e+02  1.675594e+02
   endloop
 endfacet
 facet normal  0.000000e+00  1.000000e+00  0.000000e+00
   outer loop
     vertex  5.912938e+02  2.200000e+02  1.643626e+02
     vertex  5.917250e+02  2.200000e+02  1.675594e+02
     vertex  5.925875e+02  2.200000e+02  1.656477e+02
   endloop
 endfacet
 facet normal -0.000000e+00  1.000000e+00  0.000000e+00
   outer loop
     vertex  6.020750e+02  2.200000e+02  1.764076e+02
     vertex  6.020750e+02  2.200000e+02  1.835924e+02
     vertex  6.029375e+02  2.200000e+02  1.746807e+02
   endloop
 endfacet
 facet normal  0.000000e+00  1.000000e+00 -0.000000e+00
   outer loop
     vertex  6.020750e+02  2.200000e+02  1.764076e+02
     vertex  6.012125e+02  2.200000e+02  1.781807e+02
     vertex  6.020750e+02  2.200000e+02  1.835924e+02
   endloop
 endfacet
 facet normal  0.000000e+00  1.000000e+00 -0.000000e+00
   outer loop
     vertex  5.938813e+02  2.200000e+02  1.668981e+02
     vertex  5.917250e+02  2.200000e+02  1.675594e+02
     vertex  5.951750e+02  2.200000e+02  1.681138e+02
   endloop
 endfacet
 facet normal  0.000000e+00  1.000000e+00  0.000000e+00
   outer loop
     vertex  5.938813e+02  2.200000e+02  1.668981e+02
     vertex  5.925875e+02  2.200000e+02  1.656477e+02
     vertex  5.917250e+02  2.200000e+02  1.675594e+02
   endloop
 endfacet
 facet normal  0.000000e+00  1.000000e+00  0.000000e+00
   outer loop
     vertex  6.016438e+02  2.200000e+02  1.736729e+02
     vertex  6.003500e+02  2.200000e+02  1.726304e+02
     vertex  5.994875e+02  2.200000e+02  1.744035e+02
   endloop
 endfacet
 facet normal  0.000000e+00  1.000000e+00  0.000000e+00
   outer loop
     vertex  5.947438e+02  2.200000e+02  1.650557e+02
     vertex  5.925875e+02  2.200000e+02  1.656477e+02
     vertex  5.938813e+02  2.200000e+02  1.668981e+02
   endloop
 endfacet
 facet normal  0.000000e+00  1.000000e+00 -0.000000e+00
   outer loop
     vertex  5.973313e+02  2.200000e+02  1.674987e+02
     vertex  5.951750e+02  2.200000e+02  1.681138e+02
     vertex  5.977625e+02  2.200000e+02  1.704414e+02
   endloop
 endfacet
 facet normal  0.000000e+00  1.000000e+00  0.000000e+00
   outer loop
     vertex  5.986250e+02  2.200000e+02  1.686683e+02
     vertex  5.994875e+02  2.200000e+02  1.669414e+02
     vertex  5.973313e+02  2.200000e+02  1.674987e+02
   endloop
 endfacet
 facet normal  0.000000e+00  1.000000e+00  0.000000e+00
   outer loop
     vertex  5.986250e+02  2.200000e+02  1.686683e+02
     vertex  5.973313e+02  2.200000e+02  1.674987e+02
     vertex  5.977625e+02  2.200000e+02  1.704414e+02
   endloop
 endfacet
 facet normal  0.000000e+00  1.000000e+00  0.000000e+00
   outer loop
     vertex  5.945281e+02  2.200000e+02  1.954872e+02
     vertex  5.921562e+02  2.200000e+02  1.954641e+02
     vertex  5.900000e+02  2.200000e+02  1.969571e+02
   endloop
 endfacet
 facet normal  0.000000e+00  1.000000e+00  0.000000e+00
   outer loop
     vertex  5.945281e+02  2.200000e+02  1.954872e+02
     vertex  5.943125e+02  2.200000e+02  1.940289e+02
     vertex  5.921562e+02  2.200000e+02  1.954641e+02
   endloop
 endfacet
 facet normal  0.000000e+00  1.000000e+00  0.000000e+00
   outer loop
     vertex  5.966844e+02  2.200000e+02  1.940693e+02
     vertex  5.964688e+02  2.200000e+02  1.926514e+02
     vertex  5.943125e+02  2.200000e+02  1.940289e+02
   endloop
 endfacet
 facet normal  0.000000e+00  1.000000e+00  0.000000e+00
   outer loop
     vertex  5.966844e+02  2.200000e+02  1.940693e+02
     vertex  5.943125e+02  2.200000e+02  1.940289e+02
     vertex  5.945281e+02  2.200000e+02  1.954872e+02
   endloop
 endfacet
 facet normal  0.000000e+00  1.000000e+00  0.000000e+00
   outer loop
     vertex  5.951750e+02  2.200000e+02  1.918862e+02
     vertex  5.960375e+02  2.200000e+02  1.897896e+02
     vertex  5.938813e+02  2.200000e+02  1.910862e+02
   endloop
 endfacet
 facet normal  0.000000e+00  1.000000e+00  0.000000e+00
   outer loop
     vertex  5.951750e+02  2.200000e+02  1.918862e+02
     vertex  5.930188e+02  2.200000e+02  1.932521e+02
     vertex  5.943125e+02  2.200000e+02  1.940289e+02
   endloop
 endfacet
 facet normal  0.000000e+00  1.000000e+00  0.000000e+00
   outer loop
     vertex  5.951750e+02  2.200000e+02  1.918862e+02
     vertex  5.938813e+02  2.200000e+02  1.910862e+02
     vertex  5.930188e+02  2.200000e+02  1.932521e+02
   endloop
 endfacet
 facet normal  0.000000e+00  1.000000e+00 -0.000000e+00
   outer loop
     vertex  5.951750e+02  2.200000e+02  1.918862e+02
     vertex  5.943125e+02  2.200000e+02  1.940289e+02
     vertex  5.964688e+02  2.200000e+02  1.926514e+02
   endloop
 endfacet
 facet normal  0.000000e+00  1.000000e+00  0.000000e+00
   outer loop
     vertex  5.951750e+02  2.200000e+02  1.918862e+02
     vertex  5.973313e+02  2.200000e+02  1.905780e+02
     vertex  5.960375e+02  2.200000e+02  1.897896e+02
   endloop
 endfacet
 facet normal -0.000000e+00  1.000000e+00  0.000000e+00
   outer loop
     vertex  5.951750e+02  2.200000e+02  1.918862e+02
     vertex  5.964688e+02  2.200000e+02  1.926514e+02
     vertex  5.973313e+02  2.200000e+02  1.905780e+02
   endloop
 endfacet
 facet normal  0.000000e+00  1.000000e+00 -0.000000e+00
   outer loop
     vertex  5.977625e+02  2.200000e+02  1.933820e+02
     vertex  5.966844e+02  2.200000e+02  1.940693e+02
     vertex  5.990562e+02  2.200000e+02  1.940780e+02
   endloop
 endfacet
 facet normal  0.000000e+00  1.000000e+00  0.000000e+00
   outer loop
     vertex  5.977625e+02  2.200000e+02  1.933820e+02
     vertex  5.964688e+02  2.200000e+02  1.926514e+02
     vertex  5.966844e+02  2.200000e+02  1.940693e+02
   endloop
 endfacet
 facet normal  0.000000e+00  1.000000e+00  0.000000e+00
   outer loop
     vertex  5.977625e+02  2.200000e+02  1.933820e+02
     vertex  5.986250e+02  2.200000e+02  1.913317e+02
     vertex  5.964688e+02  2.200000e+02  1.926514e+02
   endloop
 endfacet
 facet normal  0.000000e+00  1.000000e+00  0.000000e+00
   outer loop
     vertex  5.977625e+02  2.200000e+02  1.933820e+02
     vertex  5.999188e+02  2.200000e+02  1.920508e+02
     vertex  5.986250e+02  2.200000e+02  1.913317e+02
   endloop
 endfacet
 facet normal -0.000000e+00  1.000000e+00  0.000000e+00
   outer loop
     vertex  5.977625e+02  2.200000e+02  1.933820e+02
     vertex  5.990562e+02  2.200000e+02  1.940780e+02
     vertex  5.999188e+02  2.200000e+02  1.920508e+02
   endloop
 endfacet
 facet normal  0.000000e+00  1.000000e+00  0.000000e+00
   outer loop
     vertex  6.014281e+02  2.200000e+02  1.940549e+02
     vertex  6.012125e+02  2.200000e+02  1.927352e+02
     vertex  5.990562e+02  2.200000e+02  1.940780e+02
   endloop
 endfacet
 facet normal  0.000000e+00  1.000000e+00  0.000000e+00
   outer loop
     vertex  6.014281e+02  2.200000e+02  1.940549e+02
     vertex  6.025063e+02  2.200000e+02  1.933849e+02
     vertex  6.012125e+02  2.200000e+02  1.927352e+02
   endloop
 endfacet
 facet normal  0.000000e+00  1.000000e+00  0.000000e+00
   outer loop
     vertex  6.014281e+02  2.200000e+02  1.940549e+02
     vertex  6.038000e+02  2.200000e+02  1.940000e+02
     vertex  6.025063e+02  2.200000e+02  1.933849e+02
   endloop
 endfacet
 facet normal  0.000000e+00  1.000000e+00  0.000000e+00
   outer loop
     vertex  5.969000e+02  2.200000e+02  1.877393e+02
     vertex  5.977625e+02  2.200000e+02  1.857352e+02
     vertex  5.956063e+02  2.200000e+02  1.868932e+02
   endloop
 endfacet
 facet normal -0.000000e+00  1.000000e+00  0.000000e+00
   outer loop
     vertex  5.969000e+02  2.200000e+02  1.877393e+02
     vertex  5.981938e+02  2.200000e+02  1.885508e+02
     vertex  5.990563e+02  2.200000e+02  1.865697e+02
   endloop
 endfacet
 facet normal  0.000000e+00  1.000000e+00  0.000000e+00
   outer loop
     vertex  5.969000e+02  2.200000e+02  1.877393e+02
     vertex  5.990563e+02  2.200000e+02  1.865697e+02
     vertex  5.977625e+02  2.200000e+02  1.857352e+02
   endloop
 endfacet
 facet normal  0.000000e+00  1.000000e+00 -0.000000e+00
   outer loop
     vertex  5.969000e+02  2.200000e+02  1.877393e+02
     vertex  5.960375e+02  2.200000e+02  1.897896e+02
     vertex  5.981938e+02  2.200000e+02  1.885508e+02
   endloop
 endfacet
 facet normal  0.000000e+00  1.000000e+00  0.000000e+00
   outer loop
     vertex  5.969000e+02  2.200000e+02  1.877393e+02
     vertex  5.956063e+02  2.200000e+02  1.868932e+02
     vertex  5.960375e+02  2.200000e+02  1.897896e+02
   endloop
 endfacet
 facet normal  0.000000e+00  1.000000e+00 -0.000000e+00
   outer loop
     vertex  5.966844e+02  2.200000e+02  1.824257e+02
     vertex  5.951750e+02  2.200000e+02  1.839621e+02
     vertex  5.986250e+02  2.200000e+02  1.837772e+02
   endloop
 endfacet
 facet normal  0.000000e+00  1.000000e+00  0.000000e+00
   outer loop
     vertex  5.966844e+02  2.200000e+02  1.824257e+02
     vertex  5.981938e+02  2.200000e+02  1.809501e+02
     vertex  5.969000e+02  2.200000e+02  1.800000e+02
   endloop
 endfacet
 facet normal -0.000000e+00  1.000000e+00  0.000000e+00
   outer loop
     vertex  5.966844e+02  2.200000e+02  1.824257e+02
     vertex  5.986250e+02  2.200000e+02  1.837772e+02
     vertex  5.994875e+02  2.200000e+02  1.818655e+02
   endloop
 endfacet
 facet normal  0.000000e+00  1.000000e+00  0.000000e+00
   outer loop
     vertex  5.966844e+02  2.200000e+02  1.824257e+02
     vertex  5.994875e+02  2.200000e+02  1.818655e+02
     vertex  5.981938e+02  2.200000e+02  1.809501e+02
   endloop
 endfacet
 facet normal  0.000000e+00  1.000000e+00  0.000000e+00
   outer loop
     vertex  5.971156e+02  2.200000e+02  1.775887e+02
     vertex  5.956063e+02  2.200000e+02  1.790153e+02
     vertex  5.969000e+02  2.200000e+02  1.800000e+02
   endloop
 endfacet
 facet normal  0.000000e+00  1.000000e+00  0.000000e+00
   outer loop
     vertex  5.971156e+02  2.200000e+02  1.775887e+02
     vertex  5.943125e+02  2.200000e+02  1.779959e+02
     vertex  5.956063e+02  2.200000e+02  1.790153e+02
   endloop
 endfacet
 facet normal  0.000000e+00  1.000000e+00  0.000000e+00
   outer loop
     vertex  5.971156e+02  2.200000e+02  1.775887e+02
     vertex  5.973313e+02  2.200000e+02  1.751918e+02
     vertex  5.951750e+02  2.200000e+02  1.760379e+02
   endloop
 endfacet
 facet normal  0.000000e+00  1.000000e+00  0.000000e+00
   outer loop
     vertex  5.971156e+02  2.200000e+02  1.775887e+02
     vertex  5.986250e+02  2.200000e+02  1.762228e+02
     vertex  5.973313e+02  2.200000e+02  1.751918e+02
   endloop
 endfacet
 facet normal  0.000000e+00  1.000000e+00  0.000000e+00
   outer loop
     vertex  5.971156e+02  2.200000e+02  1.775887e+02
     vertex  5.951750e+02  2.200000e+02  1.760379e+02
     vertex  5.943125e+02  2.200000e+02  1.779959e+02
   endloop
 endfacet
 facet normal  0.000000e+00  1.000000e+00  0.000000e+00
   outer loop
     vertex  5.977625e+02  2.200000e+02  1.723531e+02
     vertex  5.990563e+02  2.200000e+02  1.715532e+02
     vertex  5.977625e+02  2.200000e+02  1.704414e+02
   endloop
 endfacet
 facet normal  0.000000e+00  1.000000e+00  0.000000e+00
   outer loop
     vertex  5.977625e+02  2.200000e+02  1.723531e+02
     vertex  5.994875e+02  2.200000e+02  1.744035e+02
     vertex  6.003500e+02  2.200000e+02  1.726304e+02
   endloop
 endfacet
 facet normal  0.000000e+00  1.000000e+00  0.000000e+00
   outer loop
     vertex  5.977625e+02  2.200000e+02  1.723531e+02
     vertex  5.964688e+02  2.200000e+02  1.731877e+02
     vertex  5.973313e+02  2.200000e+02  1.751918e+02
   endloop
 endfacet
 facet normal  0.000000e+00  1.000000e+00  0.000000e+00
   outer loop
     vertex  5.977625e+02  2.200000e+02  1.723531e+02
     vertex  5.977625e+02  2.200000e+02  1.704414e+02
     vertex  5.956063e+02  2.200000e+02  1.711374e+02
   endloop
 endfacet
 facet normal  0.000000e+00  1.000000e+00  0.000000e+00
   outer loop
     vertex  5.977625e+02  2.200000e+02  1.723531e+02
     vertex  5.956063e+02  2.200000e+02  1.711374e+02
     vertex  5.964688e+02  2.200000e+02  1.731877e+02
   endloop
 endfacet
 facet normal -0.000000e+00  1.000000e+00  0.000000e+00
   outer loop
     vertex  5.977625e+02  2.200000e+02  1.723531e+02
     vertex  6.003500e+02  2.200000e+02  1.726304e+02
     vertex  5.990563e+02  2.200000e+02  1.715532e+02
   endloop
 endfacet
 facet normal  0.000000e+00  1.000000e+00 -0.000000e+00
   outer loop
     vertex  5.977625e+02  2.200000e+02  1.723531e+02
     vertex  5.973313e+02  2.200000e+02  1.751918e+02
     vertex  5.994875e+02  2.200000e+02  1.744035e+02
   endloop
 endfacet
 facet normal -0.000000e+00  1.000000e+00  0.000000e+00
   outer loop
     vertex  6.007812e+02  2.200000e+02  1.754229e+02
     vertex  6.020750e+02  2.200000e+02  1.764076e+02
     vertex  6.029375e+02  2.200000e+02  1.746807e+02
   endloop
 endfacet
 facet normal  0.000000e+00  1.000000e+00  0.000000e+00
   outer loop
     vertex  6.007812e+02  2.200000e+02  1.754229e+02
     vertex  6.029375e+02  2.200000e+02  1.746807e+02
     vertex  6.016438e+02  2.200000e+02  1.736729e+02
   endloop
 endfacet
 facet normal  0.000000e+00  1.000000e+00  0.000000e+00
   outer loop
     vertex  6.007812e+02  2.200000e+02  1.754229e+02
     vertex  6.012125e+02  2.200000e+02  1.781807e+02
     vertex  6.020750e+02  2.200000e+02  1.764076e+02
   endloop
 endfacet
 facet normal  0.000000e+00  1.000000e+00  0.000000e+00
   outer loop
     vertex  6.007812e+02  2.200000e+02  1.754229e+02
     vertex  6.016438e+02  2.200000e+02  1.736729e+02
     vertex  5.994875e+02  2.200000e+02  1.744035e+02
   endloop
 endfacet
 facet normal  0.000000e+00  1.000000e+00 -0.000000e+00
   outer loop
     vertex  6.007812e+02  2.200000e+02  1.754229e+02
     vertex  5.986250e+02  2.200000e+02  1.762228e+02
     vertex  6.012125e+02  2.200000e+02  1.781807e+02
   endloop
 endfacet
 facet normal  0.000000e+00  1.000000e+00  0.000000e+00
   outer loop
     vertex  6.007812e+02  2.200000e+02  1.754229e+02
     vertex  5.994875e+02  2.200000e+02  1.744035e+02
     vertex  5.986250e+02  2.200000e+02  1.762228e+02
   endloop
 endfacet
 facet normal  0.000000e+00  1.000000e+00 -0.000000e+00
   outer loop
     vertex  5.923719e+02  2.200000e+02  1.640651e+02
     vertex  5.912938e+02  2.200000e+02  1.643626e+02
     vertex  5.925875e+02  2.200000e+02  1.656477e+02
   endloop
 endfacet
 facet normal  0.000000e+00  1.000000e+00  0.000000e+00
   outer loop
     vertex  5.923719e+02  2.200000e+02  1.640651e+02
     vertex  5.900000e+02  2.200000e+02  1.630429e+02
     vertex  5.912938e+02  2.200000e+02  1.643626e+02
   endloop
 endfacet
 facet normal  0.000000e+00  1.000000e+00  0.000000e+00
   outer loop
     vertex  5.923719e+02  2.200000e+02  1.640651e+02
     vertex  5.925875e+02  2.200000e+02  1.656477e+02
     vertex  5.947438e+02  2.200000e+02  1.650557e+02
   endloop
 endfacet
 facet normal  0.000000e+00  1.000000e+00  0.000000e+00
   outer loop
     vertex  5.960375e+02  2.200000e+02  1.662945e+02
     vertex  5.938813e+02  2.200000e+02  1.668981e+02
     vertex  5.951750e+02  2.200000e+02  1.681138e+02
   endloop
 endfacet
 facet normal  0.000000e+00  1.000000e+00  0.000000e+00
   outer loop
     vertex  5.960375e+02  2.200000e+02  1.662945e+02
     vertex  5.947438e+02  2.200000e+02  1.650557e+02
     vertex  5.938813e+02  2.200000e+02  1.668981e+02
   endloop
 endfacet
 facet normal  0.000000e+00  1.000000e+00 -0.000000e+00
   outer loop
     vertex  5.960375e+02  2.200000e+02  1.662945e+02
     vertex  5.951750e+02  2.200000e+02  1.681138e+02
     vertex  5.973313e+02  2.200000e+02  1.674987e+02
   endloop
 endfacet
 facet normal  0.000000e+00  1.000000e+00  0.000000e+00
   outer loop
     vertex  5.971156e+02  2.200000e+02  1.660144e+02
     vertex  5.973313e+02  2.200000e+02  1.674987e+02
     vertex  5.994875e+02  2.200000e+02  1.669414e+02
   endloop
 endfacet
 facet normal  0.000000e+00  1.000000e+00 -0.000000e+00
   outer loop
     vertex  5.971156e+02  2.200000e+02  1.660144e+02
     vertex  5.960375e+02  2.200000e+02  1.662945e+02
     vertex  5.973313e+02  2.200000e+02  1.674987e+02
   endloop
 endfacet
 facet normal  0.000000e+00  1.000000e+00  0.000000e+00
   outer loop
     vertex  5.971156e+02  2.200000e+02  1.660144e+02
     vertex  5.947438e+02  2.200000e+02  1.650557e+02
     vertex  5.960375e+02  2.200000e+02  1.662945e+02
   endloop
 endfacet
 facet normal  0.000000e+00  1.000000e+00  0.000000e+00
   outer loop
     vertex  6.001344e+02  2.200000e+02  1.675247e+02
     vertex  6.016438e+02  2.200000e+02  1.664418e+02
     vertex  5.994875e+02  2.200000e+02  1.669414e+02
   endloop
 endfacet
 facet normal  0.000000e+00  1.000000e+00  0.000000e+00
   outer loop
     vertex  6.001344e+02  2.200000e+02  1.675247e+02
     vertex  5.994875e+02  2.200000e+02  1.669414e+02
     vertex  5.986250e+02  2.200000e+02  1.686683e+02
   endloop
 endfacet
 facet normal -0.000000e+00  1.000000e+00  0.000000e+00
   outer loop
     vertex  6.027219e+02  2.200000e+02  1.697714e+02
     vertex  6.029375e+02  2.200000e+02  1.746807e+02
     vertex  6.038000e+02  2.200000e+02  1.660000e+02
   endloop
 endfacet
 facet normal  0.000000e+00  1.000000e+00  0.000000e+00
   outer loop
     vertex  6.027219e+02  2.200000e+02  1.697714e+02
     vertex  6.038000e+02  2.200000e+02  1.660000e+02
     vertex  6.016438e+02  2.200000e+02  1.664418e+02
   endloop
 endfacet
 facet normal  0.000000e+00  1.000000e+00  0.000000e+00
   outer loop
     vertex  5.992719e+02  2.200000e+02  1.654975e+02
     vertex  6.016438e+02  2.200000e+02  1.664418e+02
     vertex  6.038000e+02  2.200000e+02  1.660000e+02
   endloop
 endfacet
 facet normal  0.000000e+00  1.000000e+00 -0.000000e+00
   outer loop
     vertex  5.992719e+02  2.200000e+02  1.654975e+02
     vertex  5.971156e+02  2.200000e+02  1.660144e+02
     vertex  5.994875e+02  2.200000e+02  1.669414e+02
   endloop
 endfacet
 facet normal  0.000000e+00  1.000000e+00  0.000000e+00
   outer loop
     vertex  5.992719e+02  2.200000e+02  1.654975e+02
     vertex  5.994875e+02  2.200000e+02  1.669414e+02
     vertex  6.016438e+02  2.200000e+02  1.664418e+02
   endloop
 endfacet
 facet normal -0.000000e+00  1.000000e+00 -0.000000e+00
   outer loop
     vertex  5.991641e+02  2.200000e+02  1.947591e+02
     vertex  5.900000e+02  2.200000e+02  1.969571e+02
     vertex  6.038000e+02  2.200000e+02  1.940000e+02
   endloop
 endfacet
 facet normal  0.000000e+00  1.000000e+00  0.000000e+00
   outer loop
     vertex  5.991641e+02  2.200000e+02  1.947591e+02
     vertex  5.990562e+02  2.200000e+02  1.940780e+02
     vertex  5.966844e+02  2.200000e+02  1.940693e+02
   endloop
 endfacet
 facet normal  0.000000e+00  1.000000e+00  0.000000e+00
   outer loop
     vertex  5.991641e+02  2.200000e+02  1.947591e+02
     vertex  6.038000e+02  2.200000e+02  1.940000e+02
     vertex  6.014281e+02  2.200000e+02  1.940549e+02
   endloop
 endfacet
 facet normal  0.000000e+00  1.000000e+00  0.000000e+00
   outer loop
     vertex  5.991641e+02  2.200000e+02  1.947591e+02
     vertex  5.966844e+02  2.200000e+02  1.940693e+02
     vertex  5.945281e+02  2.200000e+02  1.954872e+02
   endloop
 endfacet
 facet normal  0.000000e+00  1.000000e+00  0.000000e+00
   outer loop
     vertex  5.991641e+02  2.200000e+02  1.947591e+02
     vertex  6.014281e+02  2.200000e+02  1.940549e+02
     vertex  5.990562e+02  2.200000e+02  1.940780e+02
   endloop
 endfacet
 facet normal  0.000000e+00  1.000000e+00  0.000000e+00
   outer loop
     vertex  5.991641e+02  2.200000e+02  1.947591e+02
     vertex  5.945281e+02  2.200000e+02  1.954872e+02
     vertex  5.900000e+02  2.200000e+02  1.969571e+02
   endloop
 endfacet
 facet normal -0.000000e+00  1.000000e+00  0.000000e+00
   outer loop
     vertex  5.950672e+02  2.200000e+02  1.812399e+02
     vertex  5.966844e+02  2.200000e+02  1.824257e+02
     vertex  5.969000e+02  2.200000e+02  1.800000e+02
   endloop
 endfacet
 facet normal  0.000000e+00  1.000000e+00  0.000000e+00
   outer loop
     vertex  5.950672e+02  2.200000e+02  1.812399e+02
     vertex  5.969000e+02  2.200000e+02  1.800000e+02
     vertex  5.956063e+02  2.200000e+02  1.790153e+02
   endloop
 endfacet
 facet normal  0.000000e+00  1.000000e+00  0.000000e+00
   outer loop
     vertex  5.950672e+02  2.200000e+02  1.812399e+02
     vertex  5.956063e+02  2.200000e+02  1.790153e+02
     vertex  5.934500e+02  2.200000e+02  1.800000e+02
   endloop
 endfacet
 facet normal  0.000000e+00  1.000000e+00 -0.000000e+00
   outer loop
     vertex  5.950672e+02  2.200000e+02  1.812399e+02
     vertex  5.934500e+02  2.200000e+02  1.800000e+02
     vertex  5.951750e+02  2.200000e+02  1.839621e+02
   endloop
 endfacet
 facet normal  0.000000e+00  1.000000e+00  0.000000e+00
   outer loop
     vertex  5.950672e+02  2.200000e+02  1.812399e+02
     vertex  5.951750e+02  2.200000e+02  1.839621e+02
     vertex  5.966844e+02  2.200000e+02  1.824257e+02
   endloop
 endfacet
 facet normal  0.000000e+00  1.000000e+00  0.000000e+00
   outer loop
     vertex  5.987328e+02  2.200000e+02  1.788214e+02
     vertex  5.986250e+02  2.200000e+02  1.762228e+02
     vertex  5.971156e+02  2.200000e+02  1.775887e+02
   endloop
 endfacet
 facet normal  0.000000e+00  1.000000e+00  0.000000e+00
   outer loop
     vertex  5.987328e+02  2.200000e+02  1.788214e+02
     vertex  5.969000e+02  2.200000e+02  1.800000e+02
     vertex  5.981938e+02  2.200000e+02  1.809501e+02
   endloop
 endfacet
 facet normal  0.000000e+00  1.000000e+00 -0.000000e+00
   outer loop
     vertex  5.987328e+02  2.200000e+02  1.788214e+02
     vertex  5.981938e+02  2.200000e+02  1.809501e+02
     vertex  6.003500e+02  2.200000e+02  1.800000e+02
   endloop
 endfacet
 facet normal  0.000000e+00  1.000000e+00  0.000000e+00
   outer loop
     vertex  5.987328e+02  2.200000e+02  1.788214e+02
     vertex  5.971156e+02  2.200000e+02  1.775887e+02
     vertex  5.969000e+02  2.200000e+02  1.800000e+02
   endloop
 endfacet
 facet normal  0.000000e+00  1.000000e+00  0.000000e+00
   outer loop
     vertex  5.987328e+02  2.200000e+02  1.788214e+02
     vertex  6.012125e+02  2.200000e+02  1.781807e+02
     vertex  5.986250e+02  2.200000e+02  1.762228e+02
   endloop
 endfacet
 facet normal -0.000000e+00  1.000000e+00  0.000000e+00
   outer loop
     vertex  5.987328e+02  2.200000e+02  1.788214e+02
     vertex  6.003500e+02  2.200000e+02  1.800000e+02
     vertex  6.012125e+02  2.200000e+02  1.781807e+02
   endloop
 endfacet
 facet normal -0.000000e+00  1.000000e+00  0.000000e+00
   outer loop
     vertex  5.946359e+02  2.200000e+02  1.642857e+02
     vertex  6.038000e+02  2.200000e+02  1.660000e+02
     vertex  5.900000e+02  2.200000e+02  1.630429e+02
   endloop
 endfacet
 facet normal  0.000000e+00  1.000000e+00 -0.000000e+00
   outer loop
     vertex  5.946359e+02  2.200000e+02  1.642857e+02
     vertex  5.923719e+02  2.200000e+02  1.640651e+02
     vertex  5.947438e+02  2.200000e+02  1.650557e+02
   endloop
 endfacet
 facet normal  0.000000e+00  1.000000e+00  0.000000e+00
   outer loop
     vertex  5.946359e+02  2.200000e+02  1.642857e+02
     vertex  5.992719e+02  2.200000e+02  1.654975e+02
     vertex  6.038000e+02  2.200000e+02  1.660000e+02
   endloop
 endfacet
 facet normal  0.000000e+00  1.000000e+00  0.000000e+00
   outer loop
     vertex  5.946359e+02  2.200000e+02  1.642857e+02
     vertex  5.971156e+02  2.200000e+02  1.660144e+02
     vertex  5.992719e+02  2.200000e+02  1.654975e+02
   endloop
 endfacet
 facet normal  0.000000e+00  1.000000e+00  0.000000e+00
   outer loop
     vertex  5.946359e+02  2.200000e+02  1.642857e+02
     vertex  5.900000e+02  2.200000e+02  1.630429e+02
     vertex  5.923719e+02  2.200000e+02  1.640651e+02
   endloop
 endfacet
 facet normal  0.000000e+00  1.000000e+00  0.000000e+00
   outer loop
     vertex  5.946359e+02  2.200000e+02  1.642857e+02
     vertex  5.947438e+02  2.200000e+02  1.650557e+02
     vertex  5.971156e+02  2.200000e+02  1.660144e+02
   endloop
 endfacet
 facet normal  0.000000e+00  1.000000e+00  0.000000e+00
   outer loop
     vertex  6.008891e+02  2.200000e+02  1.706316e+02
     vertex  5.990563e+02  2.200000e+02  1.715532e+02
     vertex  6.003500e+02  2.200000e+02  1.726304e+02
   endloop
 endfacet
 facet normal -0.000000e+00  1.000000e+00  0.000000e+00
   outer loop
     vertex  6.015359e+02  2.200000e+02  1.711731e+02
     vertex  6.029375e+02  2.200000e+02  1.746807e+02
     vertex  6.027219e+02  2.200000e+02  1.697714e+02
   endloop
 endfacet
 facet normal  0.000000e+00  1.000000e+00  0.000000e+00
   outer loop
     vertex  6.015359e+02  2.200000e+02  1.711731e+02
     vertex  6.016438e+02  2.200000e+02  1.736729e+02
     vertex  6.029375e+02  2.200000e+02  1.746807e+02
   endloop
 endfacet
 facet normal  0.000000e+00  1.000000e+00  0.000000e+00
   outer loop
     vertex  6.015359e+02  2.200000e+02  1.711731e+02
     vertex  6.027219e+02  2.200000e+02  1.697714e+02
     vertex  6.008891e+02  2.200000e+02  1.706316e+02
   endloop
 endfacet
 facet normal  0.000000e+00  1.000000e+00  0.000000e+00
   outer loop
     vertex  6.015359e+02  2.200000e+02  1.711731e+02
     vertex  6.008891e+02  2.200000e+02  1.706316e+02
     vertex  6.003500e+02  2.200000e+02  1.726304e+02
   endloop
 endfacet
 facet normal  0.000000e+00  1.000000e+00 -0.000000e+00
   outer loop
     vertex  6.015359e+02  2.200000e+02  1.711731e+02
     vertex  6.003500e+02  2.200000e+02  1.726304e+02
     vertex  6.016438e+02  2.200000e+02  1.736729e+02
   endloop
 endfacet
 facet normal -0.000000e+00  1.000000e+00  0.000000e+00
   outer loop
     vertex  6.014281e+02  2.200000e+02  1.686654e+02
     vertex  6.027219e+02  2.200000e+02  1.697714e+02
     vertex  6.016438e+02  2.200000e+02  1.664418e+02
   endloop
 endfacet
 facet normal  0.000000e+00  1.000000e+00 -0.000000e+00
   outer loop
     vertex  6.014281e+02  2.200000e+02  1.686654e+02
     vertex  6.008891e+02  2.200000e+02  1.706316e+02
     vertex  6.027219e+02  2.200000e+02  1.697714e+02
   endloop
 endfacet
 facet normal  0.000000e+00  1.000000e+00  0.000000e+00
   outer loop
     vertex  6.014281e+02  2.200000e+02  1.686654e+02
     vertex  6.016438e+02  2.200000e+02  1.664418e+02
     vertex  6.001344e+02  2.200000e+02  1.675247e+02
   endloop
 endfacet
 facet normal  0.000000e+00  1.000000e+00  0.000000e+00
   outer loop
     vertex  5.997570e+02  2.200000e+02  1.696632e+02
     vertex  5.977625e+02  2.200000e+02  1.704414e+02
     vertex  5.990563e+02  2.200000e+02  1.715532e+02
   endloop
 endfacet
 facet normal  0.000000e+00  1.000000e+00  0.000000e+00
   outer loop
     vertex  5.997570e+02  2.200000e+02  1.696632e+02
     vertex  6.001344e+02  2.200000e+02  1.675247e+02
     vertex  5.986250e+02  2.200000e+02  1.686683e+02
   endloop
 endfacet
 facet normal  0.000000e+00  1.000000e+00  0.000000e+00
   outer loop
     vertex  5.997570e+02  2.200000e+02  1.696632e+02
     vertex  6.014281e+02  2.200000e+02  1.686654e+02
     vertex  6.001344e+02  2.200000e+02  1.675247e+02
   endloop
 endfacet
 facet normal  0.000000e+00  1.000000e+00 -0.000000e+00
   outer loop
     vertex  5.997570e+02  2.200000e+02  1.696632e+02
     vertex  5.990563e+02  2.200000e+02  1.715532e+02
     vertex  6.008891e+02  2.200000e+02  1.706316e+02
   endloop
 endfacet
 facet normal -0.000000e+00  1.000000e+00  0.000000e+00
   outer loop
     vertex  5.997570e+02  2.200000e+02  1.696632e+02
     vertex  6.008891e+02  2.200000e+02  1.706316e+02
     vertex  6.014281e+02  2.200000e+02  1.686654e+02
   endloop
 endfacet
 facet normal  0.000000e+00  1.000000e+00  0.000000e+00
   outer loop
     vertex  5.997570e+02  2.200000e+02  1.696632e+02
     vertex  5.986250e+02  2.200000e+02  1.686683e+02
     vertex  5.977625e+02  2.200000e+02  1.704414e+02
   endloop
 endfacet
 facet normal  1.000000e+00  0.000000e+00  0.000000e+00
   outer loop
     vertex  6.038000e+02  2.148000e+02  1.900000e+02
     vertex  6.038000e+02  2.148000e+02  1.700000e+02
     vertex  6.038000e+02  2.200000e+02  1.660000e+02
   endloop
 endfacet
 facet normal  1.000000e+00  0.000000e+00  0.000000e+00
   outer loop
     vertex  6.038000e+02  2.200000e+02  1.940000e+02
     vertex  6.038000e+02  2.148000e+02  1.900000e+02
     vertex  6.038000e+02  2.200000e+02  1.660000e+02
   endloop
 endfacet
 facet normal -0.000000e+00 -1.000000e+00  0.000000e+00
   outer loop
     vertex  6.038000e+02  2.148000e+02  1.900000e+02
     vertex  5.898000e+02  2.148000e+02  1.930000e+02
     vertex  5.898000e+02  2.148000e+02  1.670000e+02
   endloop
 endfacet
 facet normal  0.000000e+00 -1.000000e+00 -0.000000e+00
   outer loop
     vertex  6.038000e+02  2.148000e+02  1.900000e+02
     vertex  5.898000e+02  2.148000e+02  1.670000e+02
     vertex  6.038000e+02  2.148000e+02  1.700000e+02
   endloop
 endfacet
 facet normal -1.000000e+00  0.000000e+00  0.000000e+00
   outer loop
     vertex  4.100000e+02  2.150000e+02  8.000000e+00
     vertex  4.100000e+02  2.150000e+02  5.255429e+01
     vertex  4.100000e+02  2.200000e+02  4.898286e+01
   endloop
 endfacet
 facet normal -1.000000e+00  0.000000e+00  0.000000e+00
   outer loop
     vertex  4.100000e+02  2.200000e+02  0.000000e+00
     vertex  4.100000e+02  2.150000e+02  8.000000e+00
     vertex  4.100000e+02  2.200000e+02  4.898286e+01
   endloop
 endfacet
 facet normal -1.000000e+00  0.000000e+00  0.000000e+00
   outer loop
     vertex  4.100000e+02  1.830886e+02  0.000000e+00
     vertex  4.100000e+02  1.802314e+02  8.000000e+00
     vertex  4.100000e+02  2.150000e+02  8.000000e+00
   endloop
 endfacet
 facet normal -1.000000e+00  0.000000e+00  0.000000e+00
   outer loop
     vertex  4.100000e+02  1.830886e+02  0.000000e+00
     vertex  4.100000e+02  2.150000e+02  8.000000e+00
     vertex  4.100000e+02  2.200000e+02  0.000000e+00
   endloop
 endfacet
 facet normal  1.967213e-01  9.180328e-01  3.442623e-01
   outer loop
     vertex  6.038000e+02  1.800000e+02  0.000000e+00
     vertex  5.900000e+02  1.829571e+02  0.000000e+00
     vertex  5.900000e+02  1.799571e+02  8.000000e+00
   endloop
 endfacet
 facet normal  1.967213e-01  9.180328e-01  3.442623e-01
   outer loop
     vertex  6.038000e+02  1.770000e+02  8.000000e+00
     vertex  6.038000e+02  1.800000e+02  0.000000e+00
     vertex  5.900000e+02  1.799571e+02  8.000000e+00
   endloop
 endfacet
 facet normal  0.000000e+00  0.000000e+00  1.000000e+00
   outer loop
     vertex  5.908625e+02  1.606423e+02  8.000000e+00
     vertex  5.900000e+02  1.799571e+02  8.000000e+00
     vertex  5.900000e+02  1.560429e+02  8.000000e+00
   endloop
 endfacet
 facet normal  0.000000e+00  0.000000e+00  1.000000e+00
   outer loop
     vertex  5.960375e+02  1.666671e+02  8.000000e+00
     vertex  5.943125e+02  1.666209e+02  8.000000e+00
     vertex  5.951750e+02  1.652879e+02  8.000000e+00
   endloop
 endfacet
 facet normal  0.000000e+00  0.000000e+00  1.000000e+00
   outer loop
     vertex  6.012125e+02  1.715829e+02  8.000000e+00
     vertex  6.003500e+02  1.728696e+02  8.000000e+00
     vertex  5.994875e+02  1.717215e+02  8.000000e+00
   endloop
 endfacet
 facet normal  0.000000e+00  0.000000e+00  1.000000e+00
   outer loop
     vertex  5.943125e+02  1.638626e+02  8.000000e+00
     vertex  5.925875e+02  1.637240e+02  8.000000e+00
     vertex  5.934500e+02  1.623911e+02  8.000000e+00
   endloop
 endfacet
 facet normal  0.000000e+00  0.000000e+00  1.000000e+00
   outer loop
     vertex  5.977625e+02  1.667133e+02  8.000000e+00
     vertex  5.969000e+02  1.680000e+02  8.000000e+00
     vertex  5.960375e+02  1.666671e+02  8.000000e+00
   endloop
 endfacet
 facet normal  0.000000e+00  0.000000e+00  1.000000e+00
   outer loop
     vertex  5.908625e+02  1.576992e+02  8.000000e+00
     vertex  5.917250e+02  1.593094e+02  8.000000e+00
     vertex  5.908625e+02  1.606423e+02  8.000000e+00
   endloop
 endfacet
 facet normal  0.000000e+00 -0.000000e+00  1.000000e+00
   outer loop
     vertex  5.908625e+02  1.576992e+02  8.000000e+00
     vertex  5.908625e+02  1.606423e+02  8.000000e+00
     vertex  5.900000e+02  1.560429e+02  8.000000e+00
   endloop
 endfacet
 facet normal  0.000000e+00  0.000000e+00  1.000000e+00
   outer loop
     vertex  5.925875e+02  1.580227e+02  8.000000e+00
     vertex  5.917250e+02  1.593094e+02  8.000000e+00
     vertex  5.908625e+02  1.576992e+02  8.000000e+00
   endloop
 endfacet
 facet normal -0.000000e+00  0.000000e+00  1.000000e+00
   outer loop
     vertex  6.029375e+02  1.645557e+02  8.000000e+00
     vertex  6.038000e+02  1.590000e+02  8.000000e+00
     vertex  6.038000e+02  1.770000e+02  8.000000e+00
   endloop
 endfacet
 facet normal  0.000000e+00  0.000000e+00  1.000000e+00
   outer loop
     vertex  6.029375e+02  1.645557e+02  8.000000e+00
     vertex  6.038000e+02  1.770000e+02  8.000000e+00
     vertex  6.029375e+02  1.737405e+02  8.000000e+00
   endloop
 endfacet
 facet normal  0.000000e+00 -0.000000e+00  1.000000e+00
   outer loop
     vertex  6.029375e+02  1.645557e+02  8.000000e+00
     vertex  6.029375e+02  1.737405e+02  8.000000e+00
     vertex  6.020750e+02  1.703424e+02  8.000000e+00
   endloop
 endfacet
 facet normal -0.000000e+00  0.000000e+00  1.000000e+00
   outer loop
     vertex  6.029375e+02  1.599633e+02  8.000000e+00
     vertex  6.038000e+02  1.590000e+02  8.000000e+00
     vertex  6.029375e+02  1.645557e+02  8.000000e+00
   endloop
 endfacet
 facet normal  0.000000e+00  0.000000e+00  1.000000e+00
   outer loop
     vertex  5.921562e+02  1.787766e+02  8.000000e+00
     vertex  5.900000e+02  1.799571e+02  8.000000e+00
     vertex  5.908625e+02  1.783008e+02  8.000000e+00
   endloop
 endfacet
 facet normal  0.000000e+00  0.000000e+00  1.000000e+00
   outer loop
     vertex  5.921562e+02  1.787766e+02  8.000000e+00
     vertex  5.908625e+02  1.783008e+02  8.000000e+00
     vertex  5.917250e+02  1.766906e+02  8.000000e+00
   endloop
 endfacet
 facet normal  0.000000e+00 -0.000000e+00  1.000000e+00
   outer loop
     vertex  5.930188e+02  1.771896e+02  8.000000e+00
     vertex  5.943125e+02  1.776539e+02  8.000000e+00
     vertex  5.921562e+02  1.787766e+02  8.000000e+00
   endloop
 endfacet
 facet normal  0.000000e+00  0.000000e+00  1.000000e+00
   outer loop
     vertex  5.930188e+02  1.771896e+02  8.000000e+00
     vertex  5.921562e+02  1.787766e+02  8.000000e+00
     vertex  5.917250e+02  1.766906e+02  8.000000e+00
   endloop
 endfacet
 facet normal  0.000000e+00  0.000000e+00  1.000000e+00
   outer loop
     vertex  5.912938e+02  1.745699e+02  8.000000e+00
     vertex  5.917250e+02  1.651031e+02  8.000000e+00
     vertex  5.925875e+02  1.694253e+02  8.000000e+00
   endloop
 endfacet
 facet normal  0.000000e+00  0.000000e+00  1.000000e+00
   outer loop
     vertex  5.912938e+02  1.745699e+02  8.000000e+00
     vertex  5.900000e+02  1.799571e+02  8.000000e+00
     vertex  5.908625e+02  1.606423e+02  8.000000e+00
   endloop
 endfacet
 facet normal  0.000000e+00  0.000000e+00  1.000000e+00
   outer loop
     vertex  5.912938e+02  1.745699e+02  8.000000e+00
     vertex  5.908625e+02  1.783008e+02  8.000000e+00
     vertex  5.900000e+02  1.799571e+02  8.000000e+00
   endloop
 endfacet
 facet normal  0.000000e+00 -0.000000e+00  1.000000e+00
   outer loop
     vertex  5.912938e+02  1.745699e+02  8.000000e+00
     vertex  5.917250e+02  1.766906e+02  8.000000e+00
     vertex  5.908625e+02  1.783008e+02  8.000000e+00
   endloop
 endfacet
 facet normal  0.000000e+00  0.000000e+00  1.000000e+00
   outer loop
     vertex  5.912938e+02  1.745699e+02  8.000000e+00
     vertex  5.925875e+02  1.751267e+02  8.000000e+00
     vertex  5.917250e+02  1.766906e+02  8.000000e+00
   endloop
 endfacet
 facet normal  0.000000e+00  0.000000e+00  1.000000e+00
   outer loop
     vertex  5.912938e+02  1.745699e+02  8.000000e+00
     vertex  5.908625e+02  1.606423e+02  8.000000e+00
     vertex  5.917250e+02  1.651031e+02  8.000000e+00
   endloop
 endfacet
 facet normal  0.000000e+00 -0.000000e+00  1.000000e+00
   outer loop
     vertex  5.934500e+02  1.764134e+02  8.000000e+00
     vertex  5.943125e+02  1.776539e+02  8.000000e+00
     vertex  5.930188e+02  1.771896e+02  8.000000e+00
   endloop
 endfacet
 facet normal  0.000000e+00  0.000000e+00  1.000000e+00
   outer loop
     vertex  5.934500e+02  1.764134e+02  8.000000e+00
     vertex  5.930188e+02  1.771896e+02  8.000000e+00
     vertex  5.917250e+02  1.766906e+02  8.000000e+00
   endloop
 endfacet
 facet normal  0.000000e+00  0.000000e+00  1.000000e+00
   outer loop
     vertex  5.934500e+02  1.764134e+02  8.000000e+00
     vertex  5.917250e+02  1.766906e+02  8.000000e+00
     vertex  5.925875e+02  1.751267e+02  8.000000e+00
   endloop
 endfacet
 facet normal  0.000000e+00 -0.000000e+00  1.000000e+00
   outer loop
     vertex  5.917250e+02  1.737937e+02  8.000000e+00
     vertex  5.925875e+02  1.751267e+02  8.000000e+00
     vertex  5.912938e+02  1.745699e+02  8.000000e+00
   endloop
 endfacet
 facet normal -0.000000e+00  0.000000e+00  1.000000e+00
   outer loop
     vertex  5.917250e+02  1.737937e+02  8.000000e+00
     vertex  5.934500e+02  1.736089e+02  8.000000e+00
     vertex  5.925875e+02  1.751267e+02  8.000000e+00
   endloop
 endfacet
 facet normal  0.000000e+00  0.000000e+00  1.000000e+00
   outer loop
     vertex  5.917250e+02  1.737937e+02  8.000000e+00
     vertex  5.912938e+02  1.745699e+02  8.000000e+00
     vertex  5.925875e+02  1.694253e+02  8.000000e+00
   endloop
 endfacet
 facet normal  0.000000e+00  0.000000e+00  1.000000e+00
   outer loop
     vertex  5.951750e+02  1.761362e+02  8.000000e+00
     vertex  5.943125e+02  1.776539e+02  8.000000e+00
     vertex  5.934500e+02  1.764134e+02  8.000000e+00
   endloop
 endfacet
 facet normal  0.000000e+00  0.000000e+00  1.000000e+00
   outer loop
     vertex  5.964688e+02  1.765889e+02  8.000000e+00
     vertex  5.951750e+02  1.761362e+02  8.000000e+00
     vertex  5.960375e+02  1.746646e+02  8.000000e+00
   endloop
 endfacet
 facet normal  0.000000e+00  0.000000e+00  1.000000e+00
   outer loop
     vertex  5.964688e+02  1.765889e+02  8.000000e+00
     vertex  5.943125e+02  1.776539e+02  8.000000e+00
     vertex  5.951750e+02  1.761362e+02  8.000000e+00
   endloop
 endfacet
 facet normal  0.000000e+00  0.000000e+00  1.000000e+00
   outer loop
     vertex  5.947438e+02  1.741541e+02  8.000000e+00
     vertex  5.960375e+02  1.746646e+02  8.000000e+00
     vertex  5.951750e+02  1.761362e+02  8.000000e+00
   endloop
 endfacet
 facet normal  0.000000e+00  0.000000e+00  1.000000e+00
   outer loop
     vertex  5.947438e+02  1.741541e+02  8.000000e+00
     vertex  5.934500e+02  1.764134e+02  8.000000e+00
     vertex  5.925875e+02  1.751267e+02  8.000000e+00
   endloop
 endfacet
 facet normal  0.000000e+00 -0.000000e+00  1.000000e+00
   outer loop
     vertex  5.947438e+02  1.741541e+02  8.000000e+00
     vertex  5.951750e+02  1.761362e+02  8.000000e+00
     vertex  5.934500e+02  1.764134e+02  8.000000e+00
   endloop
 endfacet
 facet normal  0.000000e+00  0.000000e+00  1.000000e+00
   outer loop
     vertex  5.947438e+02  1.741541e+02  8.000000e+00
     vertex  5.925875e+02  1.751267e+02  8.000000e+00
     vertex  5.934500e+02  1.736089e+02  8.000000e+00
   endloop
 endfacet
 facet normal  0.000000e+00  0.000000e+00  1.000000e+00
   outer loop
     vertex  5.947438e+02  1.727865e+02  8.000000e+00
     vertex  5.960375e+02  1.746646e+02  8.000000e+00
     vertex  5.947438e+02  1.741541e+02  8.000000e+00
   endloop
 endfacet
 facet normal  0.000000e+00 -0.000000e+00  1.000000e+00
   outer loop
     vertex  5.947438e+02  1.727865e+02  8.000000e+00
     vertex  5.947438e+02  1.741541e+02  8.000000e+00
     vertex  5.934500e+02  1.736089e+02  8.000000e+00
   endloop
 endfacet
 facet normal -0.000000e+00  0.000000e+00  1.000000e+00
   outer loop
     vertex  5.947438e+02  1.727865e+02  8.000000e+00
     vertex  5.960375e+02  1.719988e+02  8.000000e+00
     vertex  5.960375e+02  1.746646e+02  8.000000e+00
   endloop
 endfacet
 facet normal  0.000000e+00  0.000000e+00  1.000000e+00
   outer loop
     vertex  5.973313e+02  1.751405e+02  8.000000e+00
     vertex  5.964688e+02  1.765889e+02  8.000000e+00
     vertex  5.960375e+02  1.746646e+02  8.000000e+00
   endloop
 endfacet
 facet normal  0.000000e+00  0.000000e+00  1.000000e+00
   outer loop
     vertex  5.943125e+02  1.707583e+02  8.000000e+00
     vertex  5.960375e+02  1.719988e+02  8.000000e+00
     vertex  5.947438e+02  1.727865e+02  8.000000e+00
   endloop
 endfacet
 facet normal -0.000000e+00  0.000000e+00  1.000000e+00
   outer loop
     vertex  5.977625e+02  1.731469e+02  8.000000e+00
     vertex  6.003500e+02  1.728696e+02  8.000000e+00
     vertex  5.986250e+02  1.755817e+02  8.000000e+00
   endloop
 endfacet
 facet normal  0.000000e+00  0.000000e+00  1.000000e+00
   outer loop
     vertex  5.977625e+02  1.731469e+02  8.000000e+00
     vertex  5.994875e+02  1.717215e+02  8.000000e+00
     vertex  6.003500e+02  1.728696e+02  8.000000e+00
   endloop
 endfacet
 facet normal  0.000000e+00  0.000000e+00  1.000000e+00
   outer loop
     vertex  5.977625e+02  1.731469e+02  8.000000e+00
     vertex  5.973313e+02  1.751405e+02  8.000000e+00
     vertex  5.960375e+02  1.746646e+02  8.000000e+00
   endloop
 endfacet
 facet normal  0.000000e+00  0.000000e+00  1.000000e+00
   outer loop
     vertex  5.977625e+02  1.731469e+02  8.000000e+00
     vertex  5.960375e+02  1.746646e+02  8.000000e+00
     vertex  5.960375e+02  1.719988e+02  8.000000e+00
   endloop
 endfacet
 facet normal  0.000000e+00 -0.000000e+00  1.000000e+00
   outer loop
     vertex  5.977625e+02  1.731469e+02  8.000000e+00
     vertex  5.986250e+02  1.755817e+02  8.000000e+00
     vertex  5.973313e+02  1.751405e+02  8.000000e+00
   endloop
 endfacet
 facet normal  0.000000e+00  0.000000e+00  1.000000e+00
   outer loop
     vertex  6.007812e+02  1.746322e+02  8.000000e+00
     vertex  5.986250e+02  1.755817e+02  8.000000e+00
     vertex  6.003500e+02  1.728696e+02  8.000000e+00
   endloop
 endfacet
 facet normal  0.000000e+00  0.000000e+00  1.000000e+00
   outer loop
     vertex  5.947438e+02  1.686838e+02  8.000000e+00
     vertex  5.925875e+02  1.694253e+02  8.000000e+00
     vertex  5.934500e+02  1.680000e+02  8.000000e+00
   endloop
 endfacet
 facet normal  0.000000e+00  0.000000e+00  1.000000e+00
   outer loop
     vertex  5.947438e+02  1.686838e+02  8.000000e+00
     vertex  5.943125e+02  1.707583e+02  8.000000e+00
     vertex  5.925875e+02  1.694253e+02  8.000000e+00
   endloop
 endfacet
 facet normal  0.000000e+00  0.000000e+00  1.000000e+00
   outer loop
     vertex  5.947438e+02  1.686838e+02  8.000000e+00
     vertex  5.934500e+02  1.680000e+02  8.000000e+00
     vertex  5.943125e+02  1.666209e+02  8.000000e+00
   endloop
 endfacet
 facet normal -0.000000e+00  0.000000e+00  1.000000e+00
   outer loop
     vertex  5.973313e+02  1.712457e+02  8.000000e+00
     vertex  5.986250e+02  1.705272e+02  8.000000e+00
     vertex  5.994875e+02  1.717215e+02  8.000000e+00
   endloop
 endfacet
 facet normal  0.000000e+00 -0.000000e+00  1.000000e+00
   outer loop
     vertex  5.973313e+02  1.712457e+02  8.000000e+00
     vertex  5.977625e+02  1.731469e+02  8.000000e+00
     vertex  5.960375e+02  1.719988e+02  8.000000e+00
   endloop
 endfacet
 facet normal  0.000000e+00  0.000000e+00  1.000000e+00
   outer loop
     vertex  5.973313e+02  1.712457e+02  8.000000e+00
     vertex  5.994875e+02  1.717215e+02  8.000000e+00
     vertex  5.977625e+02  1.731469e+02  8.000000e+00
   endloop
 endfacet
 facet normal  0.000000e+00 -0.000000e+00  1.000000e+00
   outer loop
     vertex  5.969000e+02  1.706196e+02  8.000000e+00
     vertex  5.973313e+02  1.712457e+02  8.000000e+00
     vertex  5.960375e+02  1.719988e+02  8.000000e+00
   endloop
 endfacet
 facet normal  0.000000e+00  0.000000e+00  1.000000e+00
   outer loop
     vertex  5.969000e+02  1.706196e+02  8.000000e+00
     vertex  5.977625e+02  1.692867e+02  8.000000e+00
     vertex  5.986250e+02  1.705272e+02  8.000000e+00
   endloop
 endfacet
 facet normal -0.000000e+00  0.000000e+00  1.000000e+00
   outer loop
     vertex  5.969000e+02  1.706196e+02  8.000000e+00
     vertex  5.986250e+02  1.705272e+02  8.000000e+00
     vertex  5.973313e+02  1.712457e+02  8.000000e+00
   endloop
 endfacet
 facet normal  0.000000e+00 -0.000000e+00  1.000000e+00
   outer loop
     vertex  6.016438e+02  1.733224e+02  8.000000e+00
     vertex  6.029375e+02  1.737405e+02  8.000000e+00
     vertex  6.007812e+02  1.746322e+02  8.000000e+00
   endloop
 endfacet
 facet normal  0.000000e+00  0.000000e+00  1.000000e+00
   outer loop
     vertex  6.016438e+02  1.733224e+02  8.000000e+00
     vertex  6.007812e+02  1.746322e+02  8.000000e+00
     vertex  6.003500e+02  1.728696e+02  8.000000e+00
   endloop
 endfacet
 facet normal  0.000000e+00  0.000000e+00  1.000000e+00
   outer loop
     vertex  5.934500e+02  1.651955e+02  8.000000e+00
     vertex  5.925875e+02  1.637240e+02  8.000000e+00
     vertex  5.943125e+02  1.638626e+02  8.000000e+00
   endloop
 endfacet
 facet normal  0.000000e+00  0.000000e+00  1.000000e+00
   outer loop
     vertex  5.934500e+02  1.651955e+02  8.000000e+00
     vertex  5.951750e+02  1.652879e+02  8.000000e+00
     vertex  5.943125e+02  1.666209e+02  8.000000e+00
   endloop
 endfacet
 facet normal  0.000000e+00  0.000000e+00  1.000000e+00
   outer loop
     vertex  5.934500e+02  1.651955e+02  8.000000e+00
     vertex  5.917250e+02  1.651031e+02  8.000000e+00
     vertex  5.925875e+02  1.637240e+02  8.000000e+00
   endloop
 endfacet
 facet normal  0.000000e+00  0.000000e+00  1.000000e+00
   outer loop
     vertex  5.934500e+02  1.651955e+02  8.000000e+00
     vertex  5.930188e+02  1.658793e+02  8.000000e+00
     vertex  5.917250e+02  1.651031e+02  8.000000e+00
   endloop
 endfacet
 facet normal  0.000000e+00 -0.000000e+00  1.000000e+00
   outer loop
     vertex  5.934500e+02  1.651955e+02  8.000000e+00
     vertex  5.943125e+02  1.666209e+02  8.000000e+00
     vertex  5.930188e+02  1.658793e+02  8.000000e+00
   endloop
 endfacet
 facet normal -0.000000e+00  0.000000e+00  1.000000e+00
   outer loop
     vertex  5.934500e+02  1.651955e+02  8.000000e+00
     vertex  5.943125e+02  1.638626e+02  8.000000e+00
     vertex  5.951750e+02  1.652879e+02  8.000000e+00
   endloop
 endfacet
 facet normal  0.000000e+00  0.000000e+00  1.000000e+00
   outer loop
     vertex  5.956063e+02  1.673278e+02  8.000000e+00
     vertex  5.947438e+02  1.686838e+02  8.000000e+00
     vertex  5.943125e+02  1.666209e+02  8.000000e+00
   endloop
 endfacet
 facet normal  0.000000e+00 -0.000000e+00  1.000000e+00
   outer loop
     vertex  5.956063e+02  1.673278e+02  8.000000e+00
     vertex  5.969000e+02  1.680000e+02  8.000000e+00
     vertex  5.947438e+02  1.686838e+02  8.000000e+00
   endloop
 endfacet
 facet normal -0.000000e+00  0.000000e+00  1.000000e+00
   outer loop
     vertex  5.956063e+02  1.673278e+02  8.000000e+00
     vertex  5.960375e+02  1.666671e+02  8.000000e+00
     vertex  5.969000e+02  1.680000e+02  8.000000e+00
   endloop
 endfacet
 facet normal  0.000000e+00  0.000000e+00  1.000000e+00
   outer loop
     vertex  5.956063e+02  1.673278e+02  8.000000e+00
     vertex  5.943125e+02  1.666209e+02  8.000000e+00
     vertex  5.960375e+02  1.666671e+02  8.000000e+00
   endloop
 endfacet
 facet normal  0.000000e+00  0.000000e+00  1.000000e+00
   outer loop
     vertex  5.999188e+02  1.710724e+02  8.000000e+00
     vertex  5.994875e+02  1.717215e+02  8.000000e+00
     vertex  5.986250e+02  1.705272e+02  8.000000e+00
   endloop
 endfacet
 facet normal  0.000000e+00 -0.000000e+00  1.000000e+00
   outer loop
     vertex  5.999188e+02  1.710724e+02  8.000000e+00
     vertex  6.012125e+02  1.715829e+02  8.000000e+00
     vertex  5.994875e+02  1.717215e+02  8.000000e+00
   endloop
 endfacet
 facet normal -0.000000e+00  0.000000e+00  1.000000e+00
   outer loop
     vertex  5.999188e+02  1.710724e+02  8.000000e+00
     vertex  6.020750e+02  1.703424e+02  8.000000e+00
     vertex  6.012125e+02  1.715829e+02  8.000000e+00
   endloop
 endfacet
 facet normal  0.000000e+00  0.000000e+00  1.000000e+00
   outer loop
     vertex  5.917250e+02  1.622063e+02  8.000000e+00
     vertex  5.934500e+02  1.623911e+02  8.000000e+00
     vertex  5.925875e+02  1.637240e+02  8.000000e+00
   endloop
 endfacet
 facet normal  0.000000e+00  0.000000e+00  1.000000e+00
   outer loop
     vertex  5.917250e+02  1.622063e+02  8.000000e+00
     vertex  5.925875e+02  1.637240e+02  8.000000e+00
     vertex  5.917250e+02  1.651031e+02  8.000000e+00
   endloop
 endfacet
 facet normal  0.000000e+00 -0.000000e+00  1.000000e+00
   outer loop
     vertex  5.917250e+02  1.622063e+02  8.000000e+00
     vertex  5.917250e+02  1.651031e+02  8.000000e+00
     vertex  5.908625e+02  1.606423e+02  8.000000e+00
   endloop
 endfacet
 facet normal  0.000000e+00  0.000000e+00  1.000000e+00
   outer loop
     vertex  6.020750e+02  1.726848e+02  8.000000e+00
     vertex  6.003500e+02  1.728696e+02  8.000000e+00
     vertex  6.012125e+02  1.715829e+02  8.000000e+00
   endloop
 endfacet
 facet normal -0.000000e+00  0.000000e+00  1.000000e+00
   outer loop
     vertex  6.020750e+02  1.726848e+02  8.000000e+00
     vertex  6.020750e+02  1.703424e+02  8.000000e+00
     vertex  6.029375e+02  1.737405e+02  8.000000e+00
   endloop
 endfacet
 facet normal  0.000000e+00  0.000000e+00  1.000000e+00
   outer loop
     vertex  6.020750e+02  1.726848e+02  8.000000e+00
     vertex  6.016438e+02  1.733224e+02  8.000000e+00
     vertex  6.003500e+02  1.728696e+02  8.000000e+00
   endloop
 endfacet
 facet normal  0.000000e+00 -0.000000e+00  1.000000e+00
   outer loop
     vertex  6.020750e+02  1.726848e+02  8.000000e+00
     vertex  6.029375e+02  1.737405e+02  8.000000e+00
     vertex  6.016438e+02  1.733224e+02  8.000000e+00
   endloop
 endfacet
 facet normal  0.000000e+00  0.000000e+00  1.000000e+00
   outer loop
     vertex  6.020750e+02  1.726848e+02  8.000000e+00
     vertex  6.012125e+02  1.715829e+02  8.000000e+00
     vertex  6.020750e+02  1.703424e+02  8.000000e+00
   endloop
 endfacet
 facet normal  0.000000e+00  0.000000e+00  1.000000e+00
   outer loop
     vertex  5.921563e+02  1.615340e+02  8.000000e+00
     vertex  5.908625e+02  1.606423e+02  8.000000e+00
     vertex  5.917250e+02  1.593094e+02  8.000000e+00
   endloop
 endfacet
 facet normal  0.000000e+00  0.000000e+00  1.000000e+00
   outer loop
     vertex  5.921563e+02  1.615340e+02  8.000000e+00
     vertex  5.917250e+02  1.622063e+02  8.000000e+00
     vertex  5.908625e+02  1.606423e+02  8.000000e+00
   endloop
 endfacet
 facet normal  0.000000e+00 -0.000000e+00  1.000000e+00
   outer loop
     vertex  5.921563e+02  1.615340e+02  8.000000e+00
     vertex  5.934500e+02  1.623911e+02  8.000000e+00
     vertex  5.917250e+02  1.622063e+02  8.000000e+00
   endloop
 endfacet
 facet normal -0.000000e+00  0.000000e+00  1.000000e+00
   outer loop
     vertex  5.964688e+02  1.660179e+02  8.000000e+00
     vertex  5.986250e+02  1.654728e+02  8.000000e+00
     vertex  5.977625e+02  1.667133e+02  8.000000e+00
   endloop
 endfacet
 facet normal  0.000000e+00  0.000000e+00  1.000000e+00
   outer loop
     vertex  5.964688e+02  1.660179e+02  8.000000e+00
     vertex  5.960375e+02  1.666671e+02  8.000000e+00
     vertex  5.951750e+02  1.652879e+02  8.000000e+00
   endloop
 endfacet
 facet normal  0.000000e+00 -0.000000e+00  1.000000e+00
   outer loop
     vertex  5.964688e+02  1.660179e+02  8.000000e+00
     vertex  5.977625e+02  1.667133e+02  8.000000e+00
     vertex  5.960375e+02  1.666671e+02  8.000000e+00
   endloop
 endfacet
 facet normal -0.000000e+00  0.000000e+00  1.000000e+00
   outer loop
     vertex  5.994875e+02  1.680000e+02  8.000000e+00
     vertex  6.012125e+02  1.668057e+02  8.000000e+00
     vertex  5.999188e+02  1.686145e+02  8.000000e+00
   endloop
 endfacet
 facet normal  0.000000e+00 -0.000000e+00  1.000000e+00
   outer loop
     vertex  5.994875e+02  1.680000e+02  8.000000e+00
     vertex  5.999188e+02  1.686145e+02  8.000000e+00
     vertex  5.977625e+02  1.692867e+02  8.000000e+00
   endloop
 endfacet
 facet normal  0.000000e+00  0.000000e+00  1.000000e+00
   outer loop
     vertex  5.994875e+02  1.680000e+02  8.000000e+00
     vertex  5.977625e+02  1.692867e+02  8.000000e+00
     vertex  5.969000e+02  1.680000e+02  8.000000e+00
   endloop
 endfacet
 facet normal  0.000000e+00  0.000000e+00  1.000000e+00
   outer loop
     vertex  5.994875e+02  1.680000e+02  8.000000e+00
     vertex  5.969000e+02  1.680000e+02  8.000000e+00
     vertex  5.977625e+02  1.667133e+02  8.000000e+00
   endloop
 endfacet
 facet normal  0.000000e+00 -0.000000e+00  1.000000e+00
   outer loop
     vertex  5.960375e+02  1.640012e+02  8.000000e+00
     vertex  5.964688e+02  1.660179e+02  8.000000e+00
     vertex  5.951750e+02  1.652879e+02  8.000000e+00
   endloop
 endfacet
 facet normal  0.000000e+00  0.000000e+00  1.000000e+00
   outer loop
     vertex  5.960375e+02  1.640012e+02  8.000000e+00
     vertex  5.951750e+02  1.652879e+02  8.000000e+00
     vertex  5.943125e+02  1.638626e+02  8.000000e+00
   endloop
 endfacet
 facet normal  0.000000e+00  0.000000e+00  1.000000e+00
   outer loop
     vertex  5.930188e+02  1.602242e+02  8.000000e+00
     vertex  5.943125e+02  1.611044e+02  8.000000e+00
     vertex  5.934500e+02  1.623911e+02  8.000000e+00
   endloop
 endfacet
 facet normal  0.000000e+00  0.000000e+00  1.000000e+00
   outer loop
     vertex  5.930188e+02  1.602242e+02  8.000000e+00
     vertex  5.921563e+02  1.615340e+02  8.000000e+00
     vertex  5.917250e+02  1.593094e+02  8.000000e+00
   endloop
 endfacet
 facet normal  0.000000e+00 -0.000000e+00  1.000000e+00
   outer loop
     vertex  5.930188e+02  1.602242e+02  8.000000e+00
     vertex  5.934500e+02  1.623911e+02  8.000000e+00
     vertex  5.921563e+02  1.615340e+02  8.000000e+00
   endloop
 endfacet
 facet normal  0.000000e+00 -0.000000e+00  1.000000e+00
   outer loop
     vertex  5.956063e+02  1.632943e+02  8.000000e+00
     vertex  5.960375e+02  1.640012e+02  8.000000e+00
     vertex  5.943125e+02  1.638626e+02  8.000000e+00
   endloop
 endfacet
 facet normal -0.000000e+00  0.000000e+00  1.000000e+00
   outer loop
     vertex  5.956063e+02  1.632943e+02  8.000000e+00
     vertex  5.969000e+02  1.627607e+02  8.000000e+00
     vertex  5.960375e+02  1.640012e+02  8.000000e+00
   endloop
 endfacet
 facet normal  0.000000e+00  0.000000e+00  1.000000e+00
   outer loop
     vertex  5.956063e+02  1.632943e+02  8.000000e+00
     vertex  5.943125e+02  1.638626e+02  8.000000e+00
     vertex  5.934500e+02  1.623911e+02  8.000000e+00
   endloop
 endfacet
 facet normal  0.000000e+00  0.000000e+00  1.000000e+00
   outer loop
     vertex  5.912938e+02  1.570501e+02  8.000000e+00
     vertex  5.908625e+02  1.576992e+02  8.000000e+00
     vertex  5.900000e+02  1.560429e+02  8.000000e+00
   endloop
 endfacet
 facet normal  0.000000e+00 -0.000000e+00  1.000000e+00
   outer loop
     vertex  5.912938e+02  1.570501e+02  8.000000e+00
     vertex  5.925875e+02  1.580227e+02  8.000000e+00
     vertex  5.908625e+02  1.576992e+02  8.000000e+00
   endloop
 endfacet
 facet normal  0.000000e+00  0.000000e+00  1.000000e+00
   outer loop
     vertex  5.934500e+02  1.595866e+02  8.000000e+00
     vertex  5.917250e+02  1.593094e+02  8.000000e+00
     vertex  5.925875e+02  1.580227e+02  8.000000e+00
   endloop
 endfacet
 facet normal  0.000000e+00  0.000000e+00  1.000000e+00
   outer loop
     vertex  5.934500e+02  1.595866e+02  8.000000e+00
     vertex  5.930188e+02  1.602242e+02  8.000000e+00
     vertex  5.917250e+02  1.593094e+02  8.000000e+00
   endloop
 endfacet
 facet normal  0.000000e+00  0.000000e+00  1.000000e+00
   outer loop
     vertex  5.934500e+02  1.595866e+02  8.000000e+00
     vertex  5.951750e+02  1.598638e+02  8.000000e+00
     vertex  5.943125e+02  1.611044e+02  8.000000e+00
   endloop
 endfacet
 facet normal  0.000000e+00 -0.000000e+00  1.000000e+00
   outer loop
     vertex  5.934500e+02  1.595866e+02  8.000000e+00
     vertex  5.943125e+02  1.611044e+02  8.000000e+00
     vertex  5.930188e+02  1.602242e+02  8.000000e+00
   endloop
 endfacet
 facet normal  0.000000e+00  0.000000e+00  1.000000e+00
   outer loop
     vertex  5.956063e+02  1.619499e+02  8.000000e+00
     vertex  5.934500e+02  1.623911e+02  8.000000e+00
     vertex  5.943125e+02  1.611044e+02  8.000000e+00
   endloop
 endfacet
 facet normal  0.000000e+00  0.000000e+00  1.000000e+00
   outer loop
     vertex  5.956063e+02  1.619499e+02  8.000000e+00
     vertex  5.969000e+02  1.627607e+02  8.000000e+00
     vertex  5.956063e+02  1.632943e+02  8.000000e+00
   endloop
 endfacet
 facet normal  0.000000e+00 -0.000000e+00  1.000000e+00
   outer loop
     vertex  5.956063e+02  1.619499e+02  8.000000e+00
     vertex  5.956063e+02  1.632943e+02  8.000000e+00
     vertex  5.934500e+02  1.623911e+02  8.000000e+00
   endloop
 endfacet
 facet normal  0.000000e+00 -0.000000e+00  1.000000e+00
   outer loop
     vertex  5.977625e+02  1.641398e+02  8.000000e+00
     vertex  5.986250e+02  1.654728e+02  8.000000e+00
     vertex  5.964688e+02  1.660179e+02  8.000000e+00
   endloop
 endfacet
 facet normal  0.000000e+00  0.000000e+00  1.000000e+00
   outer loop
     vertex  5.977625e+02  1.641398e+02  8.000000e+00
     vertex  5.994875e+02  1.642785e+02  8.000000e+00
     vertex  5.986250e+02  1.654728e+02  8.000000e+00
   endloop
 endfacet
 facet normal  0.000000e+00  0.000000e+00  1.000000e+00
   outer loop
     vertex  5.977625e+02  1.641398e+02  8.000000e+00
     vertex  5.964688e+02  1.660179e+02  8.000000e+00
     vertex  5.960375e+02  1.640012e+02  8.000000e+00
   endloop
 endfacet
 facet normal  0.000000e+00  0.000000e+00  1.000000e+00
   outer loop
     vertex  5.977625e+02  1.641398e+02  8.000000e+00
     vertex  5.960375e+02  1.640012e+02  8.000000e+00
     vertex  5.969000e+02  1.627607e+02  8.000000e+00
   endloop
 endfacet
 facet normal  0.000000e+00  0.000000e+00  1.000000e+00
   outer loop
     vertex  5.999188e+02  1.661566e+02  8.000000e+00
     vertex  5.994875e+02  1.680000e+02  8.000000e+00
     vertex  5.977625e+02  1.667133e+02  8.000000e+00
   endloop
 endfacet
 facet normal  0.000000e+00 -0.000000e+00  1.000000e+00
   outer loop
     vertex  5.999188e+02  1.661566e+02  8.000000e+00
     vertex  6.012125e+02  1.668057e+02  8.000000e+00
     vertex  5.994875e+02  1.680000e+02  8.000000e+00
   endloop
 endfacet
 facet normal  0.000000e+00  0.000000e+00  1.000000e+00
   outer loop
     vertex  5.999188e+02  1.661566e+02  8.000000e+00
     vertex  5.977625e+02  1.667133e+02  8.000000e+00
     vertex  5.986250e+02  1.654728e+02  8.000000e+00
   endloop
 endfacet
 facet normal  0.000000e+00 -0.000000e+00  1.000000e+00
   outer loop
     vertex  5.938813e+02  1.589606e+02  8.000000e+00
     vertex  5.951750e+02  1.598638e+02  8.000000e+00
     vertex  5.934500e+02  1.595866e+02  8.000000e+00
   endloop
 endfacet
 facet normal  0.000000e+00  0.000000e+00  1.000000e+00
   outer loop
     vertex  5.938813e+02  1.589606e+02  8.000000e+00
     vertex  5.934500e+02  1.595866e+02  8.000000e+00
     vertex  5.925875e+02  1.580227e+02  8.000000e+00
   endloop
 endfacet
 facet normal  0.000000e+00  0.000000e+00  1.000000e+00
   outer loop
     vertex  5.960375e+02  1.613354e+02  8.000000e+00
     vertex  5.977625e+02  1.615664e+02  8.000000e+00
     vertex  5.969000e+02  1.627607e+02  8.000000e+00
   endloop
 endfacet
 facet normal  0.000000e+00 -0.000000e+00  1.000000e+00
   outer loop
     vertex  5.960375e+02  1.613354e+02  8.000000e+00
     vertex  5.969000e+02  1.627607e+02  8.000000e+00
     vertex  5.956063e+02  1.619499e+02  8.000000e+00
   endloop
 endfacet
 facet normal  0.000000e+00  0.000000e+00  1.000000e+00
   outer loop
     vertex  5.960375e+02  1.613354e+02  8.000000e+00
     vertex  5.956063e+02  1.619499e+02  8.000000e+00
     vertex  5.943125e+02  1.611044e+02  8.000000e+00
   endloop
 endfacet
 facet normal  0.000000e+00  0.000000e+00  1.000000e+00
   outer loop
     vertex  5.960375e+02  1.613354e+02  8.000000e+00
     vertex  5.943125e+02  1.611044e+02  8.000000e+00
     vertex  5.951750e+02  1.598638e+02  8.000000e+00
   endloop
 endfacet
 facet normal  0.000000e+00  0.000000e+00  1.000000e+00
   outer loop
     vertex  5.981938e+02  1.635369e+02  8.000000e+00
     vertex  5.977625e+02  1.641398e+02  8.000000e+00
     vertex  5.969000e+02  1.627607e+02  8.000000e+00
   endloop
 endfacet
 facet normal  0.000000e+00 -0.000000e+00  1.000000e+00
   outer loop
     vertex  5.981938e+02  1.635369e+02  8.000000e+00
     vertex  5.994875e+02  1.642785e+02  8.000000e+00
     vertex  5.977625e+02  1.641398e+02  8.000000e+00
   endloop
 endfacet
 facet normal  0.000000e+00 -0.000000e+00  1.000000e+00
   outer loop
     vertex  6.003500e+02  1.655652e+02  8.000000e+00
     vertex  6.012125e+02  1.668057e+02  8.000000e+00
     vertex  5.999188e+02  1.661566e+02  8.000000e+00
   endloop
 endfacet
 facet normal  0.000000e+00  0.000000e+00  1.000000e+00
   outer loop
     vertex  6.003500e+02  1.655652e+02  8.000000e+00
     vertex  5.986250e+02  1.654728e+02  8.000000e+00
     vertex  5.994875e+02  1.642785e+02  8.000000e+00
   endloop
 endfacet
 facet normal  0.000000e+00  0.000000e+00  1.000000e+00
   outer loop
     vertex  6.003500e+02  1.655652e+02  8.000000e+00
     vertex  5.999188e+02  1.661566e+02  8.000000e+00
     vertex  5.986250e+02  1.654728e+02  8.000000e+00
   endloop
 endfacet
 facet normal  0.000000e+00 -0.000000e+00  1.000000e+00
   outer loop
     vertex  5.964688e+02  1.607324e+02  8.000000e+00
     vertex  5.977625e+02  1.615664e+02  8.000000e+00
     vertex  5.960375e+02  1.613354e+02  8.000000e+00
   endloop
 endfacet
 facet normal  0.000000e+00  0.000000e+00  1.000000e+00
   outer loop
     vertex  5.964688e+02  1.607324e+02  8.000000e+00
     vertex  5.960375e+02  1.613354e+02  8.000000e+00
     vertex  5.951750e+02  1.598638e+02  8.000000e+00
   endloop
 endfacet
 facet normal  0.000000e+00  0.000000e+00  1.000000e+00
   outer loop
     vertex  5.986250e+02  1.629455e+02  8.000000e+00
     vertex  5.969000e+02  1.627607e+02  8.000000e+00
     vertex  5.977625e+02  1.615664e+02  8.000000e+00
   endloop
 endfacet
 facet normal  0.000000e+00  0.000000e+00  1.000000e+00
   outer loop
     vertex  5.986250e+02  1.629455e+02  8.000000e+00
     vertex  6.003500e+02  1.631304e+02  8.000000e+00
     vertex  5.994875e+02  1.642785e+02  8.000000e+00
   endloop
 endfacet
 facet normal  0.000000e+00  0.000000e+00  1.000000e+00
   outer loop
     vertex  5.986250e+02  1.629455e+02  8.000000e+00
     vertex  5.981938e+02  1.635369e+02  8.000000e+00
     vertex  5.969000e+02  1.627607e+02  8.000000e+00
   endloop
 endfacet
 facet normal  0.000000e+00 -0.000000e+00  1.000000e+00
   outer loop
     vertex  5.986250e+02  1.629455e+02  8.000000e+00
     vertex  5.994875e+02  1.642785e+02  8.000000e+00
     vertex  5.981938e+02  1.635369e+02  8.000000e+00
   endloop
 endfacet
 facet normal  0.000000e+00 -0.000000e+00  1.000000e+00
   outer loop
     vertex  5.947438e+02  1.577432e+02  8.000000e+00
     vertex  5.951750e+02  1.598638e+02  8.000000e+00
     vertex  5.938813e+02  1.589606e+02  8.000000e+00
   endloop
 endfacet
 facet normal  0.000000e+00 -0.000000e+00  1.000000e+00
   outer loop
     vertex  6.020750e+02  1.656576e+02  8.000000e+00
     vertex  6.020750e+02  1.703424e+02  8.000000e+00
     vertex  6.012125e+02  1.668057e+02  8.000000e+00
   endloop
 endfacet
 facet normal -0.000000e+00  0.000000e+00  1.000000e+00
   outer loop
     vertex  6.020750e+02  1.656576e+02  8.000000e+00
     vertex  6.029375e+02  1.645557e+02  8.000000e+00
     vertex  6.020750e+02  1.703424e+02  8.000000e+00
   endloop
 endfacet
 facet normal  0.000000e+00  0.000000e+00  1.000000e+00
   outer loop
     vertex  6.020750e+02  1.656576e+02  8.000000e+00
     vertex  6.012125e+02  1.668057e+02  8.000000e+00
     vertex  6.003500e+02  1.655652e+02  8.000000e+00
   endloop
 endfacet
 facet normal  0.000000e+00  0.000000e+00  1.000000e+00
   outer loop
     vertex  5.990563e+02  1.623657e+02  8.000000e+00
     vertex  5.986250e+02  1.629455e+02  8.000000e+00
     vertex  5.977625e+02  1.615664e+02  8.000000e+00
   endloop
 endfacet
 facet normal  0.000000e+00 -0.000000e+00  1.000000e+00
   outer loop
     vertex  5.990563e+02  1.623657e+02  8.000000e+00
     vertex  6.003500e+02  1.631304e+02  8.000000e+00
     vertex  5.986250e+02  1.629455e+02  8.000000e+00
   endloop
 endfacet
 facet normal -0.000000e+00  0.000000e+00  1.000000e+00
   outer loop
     vertex  5.990563e+02  1.623657e+02  8.000000e+00
     vertex  6.012125e+02  1.620285e+02  8.000000e+00
     vertex  6.003500e+02  1.631304e+02  8.000000e+00
   endloop
 endfacet
 facet normal  0.000000e+00 -0.000000e+00  1.000000e+00
   outer loop
     vertex  5.973313e+02  1.595612e+02  8.000000e+00
     vertex  5.977625e+02  1.615664e+02  8.000000e+00
     vertex  5.964688e+02  1.607324e+02  8.000000e+00
   endloop
 endfacet
 facet normal  0.000000e+00  0.000000e+00  1.000000e+00
   outer loop
     vertex  6.016438e+02  1.638604e+02  8.000000e+00
     vertex  5.994875e+02  1.642785e+02  8.000000e+00
     vertex  6.003500e+02  1.631304e+02  8.000000e+00
   endloop
 endfacet
 facet normal  0.000000e+00  0.000000e+00  1.000000e+00
   outer loop
     vertex  6.016438e+02  1.638604e+02  8.000000e+00
     vertex  6.003500e+02  1.655652e+02  8.000000e+00
     vertex  5.994875e+02  1.642785e+02  8.000000e+00
   endloop
 endfacet
 facet normal  0.000000e+00  0.000000e+00  1.000000e+00
   outer loop
     vertex  6.016438e+02  1.638604e+02  8.000000e+00
     vertex  6.029375e+02  1.645557e+02  8.000000e+00
     vertex  6.020750e+02  1.656576e+02  8.000000e+00
   endloop
 endfacet
 facet normal  0.000000e+00 -0.000000e+00  1.000000e+00
   outer loop
     vertex  6.016438e+02  1.638604e+02  8.000000e+00
     vertex  6.020750e+02  1.656576e+02  8.000000e+00
     vertex  6.003500e+02  1.655652e+02  8.000000e+00
   endloop
 endfacet
 facet normal  0.000000e+00 -0.000000e+00  1.000000e+00
   outer loop
     vertex  5.986250e+02  1.604183e+02  8.000000e+00
     vertex  5.990563e+02  1.623657e+02  8.000000e+00
     vertex  5.977625e+02  1.615664e+02  8.000000e+00
   endloop
 endfacet
 facet normal  0.000000e+00  0.000000e+00  1.000000e+00
   outer loop
     vertex  5.986250e+02  1.604183e+02  8.000000e+00
     vertex  5.973313e+02  1.595612e+02  8.000000e+00
     vertex  5.994875e+02  1.593164e+02  8.000000e+00
   endloop
 endfacet
 facet normal  0.000000e+00  0.000000e+00  1.000000e+00
   outer loop
     vertex  5.986250e+02  1.604183e+02  8.000000e+00
     vertex  5.977625e+02  1.615664e+02  8.000000e+00
     vertex  5.973313e+02  1.595612e+02  8.000000e+00
   endloop
 endfacet
 facet normal  0.000000e+00  0.000000e+00  1.000000e+00
   outer loop
     vertex  6.020750e+02  1.633152e+02  8.000000e+00
     vertex  6.012125e+02  1.620285e+02  8.000000e+00
     vertex  6.020750e+02  1.609728e+02  8.000000e+00
   endloop
 endfacet
 facet normal -0.000000e+00  0.000000e+00  1.000000e+00
   outer loop
     vertex  6.020750e+02  1.633152e+02  8.000000e+00
     vertex  6.029375e+02  1.599633e+02  8.000000e+00
     vertex  6.029375e+02  1.645557e+02  8.000000e+00
   endloop
 endfacet
 facet normal  0.000000e+00  0.000000e+00  1.000000e+00
   outer loop
     vertex  6.020750e+02  1.633152e+02  8.000000e+00
     vertex  6.020750e+02  1.609728e+02  8.000000e+00
     vertex  6.029375e+02  1.599633e+02  8.000000e+00
   endloop
 endfacet
 facet normal  0.000000e+00  0.000000e+00  1.000000e+00
   outer loop
     vertex  6.020750e+02  1.633152e+02  8.000000e+00
     vertex  6.003500e+02  1.631304e+02  8.000000e+00
     vertex  6.012125e+02  1.620285e+02  8.000000e+00
   endloop
 endfacet
 facet normal  0.000000e+00  0.000000e+00  1.000000e+00
   outer loop
     vertex  6.020750e+02  1.633152e+02  8.000000e+00
     vertex  6.016438e+02  1.638604e+02  8.000000e+00
     vertex  6.003500e+02  1.631304e+02  8.000000e+00
   endloop
 endfacet
 facet normal  0.000000e+00 -0.000000e+00  1.000000e+00
   outer loop
     vertex  6.020750e+02  1.633152e+02  8.000000e+00
     vertex  6.029375e+02  1.645557e+02  8.000000e+00
     vertex  6.016438e+02  1.638604e+02  8.000000e+00
   endloop
 endfacet
 facet normal  0.000000e+00  0.000000e+00  1.000000e+00
   outer loop
     vertex  6.003500e+02  1.606955e+02  8.000000e+00
     vertex  6.020750e+02  1.609728e+02  8.000000e+00
     vertex  6.012125e+02  1.620285e+02  8.000000e+00
   endloop
 endfacet
 facet normal  0.000000e+00  0.000000e+00  1.000000e+00
   outer loop
     vertex  6.003500e+02  1.606955e+02  8.000000e+00
     vertex  5.990563e+02  1.623657e+02  8.000000e+00
     vertex  5.986250e+02  1.604183e+02  8.000000e+00
   endloop
 endfacet
 facet normal  0.000000e+00 -0.000000e+00  1.000000e+00
   outer loop
     vertex  6.003500e+02  1.606955e+02  8.000000e+00
     vertex  6.012125e+02  1.620285e+02  8.000000e+00
     vertex  5.990563e+02  1.623657e+02  8.000000e+00
   endloop
 endfacet
 facet normal  0.000000e+00  0.000000e+00  1.000000e+00
   outer loop
     vertex  6.003500e+02  1.606955e+02  8.000000e+00
     vertex  5.986250e+02  1.604183e+02  8.000000e+00
     vertex  5.994875e+02  1.593164e+02  8.000000e+00
   endloop
 endfacet
 facet normal  0.000000e+00 -0.000000e+00  1.000000e+00
   outer loop
     vertex  6.007812e+02  1.601619e+02  8.000000e+00
     vertex  6.020750e+02  1.609728e+02  8.000000e+00
     vertex  6.003500e+02  1.606955e+02  8.000000e+00
   endloop
 endfacet
 facet normal  0.000000e+00  0.000000e+00  1.000000e+00
   outer loop
     vertex  6.007812e+02  1.601619e+02  8.000000e+00
     vertex  6.003500e+02  1.606955e+02  8.000000e+00
     vertex  5.994875e+02  1.593164e+02  8.000000e+00
   endloop
 endfacet
 facet normal -0.000000e+00  0.000000e+00  1.000000e+00
   outer loop
     vertex  6.016438e+02  1.591293e+02  8.000000e+00
     vertex  6.038000e+02  1.590000e+02  8.000000e+00
     vertex  6.029375e+02  1.599633e+02  8.000000e+00
   endloop
 endfacet
 facet normal  0.000000e+00  0.000000e+00  1.000000e+00
   outer loop
     vertex  6.016438e+02  1.591293e+02  8.000000e+00
     vertex  6.029375e+02  1.599633e+02  8.000000e+00
     vertex  6.020750e+02  1.609728e+02  8.000000e+00
   endloop
 endfacet
 facet normal  0.000000e+00 -0.000000e+00  1.000000e+00
   outer loop
     vertex  6.016438e+02  1.591293e+02  8.000000e+00
     vertex  6.020750e+02  1.609728e+02  8.000000e+00
     vertex  6.007812e+02  1.601619e+02  8.000000e+00
   endloop
 endfacet
 facet normal  0.000000e+00  0.000000e+00  1.000000e+00
   outer loop
     vertex  6.016438e+02  1.591293e+02  8.000000e+00
     vertex  6.007812e+02  1.601619e+02  8.000000e+00
     vertex  5.994875e+02  1.593164e+02  8.000000e+00
   endloop
 endfacet
 facet normal  0.000000e+00  0.000000e+00  1.000000e+00
   outer loop
     vertex  5.945281e+02  1.786435e+02  8.000000e+00
     vertex  5.900000e+02  1.799571e+02  8.000000e+00
     vertex  5.921562e+02  1.787766e+02  8.000000e+00
   endloop
 endfacet
 facet normal  0.000000e+00  0.000000e+00  1.000000e+00
   outer loop
     vertex  5.945281e+02  1.786435e+02  8.000000e+00
     vertex  5.921562e+02  1.787766e+02  8.000000e+00
     vertex  5.943125e+02  1.776539e+02  8.000000e+00
   endloop
 endfacet
 facet normal  0.000000e+00  0.000000e+00  1.000000e+00
   outer loop
     vertex  5.966844e+02  1.775381e+02  8.000000e+00
     vertex  5.943125e+02  1.776539e+02  8.000000e+00
     vertex  5.964688e+02  1.765889e+02  8.000000e+00
   endloop
 endfacet
 facet normal  0.000000e+00  0.000000e+00  1.000000e+00
   outer loop
     vertex  5.966844e+02  1.775381e+02  8.000000e+00
     vertex  5.945281e+02  1.786435e+02  8.000000e+00
     vertex  5.943125e+02  1.776539e+02  8.000000e+00
   endloop
 endfacet
 facet normal -0.000000e+00  0.000000e+00  1.000000e+00
   outer loop
     vertex  5.977625e+02  1.770070e+02  8.000000e+00
     vertex  5.986250e+02  1.755817e+02  8.000000e+00
     vertex  5.990562e+02  1.773905e+02  8.000000e+00
   endloop
 endfacet
 facet normal  0.000000e+00  0.000000e+00  1.000000e+00
   outer loop
     vertex  5.977625e+02  1.770070e+02  8.000000e+00
     vertex  5.964688e+02  1.765889e+02  8.000000e+00
     vertex  5.973313e+02  1.751405e+02  8.000000e+00
   endloop
 endfacet
 facet normal  0.000000e+00  0.000000e+00  1.000000e+00
   outer loop
     vertex  5.977625e+02  1.770070e+02  8.000000e+00
     vertex  5.973313e+02  1.751405e+02  8.000000e+00
     vertex  5.986250e+02  1.755817e+02  8.000000e+00
   endloop
 endfacet
 facet normal  0.000000e+00  0.000000e+00  1.000000e+00
   outer loop
     vertex  5.977625e+02  1.770070e+02  8.000000e+00
     vertex  5.966844e+02  1.775381e+02  8.000000e+00
     vertex  5.964688e+02  1.765889e+02  8.000000e+00
   endloop
 endfacet
 facet normal  0.000000e+00 -0.000000e+00  1.000000e+00
   outer loop
     vertex  5.930188e+02  1.722414e+02  8.000000e+00
     vertex  5.934500e+02  1.736089e+02  8.000000e+00
     vertex  5.917250e+02  1.737937e+02  8.000000e+00
   endloop
 endfacet
 facet normal  0.000000e+00  0.000000e+00  1.000000e+00
   outer loop
     vertex  5.930188e+02  1.722414e+02  8.000000e+00
     vertex  5.947438e+02  1.727865e+02  8.000000e+00
     vertex  5.934500e+02  1.736089e+02  8.000000e+00
   endloop
 endfacet
 facet normal  0.000000e+00  0.000000e+00  1.000000e+00
   outer loop
     vertex  5.930188e+02  1.722414e+02  8.000000e+00
     vertex  5.925875e+02  1.694253e+02  8.000000e+00
     vertex  5.943125e+02  1.707583e+02  8.000000e+00
   endloop
 endfacet
 facet normal  0.000000e+00  0.000000e+00  1.000000e+00
   outer loop
     vertex  5.930188e+02  1.722414e+02  8.000000e+00
     vertex  5.917250e+02  1.737937e+02  8.000000e+00
     vertex  5.925875e+02  1.694253e+02  8.000000e+00
   endloop
 endfacet
 facet normal -0.000000e+00  0.000000e+00  1.000000e+00
   outer loop
     vertex  5.930188e+02  1.722414e+02  8.000000e+00
     vertex  5.943125e+02  1.707583e+02  8.000000e+00
     vertex  5.947438e+02  1.727865e+02  8.000000e+00
   endloop
 endfacet
 facet normal  0.000000e+00 -0.000000e+00  1.000000e+00
   outer loop
     vertex  5.999188e+02  1.759883e+02  8.000000e+00
     vertex  6.014281e+02  1.772111e+02  8.000000e+00
     vertex  5.990562e+02  1.773905e+02  8.000000e+00
   endloop
 endfacet
 facet normal  0.000000e+00  0.000000e+00  1.000000e+00
   outer loop
     vertex  5.999188e+02  1.759883e+02  8.000000e+00
     vertex  5.990562e+02  1.773905e+02  8.000000e+00
     vertex  5.986250e+02  1.755817e+02  8.000000e+00
   endloop
 endfacet
 facet normal  0.000000e+00  0.000000e+00  1.000000e+00
   outer loop
     vertex  5.999188e+02  1.759883e+02  8.000000e+00
     vertex  5.986250e+02  1.755817e+02  8.000000e+00
     vertex  6.007812e+02  1.746322e+02  8.000000e+00
   endloop
 endfacet
 facet normal  0.000000e+00  0.000000e+00  1.000000e+00
   outer loop
     vertex  6.022906e+02  1.758667e+02  8.000000e+00
     vertex  6.014281e+02  1.772111e+02  8.000000e+00
     vertex  5.999188e+02  1.759883e+02  8.000000e+00
   endloop
 endfacet
 facet normal  0.000000e+00  0.000000e+00  1.000000e+00
   outer loop
     vertex  6.022906e+02  1.758667e+02  8.000000e+00
     vertex  6.007812e+02  1.746322e+02  8.000000e+00
     vertex  6.029375e+02  1.737405e+02  8.000000e+00
   endloop
 endfacet
 facet normal  0.000000e+00  0.000000e+00  1.000000e+00
   outer loop
     vertex  6.022906e+02  1.758667e+02  8.000000e+00
     vertex  5.999188e+02  1.759883e+02  8.000000e+00
     vertex  6.007812e+02  1.746322e+02  8.000000e+00
   endloop
 endfacet
 facet normal  0.000000e+00 -0.000000e+00  1.000000e+00
   outer loop
     vertex  5.925875e+02  1.665747e+02  8.000000e+00
     vertex  5.934500e+02  1.680000e+02  8.000000e+00
     vertex  5.925875e+02  1.694253e+02  8.000000e+00
   endloop
 endfacet
 facet normal  0.000000e+00  0.000000e+00  1.000000e+00
   outer loop
     vertex  5.925875e+02  1.665747e+02  8.000000e+00
     vertex  5.925875e+02  1.694253e+02  8.000000e+00
     vertex  5.917250e+02  1.651031e+02  8.000000e+00
   endloop
 endfacet
 facet normal  0.000000e+00  0.000000e+00  1.000000e+00
   outer loop
     vertex  5.925875e+02  1.665747e+02  8.000000e+00
     vertex  5.943125e+02  1.666209e+02  8.000000e+00
     vertex  5.934500e+02  1.680000e+02  8.000000e+00
   endloop
 endfacet
 facet normal  0.000000e+00  0.000000e+00  1.000000e+00
   outer loop
     vertex  5.925875e+02  1.665747e+02  8.000000e+00
     vertex  5.917250e+02  1.651031e+02  8.000000e+00
     vertex  5.930188e+02  1.658793e+02  8.000000e+00
   endloop
 endfacet
 facet normal -0.000000e+00  0.000000e+00  1.000000e+00
   outer loop
     vertex  5.925875e+02  1.665747e+02  8.000000e+00
     vertex  5.930188e+02  1.658793e+02  8.000000e+00
     vertex  5.943125e+02  1.666209e+02  8.000000e+00
   endloop
 endfacet
 facet normal  0.000000e+00 -0.000000e+00  1.000000e+00
   outer loop
     vertex  5.958219e+02  1.696734e+02  8.000000e+00
     vertex  5.960375e+02  1.719988e+02  8.000000e+00
     vertex  5.943125e+02  1.707583e+02  8.000000e+00
   endloop
 endfacet
 facet normal  0.000000e+00  0.000000e+00  1.000000e+00
   outer loop
     vertex  5.958219e+02  1.696734e+02  8.000000e+00
     vertex  5.969000e+02  1.706196e+02  8.000000e+00
     vertex  5.960375e+02  1.719988e+02  8.000000e+00
   endloop
 endfacet
 facet normal  0.000000e+00  0.000000e+00  1.000000e+00
   outer loop
     vertex  5.958219e+02  1.696734e+02  8.000000e+00
     vertex  5.943125e+02  1.707583e+02  8.000000e+00
     vertex  5.947438e+02  1.686838e+02  8.000000e+00
   endloop
 endfacet
 facet normal -0.000000e+00  0.000000e+00  1.000000e+00
   outer loop
     vertex  5.958219e+02  1.696734e+02  8.000000e+00
     vertex  5.977625e+02  1.692867e+02  8.000000e+00
     vertex  5.969000e+02  1.706196e+02  8.000000e+00
   endloop
 endfacet
 facet normal  0.000000e+00  0.000000e+00  1.000000e+00
   outer loop
     vertex  5.958219e+02  1.696734e+02  8.000000e+00
     vertex  5.947438e+02  1.686838e+02  8.000000e+00
     vertex  5.969000e+02  1.680000e+02  8.000000e+00
   endloop
 endfacet
 facet normal  0.000000e+00  0.000000e+00  1.000000e+00
   outer loop
     vertex  5.958219e+02  1.696734e+02  8.000000e+00
     vertex  5.969000e+02  1.680000e+02  8.000000e+00
     vertex  5.977625e+02  1.692867e+02  8.000000e+00
   endloop
 endfacet
 facet normal  0.000000e+00  0.000000e+00  1.000000e+00
   outer loop
     vertex  6.009969e+02  1.695001e+02  8.000000e+00
     vertex  5.999188e+02  1.686145e+02  8.000000e+00
     vertex  6.012125e+02  1.668057e+02  8.000000e+00
   endloop
 endfacet
 facet normal -0.000000e+00  0.000000e+00  1.000000e+00
   outer loop
     vertex  6.009969e+02  1.695001e+02  8.000000e+00
     vertex  6.012125e+02  1.668057e+02  8.000000e+00
     vertex  6.020750e+02  1.703424e+02  8.000000e+00
   endloop
 endfacet
 facet normal  0.000000e+00 -0.000000e+00  1.000000e+00
   outer loop
     vertex  6.009969e+02  1.695001e+02  8.000000e+00
     vertex  6.020750e+02  1.703424e+02  8.000000e+00
     vertex  5.999188e+02  1.710724e+02  8.000000e+00
   endloop
 endfacet
 facet normal  0.000000e+00  0.000000e+00  1.000000e+00
   outer loop
     vertex  5.960375e+02  1.586695e+02  8.000000e+00
     vertex  5.951750e+02  1.598638e+02  8.000000e+00
     vertex  5.947438e+02  1.577432e+02  8.000000e+00
   endloop
 endfacet
 facet normal  0.000000e+00 -0.000000e+00  1.000000e+00
   outer loop
     vertex  5.960375e+02  1.586695e+02  8.000000e+00
     vertex  5.964688e+02  1.607324e+02  8.000000e+00
     vertex  5.951750e+02  1.598638e+02  8.000000e+00
   endloop
 endfacet
 facet normal  0.000000e+00  0.000000e+00  1.000000e+00
   outer loop
     vertex  5.960375e+02  1.586695e+02  8.000000e+00
     vertex  5.973313e+02  1.595612e+02  8.000000e+00
     vertex  5.964688e+02  1.607324e+02  8.000000e+00
   endloop
 endfacet
 facet normal  0.000000e+00 -0.000000e+00  1.000000e+00
   outer loop
     vertex  5.971156e+02  1.585457e+02  8.000000e+00
     vertex  5.973313e+02  1.595612e+02  8.000000e+00
     vertex  5.960375e+02  1.586695e+02  8.000000e+00
   endloop
 endfacet
 facet normal  0.000000e+00  0.000000e+00  1.000000e+00
   outer loop
     vertex  5.971156e+02  1.585457e+02  8.000000e+00
     vertex  5.994875e+02  1.593164e+02  8.000000e+00
     vertex  5.973313e+02  1.595612e+02  8.000000e+00
   endloop
 endfacet
 facet normal  0.000000e+00  0.000000e+00  1.000000e+00
   outer loop
     vertex  5.992719e+02  1.583413e+02  8.000000e+00
     vertex  6.016438e+02  1.591293e+02  8.000000e+00
     vertex  5.994875e+02  1.593164e+02  8.000000e+00
   endloop
 endfacet
 facet normal  0.000000e+00 -0.000000e+00  1.000000e+00
   outer loop
     vertex  5.992719e+02  1.583413e+02  8.000000e+00
     vertex  5.994875e+02  1.593164e+02  8.000000e+00
     vertex  5.971156e+02  1.585457e+02  8.000000e+00
   endloop
 endfacet
 facet normal  0.000000e+00  0.000000e+00  1.000000e+00
   outer loop
     vertex  5.992719e+02  1.583413e+02  8.000000e+00
     vertex  6.038000e+02  1.590000e+02  8.000000e+00
     vertex  6.016438e+02  1.591293e+02  8.000000e+00
   endloop
 endfacet
 facet normal -0.000000e+00 -0.000000e+00  1.000000e+00
   outer loop
     vertex  5.991641e+02  1.778373e+02  8.000000e+00
     vertex  6.038000e+02  1.770000e+02  8.000000e+00
     vertex  5.900000e+02  1.799571e+02  8.000000e+00
   endloop
 endfacet
 facet normal  0.000000e+00  0.000000e+00  1.000000e+00
   outer loop
     vertex  5.991641e+02  1.778373e+02  8.000000e+00
     vertex  5.990562e+02  1.773905e+02  8.000000e+00
     vertex  6.014281e+02  1.772111e+02  8.000000e+00
   endloop
 endfacet
 facet normal  0.000000e+00  0.000000e+00  1.000000e+00
   outer loop
     vertex  5.991641e+02  1.778373e+02  8.000000e+00
     vertex  5.900000e+02  1.799571e+02  8.000000e+00
     vertex  5.945281e+02  1.786435e+02  8.000000e+00
   endloop
 endfacet
 facet normal  0.000000e+00  0.000000e+00  1.000000e+00
   outer loop
     vertex  5.991641e+02  1.778373e+02  8.000000e+00
     vertex  6.014281e+02  1.772111e+02  8.000000e+00
     vertex  6.038000e+02  1.770000e+02  8.000000e+00
   endloop
 endfacet
 facet normal  0.000000e+00  0.000000e+00  1.000000e+00
   outer loop
     vertex  6.030453e+02  1.764460e+02  8.000000e+00
     vertex  6.022906e+02  1.758667e+02  8.000000e+00
     vertex  6.029375e+02  1.737405e+02  8.000000e+00
   endloop
 endfacet
 facet normal -0.000000e+00  0.000000e+00  1.000000e+00
   outer loop
     vertex  6.030453e+02  1.764460e+02  8.000000e+00
     vertex  6.029375e+02  1.737405e+02  8.000000e+00
     vertex  6.038000e+02  1.770000e+02  8.000000e+00
   endloop
 endfacet
 facet normal  0.000000e+00  0.000000e+00  1.000000e+00
   outer loop
     vertex  6.030453e+02  1.764460e+02  8.000000e+00
     vertex  6.014281e+02  1.772111e+02  8.000000e+00
     vertex  6.022906e+02  1.758667e+02  8.000000e+00
   endloop
 endfacet
 facet normal  0.000000e+00 -0.000000e+00  1.000000e+00
   outer loop
     vertex  6.030453e+02  1.764460e+02  8.000000e+00
     vertex  6.038000e+02  1.770000e+02  8.000000e+00
     vertex  6.014281e+02  1.772111e+02  8.000000e+00
   endloop
 endfacet
 facet normal  0.000000e+00  0.000000e+00  1.000000e+00
   outer loop
     vertex  5.998109e+02  1.700018e+02  8.000000e+00
     vertex  5.977625e+02  1.692867e+02  8.000000e+00
     vertex  5.999188e+02  1.686145e+02  8.000000e+00
   endloop
 endfacet
 facet normal  0.000000e+00  0.000000e+00  1.000000e+00
   outer loop
     vertex  5.998109e+02  1.700018e+02  8.000000e+00
     vertex  5.986250e+02  1.705272e+02  8.000000e+00
     vertex  5.977625e+02  1.692867e+02  8.000000e+00
   endloop
 endfacet
 facet normal  0.000000e+00  0.000000e+00  1.000000e+00
   outer loop
     vertex  5.998109e+02  1.700018e+02  8.000000e+00
     vertex  5.999188e+02  1.686145e+02  8.000000e+00
     vertex  6.009969e+02  1.695001e+02  8.000000e+00
   endloop
 endfacet
 facet normal -0.000000e+00  0.000000e+00  1.000000e+00
   outer loop
     vertex  5.998109e+02  1.700018e+02  8.000000e+00
     vertex  6.009969e+02  1.695001e+02  8.000000e+00
     vertex  5.999188e+02  1.710724e+02  8.000000e+00
   endloop
 endfacet
 facet normal  0.000000e+00 -0.000000e+00  1.000000e+00
   outer loop
     vertex  5.998109e+02  1.700018e+02  8.000000e+00
     vertex  5.999188e+02  1.710724e+02  8.000000e+00
     vertex  5.986250e+02  1.705272e+02  8.000000e+00
   endloop
 endfacet
 facet normal -0.000000e+00  0.000000e+00  1.000000e+00
   outer loop
     vertex  5.946359e+02  1.572076e+02  8.000000e+00
     vertex  5.900000e+02  1.560429e+02  8.000000e+00
     vertex  6.038000e+02  1.590000e+02  8.000000e+00
   endloop
 endfacet
 facet normal  0.000000e+00  0.000000e+00  1.000000e+00
   outer loop
     vertex  5.946359e+02  1.572076e+02  8.000000e+00
     vertex  6.038000e+02  1.590000e+02  8.000000e+00
     vertex  5.992719e+02  1.583413e+02  8.000000e+00
   endloop
 endfacet
 facet normal  0.000000e+00  0.000000e+00  1.000000e+00
   outer loop
     vertex  5.946359e+02  1.572076e+02  8.000000e+00
     vertex  5.971156e+02  1.585457e+02  8.000000e+00
     vertex  5.960375e+02  1.586695e+02  8.000000e+00
   endloop
 endfacet
 facet normal  0.000000e+00  0.000000e+00  1.000000e+00
   outer loop
     vertex  5.946359e+02  1.572076e+02  8.000000e+00
     vertex  5.992719e+02  1.583413e+02  8.000000e+00
     vertex  5.971156e+02  1.585457e+02  8.000000e+00
   endloop
 endfacet
 facet normal  0.000000e+00  0.000000e+00  1.000000e+00
   outer loop
     vertex  5.946359e+02  1.572076e+02  8.000000e+00
     vertex  5.912938e+02  1.570501e+02  8.000000e+00
     vertex  5.900000e+02  1.560429e+02  8.000000e+00
   endloop
 endfacet
 facet normal  0.000000e+00  0.000000e+00  1.000000e+00
   outer loop
     vertex  5.946359e+02  1.572076e+02  8.000000e+00
     vertex  5.960375e+02  1.586695e+02  8.000000e+00
     vertex  5.947438e+02  1.577432e+02  8.000000e+00
   endloop
 endfacet
 facet normal  0.000000e+00 -0.000000e+00  1.000000e+00
   outer loop
     vertex  5.979242e+02  1.776981e+02  8.000000e+00
     vertex  5.991641e+02  1.778373e+02  8.000000e+00
     vertex  5.945281e+02  1.786435e+02  8.000000e+00
   endloop
 endfacet
 facet normal  0.000000e+00  0.000000e+00  1.000000e+00
   outer loop
     vertex  5.979242e+02  1.776981e+02  8.000000e+00
     vertex  5.977625e+02  1.770070e+02  8.000000e+00
     vertex  5.990562e+02  1.773905e+02  8.000000e+00
   endloop
 endfacet
 facet normal -0.000000e+00  0.000000e+00  1.000000e+00
   outer loop
     vertex  5.979242e+02  1.776981e+02  8.000000e+00
     vertex  5.990562e+02  1.773905e+02  8.000000e+00
     vertex  5.991641e+02  1.778373e+02  8.000000e+00
   endloop
 endfacet
 facet normal  0.000000e+00  0.000000e+00  1.000000e+00
   outer loop
     vertex  5.979242e+02  1.776981e+02  8.000000e+00
     vertex  5.945281e+02  1.786435e+02  8.000000e+00
     vertex  5.966844e+02  1.775381e+02  8.000000e+00
   endloop
 endfacet
 facet normal  0.000000e+00  0.000000e+00  1.000000e+00
   outer loop
     vertex  5.979242e+02  1.776981e+02  8.000000e+00
     vertex  5.966844e+02  1.775381e+02  8.000000e+00
     vertex  5.977625e+02  1.770070e+02  8.000000e+00
   endloop
 endfacet
 facet normal  0.000000e+00  0.000000e+00  1.000000e+00
   outer loop
     vertex  5.936117e+02  1.576031e+02  8.000000e+00
     vertex  5.925875e+02  1.580227e+02  8.000000e+00
     vertex  5.912938e+02  1.570501e+02  8.000000e+00
   endloop
 endfacet
 facet normal  0.000000e+00  0.000000e+00  1.000000e+00
   outer loop
     vertex  5.936117e+02  1.576031e+02  8.000000e+00
     vertex  5.912938e+02  1.570501e+02  8.000000e+00
     vertex  5.946359e+02  1.572076e+02  8.000000e+00
   endloop
 endfacet
 facet normal -0.000000e+00  0.000000e+00  1.000000e+00
   outer loop
     vertex  5.936117e+02  1.576031e+02  8.000000e+00
     vertex  5.946359e+02  1.572076e+02  8.000000e+00
     vertex  5.947438e+02  1.577432e+02  8.000000e+00
   endloop
 endfacet
 facet normal  0.000000e+00 -0.000000e+00  1.000000e+00
   outer loop
     vertex  5.936117e+02  1.576031e+02  8.000000e+00
     vertex  5.938813e+02  1.589606e+02  8.000000e+00
     vertex  5.925875e+02  1.580227e+02  8.000000e+00
   endloop
 endfacet
 facet normal  0.000000e+00  0.000000e+00  1.000000e+00
   outer loop
     vertex  5.936117e+02  1.576031e+02  8.000000e+00
     vertex  5.947438e+02  1.577432e+02  8.000000e+00
     vertex  5.938813e+02  1.589606e+02  8.000000e+00
   endloop
 endfacet
 facet normal  1.967213e-01 -9.180328e-01  3.442623e-01
   outer loop
     vertex  6.038000e+02  1.590000e+02  8.000000e+00
     vertex  5.900000e+02  1.560429e+02  8.000000e+00
     vertex  5.900000e+02  1.530429e+02  0.000000e+00
   endloop
 endfacet
 facet normal  1.967213e-01 -9.180328e-01  3.442623e-01
   outer loop
     vertex  6.038000e+02  1.560000e+02  0.000000e+00
     vertex  6.038000e+02  1.590000e+02  8.000000e+00
     vertex  5.900000e+02  1.530429e+02  0.000000e+00
   endloop
 endfacet
 facet normal  1.000000e+00  0.000000e+00  0.000000e+00
   outer loop
     vertex  5.900000e+02  6.395714e+01  8.000000e+00
     vertex  5.900000e+02  6.695714e+01  0.000000e+00
     vertex  5.900000e+02  1.530429e+02  0.000000e+00
   endloop
 endfacet
 facet normal  1.000000e+00 -0.000000e+00  0.000000e+00
   outer loop
     vertex  5.900000e+02  6.395714e+01  8.000000e+00
     vertex  5.900000e+02  1.530429e+02  0.000000e+00
     vertex  5.900000e+02  1.560429e+02  8.000000e+00
   endloop
 endfacet
 facet normal  1.967213e-01  9.180328e-01  3.442623e-01
   outer loop
     vertex  6.038000e+02  6.400000e+01  0.000000e+00
     vertex  5.900000e+02  6.695714e+01  0.000000e+00
     vertex  5.900000e+02  6.395714e+01  8.000000e+00
   endloop
 endfacet
 facet normal  1.967213e-01  9.180328e-01  3.442623e-01
   outer loop
     vertex  6.038000e+02  6.100000e+01  8.000000e+00
     vertex  6.038000e+02  6.400000e+01  0.000000e+00
     vertex  5.900000e+02  6.395714e+01  8.000000e+00
   endloop
 endfacet
 facet normal  0.000000e+00  0.000000e+00  1.000000e+00
   outer loop
     vertex  6.020750e+02  5.434241e+01  8.000000e+00
     vertex  6.038000e+02  6.100000e+01  8.000000e+00
     vertex  6.020750e+02  5.902723e+01  8.000000e+00
   endloop
 endfacet
 facet normal  0.000000e+00  0.000000e+00  1.000000e+00
   outer loop
     vertex  5.908625e+02  5.641462e+01  8.000000e+00
     vertex  5.900000e+02  6.395714e+01  8.000000e+00
     vertex  5.900000e+02  4.004286e+01  8.000000e+00
   endloop
 endfacet
 facet normal  0.000000e+00  0.000000e+00  1.000000e+00
   outer loop
     vertex  5.908625e+02  5.641462e+01  8.000000e+00
     vertex  5.900000e+02  4.004286e+01  8.000000e+00
     vertex  5.917250e+02  4.910312e+01  8.000000e+00
   endloop
 endfacet
 facet normal  0.000000e+00 -0.000000e+00  1.000000e+00
   outer loop
     vertex  5.908625e+02  5.641462e+01  8.000000e+00
     vertex  5.908625e+02  6.230078e+01  8.000000e+00
     vertex  5.900000e+02  6.395714e+01  8.000000e+00
   endloop
 endfacet
 facet normal  0.000000e+00  0.000000e+00  1.000000e+00
   outer loop
     vertex  5.908625e+02  5.641462e+01  8.000000e+00
     vertex  5.917250e+02  6.069062e+01  8.000000e+00
     vertex  5.908625e+02  6.230078e+01  8.000000e+00
   endloop
 endfacet
 facet normal  0.000000e+00  0.000000e+00  1.000000e+00
   outer loop
     vertex  6.012125e+02  5.797154e+01  8.000000e+00
     vertex  5.994875e+02  5.820257e+01  8.000000e+00
     vertex  6.003500e+02  5.686964e+01  8.000000e+00
   endloop
 endfacet
 facet normal  0.000000e+00  0.000000e+00  1.000000e+00
   outer loop
     vertex  5.925875e+02  4.772400e+01  8.000000e+00
     vertex  5.917250e+02  4.910312e+01  8.000000e+00
     vertex  5.917250e+02  4.330938e+01  8.000000e+00
   endloop
 endfacet
 facet normal  0.000000e+00  0.000000e+00  1.000000e+00
   outer loop
     vertex  5.977625e+02  5.328672e+01  8.000000e+00
     vertex  5.960375e+02  5.333292e+01  8.000000e+00
     vertex  5.969000e+02  5.200000e+01  8.000000e+00
   endloop
 endfacet
 facet normal  0.000000e+00 -0.000000e+00  1.000000e+00
   outer loop
     vertex  6.012125e+02  5.558292e+01  8.000000e+00
     vertex  6.012125e+02  5.797154e+01  8.000000e+00
     vertex  6.003500e+02  5.686964e+01  8.000000e+00
   endloop
 endfacet
 facet normal -0.000000e+00  0.000000e+00  1.000000e+00
   outer loop
     vertex  6.012125e+02  5.558292e+01  8.000000e+00
     vertex  6.020750e+02  5.434241e+01  8.000000e+00
     vertex  6.020750e+02  5.902723e+01  8.000000e+00
   endloop
 endfacet
 facet normal  0.000000e+00  0.000000e+00  1.000000e+00
   outer loop
     vertex  6.012125e+02  5.558292e+01  8.000000e+00
     vertex  6.003500e+02  5.686964e+01  8.000000e+00
     vertex  5.994875e+02  5.572154e+01  8.000000e+00
   endloop
 endfacet
 facet normal  0.000000e+00  0.000000e+00  1.000000e+00
   outer loop
     vertex  6.012125e+02  5.558292e+01  8.000000e+00
     vertex  6.020750e+02  5.902723e+01  8.000000e+00
     vertex  6.012125e+02  5.797154e+01  8.000000e+00
   endloop
 endfacet
 facet normal  0.000000e+00  0.000000e+00  1.000000e+00
   outer loop
     vertex  5.994875e+02  5.324051e+01  8.000000e+00
     vertex  5.986250e+02  5.452723e+01  8.000000e+00
     vertex  5.977625e+02  5.328672e+01  8.000000e+00
   endloop
 endfacet
 facet normal  0.000000e+00 -0.000000e+00  1.000000e+00
   outer loop
     vertex  5.925875e+02  4.487333e+01  8.000000e+00
     vertex  5.934500e+02  4.639107e+01  8.000000e+00
     vertex  5.925875e+02  4.772400e+01  8.000000e+00
   endloop
 endfacet
 facet normal  0.000000e+00  0.000000e+00  1.000000e+00
   outer loop
     vertex  5.925875e+02  4.487333e+01  8.000000e+00
     vertex  5.925875e+02  4.772400e+01  8.000000e+00
     vertex  5.917250e+02  4.330938e+01  8.000000e+00
   endloop
 endfacet
 facet normal  0.000000e+00 -0.000000e+00  1.000000e+00
   outer loop
     vertex  5.908625e+02  4.169922e+01  8.000000e+00
     vertex  5.917250e+02  4.910312e+01  8.000000e+00
     vertex  5.900000e+02  4.004286e+01  8.000000e+00
   endloop
 endfacet
 facet normal  0.000000e+00  0.000000e+00  1.000000e+00
   outer loop
     vertex  5.908625e+02  4.169922e+01  8.000000e+00
     vertex  5.917250e+02  4.330938e+01  8.000000e+00
     vertex  5.917250e+02  4.910312e+01  8.000000e+00
   endloop
 endfacet
 facet normal  0.000000e+00  0.000000e+00  1.000000e+00
   outer loop
     vertex  5.943125e+02  4.510435e+01  8.000000e+00
     vertex  5.934500e+02  4.639107e+01  8.000000e+00
     vertex  5.925875e+02  4.487333e+01  8.000000e+00
   endloop
 endfacet
 facet normal  0.000000e+00  0.000000e+00  1.000000e+00
   outer loop
     vertex  5.925875e+02  4.202266e+01  8.000000e+00
     vertex  5.917250e+02  4.330938e+01  8.000000e+00
     vertex  5.908625e+02  4.169922e+01  8.000000e+00
   endloop
 endfacet
 facet normal -0.000000e+00  0.000000e+00  1.000000e+00
   outer loop
     vertex  6.029375e+02  4.855569e+01  8.000000e+00
     vertex  6.038000e+02  4.300000e+01  8.000000e+00
     vertex  6.038000e+02  6.100000e+01  8.000000e+00
   endloop
 endfacet
 facet normal  0.000000e+00 -0.000000e+00  1.000000e+00
   outer loop
     vertex  6.029375e+02  4.855569e+01  8.000000e+00
     vertex  6.038000e+02  6.100000e+01  8.000000e+00
     vertex  6.020750e+02  5.434241e+01  8.000000e+00
   endloop
 endfacet
 facet normal  0.000000e+00 -0.000000e+00  1.000000e+00
   outer loop
     vertex  6.029375e+02  4.396328e+01  8.000000e+00
     vertex  6.029375e+02  4.855569e+01  8.000000e+00
     vertex  6.020750e+02  4.497277e+01  8.000000e+00
   endloop
 endfacet
 facet normal -0.000000e+00  0.000000e+00  1.000000e+00
   outer loop
     vertex  6.029375e+02  4.396328e+01  8.000000e+00
     vertex  6.038000e+02  4.300000e+01  8.000000e+00
     vertex  6.029375e+02  4.855569e+01  8.000000e+00
   endloop
 endfacet
 facet normal -0.000000e+00  0.000000e+00  1.000000e+00
   outer loop
     vertex  5.917250e+02  5.779375e+01  8.000000e+00
     vertex  5.934500e+02  5.760893e+01  8.000000e+00
     vertex  5.925875e+02  5.912667e+01  8.000000e+00
   endloop
 endfacet
 facet normal  0.000000e+00 -0.000000e+00  1.000000e+00
   outer loop
     vertex  5.917250e+02  5.779375e+01  8.000000e+00
     vertex  5.925875e+02  5.912667e+01  8.000000e+00
     vertex  5.917250e+02  6.069062e+01  8.000000e+00
   endloop
 endfacet
 facet normal  0.000000e+00  0.000000e+00  1.000000e+00
   outer loop
     vertex  5.917250e+02  5.779375e+01  8.000000e+00
     vertex  5.917250e+02  6.069062e+01  8.000000e+00
     vertex  5.908625e+02  5.641462e+01  8.000000e+00
   endloop
 endfacet
 facet normal  0.000000e+00  0.000000e+00  1.000000e+00
   outer loop
     vertex  5.947438e+02  5.815410e+01  8.000000e+00
     vertex  5.925875e+02  5.912667e+01  8.000000e+00
     vertex  5.934500e+02  5.760893e+01  8.000000e+00
   endloop
 endfacet
 facet normal -0.000000e+00  0.000000e+00  1.000000e+00
   outer loop
     vertex  5.947438e+02  5.815410e+01  8.000000e+00
     vertex  5.969000e+02  5.723929e+01  8.000000e+00
     vertex  5.956063e+02  5.939461e+01  8.000000e+00
   endloop
 endfacet
 facet normal  0.000000e+00  0.000000e+00  1.000000e+00
   outer loop
     vertex  5.947438e+02  5.815410e+01  8.000000e+00
     vertex  5.934500e+02  5.760893e+01  8.000000e+00
     vertex  5.943125e+02  5.613739e+01  8.000000e+00
   endloop
 endfacet
 facet normal  0.000000e+00  0.000000e+00  1.000000e+00
   outer loop
     vertex  5.917250e+02  5.489687e+01  8.000000e+00
     vertex  5.908625e+02  5.641462e+01  8.000000e+00
     vertex  5.917250e+02  4.910312e+01  8.000000e+00
   endloop
 endfacet
 facet normal  0.000000e+00  0.000000e+00  1.000000e+00
   outer loop
     vertex  5.917250e+02  5.489687e+01  8.000000e+00
     vertex  5.917250e+02  4.910312e+01  8.000000e+00
     vertex  5.925875e+02  5.342533e+01  8.000000e+00
   endloop
 endfacet
 facet normal  0.000000e+00 -0.000000e+00  1.000000e+00
   outer loop
     vertex  5.956063e+02  5.670566e+01  8.000000e+00
     vertex  5.969000e+02  5.723929e+01  8.000000e+00
     vertex  5.947438e+02  5.815410e+01  8.000000e+00
   endloop
 endfacet
 facet normal  0.000000e+00  0.000000e+00  1.000000e+00
   outer loop
     vertex  5.956063e+02  5.670566e+01  8.000000e+00
     vertex  5.947438e+02  5.815410e+01  8.000000e+00
     vertex  5.943125e+02  5.613739e+01  8.000000e+00
   endloop
 endfacet
 facet normal  0.000000e+00  0.000000e+00  1.000000e+00
   outer loop
     vertex  5.977625e+02  5.843359e+01  8.000000e+00
     vertex  5.956063e+02  5.939461e+01  8.000000e+00
     vertex  5.969000e+02  5.723929e+01  8.000000e+00
   endloop
 endfacet
 facet normal -0.000000e+00  0.000000e+00  1.000000e+00
   outer loop
     vertex  5.977625e+02  5.843359e+01  8.000000e+00
     vertex  5.994875e+02  5.820257e+01  8.000000e+00
     vertex  5.986250e+02  5.958170e+01  8.000000e+00
   endloop
 endfacet
 facet normal  0.000000e+00  0.000000e+00  1.000000e+00
   outer loop
     vertex  5.938813e+02  5.408602e+01  8.000000e+00
     vertex  5.951750e+02  5.471205e+01  8.000000e+00
     vertex  5.943125e+02  5.613739e+01  8.000000e+00
   endloop
 endfacet
 facet normal  0.000000e+00  0.000000e+00  1.000000e+00
   outer loop
     vertex  5.960375e+02  5.599877e+01  8.000000e+00
     vertex  5.943125e+02  5.613739e+01  8.000000e+00
     vertex  5.951750e+02  5.471205e+01  8.000000e+00
   endloop
 endfacet
 facet normal  0.000000e+00  0.000000e+00  1.000000e+00
   outer loop
     vertex  5.960375e+02  5.599877e+01  8.000000e+00
     vertex  5.956063e+02  5.670566e+01  8.000000e+00
     vertex  5.943125e+02  5.613739e+01  8.000000e+00
   endloop
 endfacet
 facet normal  0.000000e+00 -0.000000e+00  1.000000e+00
   outer loop
     vertex  5.960375e+02  5.599877e+01  8.000000e+00
     vertex  5.969000e+02  5.723929e+01  8.000000e+00
     vertex  5.956063e+02  5.670566e+01  8.000000e+00
   endloop
 endfacet
 facet normal -0.000000e+00  0.000000e+00  1.000000e+00
   outer loop
     vertex  5.981938e+02  5.773825e+01  8.000000e+00
     vertex  6.003500e+02  5.686964e+01  8.000000e+00
     vertex  5.994875e+02  5.820257e+01  8.000000e+00
   endloop
 endfacet
 facet normal  0.000000e+00  0.000000e+00  1.000000e+00
   outer loop
     vertex  5.981938e+02  5.773825e+01  8.000000e+00
     vertex  5.977625e+02  5.843359e+01  8.000000e+00
     vertex  5.969000e+02  5.723929e+01  8.000000e+00
   endloop
 endfacet
 facet normal  0.000000e+00 -0.000000e+00  1.000000e+00
   outer loop
     vertex  5.981938e+02  5.773825e+01  8.000000e+00
     vertex  5.994875e+02  5.820257e+01  8.000000e+00
     vertex  5.977625e+02  5.843359e+01  8.000000e+00
   endloop
 endfacet
 facet normal  0.000000e+00  0.000000e+00  1.000000e+00
   outer loop
     vertex  6.003500e+02  5.930446e+01  8.000000e+00
     vertex  5.994875e+02  5.820257e+01  8.000000e+00
     vertex  6.012125e+02  5.797154e+01  8.000000e+00
   endloop
 endfacet
 facet normal -0.000000e+00  0.000000e+00  1.000000e+00
   outer loop
     vertex  6.003500e+02  5.930446e+01  8.000000e+00
     vertex  6.020750e+02  5.902723e+01  8.000000e+00
     vertex  6.012125e+02  6.036016e+01  8.000000e+00
   endloop
 endfacet
 facet normal  0.000000e+00  0.000000e+00  1.000000e+00
   outer loop
     vertex  6.003500e+02  5.930446e+01  8.000000e+00
     vertex  5.986250e+02  5.958170e+01  8.000000e+00
     vertex  5.994875e+02  5.820257e+01  8.000000e+00
   endloop
 endfacet
 facet normal  0.000000e+00  0.000000e+00  1.000000e+00
   outer loop
     vertex  6.003500e+02  5.930446e+01  8.000000e+00
     vertex  6.012125e+02  5.797154e+01  8.000000e+00
     vertex  6.020750e+02  5.902723e+01  8.000000e+00
   endloop
 endfacet
 facet normal -0.000000e+00  0.000000e+00  1.000000e+00
   outer loop
     vertex  6.025063e+02  6.069741e+01  8.000000e+00
     vertex  6.020750e+02  5.902723e+01  8.000000e+00
     vertex  6.038000e+02  6.100000e+01  8.000000e+00
   endloop
 endfacet
 facet normal  0.000000e+00  0.000000e+00  1.000000e+00
   outer loop
     vertex  6.025063e+02  6.069741e+01  8.000000e+00
     vertex  6.012125e+02  6.036016e+01  8.000000e+00
     vertex  6.020750e+02  5.902723e+01  8.000000e+00
   endloop
 endfacet
 facet normal  0.000000e+00  0.000000e+00  1.000000e+00
   outer loop
     vertex  5.943125e+02  5.337913e+01  8.000000e+00
     vertex  5.938813e+02  5.408602e+01  8.000000e+00
     vertex  5.925875e+02  5.342533e+01  8.000000e+00
   endloop
 endfacet
 facet normal  0.000000e+00 -0.000000e+00  1.000000e+00
   outer loop
     vertex  5.943125e+02  5.337913e+01  8.000000e+00
     vertex  5.951750e+02  5.471205e+01  8.000000e+00
     vertex  5.938813e+02  5.408602e+01  8.000000e+00
   endloop
 endfacet
 facet normal  0.000000e+00  0.000000e+00  1.000000e+00
   outer loop
     vertex  5.943125e+02  5.337913e+01  8.000000e+00
     vertex  5.925875e+02  5.342533e+01  8.000000e+00
     vertex  5.934500e+02  5.200000e+01  8.000000e+00
   endloop
 endfacet
 facet normal -0.000000e+00  0.000000e+00  1.000000e+00
   outer loop
     vertex  5.943125e+02  5.337913e+01  8.000000e+00
     vertex  5.960375e+02  5.333292e+01  8.000000e+00
     vertex  5.951750e+02  5.471205e+01  8.000000e+00
   endloop
 endfacet
 facet normal  0.000000e+00 -0.000000e+00  1.000000e+00
   outer loop
     vertex  5.981938e+02  5.646309e+01  8.000000e+00
     vertex  5.981938e+02  5.773825e+01  8.000000e+00
     vertex  5.969000e+02  5.723929e+01  8.000000e+00
   endloop
 endfacet
 facet normal -0.000000e+00  0.000000e+00  1.000000e+00
   outer loop
     vertex  5.981938e+02  5.646309e+01  8.000000e+00
     vertex  5.994875e+02  5.572154e+01  8.000000e+00
     vertex  6.003500e+02  5.686964e+01  8.000000e+00
   endloop
 endfacet
 facet normal  0.000000e+00  0.000000e+00  1.000000e+00
   outer loop
     vertex  5.981938e+02  5.646309e+01  8.000000e+00
     vertex  6.003500e+02  5.686964e+01  8.000000e+00
     vertex  5.981938e+02  5.773825e+01  8.000000e+00
   endloop
 endfacet
 facet normal  0.000000e+00 -0.000000e+00  1.000000e+00
   outer loop
     vertex  5.925875e+02  5.057467e+01  8.000000e+00
     vertex  5.925875e+02  5.342533e+01  8.000000e+00
     vertex  5.917250e+02  4.910312e+01  8.000000e+00
   endloop
 endfacet
 facet normal  0.000000e+00  0.000000e+00  1.000000e+00
   outer loop
     vertex  5.925875e+02  5.057467e+01  8.000000e+00
     vertex  5.934500e+02  5.200000e+01  8.000000e+00
     vertex  5.925875e+02  5.342533e+01  8.000000e+00
   endloop
 endfacet
 facet normal  0.000000e+00 -0.000000e+00  1.000000e+00
   outer loop
     vertex  5.977625e+02  5.586016e+01  8.000000e+00
     vertex  5.981938e+02  5.646309e+01  8.000000e+00
     vertex  5.969000e+02  5.723929e+01  8.000000e+00
   endloop
 endfacet
 facet normal  0.000000e+00  0.000000e+00  1.000000e+00
   outer loop
     vertex  5.977625e+02  5.586016e+01  8.000000e+00
     vertex  5.969000e+02  5.723929e+01  8.000000e+00
     vertex  5.960375e+02  5.599877e+01  8.000000e+00
   endloop
 endfacet
 facet normal -0.000000e+00  0.000000e+00  1.000000e+00
   outer loop
     vertex  5.977625e+02  5.586016e+01  8.000000e+00
     vertex  5.994875e+02  5.572154e+01  8.000000e+00
     vertex  5.981938e+02  5.646309e+01  8.000000e+00
   endloop
 endfacet
 facet normal  0.000000e+00  0.000000e+00  1.000000e+00
   outer loop
     vertex  5.977625e+02  5.586016e+01  8.000000e+00
     vertex  5.986250e+02  5.452723e+01  8.000000e+00
     vertex  5.994875e+02  5.572154e+01  8.000000e+00
   endloop
 endfacet
 facet normal -0.000000e+00  0.000000e+00  1.000000e+00
   outer loop
     vertex  5.947438e+02  5.268379e+01  8.000000e+00
     vertex  5.969000e+02  5.200000e+01  8.000000e+00
     vertex  5.960375e+02  5.333292e+01  8.000000e+00
   endloop
 endfacet
 facet normal  0.000000e+00 -0.000000e+00  1.000000e+00
   outer loop
     vertex  5.947438e+02  5.268379e+01  8.000000e+00
     vertex  5.960375e+02  5.333292e+01  8.000000e+00
     vertex  5.943125e+02  5.337913e+01  8.000000e+00
   endloop
 endfacet
 facet normal  0.000000e+00  0.000000e+00  1.000000e+00
   outer loop
     vertex  5.947438e+02  5.268379e+01  8.000000e+00
     vertex  5.943125e+02  5.337913e+01  8.000000e+00
     vertex  5.934500e+02  5.200000e+01  8.000000e+00
   endloop
 endfacet
 facet normal -0.000000e+00  0.000000e+00  1.000000e+00
   outer loop
     vertex  5.947438e+02  5.131621e+01  8.000000e+00
     vertex  5.960375e+02  5.066708e+01  8.000000e+00
     vertex  5.969000e+02  5.200000e+01  8.000000e+00
   endloop
 endfacet
 facet normal  0.000000e+00  0.000000e+00  1.000000e+00
   outer loop
     vertex  5.947438e+02  5.131621e+01  8.000000e+00
     vertex  5.969000e+02  5.200000e+01  8.000000e+00
     vertex  5.947438e+02  5.268379e+01  8.000000e+00
   endloop
 endfacet
 facet normal  0.000000e+00 -0.000000e+00  1.000000e+00
   outer loop
     vertex  5.947438e+02  5.131621e+01  8.000000e+00
     vertex  5.947438e+02  5.268379e+01  8.000000e+00
     vertex  5.934500e+02  5.200000e+01  8.000000e+00
   endloop
 endfacet
 facet normal  0.000000e+00  0.000000e+00  1.000000e+00
   outer loop
     vertex  5.973313e+02  5.394741e+01  8.000000e+00
     vertex  5.960375e+02  5.333292e+01  8.000000e+00
     vertex  5.977625e+02  5.328672e+01  8.000000e+00
   endloop
 endfacet
 facet normal  0.000000e+00  0.000000e+00  1.000000e+00
   outer loop
     vertex  5.973313e+02  5.394741e+01  8.000000e+00
     vertex  5.960375e+02  5.599877e+01  8.000000e+00
     vertex  5.951750e+02  5.471205e+01  8.000000e+00
   endloop
 endfacet
 facet normal  0.000000e+00 -0.000000e+00  1.000000e+00
   outer loop
     vertex  5.973313e+02  5.394741e+01  8.000000e+00
     vertex  5.977625e+02  5.586016e+01  8.000000e+00
     vertex  5.960375e+02  5.599877e+01  8.000000e+00
   endloop
 endfacet
 facet normal  0.000000e+00  0.000000e+00  1.000000e+00
   outer loop
     vertex  5.973313e+02  5.394741e+01  8.000000e+00
     vertex  5.951750e+02  5.471205e+01  8.000000e+00
     vertex  5.960375e+02  5.333292e+01  8.000000e+00
   endloop
 endfacet
 facet normal  0.000000e+00  0.000000e+00  1.000000e+00
   outer loop
     vertex  5.973313e+02  5.394741e+01  8.000000e+00
     vertex  5.986250e+02  5.452723e+01  8.000000e+00
     vertex  5.977625e+02  5.586016e+01  8.000000e+00
   endloop
 endfacet
 facet normal -0.000000e+00  0.000000e+00  1.000000e+00
   outer loop
     vertex  5.973313e+02  5.394741e+01  8.000000e+00
     vertex  5.977625e+02  5.328672e+01  8.000000e+00
     vertex  5.986250e+02  5.452723e+01  8.000000e+00
   endloop
 endfacet
 facet normal  0.000000e+00  0.000000e+00  1.000000e+00
   outer loop
     vertex  5.943125e+02  5.062087e+01  8.000000e+00
     vertex  5.960375e+02  5.066708e+01  8.000000e+00
     vertex  5.947438e+02  5.131621e+01  8.000000e+00
   endloop
 endfacet
 facet normal  0.000000e+00  0.000000e+00  1.000000e+00
   outer loop
     vertex  5.943125e+02  5.062087e+01  8.000000e+00
     vertex  5.934500e+02  5.200000e+01  8.000000e+00
     vertex  5.925875e+02  5.057467e+01  8.000000e+00
   endloop
 endfacet
 facet normal  0.000000e+00 -0.000000e+00  1.000000e+00
   outer loop
     vertex  5.943125e+02  5.062087e+01  8.000000e+00
     vertex  5.947438e+02  5.131621e+01  8.000000e+00
     vertex  5.934500e+02  5.200000e+01  8.000000e+00
   endloop
 endfacet
 facet normal -0.000000e+00  0.000000e+00  1.000000e+00
   outer loop
     vertex  5.943125e+02  5.062087e+01  8.000000e+00
     vertex  5.951750e+02  4.928795e+01  8.000000e+00
     vertex  5.960375e+02  5.066708e+01  8.000000e+00
   endloop
 endfacet
 facet normal  0.000000e+00  0.000000e+00  1.000000e+00
   outer loop
     vertex  5.938813e+02  4.852330e+01  8.000000e+00
     vertex  5.925875e+02  4.772400e+01  8.000000e+00
     vertex  5.934500e+02  4.639107e+01  8.000000e+00
   endloop
 endfacet
 facet normal  0.000000e+00  0.000000e+00  1.000000e+00
   outer loop
     vertex  5.938813e+02  4.852330e+01  8.000000e+00
     vertex  5.925875e+02  5.057467e+01  8.000000e+00
     vertex  5.917250e+02  4.910312e+01  8.000000e+00
   endloop
 endfacet
 facet normal  0.000000e+00  0.000000e+00  1.000000e+00
   outer loop
     vertex  5.938813e+02  4.852330e+01  8.000000e+00
     vertex  5.917250e+02  4.910312e+01  8.000000e+00
     vertex  5.925875e+02  4.772400e+01  8.000000e+00
   endloop
 endfacet
 facet normal  0.000000e+00 -0.000000e+00  1.000000e+00
   outer loop
     vertex  5.938813e+02  4.852330e+01  8.000000e+00
     vertex  5.943125e+02  5.062087e+01  8.000000e+00
     vertex  5.925875e+02  5.057467e+01  8.000000e+00
   endloop
 endfacet
 facet normal  0.000000e+00  0.000000e+00  1.000000e+00
   outer loop
     vertex  5.938813e+02  4.852330e+01  8.000000e+00
     vertex  5.951750e+02  4.928795e+01  8.000000e+00
     vertex  5.943125e+02  5.062087e+01  8.000000e+00
   endloop
 endfacet
 facet normal  0.000000e+00  0.000000e+00  1.000000e+00
   outer loop
     vertex  5.981938e+02  5.263758e+01  8.000000e+00
     vertex  5.977625e+02  5.328672e+01  8.000000e+00
     vertex  5.969000e+02  5.200000e+01  8.000000e+00
   endloop
 endfacet
 facet normal  0.000000e+00 -0.000000e+00  1.000000e+00
   outer loop
     vertex  5.981938e+02  5.263758e+01  8.000000e+00
     vertex  5.994875e+02  5.324051e+01  8.000000e+00
     vertex  5.977625e+02  5.328672e+01  8.000000e+00
   endloop
 endfacet
 facet normal  0.000000e+00 -0.000000e+00  1.000000e+00
   outer loop
     vertex  6.003500e+02  5.443482e+01  8.000000e+00
     vertex  6.012125e+02  5.558292e+01  8.000000e+00
     vertex  5.994875e+02  5.572154e+01  8.000000e+00
   endloop
 endfacet
 facet normal  0.000000e+00  0.000000e+00  1.000000e+00
   outer loop
     vertex  6.003500e+02  5.443482e+01  8.000000e+00
     vertex  5.986250e+02  5.452723e+01  8.000000e+00
     vertex  5.994875e+02  5.324051e+01  8.000000e+00
   endloop
 endfacet
 facet normal  0.000000e+00  0.000000e+00  1.000000e+00
   outer loop
     vertex  6.003500e+02  5.443482e+01  8.000000e+00
     vertex  5.994875e+02  5.572154e+01  8.000000e+00
     vertex  5.986250e+02  5.452723e+01  8.000000e+00
   endloop
 endfacet
 facet normal -0.000000e+00  0.000000e+00  1.000000e+00
   outer loop
     vertex  6.003500e+02  5.443482e+01  8.000000e+00
     vertex  6.020750e+02  5.434241e+01  8.000000e+00
     vertex  6.012125e+02  5.558292e+01  8.000000e+00
   endloop
 endfacet
 facet normal  0.000000e+00  0.000000e+00  1.000000e+00
   outer loop
     vertex  6.007812e+02  5.380879e+01  8.000000e+00
     vertex  6.003500e+02  5.443482e+01  8.000000e+00
     vertex  5.994875e+02  5.324051e+01  8.000000e+00
   endloop
 endfacet
 facet normal  0.000000e+00 -0.000000e+00  1.000000e+00
   outer loop
     vertex  6.007812e+02  5.380879e+01  8.000000e+00
     vertex  6.020750e+02  5.434241e+01  8.000000e+00
     vertex  6.003500e+02  5.443482e+01  8.000000e+00
   endloop
 endfacet
 facet normal  0.000000e+00  0.000000e+00  1.000000e+00
   outer loop
     vertex  5.969000e+02  4.938036e+01  8.000000e+00
     vertex  5.960375e+02  5.066708e+01  8.000000e+00
     vertex  5.951750e+02  4.928795e+01  8.000000e+00
   endloop
 endfacet
 facet normal  0.000000e+00 -0.000000e+00  1.000000e+00
   outer loop
     vertex  5.964688e+02  4.869657e+01  8.000000e+00
     vertex  5.969000e+02  4.938036e+01  8.000000e+00
     vertex  5.951750e+02  4.928795e+01  8.000000e+00
   endloop
 endfacet
 facet normal -0.000000e+00  0.000000e+00  1.000000e+00
   outer loop
     vertex  5.964688e+02  4.869657e+01  8.000000e+00
     vertex  5.977625e+02  4.813984e+01  8.000000e+00
     vertex  5.969000e+02  4.938036e+01  8.000000e+00
   endloop
 endfacet
 facet normal  0.000000e+00 -0.000000e+00  1.000000e+00
   outer loop
     vertex  5.990563e+02  5.137397e+01  8.000000e+00
     vertex  5.994875e+02  5.324051e+01  8.000000e+00
     vertex  5.981938e+02  5.263758e+01  8.000000e+00
   endloop
 endfacet
 facet normal  0.000000e+00  0.000000e+00  1.000000e+00
   outer loop
     vertex  5.990563e+02  5.137397e+01  8.000000e+00
     vertex  5.981938e+02  5.263758e+01  8.000000e+00
     vertex  5.969000e+02  5.200000e+01  8.000000e+00
   endloop
 endfacet
 facet normal  0.000000e+00  0.000000e+00  1.000000e+00
   outer loop
     vertex  6.003500e+02  5.200000e+01  8.000000e+00
     vertex  5.994875e+02  5.324051e+01  8.000000e+00
     vertex  5.990563e+02  5.137397e+01  8.000000e+00
   endloop
 endfacet
 facet normal  0.000000e+00  0.000000e+00  1.000000e+00
   outer loop
     vertex  6.003500e+02  5.200000e+01  8.000000e+00
     vertex  5.990563e+02  5.137397e+01  8.000000e+00
     vertex  6.012125e+02  5.080569e+01  8.000000e+00
   endloop
 endfacet
 facet normal  0.000000e+00  0.000000e+00  1.000000e+00
   outer loop
     vertex  5.912938e+02  4.105008e+01  8.000000e+00
     vertex  5.908625e+02  4.169922e+01  8.000000e+00
     vertex  5.900000e+02  4.004286e+01  8.000000e+00
   endloop
 endfacet
 facet normal  0.000000e+00 -0.000000e+00  1.000000e+00
   outer loop
     vertex  5.912938e+02  4.105008e+01  8.000000e+00
     vertex  5.925875e+02  4.202266e+01  8.000000e+00
     vertex  5.908625e+02  4.169922e+01  8.000000e+00
   endloop
 endfacet
 facet normal  0.000000e+00  0.000000e+00  1.000000e+00
   outer loop
     vertex  5.934500e+02  4.358661e+01  8.000000e+00
     vertex  5.925875e+02  4.487333e+01  8.000000e+00
     vertex  5.917250e+02  4.330938e+01  8.000000e+00
   endloop
 endfacet
 facet normal  0.000000e+00 -0.000000e+00  1.000000e+00
   outer loop
     vertex  5.934500e+02  4.358661e+01  8.000000e+00
     vertex  5.943125e+02  4.510435e+01  8.000000e+00
     vertex  5.925875e+02  4.487333e+01  8.000000e+00
   endloop
 endfacet
 facet normal  0.000000e+00  0.000000e+00  1.000000e+00
   outer loop
     vertex  5.934500e+02  4.358661e+01  8.000000e+00
     vertex  5.917250e+02  4.330938e+01  8.000000e+00
     vertex  5.925875e+02  4.202266e+01  8.000000e+00
   endloop
 endfacet
 facet normal  0.000000e+00  0.000000e+00  1.000000e+00
   outer loop
     vertex  5.934500e+02  4.358661e+01  8.000000e+00
     vertex  5.951750e+02  4.386384e+01  8.000000e+00
     vertex  5.943125e+02  4.510435e+01  8.000000e+00
   endloop
 endfacet
 facet normal  0.000000e+00  0.000000e+00  1.000000e+00
   outer loop
     vertex  5.960375e+02  4.666830e+01  8.000000e+00
     vertex  5.977625e+02  4.813984e+01  8.000000e+00
     vertex  5.964688e+02  4.869657e+01  8.000000e+00
   endloop
 endfacet
 facet normal -0.000000e+00  0.000000e+00  1.000000e+00
   outer loop
     vertex  5.960375e+02  4.666830e+01  8.000000e+00
     vertex  5.977625e+02  4.556641e+01  8.000000e+00
     vertex  5.977625e+02  4.813984e+01  8.000000e+00
   endloop
 endfacet
 facet normal  0.000000e+00 -0.000000e+00  1.000000e+00
   outer loop
     vertex  5.994875e+02  4.951897e+01  8.000000e+00
     vertex  6.012125e+02  5.080569e+01  8.000000e+00
     vertex  5.990563e+02  5.137397e+01  8.000000e+00
   endloop
 endfacet
 facet normal  0.000000e+00  0.000000e+00  1.000000e+00
   outer loop
     vertex  5.938813e+02  4.296057e+01  8.000000e+00
     vertex  5.934500e+02  4.358661e+01  8.000000e+00
     vertex  5.925875e+02  4.202266e+01  8.000000e+00
   endloop
 endfacet
 facet normal  0.000000e+00 -0.000000e+00  1.000000e+00
   outer loop
     vertex  5.938813e+02  4.296057e+01  8.000000e+00
     vertex  5.951750e+02  4.386384e+01  8.000000e+00
     vertex  5.934500e+02  4.358661e+01  8.000000e+00
   endloop
 endfacet
 facet normal  0.000000e+00  0.000000e+00  1.000000e+00
   outer loop
     vertex  5.964688e+02  4.473245e+01  8.000000e+00
     vertex  5.960375e+02  4.666830e+01  8.000000e+00
     vertex  5.943125e+02  4.510435e+01  8.000000e+00
   endloop
 endfacet
 facet normal  0.000000e+00 -0.000000e+00  1.000000e+00
   outer loop
     vertex  5.964688e+02  4.473245e+01  8.000000e+00
     vertex  5.977625e+02  4.556641e+01  8.000000e+00
     vertex  5.960375e+02  4.666830e+01  8.000000e+00
   endloop
 endfacet
 facet normal  0.000000e+00  0.000000e+00  1.000000e+00
   outer loop
     vertex  5.964688e+02  4.473245e+01  8.000000e+00
     vertex  5.943125e+02  4.510435e+01  8.000000e+00
     vertex  5.951750e+02  4.386384e+01  8.000000e+00
   endloop
 endfacet
 facet normal  0.000000e+00 -0.000000e+00  1.000000e+00
   outer loop
     vertex  5.990563e+02  4.761777e+01  8.000000e+00
     vertex  5.994875e+02  4.951897e+01  8.000000e+00
     vertex  5.977625e+02  4.813984e+01  8.000000e+00
   endloop
 endfacet
 facet normal  0.000000e+00  0.000000e+00  1.000000e+00
   outer loop
     vertex  5.990563e+02  4.761777e+01  8.000000e+00
     vertex  5.977625e+02  4.813984e+01  8.000000e+00
     vertex  5.977625e+02  4.556641e+01  8.000000e+00
   endloop
 endfacet
 facet normal -0.000000e+00  0.000000e+00  1.000000e+00
   outer loop
     vertex  5.990563e+02  4.761777e+01  8.000000e+00
     vertex  6.003500e+02  4.713036e+01  8.000000e+00
     vertex  5.994875e+02  4.951897e+01  8.000000e+00
   endloop
 endfacet
 facet normal  0.000000e+00 -0.000000e+00  1.000000e+00
   outer loop
     vertex  5.947438e+02  4.174316e+01  8.000000e+00
     vertex  5.951750e+02  4.386384e+01  8.000000e+00
     vertex  5.938813e+02  4.296057e+01  8.000000e+00
   endloop
 endfacet
 facet normal -0.000000e+00  0.000000e+00  1.000000e+00
   outer loop
     vertex  6.020750e+02  4.965759e+01  8.000000e+00
     vertex  6.029375e+02  4.855569e+01  8.000000e+00
     vertex  6.020750e+02  5.434241e+01  8.000000e+00
   endloop
 endfacet
 facet normal  0.000000e+00  0.000000e+00  1.000000e+00
   outer loop
     vertex  6.020750e+02  4.965759e+01  8.000000e+00
     vertex  6.012125e+02  5.080569e+01  8.000000e+00
     vertex  5.994875e+02  4.951897e+01  8.000000e+00
   endloop
 endfacet
 facet normal -0.000000e+00  0.000000e+00  1.000000e+00
   outer loop
     vertex  5.990563e+02  4.636571e+01  8.000000e+00
     vertex  6.012125e+02  4.602846e+01  8.000000e+00
     vertex  6.003500e+02  4.713036e+01  8.000000e+00
   endloop
 endfacet
 facet normal  0.000000e+00 -0.000000e+00  1.000000e+00
   outer loop
     vertex  5.990563e+02  4.636571e+01  8.000000e+00
     vertex  5.990563e+02  4.761777e+01  8.000000e+00
     vertex  5.977625e+02  4.556641e+01  8.000000e+00
   endloop
 endfacet
 facet normal  0.000000e+00  0.000000e+00  1.000000e+00
   outer loop
     vertex  5.990563e+02  4.636571e+01  8.000000e+00
     vertex  6.003500e+02  4.713036e+01  8.000000e+00
     vertex  5.990563e+02  4.761777e+01  8.000000e+00
   endloop
 endfacet
 facet normal  0.000000e+00 -0.000000e+00  1.000000e+00
   outer loop
     vertex  5.973313e+02  4.356124e+01  8.000000e+00
     vertex  5.977625e+02  4.556641e+01  8.000000e+00
     vertex  5.964688e+02  4.473245e+01  8.000000e+00
   endloop
 endfacet
 facet normal  0.000000e+00  0.000000e+00  1.000000e+00
   outer loop
     vertex  6.016438e+02  4.786035e+01  8.000000e+00
     vertex  6.029375e+02  4.855569e+01  8.000000e+00
     vertex  6.020750e+02  4.965759e+01  8.000000e+00
   endloop
 endfacet
 facet normal  0.000000e+00 -0.000000e+00  1.000000e+00
   outer loop
     vertex  6.016438e+02  4.786035e+01  8.000000e+00
     vertex  6.020750e+02  4.965759e+01  8.000000e+00
     vertex  5.994875e+02  4.951897e+01  8.000000e+00
   endloop
 endfacet
 facet normal  0.000000e+00  0.000000e+00  1.000000e+00
   outer loop
     vertex  6.016438e+02  4.786035e+01  8.000000e+00
     vertex  5.994875e+02  4.951897e+01  8.000000e+00
     vertex  6.003500e+02  4.713036e+01  8.000000e+00
   endloop
 endfacet
 facet normal  0.000000e+00  0.000000e+00  1.000000e+00
   outer loop
     vertex  5.986250e+02  4.441830e+01  8.000000e+00
     vertex  5.977625e+02  4.556641e+01  8.000000e+00
     vertex  5.973313e+02  4.356124e+01  8.000000e+00
   endloop
 endfacet
 facet normal  0.000000e+00  0.000000e+00  1.000000e+00
   outer loop
     vertex  5.986250e+02  4.441830e+01  8.000000e+00
     vertex  5.973313e+02  4.356124e+01  8.000000e+00
     vertex  5.994875e+02  4.331641e+01  8.000000e+00
   endloop
 endfacet
 facet normal  0.000000e+00 -0.000000e+00  1.000000e+00
   outer loop
     vertex  5.986250e+02  4.441830e+01  8.000000e+00
     vertex  5.990563e+02  4.636571e+01  8.000000e+00
     vertex  5.977625e+02  4.556641e+01  8.000000e+00
   endloop
 endfacet
 facet normal -0.000000e+00  0.000000e+00  1.000000e+00
   outer loop
     vertex  6.020750e+02  4.731518e+01  8.000000e+00
     vertex  6.020750e+02  4.497277e+01  8.000000e+00
     vertex  6.029375e+02  4.855569e+01  8.000000e+00
   endloop
 endfacet
 facet normal  0.000000e+00  0.000000e+00  1.000000e+00
   outer loop
     vertex  6.020750e+02  4.731518e+01  8.000000e+00
     vertex  6.016438e+02  4.786035e+01  8.000000e+00
     vertex  6.003500e+02  4.713036e+01  8.000000e+00
   endloop
 endfacet
 facet normal  0.000000e+00  0.000000e+00  1.000000e+00
   outer loop
     vertex  6.020750e+02  4.731518e+01  8.000000e+00
     vertex  6.012125e+02  4.602846e+01  8.000000e+00
     vertex  6.020750e+02  4.497277e+01  8.000000e+00
   endloop
 endfacet
 facet normal  0.000000e+00  0.000000e+00  1.000000e+00
   outer loop
     vertex  6.020750e+02  4.731518e+01  8.000000e+00
     vertex  6.003500e+02  4.713036e+01  8.000000e+00
     vertex  6.012125e+02  4.602846e+01  8.000000e+00
   endloop
 endfacet
 facet normal  0.000000e+00 -0.000000e+00  1.000000e+00
   outer loop
     vertex  6.020750e+02  4.731518e+01  8.000000e+00
     vertex  6.029375e+02  4.855569e+01  8.000000e+00
     vertex  6.016438e+02  4.786035e+01  8.000000e+00
   endloop
 endfacet
 facet normal  0.000000e+00 -0.000000e+00  1.000000e+00
   outer loop
     vertex  6.003500e+02  4.469554e+01  8.000000e+00
     vertex  6.012125e+02  4.602846e+01  8.000000e+00
     vertex  5.990563e+02  4.636571e+01  8.000000e+00
   endloop
 endfacet
 facet normal  0.000000e+00  0.000000e+00  1.000000e+00
   outer loop
     vertex  6.003500e+02  4.469554e+01  8.000000e+00
     vertex  6.020750e+02  4.497277e+01  8.000000e+00
     vertex  6.012125e+02  4.602846e+01  8.000000e+00
   endloop
 endfacet
 facet normal  0.000000e+00  0.000000e+00  1.000000e+00
   outer loop
     vertex  6.003500e+02  4.469554e+01  8.000000e+00
     vertex  5.990563e+02  4.636571e+01  8.000000e+00
     vertex  5.986250e+02  4.441830e+01  8.000000e+00
   endloop
 endfacet
 facet normal  0.000000e+00  0.000000e+00  1.000000e+00
   outer loop
     vertex  6.003500e+02  4.469554e+01  8.000000e+00
     vertex  5.986250e+02  4.441830e+01  8.000000e+00
     vertex  5.994875e+02  4.331641e+01  8.000000e+00
   endloop
 endfacet
 facet normal  0.000000e+00 -0.000000e+00  1.000000e+00
   outer loop
     vertex  6.007812e+02  4.416191e+01  8.000000e+00
     vertex  6.020750e+02  4.497277e+01  8.000000e+00
     vertex  6.003500e+02  4.469554e+01  8.000000e+00
   endloop
 endfacet
 facet normal  0.000000e+00  0.000000e+00  1.000000e+00
   outer loop
     vertex  6.007812e+02  4.416191e+01  8.000000e+00
     vertex  6.003500e+02  4.469554e+01  8.000000e+00
     vertex  5.994875e+02  4.331641e+01  8.000000e+00
   endloop
 endfacet
 facet normal -0.000000e+00  0.000000e+00  1.000000e+00
   outer loop
     vertex  6.016438e+02  4.312932e+01  8.000000e+00
     vertex  6.038000e+02  4.300000e+01  8.000000e+00
     vertex  6.029375e+02  4.396328e+01  8.000000e+00
   endloop
 endfacet
 facet normal  0.000000e+00  0.000000e+00  1.000000e+00
   outer loop
     vertex  6.016438e+02  4.312932e+01  8.000000e+00
     vertex  6.029375e+02  4.396328e+01  8.000000e+00
     vertex  6.020750e+02  4.497277e+01  8.000000e+00
   endloop
 endfacet
 facet normal  0.000000e+00 -0.000000e+00  1.000000e+00
   outer loop
     vertex  6.016438e+02  4.312932e+01  8.000000e+00
     vertex  6.020750e+02  4.497277e+01  8.000000e+00
     vertex  6.007812e+02  4.416191e+01  8.000000e+00
   endloop
 endfacet
 facet normal  0.000000e+00  0.000000e+00  1.000000e+00
   outer loop
     vertex  6.016438e+02  4.312932e+01  8.000000e+00
     vertex  6.007812e+02  4.416191e+01  8.000000e+00
     vertex  5.994875e+02  4.331641e+01  8.000000e+00
   endloop
 endfacet
 facet normal  0.000000e+00  0.000000e+00  1.000000e+00
   outer loop
     vertex  5.932344e+02  6.080005e+01  8.000000e+00
     vertex  5.917250e+02  6.069062e+01  8.000000e+00
     vertex  5.925875e+02  5.912667e+01  8.000000e+00
   endloop
 endfacet
 facet normal  0.000000e+00  0.000000e+00  1.000000e+00
   outer loop
     vertex  5.932344e+02  6.080005e+01  8.000000e+00
     vertex  5.928031e+02  6.158202e+01  8.000000e+00
     vertex  5.917250e+02  6.069062e+01  8.000000e+00
   endloop
 endfacet
 facet normal -0.000000e+00  0.000000e+00  1.000000e+00
   outer loop
     vertex  5.936656e+02  6.002962e+01  8.000000e+00
     vertex  5.956063e+02  5.939461e+01  8.000000e+00
     vertex  5.947437e+02  6.088926e+01  8.000000e+00
   endloop
 endfacet
 facet normal  0.000000e+00  0.000000e+00  1.000000e+00
   outer loop
     vertex  5.936656e+02  6.002962e+01  8.000000e+00
     vertex  5.947438e+02  5.815410e+01  8.000000e+00
     vertex  5.956063e+02  5.939461e+01  8.000000e+00
   endloop
 endfacet
 facet normal  0.000000e+00  0.000000e+00  1.000000e+00
   outer loop
     vertex  5.936656e+02  6.002962e+01  8.000000e+00
     vertex  5.925875e+02  5.912667e+01  8.000000e+00
     vertex  5.947438e+02  5.815410e+01  8.000000e+00
   endloop
 endfacet
 facet normal  0.000000e+00 -0.000000e+00  1.000000e+00
   outer loop
     vertex  5.936656e+02  6.002962e+01  8.000000e+00
     vertex  5.947437e+02  6.088926e+01  8.000000e+00
     vertex  5.932344e+02  6.080005e+01  8.000000e+00
   endloop
 endfacet
 facet normal  0.000000e+00  0.000000e+00  1.000000e+00
   outer loop
     vertex  5.936656e+02  6.002962e+01  8.000000e+00
     vertex  5.932344e+02  6.080005e+01  8.000000e+00
     vertex  5.925875e+02  5.912667e+01  8.000000e+00
   endloop
 endfacet
 facet normal  0.000000e+00  0.000000e+00  1.000000e+00
   outer loop
     vertex  5.966844e+02  6.022248e+01  8.000000e+00
     vertex  5.962531e+02  6.228540e+01  8.000000e+00
     vertex  5.947437e+02  6.088926e+01  8.000000e+00
   endloop
 endfacet
 facet normal  0.000000e+00  0.000000e+00  1.000000e+00
   outer loop
     vertex  5.966844e+02  6.022248e+01  8.000000e+00
     vertex  5.947437e+02  6.088926e+01  8.000000e+00
     vertex  5.956063e+02  5.939461e+01  8.000000e+00
   endloop
 endfacet
 facet normal  0.000000e+00 -0.000000e+00  1.000000e+00
   outer loop
     vertex  5.925875e+02  5.627600e+01  8.000000e+00
     vertex  5.934500e+02  5.760893e+01  8.000000e+00
     vertex  5.917250e+02  5.779375e+01  8.000000e+00
   endloop
 endfacet
 facet normal  0.000000e+00  0.000000e+00  1.000000e+00
   outer loop
     vertex  5.925875e+02  5.627600e+01  8.000000e+00
     vertex  5.917250e+02  5.779375e+01  8.000000e+00
     vertex  5.908625e+02  5.641462e+01  8.000000e+00
   endloop
 endfacet
 facet normal -0.000000e+00  0.000000e+00  1.000000e+00
   outer loop
     vertex  5.925875e+02  5.627600e+01  8.000000e+00
     vertex  5.943125e+02  5.613739e+01  8.000000e+00
     vertex  5.934500e+02  5.760893e+01  8.000000e+00
   endloop
 endfacet
 facet normal  0.000000e+00  0.000000e+00  1.000000e+00
   outer loop
     vertex  5.925875e+02  5.627600e+01  8.000000e+00
     vertex  5.908625e+02  5.641462e+01  8.000000e+00
     vertex  5.917250e+02  5.489687e+01  8.000000e+00
   endloop
 endfacet
 facet normal  0.000000e+00  0.000000e+00  1.000000e+00
   outer loop
     vertex  5.986250e+02  6.084531e+01  8.000000e+00
     vertex  5.986250e+02  5.958170e+01  8.000000e+00
     vertex  6.003500e+02  5.930446e+01  8.000000e+00
   endloop
 endfacet
 facet normal  0.000000e+00  0.000000e+00  1.000000e+00
   outer loop
     vertex  5.986250e+02  6.084531e+01  8.000000e+00
     vertex  5.979781e+02  6.064637e+01  8.000000e+00
     vertex  5.986250e+02  5.958170e+01  8.000000e+00
   endloop
 endfacet
 facet normal  0.000000e+00  0.000000e+00  1.000000e+00
   outer loop
     vertex  5.971156e+02  5.949826e+01  8.000000e+00
     vertex  5.956063e+02  5.939461e+01  8.000000e+00
     vertex  5.977625e+02  5.843359e+01  8.000000e+00
   endloop
 endfacet
 facet normal -0.000000e+00  0.000000e+00  1.000000e+00
   outer loop
     vertex  5.971156e+02  5.949826e+01  8.000000e+00
     vertex  5.977625e+02  5.843359e+01  8.000000e+00
     vertex  5.986250e+02  5.958170e+01  8.000000e+00
   endloop
 endfacet
 facet normal  0.000000e+00  0.000000e+00  1.000000e+00
   outer loop
     vertex  5.971156e+02  5.949826e+01  8.000000e+00
     vertex  5.966844e+02  6.022248e+01  8.000000e+00
     vertex  5.956063e+02  5.939461e+01  8.000000e+00
   endloop
 endfacet
 facet normal  0.000000e+00  0.000000e+00  1.000000e+00
   outer loop
     vertex  5.971156e+02  5.949826e+01  8.000000e+00
     vertex  5.986250e+02  5.958170e+01  8.000000e+00
     vertex  5.979781e+02  6.064637e+01  8.000000e+00
   endloop
 endfacet
 facet normal  0.000000e+00 -0.000000e+00  1.000000e+00
   outer loop
     vertex  5.971156e+02  5.949826e+01  8.000000e+00
     vertex  5.979781e+02  6.064637e+01  8.000000e+00
     vertex  5.966844e+02  6.022248e+01  8.000000e+00
   endloop
 endfacet
 facet normal -0.000000e+00  0.000000e+00  1.000000e+00
   outer loop
     vertex  5.930188e+02  5.553446e+01  8.000000e+00
     vertex  5.938813e+02  5.408602e+01  8.000000e+00
     vertex  5.943125e+02  5.613739e+01  8.000000e+00
   endloop
 endfacet
 facet normal  0.000000e+00  0.000000e+00  1.000000e+00
   outer loop
     vertex  5.930188e+02  5.553446e+01  8.000000e+00
     vertex  5.917250e+02  5.489687e+01  8.000000e+00
     vertex  5.925875e+02  5.342533e+01  8.000000e+00
   endloop
 endfacet
 facet normal  0.000000e+00  0.000000e+00  1.000000e+00
   outer loop
     vertex  5.930188e+02  5.553446e+01  8.000000e+00
     vertex  5.925875e+02  5.342533e+01  8.000000e+00
     vertex  5.938813e+02  5.408602e+01  8.000000e+00
   endloop
 endfacet
 facet normal  0.000000e+00 -0.000000e+00  1.000000e+00
   outer loop
     vertex  5.930188e+02  5.553446e+01  8.000000e+00
     vertex  5.943125e+02  5.613739e+01  8.000000e+00
     vertex  5.925875e+02  5.627600e+01  8.000000e+00
   endloop
 endfacet
 facet normal  0.000000e+00  0.000000e+00  1.000000e+00
   outer loop
     vertex  5.930188e+02  5.553446e+01  8.000000e+00
     vertex  5.925875e+02  5.627600e+01  8.000000e+00
     vertex  5.917250e+02  5.489687e+01  8.000000e+00
   endloop
 endfacet
 facet normal -0.000000e+00  0.000000e+00  1.000000e+00
   outer loop
     vertex  5.949594e+02  4.757414e+01  8.000000e+00
     vertex  5.960375e+02  4.666830e+01  8.000000e+00
     vertex  5.964688e+02  4.869657e+01  8.000000e+00
   endloop
 endfacet
 facet normal  0.000000e+00  0.000000e+00  1.000000e+00
   outer loop
     vertex  5.949594e+02  4.757414e+01  8.000000e+00
     vertex  5.934500e+02  4.639107e+01  8.000000e+00
     vertex  5.943125e+02  4.510435e+01  8.000000e+00
   endloop
 endfacet
 facet normal  0.000000e+00  0.000000e+00  1.000000e+00
   outer loop
     vertex  5.949594e+02  4.757414e+01  8.000000e+00
     vertex  5.943125e+02  4.510435e+01  8.000000e+00
     vertex  5.960375e+02  4.666830e+01  8.000000e+00
   endloop
 endfacet
 facet normal  0.000000e+00  0.000000e+00  1.000000e+00
   outer loop
     vertex  5.949594e+02  4.757414e+01  8.000000e+00
     vertex  5.964688e+02  4.869657e+01  8.000000e+00
     vertex  5.951750e+02  4.928795e+01  8.000000e+00
   endloop
 endfacet
 facet normal  0.000000e+00  0.000000e+00  1.000000e+00
   outer loop
     vertex  5.949594e+02  4.757414e+01  8.000000e+00
     vertex  5.938813e+02  4.852330e+01  8.000000e+00
     vertex  5.934500e+02  4.639107e+01  8.000000e+00
   endloop
 endfacet
 facet normal  0.000000e+00 -0.000000e+00  1.000000e+00
   outer loop
     vertex  5.949594e+02  4.757414e+01  8.000000e+00
     vertex  5.951750e+02  4.928795e+01  8.000000e+00
     vertex  5.938813e+02  4.852330e+01  8.000000e+00
   endloop
 endfacet
 facet normal  0.000000e+00  0.000000e+00  1.000000e+00
   outer loop
     vertex  5.979781e+02  5.039882e+01  8.000000e+00
     vertex  5.969000e+02  5.200000e+01  8.000000e+00
     vertex  5.960375e+02  5.066708e+01  8.000000e+00
   endloop
 endfacet
 facet normal  0.000000e+00  0.000000e+00  1.000000e+00
   outer loop
     vertex  5.979781e+02  5.039882e+01  8.000000e+00
     vertex  5.969000e+02  4.938036e+01  8.000000e+00
     vertex  5.977625e+02  4.813984e+01  8.000000e+00
   endloop
 endfacet
 facet normal  0.000000e+00  0.000000e+00  1.000000e+00
   outer loop
     vertex  5.979781e+02  5.039882e+01  8.000000e+00
     vertex  5.977625e+02  4.813984e+01  8.000000e+00
     vertex  5.994875e+02  4.951897e+01  8.000000e+00
   endloop
 endfacet
 facet normal  0.000000e+00 -0.000000e+00  1.000000e+00
   outer loop
     vertex  5.979781e+02  5.039882e+01  8.000000e+00
     vertex  5.990563e+02  5.137397e+01  8.000000e+00
     vertex  5.969000e+02  5.200000e+01  8.000000e+00
   endloop
 endfacet
 facet normal -0.000000e+00  0.000000e+00  1.000000e+00
   outer loop
     vertex  5.979781e+02  5.039882e+01  8.000000e+00
     vertex  5.994875e+02  4.951897e+01  8.000000e+00
     vertex  5.990563e+02  5.137397e+01  8.000000e+00
   endloop
 endfacet
 facet normal  0.000000e+00  0.000000e+00  1.000000e+00
   outer loop
     vertex  5.979781e+02  5.039882e+01  8.000000e+00
     vertex  5.960375e+02  5.066708e+01  8.000000e+00
     vertex  5.969000e+02  4.938036e+01  8.000000e+00
   endloop
 endfacet
 facet normal  0.000000e+00 -0.000000e+00  1.000000e+00
   outer loop
     vertex  6.012125e+02  5.319431e+01  8.000000e+00
     vertex  6.020750e+02  5.434241e+01  8.000000e+00
     vertex  6.007812e+02  5.380879e+01  8.000000e+00
   endloop
 endfacet
 facet normal  0.000000e+00  0.000000e+00  1.000000e+00
   outer loop
     vertex  6.012125e+02  5.319431e+01  8.000000e+00
     vertex  6.007812e+02  5.380879e+01  8.000000e+00
     vertex  5.994875e+02  5.324051e+01  8.000000e+00
   endloop
 endfacet
 facet normal  0.000000e+00  0.000000e+00  1.000000e+00
   outer loop
     vertex  6.012125e+02  5.319431e+01  8.000000e+00
     vertex  5.994875e+02  5.324051e+01  8.000000e+00
     vertex  6.003500e+02  5.200000e+01  8.000000e+00
   endloop
 endfacet
 facet normal  0.000000e+00  0.000000e+00  1.000000e+00
   outer loop
     vertex  6.012125e+02  5.319431e+01  8.000000e+00
     vertex  6.012125e+02  5.080569e+01  8.000000e+00
     vertex  6.020750e+02  4.965759e+01  8.000000e+00
   endloop
 endfacet
 facet normal -0.000000e+00  0.000000e+00  1.000000e+00
   outer loop
     vertex  6.012125e+02  5.319431e+01  8.000000e+00
     vertex  6.020750e+02  4.965759e+01  8.000000e+00
     vertex  6.020750e+02  5.434241e+01  8.000000e+00
   endloop
 endfacet
 facet normal  0.000000e+00  0.000000e+00  1.000000e+00
   outer loop
     vertex  6.012125e+02  5.319431e+01  8.000000e+00
     vertex  6.003500e+02  5.200000e+01  8.000000e+00
     vertex  6.012125e+02  5.080569e+01  8.000000e+00
   endloop
 endfacet
 facet normal  0.000000e+00 -0.000000e+00  1.000000e+00
   outer loop
     vertex  5.960375e+02  4.266953e+01  8.000000e+00
     vertex  5.964688e+02  4.473245e+01  8.000000e+00
     vertex  5.951750e+02  4.386384e+01  8.000000e+00
   endloop
 endfacet
 facet normal  0.000000e+00  0.000000e+00  1.000000e+00
   outer loop
     vertex  5.960375e+02  4.266953e+01  8.000000e+00
     vertex  5.951750e+02  4.386384e+01  8.000000e+00
     vertex  5.947438e+02  4.174316e+01  8.000000e+00
   endloop
 endfacet
 facet normal  0.000000e+00  0.000000e+00  1.000000e+00
   outer loop
     vertex  5.960375e+02  4.266953e+01  8.000000e+00
     vertex  5.973313e+02  4.356124e+01  8.000000e+00
     vertex  5.964688e+02  4.473245e+01  8.000000e+00
   endloop
 endfacet
 facet normal  0.000000e+00 -0.000000e+00  1.000000e+00
   outer loop
     vertex  5.971156e+02  4.254567e+01  8.000000e+00
     vertex  5.973313e+02  4.356124e+01  8.000000e+00
     vertex  5.960375e+02  4.266953e+01  8.000000e+00
   endloop
 endfacet
 facet normal  0.000000e+00  0.000000e+00  1.000000e+00
   outer loop
     vertex  5.971156e+02  4.254567e+01  8.000000e+00
     vertex  5.994875e+02  4.331641e+01  8.000000e+00
     vertex  5.973313e+02  4.356124e+01  8.000000e+00
   endloop
 endfacet
 facet normal  0.000000e+00 -0.000000e+00  1.000000e+00
   outer loop
     vertex  5.992719e+02  4.234126e+01  8.000000e+00
     vertex  5.994875e+02  4.331641e+01  8.000000e+00
     vertex  5.971156e+02  4.254567e+01  8.000000e+00
   endloop
 endfacet
 facet normal  0.000000e+00  0.000000e+00  1.000000e+00
   outer loop
     vertex  5.992719e+02  4.234126e+01  8.000000e+00
     vertex  6.038000e+02  4.300000e+01  8.000000e+00
     vertex  6.016438e+02  4.312932e+01  8.000000e+00
   endloop
 endfacet
 facet normal  0.000000e+00  0.000000e+00  1.000000e+00
   outer loop
     vertex  5.992719e+02  4.234126e+01  8.000000e+00
     vertex  6.016438e+02  4.312932e+01  8.000000e+00
     vertex  5.994875e+02  4.331641e+01  8.000000e+00
   endloop
 endfacet
 facet normal  0.000000e+00  0.000000e+00  1.000000e+00
   outer loop
     vertex  5.914016e+02  6.274612e+01  8.000000e+00
     vertex  5.900000e+02  6.395714e+01  8.000000e+00
     vertex  5.908625e+02  6.230078e+01  8.000000e+00
   endloop
 endfacet
 facet normal  0.000000e+00  0.000000e+00  1.000000e+00
   outer loop
     vertex  5.914016e+02  6.274612e+01  8.000000e+00
     vertex  5.908625e+02  6.230078e+01  8.000000e+00
     vertex  5.917250e+02  6.069062e+01  8.000000e+00
   endloop
 endfacet
 facet normal  0.000000e+00  0.000000e+00  1.000000e+00
   outer loop
     vertex  5.914016e+02  6.274612e+01  8.000000e+00
     vertex  5.917250e+02  6.069062e+01  8.000000e+00
     vertex  5.928031e+02  6.158202e+01  8.000000e+00
   endloop
 endfacet
 facet normal  0.000000e+00  0.000000e+00  1.000000e+00
   outer loop
     vertex  5.931266e+02  6.311080e+01  8.000000e+00
     vertex  5.914016e+02  6.274612e+01  8.000000e+00
     vertex  5.928031e+02  6.158202e+01  8.000000e+00
   endloop
 endfacet
 facet normal  0.000000e+00  0.000000e+00  1.000000e+00
   outer loop
     vertex  5.931266e+02  6.311080e+01  8.000000e+00
     vertex  5.900000e+02  6.395714e+01  8.000000e+00
     vertex  5.914016e+02  6.274612e+01  8.000000e+00
   endloop
 endfacet
 facet normal  0.000000e+00  0.000000e+00  1.000000e+00
   outer loop
     vertex  5.945281e+02  6.195682e+01  8.000000e+00
     vertex  5.931266e+02  6.311080e+01  8.000000e+00
     vertex  5.928031e+02  6.158202e+01  8.000000e+00
   endloop
 endfacet
 facet normal  0.000000e+00 -0.000000e+00  1.000000e+00
   outer loop
     vertex  5.945281e+02  6.195682e+01  8.000000e+00
     vertex  5.962531e+02  6.228540e+01  8.000000e+00
     vertex  5.931266e+02  6.311080e+01  8.000000e+00
   endloop
 endfacet
 facet normal  0.000000e+00  0.000000e+00  1.000000e+00
   outer loop
     vertex  5.945281e+02  6.195682e+01  8.000000e+00
     vertex  5.928031e+02  6.158202e+01  8.000000e+00
     vertex  5.932344e+02  6.080005e+01  8.000000e+00
   endloop
 endfacet
 facet normal -0.000000e+00  0.000000e+00  1.000000e+00
   outer loop
     vertex  5.945281e+02  6.195682e+01  8.000000e+00
     vertex  5.947437e+02  6.088926e+01  8.000000e+00
     vertex  5.962531e+02  6.228540e+01  8.000000e+00
   endloop
 endfacet
 facet normal  0.000000e+00  0.000000e+00  1.000000e+00
   outer loop
     vertex  5.945281e+02  6.195682e+01  8.000000e+00
     vertex  5.932344e+02  6.080005e+01  8.000000e+00
     vertex  5.947437e+02  6.088926e+01  8.000000e+00
   endloop
 endfacet
 facet normal  0.000000e+00  0.000000e+00  1.000000e+00
   outer loop
     vertex  5.974391e+02  6.155344e+01  8.000000e+00
     vertex  5.962531e+02  6.228540e+01  8.000000e+00
     vertex  5.966844e+02  6.022248e+01  8.000000e+00
   endloop
 endfacet
 facet normal  0.000000e+00  0.000000e+00  1.000000e+00
   outer loop
     vertex  5.974391e+02  6.155344e+01  8.000000e+00
     vertex  5.966844e+02  6.022248e+01  8.000000e+00
     vertex  5.979781e+02  6.064637e+01  8.000000e+00
   endloop
 endfacet
 facet normal  0.000000e+00  0.000000e+00  1.000000e+00
   outer loop
     vertex  5.974391e+02  6.155344e+01  8.000000e+00
     vertex  5.979781e+02  6.064637e+01  8.000000e+00
     vertex  5.986250e+02  6.084531e+01  8.000000e+00
   endloop
 endfacet
 facet normal  0.000000e+00  0.000000e+00  1.000000e+00
   outer loop
     vertex  5.993797e+02  6.148093e+01  8.000000e+00
     vertex  5.974391e+02  6.155344e+01  8.000000e+00
     vertex  5.986250e+02  6.084531e+01  8.000000e+00
   endloop
 endfacet
 facet normal  0.000000e+00  0.000000e+00  1.000000e+00
   outer loop
     vertex  5.993797e+02  6.148093e+01  8.000000e+00
     vertex  5.962531e+02  6.228540e+01  8.000000e+00
     vertex  5.974391e+02  6.155344e+01  8.000000e+00
   endloop
 endfacet
 facet normal -0.000000e+00 -0.000000e+00  1.000000e+00
   outer loop
     vertex  6.000266e+02  6.165533e+01  8.000000e+00
     vertex  6.038000e+02  6.100000e+01  8.000000e+00
     vertex  5.900000e+02  6.395714e+01  8.000000e+00
   endloop
 endfacet
 facet normal  0.000000e+00  0.000000e+00  1.000000e+00
   outer loop
     vertex  6.000266e+02  6.165533e+01  8.000000e+00
     vertex  6.025063e+02  6.069741e+01  8.000000e+00
     vertex  6.038000e+02  6.100000e+01  8.000000e+00
   endloop
 endfacet
 facet normal  0.000000e+00  0.000000e+00  1.000000e+00
   outer loop
     vertex  6.000266e+02  6.165533e+01  8.000000e+00
     vertex  5.931266e+02  6.311080e+01  8.000000e+00
     vertex  5.962531e+02  6.228540e+01  8.000000e+00
   endloop
 endfacet
 facet normal  0.000000e+00  0.000000e+00  1.000000e+00
   outer loop
     vertex  6.000266e+02  6.165533e+01  8.000000e+00
     vertex  5.962531e+02  6.228540e+01  8.000000e+00
     vertex  5.993797e+02  6.148093e+01  8.000000e+00
   endloop
 endfacet
 facet normal  0.000000e+00  0.000000e+00  1.000000e+00
   outer loop
     vertex  6.000266e+02  6.165533e+01  8.000000e+00
     vertex  5.900000e+02  6.395714e+01  8.000000e+00
     vertex  5.931266e+02  6.311080e+01  8.000000e+00
   endloop
 endfacet
 facet normal  0.000000e+00  0.000000e+00  1.000000e+00
   outer loop
     vertex  6.005656e+02  6.078435e+01  8.000000e+00
     vertex  6.000266e+02  6.165533e+01  8.000000e+00
     vertex  5.993797e+02  6.148093e+01  8.000000e+00
   endloop
 endfacet
 facet normal  0.000000e+00  0.000000e+00  1.000000e+00
   outer loop
     vertex  6.005656e+02  6.078435e+01  8.000000e+00
     vertex  6.003500e+02  5.930446e+01  8.000000e+00
     vertex  6.012125e+02  6.036016e+01  8.000000e+00
   endloop
 endfacet
 facet normal  0.000000e+00  0.000000e+00  1.000000e+00
   outer loop
     vertex  6.005656e+02  6.078435e+01  8.000000e+00
     vertex  6.012125e+02  6.036016e+01  8.000000e+00
     vertex  6.025063e+02  6.069741e+01  8.000000e+00
   endloop
 endfacet
 facet normal  0.000000e+00  0.000000e+00  1.000000e+00
   outer loop
     vertex  6.005656e+02  6.078435e+01  8.000000e+00
     vertex  5.986250e+02  6.084531e+01  8.000000e+00
     vertex  6.003500e+02  5.930446e+01  8.000000e+00
   endloop
 endfacet
 facet normal -0.000000e+00 -0.000000e+00  1.000000e+00
   outer loop
     vertex  6.005656e+02  6.078435e+01  8.000000e+00
     vertex  6.025063e+02  6.069741e+01  8.000000e+00
     vertex  6.000266e+02  6.165533e+01  8.000000e+00
   endloop
 endfacet
 facet normal  0.000000e+00  0.000000e+00  1.000000e+00
   outer loop
     vertex  6.005656e+02  6.078435e+01  8.000000e+00
     vertex  5.993797e+02  6.148093e+01  8.000000e+00
     vertex  5.986250e+02  6.084531e+01  8.000000e+00
   endloop
 endfacet
 facet normal -0.000000e+00  0.000000e+00  1.000000e+00
   outer loop
     vertex  5.946359e+02  4.120758e+01  8.000000e+00
     vertex  5.900000e+02  4.004286e+01  8.000000e+00
     vertex  6.038000e+02  4.300000e+01  8.000000e+00
   endloop
 endfacet
 facet normal  0.000000e+00  0.000000e+00  1.000000e+00
   outer loop
     vertex  5.946359e+02  4.120758e+01  8.000000e+00
     vertex  5.912938e+02  4.105008e+01  8.000000e+00
     vertex  5.900000e+02  4.004286e+01  8.000000e+00
   endloop
 endfacet
 facet normal  0.000000e+00  0.000000e+00  1.000000e+00
   outer loop
     vertex  5.946359e+02  4.120758e+01  8.000000e+00
     vertex  5.960375e+02  4.266953e+01  8.000000e+00
     vertex  5.947438e+02  4.174316e+01  8.000000e+00
   endloop
 endfacet
 facet normal  0.000000e+00  0.000000e+00  1.000000e+00
   outer loop
     vertex  5.946359e+02  4.120758e+01  8.000000e+00
     vertex  5.971156e+02  4.254567e+01  8.000000e+00
     vertex  5.960375e+02  4.266953e+01  8.000000e+00
   endloop
 endfacet
 facet normal  0.000000e+00  0.000000e+00  1.000000e+00
   outer loop
     vertex  5.946359e+02  4.120758e+01  8.000000e+00
     vertex  6.038000e+02  4.300000e+01  8.000000e+00
     vertex  5.992719e+02  4.234126e+01  8.000000e+00
   endloop
 endfacet
 facet normal  0.000000e+00  0.000000e+00  1.000000e+00
   outer loop
     vertex  5.946359e+02  4.120758e+01  8.000000e+00
     vertex  5.992719e+02  4.234126e+01  8.000000e+00
     vertex  5.971156e+02  4.254567e+01  8.000000e+00
   endloop
 endfacet
 facet normal -0.000000e+00  0.000000e+00  1.000000e+00
   outer loop
     vertex  5.936117e+02  4.160312e+01  8.000000e+00
     vertex  5.946359e+02  4.120758e+01  8.000000e+00
     vertex  5.947438e+02  4.174316e+01  8.000000e+00
   endloop
 endfacet
 facet normal  0.000000e+00 -0.000000e+00  1.000000e+00
   outer loop
     vertex  5.936117e+02  4.160312e+01  8.000000e+00
     vertex  5.938813e+02  4.296057e+01  8.000000e+00
     vertex  5.925875e+02  4.202266e+01  8.000000e+00
   endloop
 endfacet
 facet normal  0.000000e+00  0.000000e+00  1.000000e+00
   outer loop
     vertex  5.936117e+02  4.160312e+01  8.000000e+00
     vertex  5.925875e+02  4.202266e+01  8.000000e+00
     vertex  5.912938e+02  4.105008e+01  8.000000e+00
   endloop
 endfacet
 facet normal  0.000000e+00  0.000000e+00  1.000000e+00
   outer loop
     vertex  5.936117e+02  4.160312e+01  8.000000e+00
     vertex  5.947438e+02  4.174316e+01  8.000000e+00
     vertex  5.938813e+02  4.296057e+01  8.000000e+00
   endloop
 endfacet
 facet normal  0.000000e+00  0.000000e+00  1.000000e+00
   outer loop
     vertex  5.936117e+02  4.160312e+01  8.000000e+00
     vertex  5.912938e+02  4.105008e+01  8.000000e+00
     vertex  5.946359e+02  4.120758e+01  8.000000e+00
   endloop
 endfacet
 facet normal  1.967213e-01 -9.180328e-01  3.442623e-01
   outer loop
     vertex  6.038000e+02  4.300000e+01  8.000000e+00
     vertex  5.900000e+02  4.004286e+01  8.000000e+00
     vertex  5.900000e+02  3.704286e+01  0.000000e+00
   endloop
 endfacet
 facet normal  1.967213e-01 -9.180328e-01  3.442623e-01
   outer loop
     vertex  6.038000e+02  4.000000e+01  0.000000e+00
     vertex  6.038000e+02  4.300000e+01  8.000000e+00
     vertex  5.900000e+02  3.704286e+01  0.000000e+00
   endloop
 endfacet
 facet normal -1.000000e+00  0.000000e+00  0.000000e+00
   outer loop
     vertex  4.100000e+02  0.000000e+00  8.000000e+00
     vertex  4.100000e+02  3.691143e+01  0.000000e+00
     vertex  4.100000e+02  0.000000e+00  0.000000e+00
   endloop
 endfacet
 facet normal -1.000000e+00  0.000000e+00  0.000000e+00
   outer loop
     vertex  4.100000e+02  0.000000e+00  8.000000e+00
     vertex  4.100000e+02  3.976857e+01  8.000000e+00
     vertex  4.100000e+02  3.691143e+01  0.000000e+00
   endloop
 endfacet
 facet normal -1.850939e-01  9.254694e-01 -3.305248e-01
   outer loop
     vertex  4.248000e+02  4.272857e+01  8.000000e+00
     vertex  4.100000e+02  3.691143e+01  0.000000e+00
     vertex  4.100000e+02  3.976857e+01  8.000000e+00
   endloop
 endfacet
 facet normal -1.850939e-01  9.254694e-01 -3.305248e-01
   outer loop
     vertex  4.248000e+02  3.987143e+01 -7.844246e-16
     vertex  4.100000e+02  3.691143e+01  0.000000e+00
     vertex  4.248000e+02  4.272857e+01  8.000000e+00
   endloop
 endfacet
 facet normal  0.000000e+00 -1.000000e+00 -0.000000e+00
   outer loop
     vertex  5.900000e+02  0.000000e+00  8.000000e+00
     vertex  4.100000e+02  0.000000e+00  0.000000e+00
     vertex  5.900000e+02  0.000000e+00  0.000000e+00
   endloop
 endfacet
 facet normal -0.000000e+00 -1.000000e+00  0.000000e+00
   outer loop
     vertex  5.900000e+02  0.000000e+00  8.000000e+00
     vertex  4.100000e+02  0.000000e+00  8.000000e+00
     vertex  4.100000e+02  0.000000e+00  0.000000e+00
   endloop
 endfacet
 facet normal -1.000000e+00 -0.000000e+00  0.000000e+00
   outer loop
     vertex  4.248000e+02  6.127143e+01  8.000000e+00
     vertex  4.248000e+02  3.987143e+01 -7.844246e-16
     vertex  4.248000e+02  4.272857e+01  8.000000e+00
   endloop
 endfacet
 facet normal -1.000000e+00  0.000000e+00 -0.000000e+00
   outer loop
     vertex  4.248000e+02  6.127143e+01  8.000000e+00
     vertex  4.248000e+02  6.412857e+01  8.550510e-18
     vertex  4.248000e+02  3.987143e+01 -7.844246e-16
   endloop
 endfacet
 facet normal -1.850939e-01 -9.254694e-01 -3.305248e-01
   outer loop
     vertex  4.248000e+02  6.412857e+01  8.550510e-18
     vertex  4.100000e+02  6.423143e+01  8.000000e+00
     vertex  4.100000e+02  6.708857e+01  0.000000e+00
   endloop
 endfacet
 facet normal -1.850939e-01 -9.254694e-01 -3.305248e-01
   outer loop
     vertex  4.248000e+02  6.127143e+01  8.000000e+00
     vertex  4.100000e+02  6.423143e+01  8.000000e+00
     vertex  4.248000e+02  6.412857e+01  8.550510e-18
   endloop
 endfacet
 facet normal -1.000000e+00  0.000000e+00  0.000000e+00
   outer loop
     vertex  4.100000e+02  6.708857e+01  0.000000e+00
     vertex  4.100000e+02  1.557686e+02  8.000000e+00
     vertex  4.100000e+02  1.529114e+02  0.000000e+00
   endloop
 endfacet
 facet normal -1.000000e+00  0.000000e+00  0.000000e+00
   outer loop
     vertex  4.100000e+02  6.423143e+01  8.000000e+00
     vertex  4.100000e+02  1.557686e+02  8.000000e+00
     vertex  4.100000e+02  6.708857e+01  0.000000e+00
   endloop
 endfacet
 facet normal -1.850939e-01  9.254694e-01 -3.305248e-01
   outer loop
     vertex  4.248000e+02  1.587286e+02  8.000000e+00
     vertex  4.100000e+02  1.529114e+02  0.000000e+00
     vertex  4.100000e+02  1.557686e+02  8.000000e+00
   endloop
 endfacet
 facet normal -1.850939e-01  9.254694e-01 -3.305248e-01
   outer loop
     vertex  4.248000e+02  1.558714e+02 -7.844246e-16
     vertex  4.100000e+02  1.529114e+02  0.000000e+00
     vertex  4.248000e+02  1.587286e+02  8.000000e+00
   endloop
 endfacet
 facet normal -1.000000e+00 -0.000000e+00  0.000000e+00
   outer loop
     vertex  4.248000e+02  1.772714e+02  8.000000e+00
     vertex  4.248000e+02  1.558714e+02 -7.844246e-16
     vertex  4.248000e+02  1.587286e+02  8.000000e+00
   endloop
 endfacet
 facet normal -1.000000e+00  0.000000e+00 -0.000000e+00
   outer loop
     vertex  4.248000e+02  1.772714e+02  8.000000e+00
     vertex  4.248000e+02  1.801286e+02  8.550510e-18
     vertex  4.248000e+02  1.558714e+02 -7.844246e-16
   endloop
 endfacet
 facet normal -1.850939e-01 -9.254694e-01 -3.305248e-01
   outer loop
     vertex  4.248000e+02  1.801286e+02  8.550510e-18
     vertex  4.100000e+02  1.802314e+02  8.000000e+00
     vertex  4.100000e+02  1.830886e+02  0.000000e+00
   endloop
 endfacet
 facet normal -1.850939e-01 -9.254694e-01 -3.305248e-01
   outer loop
     vertex  4.248000e+02  1.772714e+02  8.000000e+00
     vertex  4.100000e+02  1.802314e+02  8.000000e+00
     vertex  4.248000e+02  1.801286e+02  8.550510e-18
   endloop
 endfacet
 facet normal  1.000000e+00 -9.207187e-15  0.000000e+00
   outer loop
     vertex  5.900000e+02  0.000000e+00  8.000000e+00
     vertex  5.900000e+02  0.000000e+00  0.000000e+00
     vertex  5.900000e+02  3.704286e+01  0.000000e+00
   endloop
 endfacet
 facet normal  1.000000e+00 -8.517387e-15  3.194020e-15
   outer loop
     vertex  5.900000e+02  0.000000e+00  8.000000e+00
     vertex  5.900000e+02  3.704286e+01  0.000000e+00
     vertex  5.900000e+02  4.004286e+01  8.000000e+00
   endloop
 endfacet
 facet normal -0.000000e+00  0.000000e+00 -1.000000e+00
   outer loop
     vertex  5.908625e+02  1.624604e+02  0.000000e+00
     vertex  5.900000e+02  1.530429e+02  0.000000e+00
     vertex  5.900000e+02  1.829571e+02  0.000000e+00
   endloop
 endfacet
 facet normal  0.000000e+00 -0.000000e+00 -1.000000e+00
   outer loop
     vertex  5.908625e+02  1.624604e+02  0.000000e+00
     vertex  5.917250e+02  1.570594e+02  0.000000e+00
     vertex  5.900000e+02  1.530429e+02  0.000000e+00
   endloop
 endfacet
 facet normal -0.000000e+00  0.000000e+00 -1.000000e+00
   outer loop
     vertex  5.925875e+02  1.661997e+02  0.000000e+00
     vertex  5.908625e+02  1.624604e+02  0.000000e+00
     vertex  5.917250e+02  1.716469e+02  0.000000e+00
   endloop
 endfacet
 facet normal -0.000000e+00  0.000000e+00 -1.000000e+00
   outer loop
     vertex  6.029375e+02  1.573383e+02  0.000000e+00
     vertex  6.012125e+02  1.570148e+02  0.000000e+00
     vertex  6.020750e+02  1.587228e+02  0.000000e+00
   endloop
 endfacet
 facet normal -0.000000e+00  0.000000e+00 -1.000000e+00
   outer loop
     vertex  5.934500e+02  1.680000e+02  0.000000e+00
     vertex  5.925875e+02  1.661997e+02  0.000000e+00
     vertex  5.917250e+02  1.716469e+02  0.000000e+00
   endloop
 endfacet
 facet normal  0.000000e+00  0.000000e+00 -1.000000e+00
   outer loop
     vertex  6.029375e+02  1.603845e+02  0.000000e+00
     vertex  6.038000e+02  1.560000e+02  0.000000e+00
     vertex  6.029375e+02  1.573383e+02  0.000000e+00
   endloop
 endfacet
 facet normal  0.000000e+00 -0.000000e+00 -1.000000e+00
   outer loop
     vertex  6.029375e+02  1.603845e+02  0.000000e+00
     vertex  6.029375e+02  1.573383e+02  0.000000e+00
     vertex  6.020750e+02  1.587228e+02  0.000000e+00
   endloop
 endfacet
 facet normal  0.000000e+00  0.000000e+00 -1.000000e+00
   outer loop
     vertex  5.960375e+02  1.697079e+02  0.000000e+00
     vertex  5.943125e+02  1.697541e+02  0.000000e+00
     vertex  5.951750e+02  1.714621e+02  0.000000e+00
   endloop
 endfacet
 facet normal  0.000000e+00  0.000000e+00 -1.000000e+00
   outer loop
     vertex  5.908625e+02  1.772327e+02  0.000000e+00
     vertex  5.900000e+02  1.829571e+02  0.000000e+00
     vertex  5.917250e+02  1.789406e+02  0.000000e+00
   endloop
 endfacet
 facet normal -0.000000e+00  0.000000e+00 -1.000000e+00
   outer loop
     vertex  5.908625e+02  1.772327e+02  0.000000e+00
     vertex  5.908625e+02  1.624604e+02  0.000000e+00
     vertex  5.900000e+02  1.829571e+02  0.000000e+00
   endloop
 endfacet
 facet normal  0.000000e+00 -0.000000e+00 -1.000000e+00
   outer loop
     vertex  5.908625e+02  1.772327e+02  0.000000e+00
     vertex  5.917250e+02  1.716469e+02  0.000000e+00
     vertex  5.908625e+02  1.624604e+02  0.000000e+00
   endloop
 endfacet
 facet normal  0.000000e+00  0.000000e+00 -1.000000e+00
   outer loop
     vertex  5.908625e+02  1.772327e+02  0.000000e+00
     vertex  5.925875e+02  1.734010e+02  0.000000e+00
     vertex  5.917250e+02  1.716469e+02  0.000000e+00
   endloop
 endfacet
 facet normal -0.000000e+00  0.000000e+00 -1.000000e+00
   outer loop
     vertex  5.977625e+02  1.696617e+02  0.000000e+00
     vertex  5.969000e+02  1.680000e+02  0.000000e+00
     vertex  5.960375e+02  1.697079e+02  0.000000e+00
   endloop
 endfacet
 facet normal  0.000000e+00  0.000000e+00 -1.000000e+00
   outer loop
     vertex  6.029375e+02  1.725693e+02  0.000000e+00
     vertex  6.038000e+02  1.800000e+02  0.000000e+00
     vertex  6.038000e+02  1.560000e+02  0.000000e+00
   endloop
 endfacet
 facet normal  0.000000e+00  0.000000e+00 -1.000000e+00
   outer loop
     vertex  6.029375e+02  1.725693e+02  0.000000e+00
     vertex  6.038000e+02  1.560000e+02  0.000000e+00
     vertex  6.029375e+02  1.603845e+02  0.000000e+00
   endloop
 endfacet
 facet normal  0.000000e+00 -0.000000e+00 -1.000000e+00
   outer loop
     vertex  6.029375e+02  1.725693e+02  0.000000e+00
     vertex  6.029375e+02  1.603845e+02  0.000000e+00
     vertex  6.020750e+02  1.649076e+02  0.000000e+00
   endloop
 endfacet
 facet normal  0.000000e+00  0.000000e+00 -1.000000e+00
   outer loop
     vertex  6.029375e+02  1.786617e+02  0.000000e+00
     vertex  6.038000e+02  1.800000e+02  0.000000e+00
     vertex  6.029375e+02  1.725693e+02  0.000000e+00
   endloop
 endfacet
 facet normal -0.000000e+00  0.000000e+00 -1.000000e+00
   outer loop
     vertex  5.921562e+02  1.544109e+02  0.000000e+00
     vertex  5.900000e+02  1.530429e+02  0.000000e+00
     vertex  5.917250e+02  1.570594e+02  0.000000e+00
   endloop
 endfacet
 facet normal -0.000000e+00  0.000000e+00 -1.000000e+00
   outer loop
     vertex  5.930187e+02  1.563729e+02  0.000000e+00
     vertex  5.921562e+02  1.544109e+02  0.000000e+00
     vertex  5.917250e+02  1.570594e+02  0.000000e+00
   endloop
 endfacet
 facet normal  0.000000e+00 -0.000000e+00 -1.000000e+00
   outer loop
     vertex  5.930187e+02  1.563729e+02  0.000000e+00
     vertex  5.943125e+02  1.557211e+02  0.000000e+00
     vertex  5.921562e+02  1.544109e+02  0.000000e+00
   endloop
 endfacet
 facet normal -0.000000e+00  0.000000e+00 -1.000000e+00
   outer loop
     vertex  5.938813e+02  1.582888e+02  0.000000e+00
     vertex  5.917250e+02  1.570594e+02  0.000000e+00
     vertex  5.934500e+02  1.608911e+02  0.000000e+00
   endloop
 endfacet
 facet normal  0.000000e+00  0.000000e+00 -1.000000e+00
   outer loop
     vertex  5.938813e+02  1.582888e+02  0.000000e+00
     vertex  5.930187e+02  1.563729e+02  0.000000e+00
     vertex  5.917250e+02  1.570594e+02  0.000000e+00
   endloop
 endfacet
 facet normal  0.000000e+00 -0.000000e+00 -1.000000e+00
   outer loop
     vertex  5.921562e+02  1.616584e+02  0.000000e+00
     vertex  5.934500e+02  1.608911e+02  0.000000e+00
     vertex  5.917250e+02  1.570594e+02  0.000000e+00
   endloop
 endfacet
 facet normal -0.000000e+00  0.000000e+00 -1.000000e+00
   outer loop
     vertex  5.921562e+02  1.616584e+02  0.000000e+00
     vertex  5.917250e+02  1.570594e+02  0.000000e+00
     vertex  5.908625e+02  1.624604e+02  0.000000e+00
   endloop
 endfacet
 facet normal -0.000000e+00  0.000000e+00 -1.000000e+00
   outer loop
     vertex  5.947438e+02  1.601584e+02  0.000000e+00
     vertex  5.938813e+02  1.582888e+02  0.000000e+00
     vertex  5.934500e+02  1.608911e+02  0.000000e+00
   endloop
 endfacet
 facet normal  0.000000e+00 -0.000000e+00 -1.000000e+00
   outer loop
     vertex  5.947438e+02  1.601584e+02  0.000000e+00
     vertex  5.960375e+02  1.594604e+02  0.000000e+00
     vertex  5.938813e+02  1.582888e+02  0.000000e+00
   endloop
 endfacet
 facet normal  0.000000e+00 -0.000000e+00 -1.000000e+00
   outer loop
     vertex  5.973312e+02  1.587970e+02  0.000000e+00
     vertex  5.986250e+02  1.581683e+02  0.000000e+00
     vertex  5.964688e+02  1.569736e+02  0.000000e+00
   endloop
 endfacet
 facet normal  0.000000e+00  0.000000e+00 -1.000000e+00
   outer loop
     vertex  5.973312e+02  1.587970e+02  0.000000e+00
     vertex  5.994875e+02  1.599224e+02  0.000000e+00
     vertex  5.986250e+02  1.581683e+02  0.000000e+00
   endloop
 endfacet
 facet normal  0.000000e+00  0.000000e+00 -1.000000e+00
   outer loop
     vertex  5.930188e+02  1.635280e+02  0.000000e+00
     vertex  5.921562e+02  1.616584e+02  0.000000e+00
     vertex  5.908625e+02  1.624604e+02  0.000000e+00
   endloop
 endfacet
 facet normal -0.000000e+00  0.000000e+00 -1.000000e+00
   outer loop
     vertex  5.930188e+02  1.635280e+02  0.000000e+00
     vertex  5.908625e+02  1.624604e+02  0.000000e+00
     vertex  5.925875e+02  1.661997e+02  0.000000e+00
   endloop
 endfacet
 facet normal  0.000000e+00  0.000000e+00 -1.000000e+00
   outer loop
     vertex  5.999188e+02  1.575742e+02  0.000000e+00
     vertex  6.020750e+02  1.587228e+02  0.000000e+00
     vertex  6.012125e+02  1.570148e+02  0.000000e+00
   endloop
 endfacet
 facet normal  0.000000e+00 -0.000000e+00 -1.000000e+00
   outer loop
     vertex  5.999188e+02  1.575742e+02  0.000000e+00
     vertex  6.012125e+02  1.570148e+02  0.000000e+00
     vertex  5.990562e+02  1.557970e+02  0.000000e+00
   endloop
 endfacet
 facet normal  0.000000e+00  0.000000e+00 -1.000000e+00
   outer loop
     vertex  5.956063e+02  1.619818e+02  0.000000e+00
     vertex  5.947438e+02  1.601584e+02  0.000000e+00
     vertex  5.934500e+02  1.608911e+02  0.000000e+00
   endloop
 endfacet
 facet normal  0.000000e+00  0.000000e+00 -1.000000e+00
   outer loop
     vertex  6.025063e+02  1.564901e+02  0.000000e+00
     vertex  6.029375e+02  1.573383e+02  0.000000e+00
     vertex  6.038000e+02  1.560000e+02  0.000000e+00
   endloop
 endfacet
 facet normal  0.000000e+00  0.000000e+00 -1.000000e+00
   outer loop
     vertex  6.025063e+02  1.564901e+02  0.000000e+00
     vertex  6.012125e+02  1.570148e+02  0.000000e+00
     vertex  6.029375e+02  1.573383e+02  0.000000e+00
   endloop
 endfacet
 facet normal  0.000000e+00  0.000000e+00 -1.000000e+00
   outer loop
     vertex  5.969000e+02  1.612607e+02  0.000000e+00
     vertex  5.960375e+02  1.594604e+02  0.000000e+00
     vertex  5.947438e+02  1.601584e+02  0.000000e+00
   endloop
 endfacet
 facet normal -0.000000e+00  0.000000e+00 -1.000000e+00
   outer loop
     vertex  5.969000e+02  1.612607e+02  0.000000e+00
     vertex  5.947438e+02  1.601584e+02  0.000000e+00
     vertex  5.956063e+02  1.619818e+02  0.000000e+00
   endloop
 endfacet
 facet normal  0.000000e+00 -0.000000e+00 -1.000000e+00
   outer loop
     vertex  5.969000e+02  1.612607e+02  0.000000e+00
     vertex  5.973312e+02  1.587970e+02  0.000000e+00
     vertex  5.960375e+02  1.594604e+02  0.000000e+00
   endloop
 endfacet
 facet normal  0.000000e+00  0.000000e+00 -1.000000e+00
   outer loop
     vertex  5.969000e+02  1.612607e+02  0.000000e+00
     vertex  5.956063e+02  1.619818e+02  0.000000e+00
     vertex  5.977625e+02  1.630148e+02  0.000000e+00
   endloop
 endfacet
 facet normal  0.000000e+00 -0.000000e+00 -1.000000e+00
   outer loop
     vertex  5.938813e+02  1.653515e+02  0.000000e+00
     vertex  5.951750e+02  1.645379e+02  0.000000e+00
     vertex  5.930188e+02  1.635280e+02  0.000000e+00
   endloop
 endfacet
 facet normal -0.000000e+00  0.000000e+00 -1.000000e+00
   outer loop
     vertex  5.938813e+02  1.653515e+02  0.000000e+00
     vertex  5.930188e+02  1.635280e+02  0.000000e+00
     vertex  5.925875e+02  1.661997e+02  0.000000e+00
   endloop
 endfacet
 facet normal  0.000000e+00  0.000000e+00 -1.000000e+00
   outer loop
     vertex  5.938813e+02  1.653515e+02  0.000000e+00
     vertex  5.960375e+02  1.662921e+02  0.000000e+00
     vertex  5.951750e+02  1.645379e+02  0.000000e+00
   endloop
 endfacet
 facet normal  0.000000e+00  0.000000e+00 -1.000000e+00
   outer loop
     vertex  6.007812e+02  1.593053e+02  0.000000e+00
     vertex  5.999188e+02  1.575742e+02  0.000000e+00
     vertex  5.986250e+02  1.581683e+02  0.000000e+00
   endloop
 endfacet
 facet normal  0.000000e+00 -0.000000e+00 -1.000000e+00
   outer loop
     vertex  6.007812e+02  1.593053e+02  0.000000e+00
     vertex  6.020750e+02  1.587228e+02  0.000000e+00
     vertex  5.999188e+02  1.575742e+02  0.000000e+00
   endloop
 endfacet
 facet normal -0.000000e+00  0.000000e+00 -1.000000e+00
   outer loop
     vertex  6.007812e+02  1.593053e+02  0.000000e+00
     vertex  5.986250e+02  1.581683e+02  0.000000e+00
     vertex  5.994875e+02  1.599224e+02  0.000000e+00
   endloop
 endfacet
 facet normal  0.000000e+00  0.000000e+00 -1.000000e+00
   outer loop
     vertex  6.007812e+02  1.593053e+02  0.000000e+00
     vertex  6.029375e+02  1.603845e+02  0.000000e+00
     vertex  6.020750e+02  1.587228e+02  0.000000e+00
   endloop
 endfacet
 facet normal  0.000000e+00  0.000000e+00 -1.000000e+00
   outer loop
     vertex  5.986250e+02  1.614455e+02  0.000000e+00
     vertex  6.003500e+02  1.616304e+02  0.000000e+00
     vertex  5.994875e+02  1.599224e+02  0.000000e+00
   endloop
 endfacet
 facet normal  0.000000e+00 -0.000000e+00 -1.000000e+00
   outer loop
     vertex  5.986250e+02  1.614455e+02  0.000000e+00
     vertex  5.994875e+02  1.599224e+02  0.000000e+00
     vertex  5.973312e+02  1.587970e+02  0.000000e+00
   endloop
 endfacet
 facet normal -0.000000e+00  0.000000e+00 -1.000000e+00
   outer loop
     vertex  5.986250e+02  1.614455e+02  0.000000e+00
     vertex  5.969000e+02  1.612607e+02  0.000000e+00
     vertex  5.977625e+02  1.630148e+02  0.000000e+00
   endloop
 endfacet
 facet normal  0.000000e+00  0.000000e+00 -1.000000e+00
   outer loop
     vertex  5.986250e+02  1.614455e+02  0.000000e+00
     vertex  5.973312e+02  1.587970e+02  0.000000e+00
     vertex  5.969000e+02  1.612607e+02  0.000000e+00
   endloop
 endfacet
 facet normal  0.000000e+00 -0.000000e+00 -1.000000e+00
   outer loop
     vertex  5.964688e+02  1.637591e+02  0.000000e+00
     vertex  5.977625e+02  1.630148e+02  0.000000e+00
     vertex  5.956063e+02  1.619818e+02  0.000000e+00
   endloop
 endfacet
 facet normal  0.000000e+00 -0.000000e+00 -1.000000e+00
   outer loop
     vertex  5.990563e+02  1.623053e+02  0.000000e+00
     vertex  6.003500e+02  1.616304e+02  0.000000e+00
     vertex  5.986250e+02  1.614455e+02  0.000000e+00
   endloop
 endfacet
 facet normal -0.000000e+00  0.000000e+00 -1.000000e+00
   outer loop
     vertex  5.990563e+02  1.623053e+02  0.000000e+00
     vertex  5.986250e+02  1.614455e+02  0.000000e+00
     vertex  5.977625e+02  1.630148e+02  0.000000e+00
   endloop
 endfacet
 facet normal  0.000000e+00  0.000000e+00 -1.000000e+00
   outer loop
     vertex  5.990563e+02  1.623053e+02  0.000000e+00
     vertex  6.012125e+02  1.632921e+02  0.000000e+00
     vertex  6.003500e+02  1.616304e+02  0.000000e+00
   endloop
 endfacet
 facet normal -0.000000e+00  0.000000e+00 -1.000000e+00
   outer loop
     vertex  5.969000e+02  1.646304e+02  0.000000e+00
     vertex  5.951750e+02  1.645379e+02  0.000000e+00
     vertex  5.960375e+02  1.662921e+02  0.000000e+00
   endloop
 endfacet
 facet normal  0.000000e+00  0.000000e+00 -1.000000e+00
   outer loop
     vertex  5.969000e+02  1.646304e+02  0.000000e+00
     vertex  5.964688e+02  1.637591e+02  0.000000e+00
     vertex  5.951750e+02  1.645379e+02  0.000000e+00
   endloop
 endfacet
 facet normal  0.000000e+00 -0.000000e+00 -1.000000e+00
   outer loop
     vertex  5.969000e+02  1.646304e+02  0.000000e+00
     vertex  5.977625e+02  1.630148e+02  0.000000e+00
     vertex  5.964688e+02  1.637591e+02  0.000000e+00
   endloop
 endfacet
 facet normal  0.000000e+00  0.000000e+00 -1.000000e+00
   outer loop
     vertex  5.947438e+02  1.671287e+02  0.000000e+00
     vertex  5.938813e+02  1.653515e+02  0.000000e+00
     vertex  5.925875e+02  1.661997e+02  0.000000e+00
   endloop
 endfacet
 facet normal  0.000000e+00 -0.000000e+00 -1.000000e+00
   outer loop
     vertex  5.947438e+02  1.671287e+02  0.000000e+00
     vertex  5.960375e+02  1.662921e+02  0.000000e+00
     vertex  5.938813e+02  1.653515e+02  0.000000e+00
   endloop
 endfacet
 facet normal -0.000000e+00  0.000000e+00 -1.000000e+00
   outer loop
     vertex  5.947438e+02  1.671287e+02  0.000000e+00
     vertex  5.925875e+02  1.661997e+02  0.000000e+00
     vertex  5.934500e+02  1.680000e+02  0.000000e+00
   endloop
 endfacet
 facet normal  0.000000e+00  0.000000e+00 -1.000000e+00
   outer loop
     vertex  5.947438e+02  1.671287e+02  0.000000e+00
     vertex  5.969000e+02  1.680000e+02  0.000000e+00
     vertex  5.960375e+02  1.662921e+02  0.000000e+00
   endloop
 endfacet
 facet normal -0.000000e+00  0.000000e+00 -1.000000e+00
   outer loop
     vertex  6.016438e+02  1.609901e+02  0.000000e+00
     vertex  5.994875e+02  1.599224e+02  0.000000e+00
     vertex  6.003500e+02  1.616304e+02  0.000000e+00
   endloop
 endfacet
 facet normal  0.000000e+00  0.000000e+00 -1.000000e+00
   outer loop
     vertex  6.016438e+02  1.609901e+02  0.000000e+00
     vertex  6.007812e+02  1.593053e+02  0.000000e+00
     vertex  5.994875e+02  1.599224e+02  0.000000e+00
   endloop
 endfacet
 facet normal  0.000000e+00 -0.000000e+00 -1.000000e+00
   outer loop
     vertex  6.016438e+02  1.609901e+02  0.000000e+00
     vertex  6.029375e+02  1.603845e+02  0.000000e+00
     vertex  6.007812e+02  1.593053e+02  0.000000e+00
   endloop
 endfacet
 facet normal  0.000000e+00 -0.000000e+00 -1.000000e+00
   outer loop
     vertex  5.986250e+02  1.647228e+02  0.000000e+00
     vertex  5.990563e+02  1.623053e+02  0.000000e+00
     vertex  5.977625e+02  1.630148e+02  0.000000e+00
   endloop
 endfacet
 facet normal  0.000000e+00  0.000000e+00 -1.000000e+00
   outer loop
     vertex  5.986250e+02  1.647228e+02  0.000000e+00
     vertex  5.977625e+02  1.630148e+02  0.000000e+00
     vertex  5.969000e+02  1.646304e+02  0.000000e+00
   endloop
 endfacet
 facet normal  0.000000e+00  0.000000e+00 -1.000000e+00
   outer loop
     vertex  6.020750e+02  1.618152e+02  0.000000e+00
     vertex  6.020750e+02  1.649076e+02  0.000000e+00
     vertex  6.029375e+02  1.603845e+02  0.000000e+00
   endloop
 endfacet
 facet normal  0.000000e+00  0.000000e+00 -1.000000e+00
   outer loop
     vertex  6.020750e+02  1.618152e+02  0.000000e+00
     vertex  6.016438e+02  1.609901e+02  0.000000e+00
     vertex  6.003500e+02  1.616304e+02  0.000000e+00
   endloop
 endfacet
 facet normal  0.000000e+00  0.000000e+00 -1.000000e+00
   outer loop
     vertex  6.020750e+02  1.618152e+02  0.000000e+00
     vertex  6.012125e+02  1.632921e+02  0.000000e+00
     vertex  6.020750e+02  1.649076e+02  0.000000e+00
   endloop
 endfacet
 facet normal -0.000000e+00  0.000000e+00 -1.000000e+00
   outer loop
     vertex  6.020750e+02  1.618152e+02  0.000000e+00
     vertex  6.003500e+02  1.616304e+02  0.000000e+00
     vertex  6.012125e+02  1.632921e+02  0.000000e+00
   endloop
 endfacet
 facet normal  0.000000e+00 -0.000000e+00 -1.000000e+00
   outer loop
     vertex  6.020750e+02  1.618152e+02  0.000000e+00
     vertex  6.029375e+02  1.603845e+02  0.000000e+00
     vertex  6.016438e+02  1.609901e+02  0.000000e+00
   endloop
 endfacet
 facet normal -0.000000e+00 -0.000000e+00 -1.000000e+00
   outer loop
     vertex  5.930188e+02  1.706832e+02  0.000000e+00
     vertex  5.934500e+02  1.680000e+02  0.000000e+00
     vertex  5.917250e+02  1.716469e+02  0.000000e+00
   endloop
 endfacet
 facet normal  0.000000e+00  0.000000e+00 -1.000000e+00
   outer loop
     vertex  5.930188e+02  1.706832e+02  0.000000e+00
     vertex  5.951750e+02  1.714621e+02  0.000000e+00
     vertex  5.943125e+02  1.697541e+02  0.000000e+00
   endloop
 endfacet
 facet normal  0.000000e+00  0.000000e+00 -1.000000e+00
   outer loop
     vertex  5.930188e+02  1.706832e+02  0.000000e+00
     vertex  5.943125e+02  1.697541e+02  0.000000e+00
     vertex  5.934500e+02  1.680000e+02  0.000000e+00
   endloop
 endfacet
 facet normal -0.000000e+00  0.000000e+00 -1.000000e+00
   outer loop
     vertex  5.956063e+02  1.688597e+02  0.000000e+00
     vertex  5.934500e+02  1.680000e+02  0.000000e+00
     vertex  5.943125e+02  1.697541e+02  0.000000e+00
   endloop
 endfacet
 facet normal  0.000000e+00  0.000000e+00 -1.000000e+00
   outer loop
     vertex  5.956063e+02  1.688597e+02  0.000000e+00
     vertex  5.947438e+02  1.671287e+02  0.000000e+00
     vertex  5.934500e+02  1.680000e+02  0.000000e+00
   endloop
 endfacet
 facet normal  0.000000e+00 -0.000000e+00 -1.000000e+00
   outer loop
     vertex  5.956063e+02  1.688597e+02  0.000000e+00
     vertex  5.969000e+02  1.680000e+02  0.000000e+00
     vertex  5.947438e+02  1.671287e+02  0.000000e+00
   endloop
 endfacet
 facet normal  0.000000e+00  0.000000e+00 -1.000000e+00
   outer loop
     vertex  5.956063e+02  1.688597e+02  0.000000e+00
     vertex  5.960375e+02  1.697079e+02  0.000000e+00
     vertex  5.969000e+02  1.680000e+02  0.000000e+00
   endloop
 endfacet
 facet normal  0.000000e+00  0.000000e+00 -1.000000e+00
   outer loop
     vertex  5.956063e+02  1.688597e+02  0.000000e+00
     vertex  5.943125e+02  1.697541e+02  0.000000e+00
     vertex  5.960375e+02  1.697079e+02  0.000000e+00
   endloop
 endfacet
 facet normal  0.000000e+00 -0.000000e+00 -1.000000e+00
   outer loop
     vertex  6.003500e+02  1.648152e+02  0.000000e+00
     vertex  6.012125e+02  1.632921e+02  0.000000e+00
     vertex  5.990563e+02  1.623053e+02  0.000000e+00
   endloop
 endfacet
 facet normal  0.000000e+00  0.000000e+00 -1.000000e+00
   outer loop
     vertex  6.003500e+02  1.648152e+02  0.000000e+00
     vertex  5.990563e+02  1.623053e+02  0.000000e+00
     vertex  5.986250e+02  1.647228e+02  0.000000e+00
   endloop
 endfacet
 facet normal  0.000000e+00  0.000000e+00 -1.000000e+00
   outer loop
     vertex  6.003500e+02  1.648152e+02  0.000000e+00
     vertex  6.020750e+02  1.649076e+02  0.000000e+00
     vertex  6.012125e+02  1.632921e+02  0.000000e+00
   endloop
 endfacet
 facet normal -0.000000e+00  0.000000e+00 -1.000000e+00
   outer loop
     vertex  6.003500e+02  1.648152e+02  0.000000e+00
     vertex  5.986250e+02  1.647228e+02  0.000000e+00
     vertex  5.994875e+02  1.663845e+02  0.000000e+00
   endloop
 endfacet
 facet normal  0.000000e+00 -0.000000e+00 -1.000000e+00
   outer loop
     vertex  5.981938e+02  1.671749e+02  0.000000e+00
     vertex  5.986250e+02  1.647228e+02  0.000000e+00
     vertex  5.969000e+02  1.646304e+02  0.000000e+00
   endloop
 endfacet
 facet normal  0.000000e+00  0.000000e+00 -1.000000e+00
   outer loop
     vertex  5.981938e+02  1.671749e+02  0.000000e+00
     vertex  5.969000e+02  1.646304e+02  0.000000e+00
     vertex  5.960375e+02  1.662921e+02  0.000000e+00
   endloop
 endfacet
 facet normal -0.000000e+00  0.000000e+00 -1.000000e+00
   outer loop
     vertex  5.981938e+02  1.671749e+02  0.000000e+00
     vertex  5.960375e+02  1.662921e+02  0.000000e+00
     vertex  5.969000e+02  1.680000e+02  0.000000e+00
   endloop
 endfacet
 facet normal  0.000000e+00  0.000000e+00 -1.000000e+00
   outer loop
     vertex  5.981938e+02  1.671749e+02  0.000000e+00
     vertex  5.994875e+02  1.663845e+02  0.000000e+00
     vertex  5.986250e+02  1.647228e+02  0.000000e+00
   endloop
 endfacet
 facet normal  0.000000e+00  0.000000e+00 -1.000000e+00
   outer loop
     vertex  5.938813e+02  1.724142e+02  0.000000e+00
     vertex  5.930188e+02  1.706832e+02  0.000000e+00
     vertex  5.917250e+02  1.716469e+02  0.000000e+00
   endloop
 endfacet
 facet normal  0.000000e+00 -0.000000e+00 -1.000000e+00
   outer loop
     vertex  5.938813e+02  1.724142e+02  0.000000e+00
     vertex  5.951750e+02  1.714621e+02  0.000000e+00
     vertex  5.930188e+02  1.706832e+02  0.000000e+00
   endloop
 endfacet
 facet normal  0.000000e+00  0.000000e+00 -1.000000e+00
   outer loop
     vertex  5.938813e+02  1.724142e+02  0.000000e+00
     vertex  5.960375e+02  1.731238e+02  0.000000e+00
     vertex  5.951750e+02  1.714621e+02  0.000000e+00
   endloop
 endfacet
 facet normal -0.000000e+00  0.000000e+00 -1.000000e+00
   outer loop
     vertex  5.938813e+02  1.724142e+02  0.000000e+00
     vertex  5.917250e+02  1.716469e+02  0.000000e+00
     vertex  5.925875e+02  1.734010e+02  0.000000e+00
   endloop
 endfacet
 facet normal  0.000000e+00 -0.000000e+00 -1.000000e+00
   outer loop
     vertex  6.007812e+02  1.656287e+02  0.000000e+00
     vertex  6.020750e+02  1.649076e+02  0.000000e+00
     vertex  6.003500e+02  1.648152e+02  0.000000e+00
   endloop
 endfacet
 facet normal -0.000000e+00  0.000000e+00 -1.000000e+00
   outer loop
     vertex  6.007812e+02  1.656287e+02  0.000000e+00
     vertex  6.003500e+02  1.648152e+02  0.000000e+00
     vertex  5.994875e+02  1.663845e+02  0.000000e+00
   endloop
 endfacet
 facet normal -0.000000e+00  0.000000e+00 -1.000000e+00
   outer loop
     vertex  5.986250e+02  1.680000e+02  0.000000e+00
     vertex  5.981938e+02  1.671749e+02  0.000000e+00
     vertex  5.969000e+02  1.680000e+02  0.000000e+00
   endloop
 endfacet
 facet normal  0.000000e+00  0.000000e+00 -1.000000e+00
   outer loop
     vertex  5.986250e+02  1.680000e+02  0.000000e+00
     vertex  5.969000e+02  1.680000e+02  0.000000e+00
     vertex  5.977625e+02  1.696617e+02  0.000000e+00
   endloop
 endfacet
 facet normal  0.000000e+00 -0.000000e+00 -1.000000e+00
   outer loop
     vertex  5.986250e+02  1.680000e+02  0.000000e+00
     vertex  5.994875e+02  1.663845e+02  0.000000e+00
     vertex  5.981938e+02  1.671749e+02  0.000000e+00
   endloop
 endfacet
 facet normal  0.000000e+00  0.000000e+00 -1.000000e+00
   outer loop
     vertex  5.964688e+02  1.705446e+02  0.000000e+00
     vertex  5.986250e+02  1.712772e+02  0.000000e+00
     vertex  5.977625e+02  1.696617e+02  0.000000e+00
   endloop
 endfacet
 facet normal -0.000000e+00  0.000000e+00 -1.000000e+00
   outer loop
     vertex  5.964688e+02  1.705446e+02  0.000000e+00
     vertex  5.960375e+02  1.697079e+02  0.000000e+00
     vertex  5.951750e+02  1.714621e+02  0.000000e+00
   endloop
 endfacet
 facet normal  0.000000e+00 -0.000000e+00 -1.000000e+00
   outer loop
     vertex  5.964688e+02  1.705446e+02  0.000000e+00
     vertex  5.977625e+02  1.696617e+02  0.000000e+00
     vertex  5.960375e+02  1.697079e+02  0.000000e+00
   endloop
 endfacet
 facet normal -0.000000e+00 -0.000000e+00 -1.000000e+00
   outer loop
     vertex  5.921563e+02  1.761535e+02  0.000000e+00
     vertex  5.925875e+02  1.734010e+02  0.000000e+00
     vertex  5.908625e+02  1.772327e+02  0.000000e+00
   endloop
 endfacet
 facet normal  0.000000e+00  0.000000e+00 -1.000000e+00
   outer loop
     vertex  5.921563e+02  1.761535e+02  0.000000e+00
     vertex  5.943125e+02  1.767706e+02  0.000000e+00
     vertex  5.934500e+02  1.751089e+02  0.000000e+00
   endloop
 endfacet
 facet normal  0.000000e+00  0.000000e+00 -1.000000e+00
   outer loop
     vertex  5.921563e+02  1.761535e+02  0.000000e+00
     vertex  5.934500e+02  1.751089e+02  0.000000e+00
     vertex  5.925875e+02  1.734010e+02  0.000000e+00
   endloop
 endfacet
 facet normal  0.000000e+00  0.000000e+00 -1.000000e+00
   outer loop
     vertex  6.003500e+02  1.680000e+02  0.000000e+00
     vertex  6.012125e+02  1.695693e+02  0.000000e+00
     vertex  6.020750e+02  1.649076e+02  0.000000e+00
   endloop
 endfacet
 facet normal  0.000000e+00 -0.000000e+00 -1.000000e+00
   outer loop
     vertex  6.003500e+02  1.680000e+02  0.000000e+00
     vertex  6.007812e+02  1.656287e+02  0.000000e+00
     vertex  5.994875e+02  1.663845e+02  0.000000e+00
   endloop
 endfacet
 facet normal -0.000000e+00  0.000000e+00 -1.000000e+00
   outer loop
     vertex  6.003500e+02  1.680000e+02  0.000000e+00
     vertex  5.994875e+02  1.663845e+02  0.000000e+00
     vertex  5.986250e+02  1.680000e+02  0.000000e+00
   endloop
 endfacet
 facet normal  0.000000e+00  0.000000e+00 -1.000000e+00
   outer loop
     vertex  6.003500e+02  1.680000e+02  0.000000e+00
     vertex  6.020750e+02  1.649076e+02  0.000000e+00
     vertex  6.007812e+02  1.656287e+02  0.000000e+00
   endloop
 endfacet
 facet normal  0.000000e+00 -0.000000e+00 -1.000000e+00
   outer loop
     vertex  5.947438e+02  1.740990e+02  0.000000e+00
     vertex  5.960375e+02  1.731238e+02  0.000000e+00
     vertex  5.938813e+02  1.724142e+02  0.000000e+00
   endloop
 endfacet
 facet normal  0.000000e+00  0.000000e+00 -1.000000e+00
   outer loop
     vertex  5.947438e+02  1.740990e+02  0.000000e+00
     vertex  5.938813e+02  1.724142e+02  0.000000e+00
     vertex  5.925875e+02  1.734010e+02  0.000000e+00
   endloop
 endfacet
 facet normal -0.000000e+00  0.000000e+00 -1.000000e+00
   outer loop
     vertex  5.947438e+02  1.740990e+02  0.000000e+00
     vertex  5.925875e+02  1.734010e+02  0.000000e+00
     vertex  5.934500e+02  1.751089e+02  0.000000e+00
   endloop
 endfacet
 facet normal  0.000000e+00  0.000000e+00 -1.000000e+00
   outer loop
     vertex  5.973313e+02  1.721832e+02  0.000000e+00
     vertex  5.994875e+02  1.728465e+02  0.000000e+00
     vertex  5.986250e+02  1.712772e+02  0.000000e+00
   endloop
 endfacet
 facet normal  0.000000e+00  0.000000e+00 -1.000000e+00
   outer loop
     vertex  5.973313e+02  1.721832e+02  0.000000e+00
     vertex  5.964688e+02  1.705446e+02  0.000000e+00
     vertex  5.951750e+02  1.714621e+02  0.000000e+00
   endloop
 endfacet
 facet normal -0.000000e+00  0.000000e+00 -1.000000e+00
   outer loop
     vertex  5.973313e+02  1.721832e+02  0.000000e+00
     vertex  5.951750e+02  1.714621e+02  0.000000e+00
     vertex  5.960375e+02  1.731238e+02  0.000000e+00
   endloop
 endfacet
 facet normal  0.000000e+00 -0.000000e+00 -1.000000e+00
   outer loop
     vertex  5.973313e+02  1.721832e+02  0.000000e+00
     vertex  5.986250e+02  1.712772e+02  0.000000e+00
     vertex  5.964688e+02  1.705446e+02  0.000000e+00
   endloop
 endfacet
 facet normal  0.000000e+00  0.000000e+00 -1.000000e+00
   outer loop
     vertex  5.930188e+02  1.778383e+02  0.000000e+00
     vertex  5.951750e+02  1.783862e+02  0.000000e+00
     vertex  5.943125e+02  1.767706e+02  0.000000e+00
   endloop
 endfacet
 facet normal  0.000000e+00 -0.000000e+00 -1.000000e+00
   outer loop
     vertex  5.930188e+02  1.778383e+02  0.000000e+00
     vertex  5.943125e+02  1.767706e+02  0.000000e+00
     vertex  5.921563e+02  1.761535e+02  0.000000e+00
   endloop
 endfacet
 facet normal  0.000000e+00  0.000000e+00 -1.000000e+00
   outer loop
     vertex  5.930188e+02  1.778383e+02  0.000000e+00
     vertex  5.921563e+02  1.761535e+02  0.000000e+00
     vertex  5.908625e+02  1.772327e+02  0.000000e+00
   endloop
 endfacet
 facet normal -0.000000e+00  0.000000e+00 -1.000000e+00
   outer loop
     vertex  5.930188e+02  1.778383e+02  0.000000e+00
     vertex  5.908625e+02  1.772327e+02  0.000000e+00
     vertex  5.917250e+02  1.789406e+02  0.000000e+00
   endloop
 endfacet
 facet normal -0.000000e+00  0.000000e+00 -1.000000e+00
   outer loop
     vertex  5.999188e+02  1.704059e+02  0.000000e+00
     vertex  5.977625e+02  1.696617e+02  0.000000e+00
     vertex  5.986250e+02  1.712772e+02  0.000000e+00
   endloop
 endfacet
 facet normal  0.000000e+00  0.000000e+00 -1.000000e+00
   outer loop
     vertex  5.999188e+02  1.704059e+02  0.000000e+00
     vertex  5.986250e+02  1.680000e+02  0.000000e+00
     vertex  5.977625e+02  1.696617e+02  0.000000e+00
   endloop
 endfacet
 facet normal  0.000000e+00  0.000000e+00 -1.000000e+00
   outer loop
     vertex  5.999188e+02  1.704059e+02  0.000000e+00
     vertex  6.012125e+02  1.695693e+02  0.000000e+00
     vertex  6.003500e+02  1.680000e+02  0.000000e+00
   endloop
 endfacet
 facet normal  0.000000e+00 -0.000000e+00 -1.000000e+00
   outer loop
     vertex  5.999188e+02  1.704059e+02  0.000000e+00
     vertex  6.003500e+02  1.680000e+02  0.000000e+00
     vertex  5.986250e+02  1.680000e+02  0.000000e+00
   endloop
 endfacet
 facet normal  0.000000e+00  0.000000e+00 -1.000000e+00
   outer loop
     vertex  5.969000e+02  1.747393e+02  0.000000e+00
     vertex  5.960375e+02  1.731238e+02  0.000000e+00
     vertex  5.947438e+02  1.740990e+02  0.000000e+00
   endloop
 endfacet
 facet normal  0.000000e+00 -0.000000e+00 -1.000000e+00
   outer loop
     vertex  5.969000e+02  1.747393e+02  0.000000e+00
     vertex  5.973313e+02  1.721832e+02  0.000000e+00
     vertex  5.960375e+02  1.731238e+02  0.000000e+00
   endloop
 endfacet
 facet normal  0.000000e+00 -0.000000e+00 -1.000000e+00
   outer loop
     vertex  6.003500e+02  1.711848e+02  0.000000e+00
     vertex  6.012125e+02  1.695693e+02  0.000000e+00
     vertex  5.999188e+02  1.704059e+02  0.000000e+00
   endloop
 endfacet
 facet normal  0.000000e+00  0.000000e+00 -1.000000e+00
   outer loop
     vertex  6.003500e+02  1.711848e+02  0.000000e+00
     vertex  5.986250e+02  1.712772e+02  0.000000e+00
     vertex  5.994875e+02  1.728465e+02  0.000000e+00
   endloop
 endfacet
 facet normal -0.000000e+00  0.000000e+00 -1.000000e+00
   outer loop
     vertex  6.003500e+02  1.711848e+02  0.000000e+00
     vertex  5.999188e+02  1.704059e+02  0.000000e+00
     vertex  5.986250e+02  1.712772e+02  0.000000e+00
   endloop
 endfacet
 facet normal  0.000000e+00  0.000000e+00 -1.000000e+00
   outer loop
     vertex  5.986250e+02  1.745545e+02  0.000000e+00
     vertex  5.969000e+02  1.747393e+02  0.000000e+00
     vertex  5.977625e+02  1.763086e+02  0.000000e+00
   endloop
 endfacet
 facet normal  0.000000e+00 -0.000000e+00 -1.000000e+00
   outer loop
     vertex  5.986250e+02  1.745545e+02  0.000000e+00
     vertex  5.994875e+02  1.728465e+02  0.000000e+00
     vertex  5.973313e+02  1.721832e+02  0.000000e+00
   endloop
 endfacet
 facet normal  0.000000e+00  0.000000e+00 -1.000000e+00
   outer loop
     vertex  5.986250e+02  1.745545e+02  0.000000e+00
     vertex  6.003500e+02  1.743696e+02  0.000000e+00
     vertex  5.994875e+02  1.728465e+02  0.000000e+00
   endloop
 endfacet
 facet normal -0.000000e+00  0.000000e+00 -1.000000e+00
   outer loop
     vertex  5.986250e+02  1.745545e+02  0.000000e+00
     vertex  5.973313e+02  1.721832e+02  0.000000e+00
     vertex  5.969000e+02  1.747393e+02  0.000000e+00
   endloop
 endfacet
 facet normal  0.000000e+00 -0.000000e+00 -1.000000e+00
   outer loop
     vertex  6.020750e+02  1.710924e+02  0.000000e+00
     vertex  6.020750e+02  1.649076e+02  0.000000e+00
     vertex  6.012125e+02  1.695693e+02  0.000000e+00
   endloop
 endfacet
 facet normal -0.000000e+00  0.000000e+00 -1.000000e+00
   outer loop
     vertex  6.020750e+02  1.710924e+02  0.000000e+00
     vertex  6.012125e+02  1.695693e+02  0.000000e+00
     vertex  6.003500e+02  1.711848e+02  0.000000e+00
   endloop
 endfacet
 facet normal  0.000000e+00  0.000000e+00 -1.000000e+00
   outer loop
     vertex  6.020750e+02  1.710924e+02  0.000000e+00
     vertex  6.029375e+02  1.725693e+02  0.000000e+00
     vertex  6.020750e+02  1.649076e+02  0.000000e+00
   endloop
 endfacet
 facet normal -0.000000e+00  0.000000e+00 -1.000000e+00
   outer loop
     vertex  5.964688e+02  1.773301e+02  0.000000e+00
     vertex  5.943125e+02  1.767706e+02  0.000000e+00
     vertex  5.951750e+02  1.783862e+02  0.000000e+00
   endloop
 endfacet
 facet normal  0.000000e+00  0.000000e+00 -1.000000e+00
   outer loop
     vertex  5.990563e+02  1.753218e+02  0.000000e+00
     vertex  6.012125e+02  1.758465e+02  0.000000e+00
     vertex  6.003500e+02  1.743696e+02  0.000000e+00
   endloop
 endfacet
 facet normal -0.000000e+00  0.000000e+00 -1.000000e+00
   outer loop
     vertex  5.990563e+02  1.753218e+02  0.000000e+00
     vertex  5.986250e+02  1.745545e+02  0.000000e+00
     vertex  5.977625e+02  1.763086e+02  0.000000e+00
   endloop
 endfacet
 facet normal  0.000000e+00 -0.000000e+00 -1.000000e+00
   outer loop
     vertex  5.990563e+02  1.753218e+02  0.000000e+00
     vertex  6.003500e+02  1.743696e+02  0.000000e+00
     vertex  5.986250e+02  1.745545e+02  0.000000e+00
   endloop
 endfacet
 facet normal -0.000000e+00  0.000000e+00 -1.000000e+00
   outer loop
     vertex  6.016438e+02  1.734521e+02  0.000000e+00
     vertex  5.994875e+02  1.728465e+02  0.000000e+00
     vertex  6.003500e+02  1.743696e+02  0.000000e+00
   endloop
 endfacet
 facet normal  0.000000e+00  0.000000e+00 -1.000000e+00
   outer loop
     vertex  6.016438e+02  1.734521e+02  0.000000e+00
     vertex  6.003500e+02  1.711848e+02  0.000000e+00
     vertex  5.994875e+02  1.728465e+02  0.000000e+00
   endloop
 endfacet
 facet normal  0.000000e+00 -0.000000e+00 -1.000000e+00
   outer loop
     vertex  6.016438e+02  1.734521e+02  0.000000e+00
     vertex  6.020750e+02  1.710924e+02  0.000000e+00
     vertex  6.003500e+02  1.711848e+02  0.000000e+00
   endloop
 endfacet
 facet normal  0.000000e+00  0.000000e+00 -1.000000e+00
   outer loop
     vertex  6.016438e+02  1.734521e+02  0.000000e+00
     vertex  6.029375e+02  1.725693e+02  0.000000e+00
     vertex  6.020750e+02  1.710924e+02  0.000000e+00
   endloop
 endfacet
 facet normal  0.000000e+00  0.000000e+00 -1.000000e+00
   outer loop
     vertex  5.973313e+02  1.788763e+02  0.000000e+00
     vertex  5.964688e+02  1.773301e+02  0.000000e+00
     vertex  5.951750e+02  1.783862e+02  0.000000e+00
   endloop
 endfacet
 facet normal  0.000000e+00  0.000000e+00 -1.000000e+00
   outer loop
     vertex  5.986250e+02  1.778317e+02  0.000000e+00
     vertex  5.977625e+02  1.763086e+02  0.000000e+00
     vertex  5.964688e+02  1.773301e+02  0.000000e+00
   endloop
 endfacet
 facet normal -0.000000e+00  0.000000e+00 -1.000000e+00
   outer loop
     vertex  5.986250e+02  1.778317e+02  0.000000e+00
     vertex  5.964688e+02  1.773301e+02  0.000000e+00
     vertex  5.973313e+02  1.788763e+02  0.000000e+00
   endloop
 endfacet
 facet normal  0.000000e+00 -0.000000e+00 -1.000000e+00
   outer loop
     vertex  5.986250e+02  1.778317e+02  0.000000e+00
     vertex  5.990563e+02  1.753218e+02  0.000000e+00
     vertex  5.977625e+02  1.763086e+02  0.000000e+00
   endloop
 endfacet
 facet normal  0.000000e+00  0.000000e+00 -1.000000e+00
   outer loop
     vertex  5.986250e+02  1.778317e+02  0.000000e+00
     vertex  5.973313e+02  1.788763e+02  0.000000e+00
     vertex  5.994875e+02  1.793086e+02  0.000000e+00
   endloop
 endfacet
 facet normal  0.000000e+00  0.000000e+00 -1.000000e+00
   outer loop
     vertex  6.020750e+02  1.741848e+02  0.000000e+00
     vertex  6.012125e+02  1.758465e+02  0.000000e+00
     vertex  6.020750e+02  1.772772e+02  0.000000e+00
   endloop
 endfacet
 facet normal  0.000000e+00  0.000000e+00 -1.000000e+00
   outer loop
     vertex  6.020750e+02  1.741848e+02  0.000000e+00
     vertex  6.003500e+02  1.743696e+02  0.000000e+00
     vertex  6.012125e+02  1.758465e+02  0.000000e+00
   endloop
 endfacet
 facet normal  0.000000e+00  0.000000e+00 -1.000000e+00
   outer loop
     vertex  6.020750e+02  1.741848e+02  0.000000e+00
     vertex  6.029375e+02  1.786617e+02  0.000000e+00
     vertex  6.029375e+02  1.725693e+02  0.000000e+00
   endloop
 endfacet
 facet normal  0.000000e+00  0.000000e+00 -1.000000e+00
   outer loop
     vertex  6.020750e+02  1.741848e+02  0.000000e+00
     vertex  6.020750e+02  1.772772e+02  0.000000e+00
     vertex  6.029375e+02  1.786617e+02  0.000000e+00
   endloop
 endfacet
 facet normal -0.000000e+00  0.000000e+00 -1.000000e+00
   outer loop
     vertex  6.020750e+02  1.741848e+02  0.000000e+00
     vertex  6.016438e+02  1.734521e+02  0.000000e+00
     vertex  6.003500e+02  1.743696e+02  0.000000e+00
   endloop
 endfacet
 facet normal  0.000000e+00 -0.000000e+00 -1.000000e+00
   outer loop
     vertex  6.020750e+02  1.741848e+02  0.000000e+00
     vertex  6.029375e+02  1.725693e+02  0.000000e+00
     vertex  6.016438e+02  1.734521e+02  0.000000e+00
   endloop
 endfacet
 facet normal  0.000000e+00  0.000000e+00 -1.000000e+00
   outer loop
     vertex  6.003500e+02  1.775545e+02  0.000000e+00
     vertex  6.020750e+02  1.772772e+02  0.000000e+00
     vertex  6.012125e+02  1.758465e+02  0.000000e+00
   endloop
 endfacet
 facet normal  0.000000e+00  0.000000e+00 -1.000000e+00
   outer loop
     vertex  6.003500e+02  1.775545e+02  0.000000e+00
     vertex  5.986250e+02  1.778317e+02  0.000000e+00
     vertex  5.994875e+02  1.793086e+02  0.000000e+00
   endloop
 endfacet
 facet normal  0.000000e+00 -0.000000e+00 -1.000000e+00
   outer loop
     vertex  6.003500e+02  1.775545e+02  0.000000e+00
     vertex  6.012125e+02  1.758465e+02  0.000000e+00
     vertex  5.990563e+02  1.753218e+02  0.000000e+00
   endloop
 endfacet
 facet normal -0.000000e+00  0.000000e+00 -1.000000e+00
   outer loop
     vertex  6.003500e+02  1.775545e+02  0.000000e+00
     vertex  5.990563e+02  1.753218e+02  0.000000e+00
     vertex  5.986250e+02  1.778317e+02  0.000000e+00
   endloop
 endfacet
 facet normal  0.000000e+00  0.000000e+00 -1.000000e+00
   outer loop
     vertex  6.007812e+02  1.782756e+02  0.000000e+00
     vertex  6.029375e+02  1.786617e+02  0.000000e+00
     vertex  6.020750e+02  1.772772e+02  0.000000e+00
   endloop
 endfacet
 facet normal  0.000000e+00 -0.000000e+00 -1.000000e+00
   outer loop
     vertex  6.007812e+02  1.782756e+02  0.000000e+00
     vertex  6.020750e+02  1.772772e+02  0.000000e+00
     vertex  6.003500e+02  1.775545e+02  0.000000e+00
   endloop
 endfacet
 facet normal -0.000000e+00  0.000000e+00 -1.000000e+00
   outer loop
     vertex  6.007812e+02  1.782756e+02  0.000000e+00
     vertex  6.003500e+02  1.775545e+02  0.000000e+00
     vertex  5.994875e+02  1.793086e+02  0.000000e+00
   endloop
 endfacet
 facet normal  0.000000e+00  0.000000e+00 -1.000000e+00
   outer loop
     vertex  6.016438e+02  1.796832e+02  0.000000e+00
     vertex  6.038000e+02  1.800000e+02  0.000000e+00
     vertex  6.029375e+02  1.786617e+02  0.000000e+00
   endloop
 endfacet
 facet normal  0.000000e+00  0.000000e+00 -1.000000e+00
   outer loop
     vertex  6.016438e+02  1.796832e+02  0.000000e+00
     vertex  6.007812e+02  1.782756e+02  0.000000e+00
     vertex  5.994875e+02  1.793086e+02  0.000000e+00
   endloop
 endfacet
 facet normal  0.000000e+00 -0.000000e+00 -1.000000e+00
   outer loop
     vertex  6.016438e+02  1.796832e+02  0.000000e+00
     vertex  6.029375e+02  1.786617e+02  0.000000e+00
     vertex  6.007812e+02  1.782756e+02  0.000000e+00
   endloop
 endfacet
 facet normal  0.000000e+00  0.000000e+00 -1.000000e+00
   outer loop
     vertex  5.945281e+02  1.544503e+02  0.000000e+00
     vertex  5.900000e+02  1.530429e+02  0.000000e+00
     vertex  5.921562e+02  1.544109e+02  0.000000e+00
   endloop
 endfacet
 facet normal -0.000000e+00  0.000000e+00 -1.000000e+00
   outer loop
     vertex  5.945281e+02  1.544503e+02  0.000000e+00
     vertex  5.921562e+02  1.544109e+02  0.000000e+00
     vertex  5.943125e+02  1.557211e+02  0.000000e+00
   endloop
 endfacet
 facet normal -0.000000e+00  0.000000e+00 -1.000000e+00
   outer loop
     vertex  5.966844e+02  1.557432e+02  0.000000e+00
     vertex  5.943125e+02  1.557211e+02  0.000000e+00
     vertex  5.964688e+02  1.569736e+02  0.000000e+00
   endloop
 endfacet
 facet normal  0.000000e+00  0.000000e+00 -1.000000e+00
   outer loop
     vertex  5.966844e+02  1.557432e+02  0.000000e+00
     vertex  5.945281e+02  1.544503e+02  0.000000e+00
     vertex  5.943125e+02  1.557211e+02  0.000000e+00
   endloop
 endfacet
 facet normal  0.000000e+00  0.000000e+00 -1.000000e+00
   outer loop
     vertex  5.951750e+02  1.576138e+02  0.000000e+00
     vertex  5.943125e+02  1.557211e+02  0.000000e+00
     vertex  5.930187e+02  1.563729e+02  0.000000e+00
   endloop
 endfacet
 facet normal -0.000000e+00  0.000000e+00 -1.000000e+00
   outer loop
     vertex  5.951750e+02  1.576138e+02  0.000000e+00
     vertex  5.930187e+02  1.563729e+02  0.000000e+00
     vertex  5.938813e+02  1.582888e+02  0.000000e+00
   endloop
 endfacet
 facet normal  0.000000e+00  0.000000e+00 -1.000000e+00
   outer loop
     vertex  5.951750e+02  1.576138e+02  0.000000e+00
     vertex  5.938813e+02  1.582888e+02  0.000000e+00
     vertex  5.960375e+02  1.594604e+02  0.000000e+00
   endloop
 endfacet
 facet normal  0.000000e+00  0.000000e+00 -1.000000e+00
   outer loop
     vertex  5.951750e+02  1.576138e+02  0.000000e+00
     vertex  5.973312e+02  1.587970e+02  0.000000e+00
     vertex  5.964688e+02  1.569736e+02  0.000000e+00
   endloop
 endfacet
 facet normal  0.000000e+00  0.000000e+00 -1.000000e+00
   outer loop
     vertex  5.951750e+02  1.576138e+02  0.000000e+00
     vertex  5.960375e+02  1.594604e+02  0.000000e+00
     vertex  5.973312e+02  1.587970e+02  0.000000e+00
   endloop
 endfacet
 facet normal  0.000000e+00 -0.000000e+00 -1.000000e+00
   outer loop
     vertex  5.951750e+02  1.576138e+02  0.000000e+00
     vertex  5.964688e+02  1.569736e+02  0.000000e+00
     vertex  5.943125e+02  1.557211e+02  0.000000e+00
   endloop
 endfacet
 facet normal  0.000000e+00  0.000000e+00 -1.000000e+00
   outer loop
     vertex  5.977625e+02  1.563680e+02  0.000000e+00
     vertex  5.964688e+02  1.569736e+02  0.000000e+00
     vertex  5.986250e+02  1.581683e+02  0.000000e+00
   endloop
 endfacet
 facet normal  0.000000e+00  0.000000e+00 -1.000000e+00
   outer loop
     vertex  5.977625e+02  1.563680e+02  0.000000e+00
     vertex  5.999188e+02  1.575742e+02  0.000000e+00
     vertex  5.990562e+02  1.557970e+02  0.000000e+00
   endloop
 endfacet
 facet normal  0.000000e+00  0.000000e+00 -1.000000e+00
   outer loop
     vertex  5.977625e+02  1.563680e+02  0.000000e+00
     vertex  5.986250e+02  1.581683e+02  0.000000e+00
     vertex  5.999188e+02  1.575742e+02  0.000000e+00
   endloop
 endfacet
 facet normal -0.000000e+00  0.000000e+00 -1.000000e+00
   outer loop
     vertex  5.977625e+02  1.563680e+02  0.000000e+00
     vertex  5.966844e+02  1.557432e+02  0.000000e+00
     vertex  5.964688e+02  1.569736e+02  0.000000e+00
   endloop
 endfacet
 facet normal -0.000000e+00  0.000000e+00 -1.000000e+00
   outer loop
     vertex  6.014281e+02  1.558826e+02  0.000000e+00
     vertex  5.990562e+02  1.557970e+02  0.000000e+00
     vertex  6.012125e+02  1.570148e+02  0.000000e+00
   endloop
 endfacet
 facet normal  0.000000e+00  0.000000e+00 -1.000000e+00
   outer loop
     vertex  6.014281e+02  1.558826e+02  0.000000e+00
     vertex  6.012125e+02  1.570148e+02  0.000000e+00
     vertex  6.025063e+02  1.564901e+02  0.000000e+00
   endloop
 endfacet
 facet normal  0.000000e+00  0.000000e+00 -1.000000e+00
   outer loop
     vertex  6.014281e+02  1.558826e+02  0.000000e+00
     vertex  6.025063e+02  1.564901e+02  0.000000e+00
     vertex  6.038000e+02  1.560000e+02  0.000000e+00
   endloop
 endfacet
 facet normal  0.000000e+00  0.000000e+00 -1.000000e+00
   outer loop
     vertex  5.943125e+02  1.627376e+02  0.000000e+00
     vertex  5.930188e+02  1.635280e+02  0.000000e+00
     vertex  5.951750e+02  1.645379e+02  0.000000e+00
   endloop
 endfacet
 facet normal  0.000000e+00 -0.000000e+00 -1.000000e+00
   outer loop
     vertex  5.943125e+02  1.627376e+02  0.000000e+00
     vertex  5.956063e+02  1.619818e+02  0.000000e+00
     vertex  5.934500e+02  1.608911e+02  0.000000e+00
   endloop
 endfacet
 facet normal -0.000000e+00  0.000000e+00 -1.000000e+00
   outer loop
     vertex  5.943125e+02  1.627376e+02  0.000000e+00
     vertex  5.921562e+02  1.616584e+02  0.000000e+00
     vertex  5.930188e+02  1.635280e+02  0.000000e+00
   endloop
 endfacet
 facet normal  0.000000e+00  0.000000e+00 -1.000000e+00
   outer loop
     vertex  5.943125e+02  1.627376e+02  0.000000e+00
     vertex  5.934500e+02  1.608911e+02  0.000000e+00
     vertex  5.921562e+02  1.616584e+02  0.000000e+00
   endloop
 endfacet
 facet normal  0.000000e+00  0.000000e+00 -1.000000e+00
   outer loop
     vertex  5.943125e+02  1.627376e+02  0.000000e+00
     vertex  5.964688e+02  1.637591e+02  0.000000e+00
     vertex  5.956063e+02  1.619818e+02  0.000000e+00
   endloop
 endfacet
 facet normal  0.000000e+00  0.000000e+00 -1.000000e+00
   outer loop
     vertex  5.943125e+02  1.627376e+02  0.000000e+00
     vertex  5.951750e+02  1.645379e+02  0.000000e+00
     vertex  5.964688e+02  1.637591e+02  0.000000e+00
   endloop
 endfacet
 facet normal  0.000000e+00  0.000000e+00 -1.000000e+00
   outer loop
     vertex  5.956063e+02  1.757376e+02  0.000000e+00
     vertex  5.977625e+02  1.763086e+02  0.000000e+00
     vertex  5.969000e+02  1.747393e+02  0.000000e+00
   endloop
 endfacet
 facet normal  0.000000e+00  0.000000e+00 -1.000000e+00
   outer loop
     vertex  5.956063e+02  1.757376e+02  0.000000e+00
     vertex  5.964688e+02  1.773301e+02  0.000000e+00
     vertex  5.977625e+02  1.763086e+02  0.000000e+00
   endloop
 endfacet
 facet normal  0.000000e+00 -0.000000e+00 -1.000000e+00
   outer loop
     vertex  5.956063e+02  1.757376e+02  0.000000e+00
     vertex  5.969000e+02  1.747393e+02  0.000000e+00
     vertex  5.947438e+02  1.740990e+02  0.000000e+00
   endloop
 endfacet
 facet normal  0.000000e+00  0.000000e+00 -1.000000e+00
   outer loop
     vertex  5.956063e+02  1.757376e+02  0.000000e+00
     vertex  5.947438e+02  1.740990e+02  0.000000e+00
     vertex  5.934500e+02  1.751089e+02  0.000000e+00
   endloop
 endfacet
 facet normal -0.000000e+00  0.000000e+00 -1.000000e+00
   outer loop
     vertex  5.956063e+02  1.757376e+02  0.000000e+00
     vertex  5.934500e+02  1.751089e+02  0.000000e+00
     vertex  5.943125e+02  1.767706e+02  0.000000e+00
   endloop
 endfacet
 facet normal  0.000000e+00  0.000000e+00 -1.000000e+00
   outer loop
     vertex  5.956063e+02  1.757376e+02  0.000000e+00
     vertex  5.943125e+02  1.767706e+02  0.000000e+00
     vertex  5.964688e+02  1.773301e+02  0.000000e+00
   endloop
 endfacet
 facet normal  0.000000e+00  0.000000e+00 -1.000000e+00
   outer loop
     vertex  5.932344e+02  1.800353e+02  0.000000e+00
     vertex  5.930188e+02  1.778383e+02  0.000000e+00
     vertex  5.917250e+02  1.789406e+02  0.000000e+00
   endloop
 endfacet
 facet normal -0.000000e+00  0.000000e+00 -1.000000e+00
   outer loop
     vertex  5.938813e+02  1.794769e+02  0.000000e+00
     vertex  5.930188e+02  1.778383e+02  0.000000e+00
     vertex  5.932344e+02  1.800353e+02  0.000000e+00
   endloop
 endfacet
 facet normal  0.000000e+00 -0.000000e+00 -1.000000e+00
   outer loop
     vertex  5.938813e+02  1.794769e+02  0.000000e+00
     vertex  5.951750e+02  1.783862e+02  0.000000e+00
     vertex  5.930188e+02  1.778383e+02  0.000000e+00
   endloop
 endfacet
 facet normal  0.000000e+00  0.000000e+00 -1.000000e+00
   outer loop
     vertex  5.938813e+02  1.794769e+02  0.000000e+00
     vertex  5.932344e+02  1.800353e+02  0.000000e+00
     vertex  5.947438e+02  1.810693e+02  0.000000e+00
   endloop
 endfacet
 facet normal  0.000000e+00 -0.000000e+00 -1.000000e+00
   outer loop
     vertex  5.923719e+02  1.819974e+02  0.000000e+00
     vertex  5.932344e+02  1.800353e+02  0.000000e+00
     vertex  5.917250e+02  1.789406e+02  0.000000e+00
   endloop
 endfacet
 facet normal -0.000000e+00  0.000000e+00 -1.000000e+00
   outer loop
     vertex  5.923719e+02  1.819974e+02  0.000000e+00
     vertex  5.917250e+02  1.789406e+02  0.000000e+00
     vertex  5.900000e+02  1.829571e+02  0.000000e+00
   endloop
 endfacet
 facet normal  0.000000e+00  0.000000e+00 -1.000000e+00
   outer loop
     vertex  5.923719e+02  1.819974e+02  0.000000e+00
     vertex  5.947438e+02  1.810693e+02  0.000000e+00
     vertex  5.932344e+02  1.800353e+02  0.000000e+00
   endloop
 endfacet
 facet normal  0.000000e+00  0.000000e+00 -1.000000e+00
   outer loop
     vertex  5.960375e+02  1.799555e+02  0.000000e+00
     vertex  5.951750e+02  1.783862e+02  0.000000e+00
     vertex  5.938813e+02  1.794769e+02  0.000000e+00
   endloop
 endfacet
 facet normal -0.000000e+00  0.000000e+00 -1.000000e+00
   outer loop
     vertex  5.960375e+02  1.799555e+02  0.000000e+00
     vertex  5.938813e+02  1.794769e+02  0.000000e+00
     vertex  5.947438e+02  1.810693e+02  0.000000e+00
   endloop
 endfacet
 facet normal  0.000000e+00 -0.000000e+00 -1.000000e+00
   outer loop
     vertex  5.960375e+02  1.799555e+02  0.000000e+00
     vertex  5.973313e+02  1.788763e+02  0.000000e+00
     vertex  5.951750e+02  1.783862e+02  0.000000e+00
   endloop
 endfacet
 facet normal  0.000000e+00 -0.000000e+00 -1.000000e+00
   outer loop
     vertex  5.971156e+02  1.801731e+02  0.000000e+00
     vertex  5.973313e+02  1.788763e+02  0.000000e+00
     vertex  5.960375e+02  1.799555e+02  0.000000e+00
   endloop
 endfacet
 facet normal  0.000000e+00  0.000000e+00 -1.000000e+00
   outer loop
     vertex  5.971156e+02  1.801731e+02  0.000000e+00
     vertex  5.994875e+02  1.793086e+02  0.000000e+00
     vertex  5.973313e+02  1.788763e+02  0.000000e+00
   endloop
 endfacet
 facet normal  0.000000e+00 -0.000000e+00 -1.000000e+00
   outer loop
     vertex  5.992719e+02  1.805650e+02  0.000000e+00
     vertex  5.994875e+02  1.793086e+02  0.000000e+00
     vertex  5.971156e+02  1.801731e+02  0.000000e+00
   endloop
 endfacet
 facet normal  0.000000e+00  0.000000e+00 -1.000000e+00
   outer loop
     vertex  5.992719e+02  1.805650e+02  0.000000e+00
     vertex  6.038000e+02  1.800000e+02  0.000000e+00
     vertex  6.016438e+02  1.796832e+02  0.000000e+00
   endloop
 endfacet
 facet normal  0.000000e+00  0.000000e+00 -1.000000e+00
   outer loop
     vertex  5.992719e+02  1.805650e+02  0.000000e+00
     vertex  6.016438e+02  1.796832e+02  0.000000e+00
     vertex  5.994875e+02  1.793086e+02  0.000000e+00
   endloop
 endfacet
 facet normal  0.000000e+00 -0.000000e+00 -1.000000e+00
   outer loop
     vertex  5.991641e+02  1.552096e+02  0.000000e+00
     vertex  6.038000e+02  1.560000e+02  0.000000e+00
     vertex  5.900000e+02  1.530429e+02  0.000000e+00
   endloop
 endfacet
 facet normal  0.000000e+00  0.000000e+00 -1.000000e+00
   outer loop
     vertex  5.991641e+02  1.552096e+02  0.000000e+00
     vertex  5.900000e+02  1.530429e+02  0.000000e+00
     vertex  5.945281e+02  1.544503e+02  0.000000e+00
   endloop
 endfacet
 facet normal  0.000000e+00  0.000000e+00 -1.000000e+00
   outer loop
     vertex  5.991641e+02  1.552096e+02  0.000000e+00
     vertex  6.014281e+02  1.558826e+02  0.000000e+00
     vertex  6.038000e+02  1.560000e+02  0.000000e+00
   endloop
 endfacet
 facet normal  0.000000e+00  0.000000e+00 -1.000000e+00
   outer loop
     vertex  5.991641e+02  1.552096e+02  0.000000e+00
     vertex  5.990562e+02  1.557970e+02  0.000000e+00
     vertex  6.014281e+02  1.558826e+02  0.000000e+00
   endloop
 endfacet
 facet normal  0.000000e+00  0.000000e+00 -1.000000e+00
   outer loop
     vertex  5.946359e+02  1.817455e+02  0.000000e+00
     vertex  5.900000e+02  1.829571e+02  0.000000e+00
     vertex  6.038000e+02  1.800000e+02  0.000000e+00
   endloop
 endfacet
 facet normal -0.000000e+00 -0.000000e+00 -1.000000e+00
   outer loop
     vertex  5.946359e+02  1.817455e+02  0.000000e+00
     vertex  5.947438e+02  1.810693e+02  0.000000e+00
     vertex  5.923719e+02  1.819974e+02  0.000000e+00
   endloop
 endfacet
 facet normal  0.000000e+00  0.000000e+00 -1.000000e+00
   outer loop
     vertex  5.946359e+02  1.817455e+02  0.000000e+00
     vertex  5.960375e+02  1.799555e+02  0.000000e+00
     vertex  5.947438e+02  1.810693e+02  0.000000e+00
   endloop
 endfacet
 facet normal  0.000000e+00  0.000000e+00 -1.000000e+00
   outer loop
     vertex  5.946359e+02  1.817455e+02  0.000000e+00
     vertex  6.038000e+02  1.800000e+02  0.000000e+00
     vertex  5.992719e+02  1.805650e+02  0.000000e+00
   endloop
 endfacet
 facet normal  0.000000e+00  0.000000e+00 -1.000000e+00
   outer loop
     vertex  5.946359e+02  1.817455e+02  0.000000e+00
     vertex  5.992719e+02  1.805650e+02  0.000000e+00
     vertex  5.971156e+02  1.801731e+02  0.000000e+00
   endloop
 endfacet
 facet normal  0.000000e+00  0.000000e+00 -1.000000e+00
   outer loop
     vertex  5.946359e+02  1.817455e+02  0.000000e+00
     vertex  5.971156e+02  1.801731e+02  0.000000e+00
     vertex  5.960375e+02  1.799555e+02  0.000000e+00
   endloop
 endfacet
 facet normal  0.000000e+00  0.000000e+00 -1.000000e+00
   outer loop
     vertex  5.946359e+02  1.817455e+02  0.000000e+00
     vertex  5.923719e+02  1.819974e+02  0.000000e+00
     vertex  5.900000e+02  1.829571e+02  0.000000e+00
   endloop
 endfacet
 facet normal  0.000000e+00  0.000000e+00 -1.000000e+00
   outer loop
     vertex  5.979242e+02  1.554660e+02  0.000000e+00
     vertex  5.990562e+02  1.557970e+02  0.000000e+00
     vertex  5.991641e+02  1.552096e+02  0.000000e+00
   endloop
 endfacet
 facet normal  0.000000e+00 -0.000000e+00 -1.000000e+00
   outer loop
     vertex  5.979242e+02  1.554660e+02  0.000000e+00
     vertex  5.991641e+02  1.552096e+02  0.000000e+00
     vertex  5.945281e+02  1.544503e+02  0.000000e+00
   endloop
 endfacet
 facet normal -0.000000e+00  0.000000e+00 -1.000000e+00
   outer loop
     vertex  5.979242e+02  1.554660e+02  0.000000e+00
     vertex  5.945281e+02  1.544503e+02  0.000000e+00
     vertex  5.966844e+02  1.557432e+02  0.000000e+00
   endloop
 endfacet
 facet normal  0.000000e+00  0.000000e+00 -1.000000e+00
   outer loop
     vertex  5.979242e+02  1.554660e+02  0.000000e+00
     vertex  5.977625e+02  1.563680e+02  0.000000e+00
     vertex  5.990562e+02  1.557970e+02  0.000000e+00
   endloop
 endfacet
 facet normal  0.000000e+00  0.000000e+00 -1.000000e+00
   outer loop
     vertex  5.979242e+02  1.554660e+02  0.000000e+00
     vertex  5.966844e+02  1.557432e+02  0.000000e+00
     vertex  5.977625e+02  1.563680e+02  0.000000e+00
   endloop
 endfacet
 facet normal  0.000000e+00 -0.000000e+00 -1.000000e+00
   outer loop
     vertex  5.925875e+02  5.019967e+01  0.000000e+00
     vertex  5.934500e+02  4.489107e+01  0.000000e+00
     vertex  5.900000e+02  3.704286e+01  0.000000e+00
   endloop
 endfacet
 facet normal -0.000000e+00  0.000000e+00 -1.000000e+00
   outer loop
     vertex  5.925875e+02  5.019967e+01  0.000000e+00
     vertex  5.900000e+02  3.704286e+01  0.000000e+00
     vertex  5.917250e+02  5.564688e+01  0.000000e+00
   endloop
 endfacet
 facet normal -0.000000e+00  0.000000e+00 -1.000000e+00
   outer loop
     vertex  6.012125e+02  4.415346e+01  0.000000e+00
     vertex  5.994875e+02  4.392243e+01  0.000000e+00
     vertex  6.003500e+02  4.563036e+01  0.000000e+00
   endloop
 endfacet
 facet normal -0.000000e+00  0.000000e+00 -1.000000e+00
   outer loop
     vertex  5.934500e+02  5.200000e+01  0.000000e+00
     vertex  5.925875e+02  5.019967e+01  0.000000e+00
     vertex  5.917250e+02  5.564688e+01  0.000000e+00
   endloop
 endfacet
 facet normal -0.000000e+00  0.000000e+00 -1.000000e+00
   outer loop
     vertex  5.994875e+02  4.715346e+01  0.000000e+00
     vertex  5.977625e+02  4.701484e+01  0.000000e+00
     vertex  5.986250e+02  4.872277e+01  0.000000e+00
   endloop
 endfacet
 facet normal -0.000000e+00  0.000000e+00 -1.000000e+00
   outer loop
     vertex  5.977625e+02  5.033828e+01  0.000000e+00
     vertex  5.960375e+02  5.029208e+01  0.000000e+00
     vertex  5.969000e+02  5.200000e+01  0.000000e+00
   endloop
 endfacet
 facet normal  0.000000e+00  0.000000e+00 -1.000000e+00
   outer loop
     vertex  5.960375e+02  5.370792e+01  0.000000e+00
     vertex  5.943125e+02  5.375413e+01  0.000000e+00
     vertex  5.951750e+02  5.546205e+01  0.000000e+00
   endloop
 endfacet
 facet normal  0.000000e+00  0.000000e+00 -1.000000e+00
   outer loop
     vertex  6.029375e+02  4.743069e+01  0.000000e+00
     vertex  6.038000e+02  6.400000e+01  0.000000e+00
     vertex  6.038000e+02  4.000000e+01  0.000000e+00
   endloop
 endfacet
 facet normal  0.000000e+00 -0.000000e+00 -1.000000e+00
   outer loop
     vertex  6.029375e+02  4.743069e+01  0.000000e+00
     vertex  6.038000e+02  4.000000e+01  0.000000e+00
     vertex  6.020750e+02  4.272277e+01  0.000000e+00
   endloop
 endfacet
 facet normal  0.000000e+00  0.000000e+00 -1.000000e+00
   outer loop
     vertex  6.029375e+02  4.743069e+01  0.000000e+00
     vertex  6.020750e+02  4.272277e+01  0.000000e+00
     vertex  6.012125e+02  4.415346e+01  0.000000e+00
   endloop
 endfacet
 facet normal -0.000000e+00  0.000000e+00 -1.000000e+00
   outer loop
     vertex  5.908625e+02  6.123270e+01  0.000000e+00
     vertex  5.900000e+02  3.704286e+01  0.000000e+00
     vertex  5.900000e+02  6.695714e+01  0.000000e+00
   endloop
 endfacet
 facet normal  0.000000e+00 -0.000000e+00 -1.000000e+00
   outer loop
     vertex  5.908625e+02  6.123270e+01  0.000000e+00
     vertex  5.917250e+02  5.564688e+01  0.000000e+00
     vertex  5.900000e+02  3.704286e+01  0.000000e+00
   endloop
 endfacet
 facet normal  0.000000e+00  0.000000e+00 -1.000000e+00
   outer loop
     vertex  5.908625e+02  6.123270e+01  0.000000e+00
     vertex  5.934500e+02  5.910893e+01  0.000000e+00
     vertex  5.925875e+02  5.740100e+01  0.000000e+00
   endloop
 endfacet
 facet normal  0.000000e+00  0.000000e+00 -1.000000e+00
   outer loop
     vertex  5.908625e+02  6.123270e+01  0.000000e+00
     vertex  5.925875e+02  5.740100e+01  0.000000e+00
     vertex  5.917250e+02  5.564688e+01  0.000000e+00
   endloop
 endfacet
 facet normal -0.000000e+00  0.000000e+00 -1.000000e+00
   outer loop
     vertex  5.977625e+02  5.366172e+01  0.000000e+00
     vertex  5.969000e+02  5.200000e+01  0.000000e+00
     vertex  5.960375e+02  5.370792e+01  0.000000e+00
   endloop
 endfacet
 facet normal  0.000000e+00  0.000000e+00 -1.000000e+00
   outer loop
     vertex  6.012125e+02  5.043069e+01  0.000000e+00
     vertex  6.020750e+02  5.509241e+01  0.000000e+00
     vertex  6.029375e+02  4.743069e+01  0.000000e+00
   endloop
 endfacet
 facet normal  0.000000e+00  0.000000e+00 -1.000000e+00
   outer loop
     vertex  5.994875e+02  5.361551e+01  0.000000e+00
     vertex  5.977625e+02  5.366172e+01  0.000000e+00
     vertex  5.986250e+02  5.527723e+01  0.000000e+00
   endloop
 endfacet
 facet normal  0.000000e+00  0.000000e+00 -1.000000e+00
   outer loop
     vertex  6.012125e+02  5.670792e+01  0.000000e+00
     vertex  5.994875e+02  5.684654e+01  0.000000e+00
     vertex  6.003500e+02  5.836964e+01  0.000000e+00
   endloop
 endfacet
 facet normal  0.000000e+00  0.000000e+00 -1.000000e+00
   outer loop
     vertex  6.029375e+02  5.961551e+01  0.000000e+00
     vertex  6.012125e+02  5.984654e+01  0.000000e+00
     vertex  6.020750e+02  6.127723e+01  0.000000e+00
   endloop
 endfacet
 facet normal  0.000000e+00  0.000000e+00 -1.000000e+00
   outer loop
     vertex  6.029375e+02  5.961551e+01  0.000000e+00
     vertex  6.038000e+02  6.400000e+01  0.000000e+00
     vertex  6.029375e+02  4.743069e+01  0.000000e+00
   endloop
 endfacet
 facet normal  0.000000e+00 -0.000000e+00 -1.000000e+00
   outer loop
     vertex  6.029375e+02  5.961551e+01  0.000000e+00
     vertex  6.029375e+02  4.743069e+01  0.000000e+00
     vertex  6.020750e+02  5.509241e+01  0.000000e+00
   endloop
 endfacet
 facet normal  0.000000e+00  0.000000e+00 -1.000000e+00
   outer loop
     vertex  6.029375e+02  6.266172e+01  0.000000e+00
     vertex  6.038000e+02  6.400000e+01  0.000000e+00
     vertex  6.029375e+02  5.961551e+01  0.000000e+00
   endloop
 endfacet
 facet normal  0.000000e+00 -0.000000e+00 -1.000000e+00
   outer loop
     vertex  6.029375e+02  6.266172e+01  0.000000e+00
     vertex  6.029375e+02  5.961551e+01  0.000000e+00
     vertex  6.020750e+02  6.127723e+01  0.000000e+00
   endloop
 endfacet
 facet normal  0.000000e+00  0.000000e+00 -1.000000e+00
   outer loop
     vertex  5.999188e+02  4.157425e+01  0.000000e+00
     vertex  6.020750e+02  4.272277e+01  0.000000e+00
     vertex  6.012125e+02  4.101484e+01  0.000000e+00
   endloop
 endfacet
 facet normal  0.000000e+00 -0.000000e+00 -1.000000e+00
   outer loop
     vertex  5.999188e+02  4.157425e+01  0.000000e+00
     vertex  6.012125e+02  4.101484e+01  0.000000e+00
     vertex  5.990562e+02  3.979701e+01  0.000000e+00
   endloop
 endfacet
 facet normal -0.000000e+00  0.000000e+00 -1.000000e+00
   outer loop
     vertex  5.956063e+02  4.598184e+01  0.000000e+00
     vertex  5.934500e+02  4.489107e+01  0.000000e+00
     vertex  5.951750e+02  4.853795e+01  0.000000e+00
   endloop
 endfacet
 facet normal  0.000000e+00  0.000000e+00 -1.000000e+00
   outer loop
     vertex  6.025063e+02  4.049009e+01  0.000000e+00
     vertex  6.012125e+02  4.101484e+01  0.000000e+00
     vertex  6.020750e+02  4.272277e+01  0.000000e+00
   endloop
 endfacet
 facet normal  0.000000e+00  0.000000e+00 -1.000000e+00
   outer loop
     vertex  6.025063e+02  4.049009e+01  0.000000e+00
     vertex  6.020750e+02  4.272277e+01  0.000000e+00
     vertex  6.038000e+02  4.000000e+01  0.000000e+00
   endloop
 endfacet
 facet normal  0.000000e+00 -0.000000e+00 -1.000000e+00
   outer loop
     vertex  5.938813e+02  4.935148e+01  0.000000e+00
     vertex  5.951750e+02  4.853795e+01  0.000000e+00
     vertex  5.934500e+02  4.489107e+01  0.000000e+00
   endloop
 endfacet
 facet normal  0.000000e+00  0.000000e+00 -1.000000e+00
   outer loop
     vertex  5.938813e+02  4.935148e+01  0.000000e+00
     vertex  5.960375e+02  5.029208e+01  0.000000e+00
     vertex  5.951750e+02  4.853795e+01  0.000000e+00
   endloop
 endfacet
 facet normal -0.000000e+00  0.000000e+00 -1.000000e+00
   outer loop
     vertex  5.938813e+02  4.935148e+01  0.000000e+00
     vertex  5.934500e+02  4.489107e+01  0.000000e+00
     vertex  5.925875e+02  5.019967e+01  0.000000e+00
   endloop
 endfacet
 facet normal -0.000000e+00  0.000000e+00 -1.000000e+00
   outer loop
     vertex  6.007812e+02  4.330527e+01  0.000000e+00
     vertex  5.986250e+02  4.216830e+01  0.000000e+00
     vertex  5.994875e+02  4.392243e+01  0.000000e+00
   endloop
 endfacet
 facet normal  0.000000e+00  0.000000e+00 -1.000000e+00
   outer loop
     vertex  6.007812e+02  4.330527e+01  0.000000e+00
     vertex  5.994875e+02  4.392243e+01  0.000000e+00
     vertex  6.012125e+02  4.415346e+01  0.000000e+00
   endloop
 endfacet
 facet normal  0.000000e+00 -0.000000e+00 -1.000000e+00
   outer loop
     vertex  6.007812e+02  4.330527e+01  0.000000e+00
     vertex  6.020750e+02  4.272277e+01  0.000000e+00
     vertex  5.999188e+02  4.157425e+01  0.000000e+00
   endloop
 endfacet
 facet normal  0.000000e+00  0.000000e+00 -1.000000e+00
   outer loop
     vertex  6.007812e+02  4.330527e+01  0.000000e+00
     vertex  5.999188e+02  4.157425e+01  0.000000e+00
     vertex  5.986250e+02  4.216830e+01  0.000000e+00
   endloop
 endfacet
 facet normal  0.000000e+00  0.000000e+00 -1.000000e+00
   outer loop
     vertex  6.007812e+02  4.330527e+01  0.000000e+00
     vertex  6.012125e+02  4.415346e+01  0.000000e+00
     vertex  6.020750e+02  4.272277e+01  0.000000e+00
   endloop
 endfacet
 facet normal  0.000000e+00  0.000000e+00 -1.000000e+00
   outer loop
     vertex  5.986250e+02  4.544554e+01  0.000000e+00
     vertex  6.003500e+02  4.563036e+01  0.000000e+00
     vertex  5.994875e+02  4.392243e+01  0.000000e+00
   endloop
 endfacet
 facet normal -0.000000e+00  0.000000e+00 -1.000000e+00
   outer loop
     vertex  5.964688e+02  4.775907e+01  0.000000e+00
     vertex  5.956063e+02  4.598184e+01  0.000000e+00
     vertex  5.951750e+02  4.853795e+01  0.000000e+00
   endloop
 endfacet
 facet normal  0.000000e+00 -0.000000e+00 -1.000000e+00
   outer loop
     vertex  5.964688e+02  4.775907e+01  0.000000e+00
     vertex  5.977625e+02  4.701484e+01  0.000000e+00
     vertex  5.956063e+02  4.598184e+01  0.000000e+00
   endloop
 endfacet
 facet normal  0.000000e+00  0.000000e+00 -1.000000e+00
   outer loop
     vertex  5.964688e+02  4.775907e+01  0.000000e+00
     vertex  5.986250e+02  4.872277e+01  0.000000e+00
     vertex  5.977625e+02  4.701484e+01  0.000000e+00
   endloop
 endfacet
 facet normal -0.000000e+00  0.000000e+00 -1.000000e+00
   outer loop
     vertex  5.990563e+02  4.630527e+01  0.000000e+00
     vertex  5.986250e+02  4.544554e+01  0.000000e+00
     vertex  5.977625e+02  4.701484e+01  0.000000e+00
   endloop
 endfacet
 facet normal  0.000000e+00 -0.000000e+00 -1.000000e+00
   outer loop
     vertex  5.990563e+02  4.630527e+01  0.000000e+00
     vertex  6.003500e+02  4.563036e+01  0.000000e+00
     vertex  5.986250e+02  4.544554e+01  0.000000e+00
   endloop
 endfacet
 facet normal  0.000000e+00  0.000000e+00 -1.000000e+00
   outer loop
     vertex  5.990563e+02  4.630527e+01  0.000000e+00
     vertex  5.994875e+02  4.715346e+01  0.000000e+00
     vertex  6.003500e+02  4.563036e+01  0.000000e+00
   endloop
 endfacet
 facet normal  0.000000e+00  0.000000e+00 -1.000000e+00
   outer loop
     vertex  5.990563e+02  4.630527e+01  0.000000e+00
     vertex  5.977625e+02  4.701484e+01  0.000000e+00
     vertex  5.994875e+02  4.715346e+01  0.000000e+00
   endloop
 endfacet
 facet normal  0.000000e+00 -0.000000e+00 -1.000000e+00
   outer loop
     vertex  5.947438e+02  5.112871e+01  0.000000e+00
     vertex  5.960375e+02  5.029208e+01  0.000000e+00
     vertex  5.938813e+02  4.935148e+01  0.000000e+00
   endloop
 endfacet
 facet normal  0.000000e+00  0.000000e+00 -1.000000e+00
   outer loop
     vertex  5.947438e+02  5.112871e+01  0.000000e+00
     vertex  5.938813e+02  4.935148e+01  0.000000e+00
     vertex  5.925875e+02  5.019967e+01  0.000000e+00
   endloop
 endfacet
 facet normal -0.000000e+00  0.000000e+00 -1.000000e+00
   outer loop
     vertex  5.947438e+02  5.112871e+01  0.000000e+00
     vertex  5.925875e+02  5.019967e+01  0.000000e+00
     vertex  5.934500e+02  5.200000e+01  0.000000e+00
   endloop
 endfacet
 facet normal  0.000000e+00  0.000000e+00 -1.000000e+00
   outer loop
     vertex  5.947438e+02  5.112871e+01  0.000000e+00
     vertex  5.969000e+02  5.200000e+01  0.000000e+00
     vertex  5.960375e+02  5.029208e+01  0.000000e+00
   endloop
 endfacet
 facet normal -0.000000e+00  0.000000e+00 -1.000000e+00
   outer loop
     vertex  5.973313e+02  4.949009e+01  0.000000e+00
     vertex  5.951750e+02  4.853795e+01  0.000000e+00
     vertex  5.960375e+02  5.029208e+01  0.000000e+00
   endloop
 endfacet
 facet normal  0.000000e+00  0.000000e+00 -1.000000e+00
   outer loop
     vertex  5.973313e+02  4.949009e+01  0.000000e+00
     vertex  5.977625e+02  5.033828e+01  0.000000e+00
     vertex  5.986250e+02  4.872277e+01  0.000000e+00
   endloop
 endfacet
 facet normal  0.000000e+00 -0.000000e+00 -1.000000e+00
   outer loop
     vertex  5.973313e+02  4.949009e+01  0.000000e+00
     vertex  5.986250e+02  4.872277e+01  0.000000e+00
     vertex  5.964688e+02  4.775907e+01  0.000000e+00
   endloop
 endfacet
 facet normal  0.000000e+00  0.000000e+00 -1.000000e+00
   outer loop
     vertex  5.973313e+02  4.949009e+01  0.000000e+00
     vertex  5.964688e+02  4.775907e+01  0.000000e+00
     vertex  5.951750e+02  4.853795e+01  0.000000e+00
   endloop
 endfacet
 facet normal  0.000000e+00  0.000000e+00 -1.000000e+00
   outer loop
     vertex  5.973313e+02  4.949009e+01  0.000000e+00
     vertex  5.960375e+02  5.029208e+01  0.000000e+00
     vertex  5.977625e+02  5.033828e+01  0.000000e+00
   endloop
 endfacet
 facet normal -0.000000e+00 -0.000000e+00 -1.000000e+00
   outer loop
     vertex  5.930188e+02  5.468318e+01  0.000000e+00
     vertex  5.934500e+02  5.200000e+01  0.000000e+00
     vertex  5.917250e+02  5.564688e+01  0.000000e+00
   endloop
 endfacet
 facet normal  0.000000e+00  0.000000e+00 -1.000000e+00
   outer loop
     vertex  5.930188e+02  5.468318e+01  0.000000e+00
     vertex  5.951750e+02  5.546205e+01  0.000000e+00
     vertex  5.943125e+02  5.375413e+01  0.000000e+00
   endloop
 endfacet
 facet normal  0.000000e+00  0.000000e+00 -1.000000e+00
   outer loop
     vertex  5.930188e+02  5.468318e+01  0.000000e+00
     vertex  5.943125e+02  5.375413e+01  0.000000e+00
     vertex  5.934500e+02  5.200000e+01  0.000000e+00
   endloop
 endfacet
 facet normal  0.000000e+00  0.000000e+00 -1.000000e+00
   outer loop
     vertex  6.016438e+02  4.654785e+01  0.000000e+00
     vertex  6.012125e+02  4.415346e+01  0.000000e+00
     vertex  6.003500e+02  4.563036e+01  0.000000e+00
   endloop
 endfacet
 facet normal -0.000000e+00  0.000000e+00 -1.000000e+00
   outer loop
     vertex  6.016438e+02  4.654785e+01  0.000000e+00
     vertex  6.003500e+02  4.563036e+01  0.000000e+00
     vertex  5.994875e+02  4.715346e+01  0.000000e+00
   endloop
 endfacet
 facet normal  0.000000e+00 -0.000000e+00 -1.000000e+00
   outer loop
     vertex  6.016438e+02  4.654785e+01  0.000000e+00
     vertex  6.029375e+02  4.743069e+01  0.000000e+00
     vertex  6.012125e+02  4.415346e+01  0.000000e+00
   endloop
 endfacet
 facet normal  0.000000e+00 -0.000000e+00 -1.000000e+00
   outer loop
     vertex  5.956063e+02  5.285974e+01  0.000000e+00
     vertex  5.969000e+02  5.200000e+01  0.000000e+00
     vertex  5.947438e+02  5.112871e+01  0.000000e+00
   endloop
 endfacet
 facet normal  0.000000e+00  0.000000e+00 -1.000000e+00
   outer loop
     vertex  5.956063e+02  5.285974e+01  0.000000e+00
     vertex  5.947438e+02  5.112871e+01  0.000000e+00
     vertex  5.934500e+02  5.200000e+01  0.000000e+00
   endloop
 endfacet
 facet normal -0.000000e+00  0.000000e+00 -1.000000e+00
   outer loop
     vertex  5.956063e+02  5.285974e+01  0.000000e+00
     vertex  5.934500e+02  5.200000e+01  0.000000e+00
     vertex  5.943125e+02  5.375413e+01  0.000000e+00
   endloop
 endfacet
 facet normal  0.000000e+00  0.000000e+00 -1.000000e+00
   outer loop
     vertex  5.956063e+02  5.285974e+01  0.000000e+00
     vertex  5.960375e+02  5.370792e+01  0.000000e+00
     vertex  5.969000e+02  5.200000e+01  0.000000e+00
   endloop
 endfacet
 facet normal  0.000000e+00  0.000000e+00 -1.000000e+00
   outer loop
     vertex  5.956063e+02  5.285974e+01  0.000000e+00
     vertex  5.943125e+02  5.375413e+01  0.000000e+00
     vertex  5.960375e+02  5.370792e+01  0.000000e+00
   endloop
 endfacet
 facet normal  0.000000e+00  0.000000e+00 -1.000000e+00
   outer loop
     vertex  6.003500e+02  4.881518e+01  0.000000e+00
     vertex  5.994875e+02  4.715346e+01  0.000000e+00
     vertex  5.986250e+02  4.872277e+01  0.000000e+00
   endloop
 endfacet
 facet normal  0.000000e+00  0.000000e+00 -1.000000e+00
   outer loop
     vertex  5.999188e+02  4.959406e+01  0.000000e+00
     vertex  6.012125e+02  5.043069e+01  0.000000e+00
     vertex  6.003500e+02  4.881518e+01  0.000000e+00
   endloop
 endfacet
 facet normal  0.000000e+00 -0.000000e+00 -1.000000e+00
   outer loop
     vertex  5.999188e+02  4.959406e+01  0.000000e+00
     vertex  6.003500e+02  4.881518e+01  0.000000e+00
     vertex  5.986250e+02  4.872277e+01  0.000000e+00
   endloop
 endfacet
 facet normal -0.000000e+00  0.000000e+00 -1.000000e+00
   outer loop
     vertex  5.999188e+02  4.959406e+01  0.000000e+00
     vertex  5.986250e+02  4.872277e+01  0.000000e+00
     vertex  5.977625e+02  5.033828e+01  0.000000e+00
   endloop
 endfacet
 facet normal  0.000000e+00  0.000000e+00 -1.000000e+00
   outer loop
     vertex  5.938813e+02  5.641420e+01  0.000000e+00
     vertex  5.960375e+02  5.712377e+01  0.000000e+00
     vertex  5.951750e+02  5.546205e+01  0.000000e+00
   endloop
 endfacet
 facet normal  0.000000e+00  0.000000e+00 -1.000000e+00
   outer loop
     vertex  5.938813e+02  5.641420e+01  0.000000e+00
     vertex  5.930188e+02  5.468318e+01  0.000000e+00
     vertex  5.917250e+02  5.564688e+01  0.000000e+00
   endloop
 endfacet
 facet normal  0.000000e+00 -0.000000e+00 -1.000000e+00
   outer loop
     vertex  5.938813e+02  5.641420e+01  0.000000e+00
     vertex  5.951750e+02  5.546205e+01  0.000000e+00
     vertex  5.930188e+02  5.468318e+01  0.000000e+00
   endloop
 endfacet
 facet normal -0.000000e+00  0.000000e+00 -1.000000e+00
   outer loop
     vertex  5.938813e+02  5.641420e+01  0.000000e+00
     vertex  5.917250e+02  5.564688e+01  0.000000e+00
     vertex  5.925875e+02  5.740100e+01  0.000000e+00
   endloop
 endfacet
 facet normal  0.000000e+00  0.000000e+00 -1.000000e+00
   outer loop
     vertex  5.990563e+02  5.118647e+01  0.000000e+00
     vertex  6.003500e+02  5.200000e+01  0.000000e+00
     vertex  6.012125e+02  5.043069e+01  0.000000e+00
   endloop
 endfacet
 facet normal  0.000000e+00 -0.000000e+00 -1.000000e+00
   outer loop
     vertex  5.990563e+02  5.118647e+01  0.000000e+00
     vertex  5.999188e+02  4.959406e+01  0.000000e+00
     vertex  5.977625e+02  5.033828e+01  0.000000e+00
   endloop
 endfacet
 facet normal -0.000000e+00  0.000000e+00 -1.000000e+00
   outer loop
     vertex  5.990563e+02  5.118647e+01  0.000000e+00
     vertex  5.977625e+02  5.033828e+01  0.000000e+00
     vertex  5.969000e+02  5.200000e+01  0.000000e+00
   endloop
 endfacet
 facet normal  0.000000e+00  0.000000e+00 -1.000000e+00
   outer loop
     vertex  5.990563e+02  5.118647e+01  0.000000e+00
     vertex  6.012125e+02  5.043069e+01  0.000000e+00
     vertex  5.999188e+02  4.959406e+01  0.000000e+00
   endloop
 endfacet
 facet normal -0.000000e+00  0.000000e+00 -1.000000e+00
   outer loop
     vertex  5.964688e+02  5.454456e+01  0.000000e+00
     vertex  5.960375e+02  5.370792e+01  0.000000e+00
     vertex  5.951750e+02  5.546205e+01  0.000000e+00
   endloop
 endfacet
 facet normal  0.000000e+00  0.000000e+00 -1.000000e+00
   outer loop
     vertex  5.964688e+02  5.454456e+01  0.000000e+00
     vertex  5.986250e+02  5.527723e+01  0.000000e+00
     vertex  5.977625e+02  5.366172e+01  0.000000e+00
   endloop
 endfacet
 facet normal  0.000000e+00 -0.000000e+00 -1.000000e+00
   outer loop
     vertex  5.964688e+02  5.454456e+01  0.000000e+00
     vertex  5.977625e+02  5.366172e+01  0.000000e+00
     vertex  5.960375e+02  5.370792e+01  0.000000e+00
   endloop
 endfacet
 facet normal  0.000000e+00  0.000000e+00 -1.000000e+00
   outer loop
     vertex  5.981938e+02  5.282508e+01  0.000000e+00
     vertex  5.977625e+02  5.366172e+01  0.000000e+00
     vertex  5.994875e+02  5.361551e+01  0.000000e+00
   endloop
 endfacet
 facet normal  0.000000e+00  0.000000e+00 -1.000000e+00
   outer loop
     vertex  5.981938e+02  5.282508e+01  0.000000e+00
     vertex  6.003500e+02  5.200000e+01  0.000000e+00
     vertex  5.990563e+02  5.118647e+01  0.000000e+00
   endloop
 endfacet
 facet normal  0.000000e+00 -0.000000e+00 -1.000000e+00
   outer loop
     vertex  5.981938e+02  5.282508e+01  0.000000e+00
     vertex  5.990563e+02  5.118647e+01  0.000000e+00
     vertex  5.969000e+02  5.200000e+01  0.000000e+00
   endloop
 endfacet
 facet normal -0.000000e+00  0.000000e+00 -1.000000e+00
   outer loop
     vertex  5.981938e+02  5.282508e+01  0.000000e+00
     vertex  5.969000e+02  5.200000e+01  0.000000e+00
     vertex  5.977625e+02  5.366172e+01  0.000000e+00
   endloop
 endfacet
 facet normal  0.000000e+00  0.000000e+00 -1.000000e+00
   outer loop
     vertex  5.981938e+02  5.282508e+01  0.000000e+00
     vertex  5.994875e+02  5.361551e+01  0.000000e+00
     vertex  6.003500e+02  5.200000e+01  0.000000e+00
   endloop
 endfacet
 facet normal -0.000000e+00  0.000000e+00 -1.000000e+00
   outer loop
     vertex  5.947438e+02  5.809902e+01  0.000000e+00
     vertex  5.925875e+02  5.740100e+01  0.000000e+00
     vertex  5.934500e+02  5.910893e+01  0.000000e+00
   endloop
 endfacet
 facet normal  0.000000e+00  0.000000e+00 -1.000000e+00
   outer loop
     vertex  5.947438e+02  5.809902e+01  0.000000e+00
     vertex  5.938813e+02  5.641420e+01  0.000000e+00
     vertex  5.925875e+02  5.740100e+01  0.000000e+00
   endloop
 endfacet
 facet normal  0.000000e+00 -0.000000e+00 -1.000000e+00
   outer loop
     vertex  5.947438e+02  5.809902e+01  0.000000e+00
     vertex  5.960375e+02  5.712377e+01  0.000000e+00
     vertex  5.938813e+02  5.641420e+01  0.000000e+00
   endloop
 endfacet
 facet normal -0.000000e+00  0.000000e+00 -1.000000e+00
   outer loop
     vertex  5.973313e+02  5.618318e+01  0.000000e+00
     vertex  5.951750e+02  5.546205e+01  0.000000e+00
     vertex  5.960375e+02  5.712377e+01  0.000000e+00
   endloop
 endfacet
 facet normal  0.000000e+00  0.000000e+00 -1.000000e+00
   outer loop
     vertex  5.973313e+02  5.618318e+01  0.000000e+00
     vertex  5.994875e+02  5.684654e+01  0.000000e+00
     vertex  5.986250e+02  5.527723e+01  0.000000e+00
   endloop
 endfacet
 facet normal  0.000000e+00 -0.000000e+00 -1.000000e+00
   outer loop
     vertex  5.973313e+02  5.618318e+01  0.000000e+00
     vertex  5.986250e+02  5.527723e+01  0.000000e+00
     vertex  5.964688e+02  5.454456e+01  0.000000e+00
   endloop
 endfacet
 facet normal  0.000000e+00  0.000000e+00 -1.000000e+00
   outer loop
     vertex  5.973313e+02  5.618318e+01  0.000000e+00
     vertex  5.964688e+02  5.454456e+01  0.000000e+00
     vertex  5.951750e+02  5.546205e+01  0.000000e+00
   endloop
 endfacet
 facet normal  0.000000e+00 -0.000000e+00 -1.000000e+00
   outer loop
     vertex  6.012125e+02  5.356931e+01  0.000000e+00
     vertex  6.012125e+02  5.043069e+01  0.000000e+00
     vertex  6.003500e+02  5.200000e+01  0.000000e+00
   endloop
 endfacet
 facet normal  0.000000e+00  0.000000e+00 -1.000000e+00
   outer loop
     vertex  6.012125e+02  5.356931e+01  0.000000e+00
     vertex  6.020750e+02  5.509241e+01  0.000000e+00
     vertex  6.012125e+02  5.043069e+01  0.000000e+00
   endloop
 endfacet
 facet normal -0.000000e+00  0.000000e+00 -1.000000e+00
   outer loop
     vertex  6.012125e+02  5.356931e+01  0.000000e+00
     vertex  6.003500e+02  5.200000e+01  0.000000e+00
     vertex  5.994875e+02  5.361551e+01  0.000000e+00
   endloop
 endfacet
 facet normal  0.000000e+00  0.000000e+00 -1.000000e+00
   outer loop
     vertex  5.956063e+02  5.973764e+01  0.000000e+00
     vertex  5.947438e+02  5.809902e+01  0.000000e+00
     vertex  5.934500e+02  5.910893e+01  0.000000e+00
   endloop
 endfacet
 facet normal -0.000000e+00  0.000000e+00 -1.000000e+00
   outer loop
     vertex  6.007812e+02  5.437129e+01  0.000000e+00
     vertex  5.994875e+02  5.361551e+01  0.000000e+00
     vertex  5.986250e+02  5.527723e+01  0.000000e+00
   endloop
 endfacet
 facet normal  0.000000e+00 -0.000000e+00 -1.000000e+00
   outer loop
     vertex  6.007812e+02  5.437129e+01  0.000000e+00
     vertex  6.012125e+02  5.356931e+01  0.000000e+00
     vertex  5.994875e+02  5.361551e+01  0.000000e+00
   endloop
 endfacet
 facet normal  0.000000e+00  0.000000e+00 -1.000000e+00
   outer loop
     vertex  6.007812e+02  5.437129e+01  0.000000e+00
     vertex  6.020750e+02  5.509241e+01  0.000000e+00
     vertex  6.012125e+02  5.356931e+01  0.000000e+00
   endloop
 endfacet
 facet normal -0.000000e+00  0.000000e+00 -1.000000e+00
   outer loop
     vertex  5.969000e+02  5.873929e+01  0.000000e+00
     vertex  5.947438e+02  5.809902e+01  0.000000e+00
     vertex  5.956063e+02  5.973764e+01  0.000000e+00
   endloop
 endfacet
 facet normal  0.000000e+00 -0.000000e+00 -1.000000e+00
   outer loop
     vertex  5.969000e+02  5.873929e+01  0.000000e+00
     vertex  5.973313e+02  5.618318e+01  0.000000e+00
     vertex  5.960375e+02  5.712377e+01  0.000000e+00
   endloop
 endfacet
 facet normal  0.000000e+00  0.000000e+00 -1.000000e+00
   outer loop
     vertex  5.969000e+02  5.873929e+01  0.000000e+00
     vertex  5.956063e+02  5.973764e+01  0.000000e+00
     vertex  5.977625e+02  6.030859e+01  0.000000e+00
   endloop
 endfacet
 facet normal  0.000000e+00  0.000000e+00 -1.000000e+00
   outer loop
     vertex  5.969000e+02  5.873929e+01  0.000000e+00
     vertex  5.960375e+02  5.712377e+01  0.000000e+00
     vertex  5.947438e+02  5.809902e+01  0.000000e+00
   endloop
 endfacet
 facet normal  0.000000e+00  0.000000e+00 -1.000000e+00
   outer loop
     vertex  5.999188e+02  5.600991e+01  0.000000e+00
     vertex  6.020750e+02  5.509241e+01  0.000000e+00
     vertex  6.007812e+02  5.437129e+01  0.000000e+00
   endloop
 endfacet
 facet normal  0.000000e+00  0.000000e+00 -1.000000e+00
   outer loop
     vertex  5.999188e+02  5.600991e+01  0.000000e+00
     vertex  5.994875e+02  5.684654e+01  0.000000e+00
     vertex  6.012125e+02  5.670792e+01  0.000000e+00
   endloop
 endfacet
 facet normal  0.000000e+00  0.000000e+00 -1.000000e+00
   outer loop
     vertex  5.999188e+02  5.600991e+01  0.000000e+00
     vertex  6.012125e+02  5.670792e+01  0.000000e+00
     vertex  6.020750e+02  5.509241e+01  0.000000e+00
   endloop
 endfacet
 facet normal -0.000000e+00  0.000000e+00 -1.000000e+00
   outer loop
     vertex  5.999188e+02  5.600991e+01  0.000000e+00
     vertex  5.986250e+02  5.527723e+01  0.000000e+00
     vertex  5.994875e+02  5.684654e+01  0.000000e+00
   endloop
 endfacet
 facet normal  0.000000e+00 -0.000000e+00 -1.000000e+00
   outer loop
     vertex  5.999188e+02  5.600991e+01  0.000000e+00
     vertex  6.007812e+02  5.437129e+01  0.000000e+00
     vertex  5.986250e+02  5.527723e+01  0.000000e+00
   endloop
 endfacet
 facet normal  0.000000e+00  0.000000e+00 -1.000000e+00
   outer loop
     vertex  5.986250e+02  5.855446e+01  0.000000e+00
     vertex  5.969000e+02  5.873929e+01  0.000000e+00
     vertex  5.977625e+02  6.030859e+01  0.000000e+00
   endloop
 endfacet
 facet normal -0.000000e+00  0.000000e+00 -1.000000e+00
   outer loop
     vertex  5.986250e+02  5.855446e+01  0.000000e+00
     vertex  5.973313e+02  5.618318e+01  0.000000e+00
     vertex  5.969000e+02  5.873929e+01  0.000000e+00
   endloop
 endfacet
 facet normal  0.000000e+00  0.000000e+00 -1.000000e+00
   outer loop
     vertex  5.986250e+02  5.855446e+01  0.000000e+00
     vertex  6.003500e+02  5.836964e+01  0.000000e+00
     vertex  5.994875e+02  5.684654e+01  0.000000e+00
   endloop
 endfacet
 facet normal  0.000000e+00 -0.000000e+00 -1.000000e+00
   outer loop
     vertex  5.986250e+02  5.855446e+01  0.000000e+00
     vertex  5.994875e+02  5.684654e+01  0.000000e+00
     vertex  5.973313e+02  5.618318e+01  0.000000e+00
   endloop
 endfacet
 facet normal -0.000000e+00  0.000000e+00 -1.000000e+00
   outer loop
     vertex  5.990563e+02  5.932179e+01  0.000000e+00
     vertex  5.986250e+02  5.855446e+01  0.000000e+00
     vertex  5.977625e+02  6.030859e+01  0.000000e+00
   endloop
 endfacet
 facet normal  0.000000e+00 -0.000000e+00 -1.000000e+00
   outer loop
     vertex  5.990563e+02  5.932179e+01  0.000000e+00
     vertex  6.003500e+02  5.836964e+01  0.000000e+00
     vertex  5.986250e+02  5.855446e+01  0.000000e+00
   endloop
 endfacet
 facet normal  0.000000e+00  0.000000e+00 -1.000000e+00
   outer loop
     vertex  5.990563e+02  5.932179e+01  0.000000e+00
     vertex  6.012125e+02  5.984654e+01  0.000000e+00
     vertex  6.003500e+02  5.836964e+01  0.000000e+00
   endloop
 endfacet
 facet normal  0.000000e+00 -0.000000e+00 -1.000000e+00
   outer loop
     vertex  6.020750e+02  5.818482e+01  0.000000e+00
     vertex  6.020750e+02  5.509241e+01  0.000000e+00
     vertex  6.012125e+02  5.670792e+01  0.000000e+00
   endloop
 endfacet
 facet normal -0.000000e+00  0.000000e+00 -1.000000e+00
   outer loop
     vertex  6.020750e+02  5.818482e+01  0.000000e+00
     vertex  6.012125e+02  5.670792e+01  0.000000e+00
     vertex  6.003500e+02  5.836964e+01  0.000000e+00
   endloop
 endfacet
 facet normal  0.000000e+00  0.000000e+00 -1.000000e+00
   outer loop
     vertex  6.020750e+02  5.818482e+01  0.000000e+00
     vertex  6.029375e+02  5.961551e+01  0.000000e+00
     vertex  6.020750e+02  5.509241e+01  0.000000e+00
   endloop
 endfacet
 facet normal  0.000000e+00 -0.000000e+00 -1.000000e+00
   outer loop
     vertex  6.016438e+02  5.900991e+01  0.000000e+00
     vertex  6.020750e+02  5.818482e+01  0.000000e+00
     vertex  6.003500e+02  5.836964e+01  0.000000e+00
   endloop
 endfacet
 facet normal  0.000000e+00  0.000000e+00 -1.000000e+00
   outer loop
     vertex  6.016438e+02  5.900991e+01  0.000000e+00
     vertex  6.012125e+02  5.984654e+01  0.000000e+00
     vertex  6.029375e+02  5.961551e+01  0.000000e+00
   endloop
 endfacet
 facet normal  0.000000e+00  0.000000e+00 -1.000000e+00
   outer loop
     vertex  6.016438e+02  5.900991e+01  0.000000e+00
     vertex  6.029375e+02  5.961551e+01  0.000000e+00
     vertex  6.020750e+02  5.818482e+01  0.000000e+00
   endloop
 endfacet
 facet normal -0.000000e+00  0.000000e+00 -1.000000e+00
   outer loop
     vertex  6.016438e+02  5.900991e+01  0.000000e+00
     vertex  6.003500e+02  5.836964e+01  0.000000e+00
     vertex  6.012125e+02  5.984654e+01  0.000000e+00
   endloop
 endfacet
 facet normal  0.000000e+00  0.000000e+00 -1.000000e+00
   outer loop
     vertex  6.003500e+02  6.155446e+01  0.000000e+00
     vertex  6.020750e+02  6.127723e+01  0.000000e+00
     vertex  6.012125e+02  5.984654e+01  0.000000e+00
   endloop
 endfacet
 facet normal  0.000000e+00  0.000000e+00 -1.000000e+00
   outer loop
     vertex  5.945281e+02  3.845026e+01  0.000000e+00
     vertex  5.900000e+02  3.704286e+01  0.000000e+00
     vertex  5.921562e+02  3.841085e+01  0.000000e+00
   endloop
 endfacet
 facet normal -0.000000e+00  0.000000e+00 -1.000000e+00
   outer loop
     vertex  5.945281e+02  3.845026e+01  0.000000e+00
     vertex  5.921562e+02  3.841085e+01  0.000000e+00
     vertex  5.943125e+02  3.972109e+01  0.000000e+00
   endloop
 endfacet
 facet normal  0.000000e+00  0.000000e+00 -1.000000e+00
   outer loop
     vertex  5.966844e+02  3.974317e+01  0.000000e+00
     vertex  5.945281e+02  3.845026e+01  0.000000e+00
     vertex  5.943125e+02  3.972109e+01  0.000000e+00
   endloop
 endfacet
 facet normal -0.000000e+00  0.000000e+00 -1.000000e+00
   outer loop
     vertex  5.966844e+02  3.974317e+01  0.000000e+00
     vertex  5.943125e+02  3.972109e+01  0.000000e+00
     vertex  5.964688e+02  4.097358e+01  0.000000e+00
   endloop
 endfacet
 facet normal  0.000000e+00  0.000000e+00 -1.000000e+00
   outer loop
     vertex  5.977625e+02  4.036797e+01  0.000000e+00
     vertex  5.964688e+02  4.097358e+01  0.000000e+00
     vertex  5.986250e+02  4.216830e+01  0.000000e+00
   endloop
 endfacet
 facet normal -0.000000e+00  0.000000e+00 -1.000000e+00
   outer loop
     vertex  5.977625e+02  4.036797e+01  0.000000e+00
     vertex  5.966844e+02  3.974317e+01  0.000000e+00
     vertex  5.964688e+02  4.097358e+01  0.000000e+00
   endloop
 endfacet
 facet normal  0.000000e+00  0.000000e+00 -1.000000e+00
   outer loop
     vertex  5.977625e+02  4.036797e+01  0.000000e+00
     vertex  5.999188e+02  4.157425e+01  0.000000e+00
     vertex  5.990562e+02  3.979701e+01  0.000000e+00
   endloop
 endfacet
 facet normal  0.000000e+00  0.000000e+00 -1.000000e+00
   outer loop
     vertex  5.977625e+02  4.036797e+01  0.000000e+00
     vertex  5.986250e+02  4.216830e+01  0.000000e+00
     vertex  5.999188e+02  4.157425e+01  0.000000e+00
   endloop
 endfacet
 facet normal  0.000000e+00  0.000000e+00 -1.000000e+00
   outer loop
     vertex  5.949594e+02  4.288179e+01  0.000000e+00
     vertex  5.934500e+02  4.489107e+01  0.000000e+00
     vertex  5.956063e+02  4.598184e+01  0.000000e+00
   endloop
 endfacet
 facet normal -0.000000e+00  0.000000e+00 -1.000000e+00
   outer loop
     vertex  6.014281e+02  3.988262e+01  0.000000e+00
     vertex  5.990562e+02  3.979701e+01  0.000000e+00
     vertex  6.012125e+02  4.101484e+01  0.000000e+00
   endloop
 endfacet
 facet normal  0.000000e+00  0.000000e+00 -1.000000e+00
   outer loop
     vertex  6.014281e+02  3.988262e+01  0.000000e+00
     vertex  6.025063e+02  4.049009e+01  0.000000e+00
     vertex  6.038000e+02  4.000000e+01  0.000000e+00
   endloop
 endfacet
 facet normal  0.000000e+00  0.000000e+00 -1.000000e+00
   outer loop
     vertex  6.014281e+02  3.988262e+01  0.000000e+00
     vertex  6.012125e+02  4.101484e+01  0.000000e+00
     vertex  6.025063e+02  4.049009e+01  0.000000e+00
   endloop
 endfacet
 facet normal  0.000000e+00  0.000000e+00 -1.000000e+00
   outer loop
     vertex  5.975469e+02  4.324565e+01  0.000000e+00
     vertex  5.994875e+02  4.392243e+01  0.000000e+00
     vertex  5.986250e+02  4.216830e+01  0.000000e+00
   endloop
 endfacet
 facet normal  0.000000e+00 -0.000000e+00 -1.000000e+00
   outer loop
     vertex  5.975469e+02  4.324565e+01  0.000000e+00
     vertex  5.986250e+02  4.216830e+01  0.000000e+00
     vertex  5.964688e+02  4.097358e+01  0.000000e+00
   endloop
 endfacet
 facet normal  0.000000e+00  0.000000e+00 -1.000000e+00
   outer loop
     vertex  5.975469e+02  4.324565e+01  0.000000e+00
     vertex  5.964688e+02  4.097358e+01  0.000000e+00
     vertex  5.949594e+02  4.288179e+01  0.000000e+00
   endloop
 endfacet
 facet normal  0.000000e+00  0.000000e+00 -1.000000e+00
   outer loop
     vertex  5.975469e+02  4.324565e+01  0.000000e+00
     vertex  5.986250e+02  4.544554e+01  0.000000e+00
     vertex  5.994875e+02  4.392243e+01  0.000000e+00
   endloop
 endfacet
 facet normal  0.000000e+00  0.000000e+00 -1.000000e+00
   outer loop
     vertex  6.016438e+02  4.810561e+01  0.000000e+00
     vertex  6.003500e+02  4.881518e+01  0.000000e+00
     vertex  6.012125e+02  5.043069e+01  0.000000e+00
   endloop
 endfacet
 facet normal  0.000000e+00  0.000000e+00 -1.000000e+00
   outer loop
     vertex  6.016438e+02  4.810561e+01  0.000000e+00
     vertex  6.012125e+02  5.043069e+01  0.000000e+00
     vertex  6.029375e+02  4.743069e+01  0.000000e+00
   endloop
 endfacet
 facet normal  0.000000e+00 -0.000000e+00 -1.000000e+00
   outer loop
     vertex  6.016438e+02  4.810561e+01  0.000000e+00
     vertex  6.016438e+02  4.654785e+01  0.000000e+00
     vertex  5.994875e+02  4.715346e+01  0.000000e+00
   endloop
 endfacet
 facet normal -0.000000e+00  0.000000e+00 -1.000000e+00
   outer loop
     vertex  6.016438e+02  4.810561e+01  0.000000e+00
     vertex  5.994875e+02  4.715346e+01  0.000000e+00
     vertex  6.003500e+02  4.881518e+01  0.000000e+00
   endloop
 endfacet
 facet normal  0.000000e+00  0.000000e+00 -1.000000e+00
   outer loop
     vertex  6.016438e+02  4.810561e+01  0.000000e+00
     vertex  6.029375e+02  4.743069e+01  0.000000e+00
     vertex  6.016438e+02  4.654785e+01  0.000000e+00
   endloop
 endfacet
 facet normal  0.000000e+00 -0.000000e+00 -1.000000e+00
   outer loop
     vertex  5.923719e+02  6.238514e+01  0.000000e+00
     vertex  5.934500e+02  5.910893e+01  0.000000e+00
     vertex  5.908625e+02  6.123270e+01  0.000000e+00
   endloop
 endfacet
 facet normal -0.000000e+00  0.000000e+00 -1.000000e+00
   outer loop
     vertex  5.919406e+02  6.517805e+01  0.000000e+00
     vertex  5.908625e+02  6.123270e+01  0.000000e+00
     vertex  5.900000e+02  6.695714e+01  0.000000e+00
   endloop
 endfacet
 facet normal  0.000000e+00  0.000000e+00 -1.000000e+00
   outer loop
     vertex  5.919406e+02  6.517805e+01  0.000000e+00
     vertex  5.938813e+02  6.347693e+01  0.000000e+00
     vertex  5.923719e+02  6.238514e+01  0.000000e+00
   endloop
 endfacet
 facet normal  0.000000e+00 -0.000000e+00 -1.000000e+00
   outer loop
     vertex  5.919406e+02  6.517805e+01  0.000000e+00
     vertex  5.923719e+02  6.238514e+01  0.000000e+00
     vertex  5.908625e+02  6.123270e+01  0.000000e+00
   endloop
 endfacet
 facet normal  0.000000e+00 -0.000000e+00 -1.000000e+00
   outer loop
     vertex  5.958219e+02  6.185377e+01  0.000000e+00
     vertex  5.977625e+02  6.030859e+01  0.000000e+00
     vertex  5.956063e+02  5.973764e+01  0.000000e+00
   endloop
 endfacet
 facet normal  0.000000e+00 -0.000000e+00 -1.000000e+00
   outer loop
     vertex  5.971156e+02  6.249404e+01  0.000000e+00
     vertex  5.977625e+02  6.030859e+01  0.000000e+00
     vertex  5.958219e+02  6.185377e+01  0.000000e+00
   endloop
 endfacet
 facet normal  0.000000e+00 -0.000000e+00 -1.000000e+00
   outer loop
     vertex  5.990563e+02  6.094886e+01  0.000000e+00
     vertex  5.990563e+02  5.932179e+01  0.000000e+00
     vertex  5.977625e+02  6.030859e+01  0.000000e+00
   endloop
 endfacet
 facet normal  0.000000e+00  0.000000e+00 -1.000000e+00
   outer loop
     vertex  5.990563e+02  6.094886e+01  0.000000e+00
     vertex  6.012125e+02  5.984654e+01  0.000000e+00
     vertex  5.990563e+02  5.932179e+01  0.000000e+00
   endloop
 endfacet
 facet normal -0.000000e+00  0.000000e+00 -1.000000e+00
   outer loop
     vertex  5.990563e+02  6.094886e+01  0.000000e+00
     vertex  5.977625e+02  6.030859e+01  0.000000e+00
     vertex  5.971156e+02  6.249404e+01  0.000000e+00
   endloop
 endfacet
 facet normal  0.000000e+00  0.000000e+00 -1.000000e+00
   outer loop
     vertex  5.990563e+02  6.094886e+01  0.000000e+00
     vertex  6.003500e+02  6.155446e+01  0.000000e+00
     vertex  6.012125e+02  5.984654e+01  0.000000e+00
   endloop
 endfacet
 facet normal  0.000000e+00  0.000000e+00 -1.000000e+00
   outer loop
     vertex  5.988406e+02  6.383809e+01  0.000000e+00
     vertex  6.003500e+02  6.155446e+01  0.000000e+00
     vertex  5.990563e+02  6.094886e+01  0.000000e+00
   endloop
 endfacet
 facet normal  0.000000e+00 -0.000000e+00 -1.000000e+00
   outer loop
     vertex  5.988406e+02  6.383809e+01  0.000000e+00
     vertex  5.990563e+02  6.094886e+01  0.000000e+00
     vertex  5.971156e+02  6.249404e+01  0.000000e+00
   endloop
 endfacet
 facet normal  0.000000e+00  0.000000e+00 -1.000000e+00
   outer loop
     vertex  6.016438e+02  6.212542e+01  0.000000e+00
     vertex  6.029375e+02  6.266172e+01  0.000000e+00
     vertex  6.020750e+02  6.127723e+01  0.000000e+00
   endloop
 endfacet
 facet normal  0.000000e+00 -0.000000e+00 -1.000000e+00
   outer loop
     vertex  6.016438e+02  6.212542e+01  0.000000e+00
     vertex  6.020750e+02  6.127723e+01  0.000000e+00
     vertex  6.003500e+02  6.155446e+01  0.000000e+00
   endloop
 endfacet
 facet normal  0.000000e+00 -0.000000e+00 -1.000000e+00
   outer loop
     vertex  6.020750e+02  6.282344e+01  0.000000e+00
     vertex  6.029375e+02  6.266172e+01  0.000000e+00
     vertex  6.016438e+02  6.212542e+01  0.000000e+00
   endloop
 endfacet
 facet normal  0.000000e+00  0.000000e+00 -1.000000e+00
   outer loop
     vertex  5.935578e+02  4.068856e+01  0.000000e+00
     vertex  5.964688e+02  4.097358e+01  0.000000e+00
     vertex  5.943125e+02  3.972109e+01  0.000000e+00
   endloop
 endfacet
 facet normal  0.000000e+00 -0.000000e+00 -1.000000e+00
   outer loop
     vertex  5.935578e+02  4.068856e+01  0.000000e+00
     vertex  5.943125e+02  3.972109e+01  0.000000e+00
     vertex  5.921562e+02  3.841085e+01  0.000000e+00
   endloop
 endfacet
 facet normal  0.000000e+00  0.000000e+00 -1.000000e+00
   outer loop
     vertex  5.935578e+02  4.068856e+01  0.000000e+00
     vertex  5.934500e+02  4.489107e+01  0.000000e+00
     vertex  5.949594e+02  4.288179e+01  0.000000e+00
   endloop
 endfacet
 facet normal  0.000000e+00  0.000000e+00 -1.000000e+00
   outer loop
     vertex  5.935578e+02  4.068856e+01  0.000000e+00
     vertex  5.949594e+02  4.288179e+01  0.000000e+00
     vertex  5.964688e+02  4.097358e+01  0.000000e+00
   endloop
 endfacet
 facet normal  0.000000e+00 -0.000000e+00 -1.000000e+00
   outer loop
     vertex  5.991641e+02  3.920961e+01  0.000000e+00
     vertex  6.038000e+02  4.000000e+01  0.000000e+00
     vertex  5.900000e+02  3.704286e+01  0.000000e+00
   endloop
 endfacet
 facet normal  0.000000e+00  0.000000e+00 -1.000000e+00
   outer loop
     vertex  5.991641e+02  3.920961e+01  0.000000e+00
     vertex  5.900000e+02  3.704286e+01  0.000000e+00
     vertex  5.945281e+02  3.845026e+01  0.000000e+00
   endloop
 endfacet
 facet normal  0.000000e+00  0.000000e+00 -1.000000e+00
   outer loop
     vertex  5.991641e+02  3.920961e+01  0.000000e+00
     vertex  6.014281e+02  3.988262e+01  0.000000e+00
     vertex  6.038000e+02  4.000000e+01  0.000000e+00
   endloop
 endfacet
 facet normal  0.000000e+00  0.000000e+00 -1.000000e+00
   outer loop
     vertex  5.991641e+02  3.920961e+01  0.000000e+00
     vertex  5.990562e+02  3.979701e+01  0.000000e+00
     vertex  6.014281e+02  3.988262e+01  0.000000e+00
   endloop
 endfacet
 facet normal  0.000000e+00  0.000000e+00 -1.000000e+00
   outer loop
     vertex  5.965766e+02  4.459100e+01  0.000000e+00
     vertex  5.956063e+02  4.598184e+01  0.000000e+00
     vertex  5.977625e+02  4.701484e+01  0.000000e+00
   endloop
 endfacet
 facet normal -0.000000e+00  0.000000e+00 -1.000000e+00
   outer loop
     vertex  5.965766e+02  4.459100e+01  0.000000e+00
     vertex  5.949594e+02  4.288179e+01  0.000000e+00
     vertex  5.956063e+02  4.598184e+01  0.000000e+00
   endloop
 endfacet
 facet normal  0.000000e+00 -0.000000e+00 -1.000000e+00
   outer loop
     vertex  5.965766e+02  4.459100e+01  0.000000e+00
     vertex  5.975469e+02  4.324565e+01  0.000000e+00
     vertex  5.949594e+02  4.288179e+01  0.000000e+00
   endloop
 endfacet
 facet normal  0.000000e+00  0.000000e+00 -1.000000e+00
   outer loop
     vertex  5.965766e+02  4.459100e+01  0.000000e+00
     vertex  5.986250e+02  4.544554e+01  0.000000e+00
     vertex  5.975469e+02  4.324565e+01  0.000000e+00
   endloop
 endfacet
 facet normal  0.000000e+00  0.000000e+00 -1.000000e+00
   outer loop
     vertex  5.965766e+02  4.459100e+01  0.000000e+00
     vertex  5.977625e+02  4.701484e+01  0.000000e+00
     vertex  5.986250e+02  4.544554e+01  0.000000e+00
   endloop
 endfacet
 facet normal  0.000000e+00 -0.000000e+00 -1.000000e+00
   outer loop
     vertex  5.939891e+02  6.103431e+01  0.000000e+00
     vertex  5.956063e+02  5.973764e+01  0.000000e+00
     vertex  5.934500e+02  5.910893e+01  0.000000e+00
   endloop
 endfacet
 facet normal -0.000000e+00  0.000000e+00 -1.000000e+00
   outer loop
     vertex  5.939891e+02  6.103431e+01  0.000000e+00
     vertex  5.934500e+02  5.910893e+01  0.000000e+00
     vertex  5.923719e+02  6.238514e+01  0.000000e+00
   endloop
 endfacet
 facet normal  0.000000e+00  0.000000e+00 -1.000000e+00
   outer loop
     vertex  5.939891e+02  6.103431e+01  0.000000e+00
     vertex  5.958219e+02  6.185377e+01  0.000000e+00
     vertex  5.956063e+02  5.973764e+01  0.000000e+00
   endloop
 endfacet
 facet normal  0.000000e+00  0.000000e+00 -1.000000e+00
   outer loop
     vertex  5.939891e+02  6.103431e+01  0.000000e+00
     vertex  5.923719e+02  6.238514e+01  0.000000e+00
     vertex  5.938813e+02  6.347693e+01  0.000000e+00
   endloop
 endfacet
 facet normal  0.000000e+00  0.000000e+00 -1.000000e+00
   outer loop
     vertex  5.939891e+02  6.103431e+01  0.000000e+00
     vertex  5.938813e+02  6.347693e+01  0.000000e+00
     vertex  5.958219e+02  6.185377e+01  0.000000e+00
   endloop
 endfacet
 facet normal  0.000000e+00  0.000000e+00 -1.000000e+00
   outer loop
     vertex  5.944203e+02  6.535322e+01  0.000000e+00
     vertex  5.938813e+02  6.347693e+01  0.000000e+00
     vertex  5.919406e+02  6.517805e+01  0.000000e+00
   endloop
 endfacet
 facet normal  0.000000e+00 -0.000000e+00 -1.000000e+00
   outer loop
     vertex  5.963609e+02  6.368242e+01  0.000000e+00
     vertex  5.971156e+02  6.249404e+01  0.000000e+00
     vertex  5.958219e+02  6.185377e+01  0.000000e+00
   endloop
 endfacet
 facet normal  0.000000e+00  0.000000e+00 -1.000000e+00
   outer loop
     vertex  5.963609e+02  6.368242e+01  0.000000e+00
     vertex  5.958219e+02  6.185377e+01  0.000000e+00
     vertex  5.938813e+02  6.347693e+01  0.000000e+00
   endloop
 endfacet
 facet normal -0.000000e+00  0.000000e+00 -1.000000e+00
   outer loop
     vertex  5.963609e+02  6.368242e+01  0.000000e+00
     vertex  5.938813e+02  6.347693e+01  0.000000e+00
     vertex  5.944203e+02  6.535322e+01  0.000000e+00
   endloop
 endfacet
 facet normal -0.000000e+00 -0.000000e+00 -1.000000e+00
   outer loop
     vertex  6.002422e+02  6.296768e+01  0.000000e+00
     vertex  6.003500e+02  6.155446e+01  0.000000e+00
     vertex  5.988406e+02  6.383809e+01  0.000000e+00
   endloop
 endfacet
 facet normal  0.000000e+00  0.000000e+00 -1.000000e+00
   outer loop
     vertex  6.002422e+02  6.296768e+01  0.000000e+00
     vertex  6.016438e+02  6.212542e+01  0.000000e+00
     vertex  6.003500e+02  6.155446e+01  0.000000e+00
   endloop
 endfacet
 facet normal  0.000000e+00  0.000000e+00 -1.000000e+00
   outer loop
     vertex  6.002422e+02  6.296768e+01  0.000000e+00
     vertex  6.020750e+02  6.282344e+01  0.000000e+00
     vertex  6.016438e+02  6.212542e+01  0.000000e+00
   endloop
 endfacet
 facet normal  0.000000e+00  0.000000e+00 -1.000000e+00
   outer loop
     vertex  6.013203e+02  6.394395e+01  0.000000e+00
     vertex  6.038000e+02  6.400000e+01  0.000000e+00
     vertex  6.029375e+02  6.266172e+01  0.000000e+00
   endloop
 endfacet
 facet normal  0.000000e+00  0.000000e+00 -1.000000e+00
   outer loop
     vertex  6.013203e+02  6.394395e+01  0.000000e+00
     vertex  6.029375e+02  6.266172e+01  0.000000e+00
     vertex  6.020750e+02  6.282344e+01  0.000000e+00
   endloop
 endfacet
 facet normal  0.000000e+00 -0.000000e+00 -1.000000e+00
   outer loop
     vertex  6.013203e+02  6.394395e+01  0.000000e+00
     vertex  6.020750e+02  6.282344e+01  0.000000e+00
     vertex  6.002422e+02  6.296768e+01  0.000000e+00
   endloop
 endfacet
 facet normal -0.000000e+00  0.000000e+00 -1.000000e+00
   outer loop
     vertex  5.917789e+02  3.890442e+01  0.000000e+00
     vertex  5.900000e+02  3.704286e+01  0.000000e+00
     vertex  5.934500e+02  4.489107e+01  0.000000e+00
   endloop
 endfacet
 facet normal  0.000000e+00 -0.000000e+00 -1.000000e+00
   outer loop
     vertex  5.917789e+02  3.890442e+01  0.000000e+00
     vertex  5.921562e+02  3.841085e+01  0.000000e+00
     vertex  5.900000e+02  3.704286e+01  0.000000e+00
   endloop
 endfacet
 facet normal  0.000000e+00  0.000000e+00 -1.000000e+00
   outer loop
     vertex  5.917789e+02  3.890442e+01  0.000000e+00
     vertex  5.934500e+02  4.489107e+01  0.000000e+00
     vertex  5.935578e+02  4.068856e+01  0.000000e+00
   endloop
 endfacet
 facet normal  0.000000e+00  0.000000e+00 -1.000000e+00
   outer loop
     vertex  5.917789e+02  3.890442e+01  0.000000e+00
     vertex  5.935578e+02  4.068856e+01  0.000000e+00
     vertex  5.921562e+02  3.841085e+01  0.000000e+00
   endloop
 endfacet
 facet normal -0.000000e+00  0.000000e+00 -1.000000e+00
   outer loop
     vertex  5.979242e+02  3.946601e+01  0.000000e+00
     vertex  5.945281e+02  3.845026e+01  0.000000e+00
     vertex  5.966844e+02  3.974317e+01  0.000000e+00
   endloop
 endfacet
 facet normal  0.000000e+00 -0.000000e+00 -1.000000e+00
   outer loop
     vertex  5.979242e+02  3.946601e+01  0.000000e+00
     vertex  5.991641e+02  3.920961e+01  0.000000e+00
     vertex  5.945281e+02  3.845026e+01  0.000000e+00
   endloop
 endfacet
 facet normal  0.000000e+00  0.000000e+00 -1.000000e+00
   outer loop
     vertex  5.979242e+02  3.946601e+01  0.000000e+00
     vertex  5.966844e+02  3.974317e+01  0.000000e+00
     vertex  5.977625e+02  4.036797e+01  0.000000e+00
   endloop
 endfacet
 facet normal  0.000000e+00  0.000000e+00 -1.000000e+00
   outer loop
     vertex  5.979242e+02  3.946601e+01  0.000000e+00
     vertex  5.977625e+02  4.036797e+01  0.000000e+00
     vertex  5.990562e+02  3.979701e+01  0.000000e+00
   endloop
 endfacet
 facet normal  0.000000e+00  0.000000e+00 -1.000000e+00
   outer loop
     vertex  5.979242e+02  3.946601e+01  0.000000e+00
     vertex  5.990562e+02  3.979701e+01  0.000000e+00
     vertex  5.991641e+02  3.920961e+01  0.000000e+00
   endloop
 endfacet
 facet normal  0.000000e+00 -0.000000e+00 -1.000000e+00
   outer loop
     vertex  5.922102e+02  6.614408e+01  0.000000e+00
     vertex  5.944203e+02  6.535322e+01  0.000000e+00
     vertex  5.919406e+02  6.517805e+01  0.000000e+00
   endloop
 endfacet
 facet normal -0.000000e+00  0.000000e+00 -1.000000e+00
   outer loop
     vertex  5.922102e+02  6.614408e+01  0.000000e+00
     vertex  5.919406e+02  6.517805e+01  0.000000e+00
     vertex  5.900000e+02  6.695714e+01  0.000000e+00
   endloop
 endfacet
 facet normal  0.000000e+00  0.000000e+00 -1.000000e+00
   outer loop
     vertex  5.966305e+02  6.458456e+01  0.000000e+00
     vertex  5.988406e+02  6.383809e+01  0.000000e+00
     vertex  5.971156e+02  6.249404e+01  0.000000e+00
   endloop
 endfacet
 facet normal  0.000000e+00 -0.000000e+00 -1.000000e+00
   outer loop
     vertex  5.966305e+02  6.458456e+01  0.000000e+00
     vertex  5.971156e+02  6.249404e+01  0.000000e+00
     vertex  5.963609e+02  6.368242e+01  0.000000e+00
   endloop
 endfacet
 facet normal -0.000000e+00  0.000000e+00 -1.000000e+00
   outer loop
     vertex  5.966305e+02  6.458456e+01  0.000000e+00
     vertex  5.963609e+02  6.368242e+01  0.000000e+00
     vertex  5.944203e+02  6.535322e+01  0.000000e+00
   endloop
 endfacet
 facet normal  0.000000e+00  0.000000e+00 -1.000000e+00
   outer loop
     vertex  5.991102e+02  6.470016e+01  0.000000e+00
     vertex  6.038000e+02  6.400000e+01  0.000000e+00
     vertex  6.013203e+02  6.394395e+01  0.000000e+00
   endloop
 endfacet
 facet normal  0.000000e+00  0.000000e+00 -1.000000e+00
   outer loop
     vertex  5.991102e+02  6.470016e+01  0.000000e+00
     vertex  5.988406e+02  6.383809e+01  0.000000e+00
     vertex  5.966305e+02  6.458456e+01  0.000000e+00
   endloop
 endfacet
 facet normal  0.000000e+00 -0.000000e+00 -1.000000e+00
   outer loop
     vertex  5.991102e+02  6.470016e+01  0.000000e+00
     vertex  6.002422e+02  6.296768e+01  0.000000e+00
     vertex  5.988406e+02  6.383809e+01  0.000000e+00
   endloop
 endfacet
 facet normal  0.000000e+00  0.000000e+00 -1.000000e+00
   outer loop
     vertex  5.991102e+02  6.470016e+01  0.000000e+00
     vertex  6.013203e+02  6.394395e+01  0.000000e+00
     vertex  6.002422e+02  6.296768e+01  0.000000e+00
   endloop
 endfacet
 facet normal  0.000000e+00  0.000000e+00 -1.000000e+00
   outer loop
     vertex  5.945551e+02  6.581721e+01  0.000000e+00
     vertex  5.900000e+02  6.695714e+01  0.000000e+00
     vertex  6.038000e+02  6.400000e+01  0.000000e+00
   endloop
 endfacet
 facet normal -0.000000e+00  0.000000e+00 -1.000000e+00
   outer loop
     vertex  5.945551e+02  6.581721e+01  0.000000e+00
     vertex  5.944203e+02  6.535322e+01  0.000000e+00
     vertex  5.922102e+02  6.614408e+01  0.000000e+00
   endloop
 endfacet
 facet normal  0.000000e+00 -0.000000e+00 -1.000000e+00
   outer loop
     vertex  5.945551e+02  6.581721e+01  0.000000e+00
     vertex  5.966305e+02  6.458456e+01  0.000000e+00
     vertex  5.944203e+02  6.535322e+01  0.000000e+00
   endloop
 endfacet
 facet normal  0.000000e+00  0.000000e+00 -1.000000e+00
   outer loop
     vertex  5.945551e+02  6.581721e+01  0.000000e+00
     vertex  5.922102e+02  6.614408e+01  0.000000e+00
     vertex  5.900000e+02  6.695714e+01  0.000000e+00
   endloop
 endfacet
 facet normal  0.000000e+00  0.000000e+00 -1.000000e+00
   outer loop
     vertex  5.945551e+02  6.581721e+01  0.000000e+00
     vertex  5.991102e+02  6.470016e+01  0.000000e+00
     vertex  5.966305e+02  6.458456e+01  0.000000e+00
   endloop
 endfacet
 facet normal  0.000000e+00  0.000000e+00 -1.000000e+00
   outer loop
     vertex  5.945551e+02  6.581721e+01  0.000000e+00
     vertex  6.038000e+02  6.400000e+01  0.000000e+00
     vertex  5.991102e+02  6.470016e+01  0.000000e+00
   endloop
 endfacet
 facet normal  1.000000e+00  0.000000e+00  0.000000e+00
   outer loop
     vertex  6.038000e+02  1.800000e+02  0.000000e+00
     vertex  6.038000e+02  1.590000e+02  8.000000e+00
     vertex  6.038000e+02  1.560000e+02  0.000000e+00
   endloop
 endfacet
 facet normal  1.000000e+00  0.000000e+00  0.000000e+00
   outer loop
     vertex  6.038000e+02  1.770000e+02  8.000000e+00
     vertex  6.038000e+02  1.590000e+02  8.000000e+00
     vertex  6.038000e+02  1.800000e+02  0.000000e+00
   endloop
 endfacet
 facet normal  1.000000e+00  0.000000e+00  0.000000e+00
   outer loop
     vertex  6.038000e+02  6.100000e+01  8.000000e+00
     vertex  6.038000e+02  4.000000e+01  0.000000e+00
     vertex  6.038000e+02  6.400000e+01  0.000000e+00
   endloop
 endfacet
 facet normal  1.000000e+00  0.000000e+00  0.000000e+00
   outer loop
     vertex  6.038000e+02  6.100000e+01  8.000000e+00
     vertex  6.038000e+02  4.300000e+01  8.000000e+00
     vertex  6.038000e+02  4.000000e+01  0.000000e+00
   endloop
 endfacet
 facet normal  0.000000e+00  0.000000e+00  1.000000e+00
   outer loop
     vertex  4.248000e+02  4.272857e+01  8.000000e+00
     vertex  4.100000e+02  3.976857e+01  8.000000e+00
     vertex  4.100000e+02  0.000000e+00  8.000000e+00
   endloop
 endfacet
 facet normal  0.000000e+00  0.000000e+00  1.000000e+00
   outer loop
     vertex  4.100000e+02  1.557686e+02  8.000000e+00
     vertex  4.100000e+02  6.423143e+01  8.000000e+00
     vertex  4.248000e+02  6.127143e+01  8.000000e+00
   endloop
 endfacet
 facet normal  0.000000e+00  0.000000e+00  1.000000e+00
   outer loop
     vertex  4.248000e+02  1.587286e+02  8.000000e+00
     vertex  4.100000e+02  1.557686e+02  8.000000e+00
     vertex  4.248000e+02  6.127143e+01  8.000000e+00
   endloop
 endfacet
 facet normal  0.000000e+00  0.000000e+00  1.000000e+00
   outer loop
     vertex  5.900000e+02  0.000000e+00  8.000000e+00
     vertex  4.248000e+02  4.272857e+01  8.000000e+00
     vertex  4.100000e+02  0.000000e+00  8.000000e+00
   endloop
 endfacet
 facet normal  0.000000e+00  0.000000e+00  1.000000e+00
   outer loop
     vertex  4.100000e+02  2.150000e+02  8.000000e+00
     vertex  4.100000e+02  1.802314e+02  8.000000e+00
     vertex  4.248000e+02  1.772714e+02  8.000000e+00
   endloop
 endfacet
 facet normal  0.000000e+00  0.000000e+00  1.000000e+00
   outer loop
     vertex  5.900000e+02  4.004286e+01  8.000000e+00
     vertex  4.248000e+02  4.272857e+01  8.000000e+00
     vertex  5.900000e+02  0.000000e+00  8.000000e+00
   endloop
 endfacet
 facet normal  0.000000e+00  0.000000e+00  1.000000e+00
   outer loop
     vertex  5.900000e+02  6.395714e+01  8.000000e+00
     vertex  4.248000e+02  6.127143e+01  8.000000e+00
     vertex  4.248000e+02  4.272857e+01  8.000000e+00
   endloop
 endfacet
 facet normal  0.000000e+00  0.000000e+00  1.000000e+00
   outer loop
     vertex  5.900000e+02  6.395714e+01  8.000000e+00
     vertex  4.248000e+02  4.272857e+01  8.000000e+00
     vertex  5.900000e+02  4.004286e+01  8.000000e+00
   endloop
 endfacet
 facet normal  0.000000e+00  0.000000e+00  1.000000e+00
   outer loop
     vertex  5.900000e+02  6.395714e+01  8.000000e+00
     vertex  4.248000e+02  1.587286e+02  8.000000e+00
     vertex  4.248000e+02  6.127143e+01  8.000000e+00
   endloop
 endfacet
 facet normal  0.000000e+00  0.000000e+00  1.000000e+00
   outer loop
     vertex  5.900000e+02  1.560429e+02  8.000000e+00
     vertex  4.248000e+02  1.587286e+02  8.000000e+00
     vertex  5.900000e+02  6.395714e+01  8.000000e+00
   endloop
 endfacet
 facet normal  0.000000e+00  0.000000e+00  1.000000e+00
   outer loop
     vertex  5.900000e+02  1.799571e+02  8.000000e+00
     vertex  4.248000e+02  1.772714e+02  8.000000e+00
     vertex  4.248000e+02  1.587286e+02  8.000000e+00
   endloop
 endfacet
 facet normal  0.000000e+00  0.000000e+00  1.000000e+00
   outer loop
     vertex  5.900000e+02  1.799571e+02  8.000000e+00
     vertex  4.248000e+02  1.587286e+02  8.000000e+00
     vertex  5.900000e+02  1.560429e+02  8.000000e+00
   endloop
 endfacet
 facet normal  0.000000e+00  0.000000e+00  1.000000e+00
   outer loop
     vertex  5.900000e+02  2.150000e+02  8.000000e+00
     vertex  4.100000e+02  2.150000e+02  8.000000e+00
     vertex  4.248000e+02  1.772714e+02  8.000000e+00
   endloop
 endfacet
 facet normal  0.000000e+00  0.000000e+00  1.000000e+00
   outer loop
     vertex  5.900000e+02  2.150000e+02  8.000000e+00
     vertex  4.248000e+02  1.772714e+02  8.000000e+00
     vertex  5.900000e+02  1.799571e+02  8.000000e+00
   endloop
 endfacet
 facet normal -5.300166e-17 -6.858837e-36 -1.000000e+00
   outer loop
     vertex  4.248000e+02  3.987143e+01 -7.844246e-16
     vertex  4.100000e+02  0.000000e+00  0.000000e+00
     vertex  4.100000e+02  3.691143e+01  0.000000e+00
   endloop
 endfacet
 facet normal -5.300166e-17 -2.949907e-36 -1.000000e+00
   outer loop
     vertex  4.248000e+02  1.558714e+02 -7.844246e-16
     vertex  4.100000e+02  6.708857e+01  0.000000e+00
     vertex  4.100000e+02  1.529114e+02  0.000000e+00
   endloop
 endfacet
 facet normal -1.150954e-18 -8.643453e-18 -1.000000e+00
   outer loop
     vertex  4.248000e+02  1.558714e+02 -7.844246e-16
     vertex  4.248000e+02  6.412857e+01  8.550510e-18
     vertex  4.100000e+02  6.708857e+01  0.000000e+00
   endloop
 endfacet
 facet normal -0.000000e+00 -1.967385e-17 -1.000000e+00
   outer loop
     vertex  5.900000e+02  0.000000e+00  0.000000e+00
     vertex  4.100000e+02  0.000000e+00  0.000000e+00
     vertex  4.248000e+02  3.987143e+01 -7.844246e-16
   endloop
 endfacet
 facet normal  4.748333e-18 -4.371879e-32 -1.000000e+00
   outer loop
     vertex  5.900000e+02  3.704286e+01  0.000000e+00
     vertex  5.900000e+02  0.000000e+00  0.000000e+00
     vertex  4.248000e+02  3.987143e+01 -7.844246e-16
   endloop
 endfacet
 facet normal  5.777372e-19  0.000000e+00 -1.000000e+00
   outer loop
     vertex  4.100000e+02  2.200000e+02  0.000000e+00
     vertex  4.248000e+02  1.801286e+02  8.550510e-18
     vertex  4.100000e+02  1.830886e+02  0.000000e+00
   endloop
 endfacet
 facet normal -6.114865e-19  3.269038e-17 -1.000000e+00
   outer loop
     vertex  5.900000e+02  6.695714e+01  0.000000e+00
     vertex  4.248000e+02  3.987143e+01 -7.844246e-16
     vertex  4.248000e+02  6.412857e+01  8.550510e-18
   endloop
 endfacet
 facet normal  4.748333e-18  0.000000e+00 -1.000000e+00
   outer loop
     vertex  5.900000e+02  6.695714e+01  0.000000e+00
     vertex  5.900000e+02  3.704286e+01  0.000000e+00
     vertex  4.248000e+02  3.987143e+01 -7.844246e-16
   endloop
 endfacet
 facet normal  4.600339e-18 -8.643453e-18 -1.000000e+00
   outer loop
     vertex  5.900000e+02  1.530429e+02  0.000000e+00
     vertex  4.248000e+02  6.412857e+01  8.550510e-18
     vertex  4.248000e+02  1.558714e+02 -7.844246e-16
   endloop
 endfacet
 facet normal -5.175853e-20 -0.000000e+00 -1.000000e+00
   outer loop
     vertex  5.900000e+02  1.530429e+02  0.000000e+00
     vertex  5.900000e+02  6.695714e+01  0.000000e+00
     vertex  4.248000e+02  6.412857e+01  8.550510e-18
   endloop
 endfacet
 facet normal -6.114865e-19  3.269038e-17 -1.000000e+00
   outer loop
     vertex  5.900000e+02  1.829571e+02  0.000000e+00
     vertex  4.248000e+02  1.558714e+02 -7.844246e-16
     vertex  4.248000e+02  1.801286e+02  8.550510e-18
   endloop
 endfacet
 facet normal  4.748333e-18  0.000000e+00 -1.000000e+00
   outer loop
     vertex  5.900000e+02  1.829571e+02  0.000000e+00
     vertex  5.900000e+02  1.530429e+02  0.000000e+00
     vertex  4.248000e+02  1.558714e+02 -7.844246e-16
   endloop
 endfacet
 facet normal -0.000000e+00 -2.144521e-19 -1.000000e+00
   outer loop
     vertex  5.900000e+02  2.200000e+02  0.000000e+00
     vertex  4.248000e+02  1.801286e+02  8.550510e-18
     vertex  4.100000e+02  2.200000e+02  0.000000e+00
   endloop
 endfacet
 facet normal -5.175853e-20 -4.765505e-34 -1.000000e+00
   outer loop
     vertex  5.900000e+02  2.200000e+02  0.000000e+00
     vertex  5.900000e+02  1.829571e+02  0.000000e+00
     vertex  4.248000e+02  1.801286e+02  8.550510e-18
   endloop
 endfacet
 facet normal  1.000000e+00  9.207187e-15  5.754492e-15
   outer loop
     vertex  5.900000e+02  1.829571e+02  0.000000e+00
     vertex  5.900000e+02  2.200000e+02  0.000000e+00
     vertex  5.900000e+02  2.150000e+02  8.000000e+00
   endloop
 endfacet
 facet normal  1.000000e+00  9.732669e-15  3.649751e-15
   outer loop
     vertex  5.900000e+02  1.799571e+02  8.000000e+00
     vertex  5.900000e+02  1.829571e+02  0.000000e+00
     vertex  5.900000e+02  2.150000e+02  8.000000e+00
   endloop
 endfacet
 facet normal  1.000000e+00 -1.112694e-14 -6.954336e-15
   outer loop
     vertex  5.900000e+02  2.200000e+02  4.904286e+01
     vertex  5.900000e+02  2.150000e+02  8.000000e+00
     vertex  5.900000e+02  2.200000e+02  0.000000e+00
   endloop
 endfacet
 facet normal  1.000000e+00 -6.821210e-14  0.000000e+00
   outer loop
     vertex  5.900000e+02  2.150000e+02  5.288901e+01
     vertex  5.900000e+02  2.150000e+02  8.000000e+00
     vertex  5.900000e+02  2.200000e+02  4.904286e+01
   endloop
 endfacet
 facet normal  0.000000e+00  1.000000e+00  0.000000e+00
   outer loop
     vertex  4.248000e+02  2.200000e+02  5.194286e+01
     vertex  4.100000e+02  2.200000e+02  0.000000e+00
     vertex  4.100000e+02  2.200000e+02  4.898286e+01
   endloop
 endfacet
 facet normal  0.000000e+00  1.000000e+00  0.000000e+00
   outer loop
     vertex  4.100000e+02  2.200000e+02  1.629829e+02
     vertex  4.248000e+02  2.200000e+02  8.005714e+01
     vertex  4.100000e+02  2.200000e+02  8.301714e+01
   endloop
 endfacet
 facet normal  0.000000e+00  1.000000e+00  0.000000e+00
   outer loop
     vertex  5.900000e+02  2.200000e+02  0.000000e+00
     vertex  4.100000e+02  2.200000e+02  0.000000e+00
     vertex  4.248000e+02  2.200000e+02  5.194286e+01
   endloop
 endfacet
 facet normal  0.000000e+00  1.000000e+00  0.000000e+00
   outer loop
     vertex  4.248000e+02  2.200000e+02  1.659429e+02
     vertex  4.248000e+02  2.200000e+02  8.005714e+01
     vertex  4.100000e+02  2.200000e+02  1.629829e+02
   endloop
 endfacet
 facet normal  0.000000e+00  1.000000e+00  0.000000e+00
   outer loop
     vertex  5.900000e+02  2.200000e+02  4.904286e+01
     vertex  5.900000e+02  2.200000e+02  0.000000e+00
     vertex  4.248000e+02  2.200000e+02  5.194286e+01
   endloop
 endfacet
 facet normal  0.000000e+00  1.000000e+00  0.000000e+00
   outer loop
     vertex  4.100000e+02  2.200000e+02  2.380000e+02
     vertex  4.248000e+02  2.200000e+02  1.940571e+02
     vertex  4.100000e+02  2.200000e+02  1.970171e+02
   endloop
 endfacet
 facet normal  0.000000e+00  1.000000e+00  0.000000e+00
   outer loop
     vertex  5.900000e+02  2.200000e+02  8.295714e+01
     vertex  4.248000e+02  2.200000e+02  5.194286e+01
     vertex  4.248000e+02  2.200000e+02  8.005714e+01
   endloop
 endfacet
 facet normal  0.000000e+00  1.000000e+00  0.000000e+00
   outer loop
     vertex  5.900000e+02  2.200000e+02  8.295714e+01
     vertex  5.900000e+02  2.200000e+02  4.904286e+01
     vertex  4.248000e+02  2.200000e+02  5.194286e+01
   endloop
 endfacet
 facet normal  0.000000e+00  1.000000e+00  0.000000e+00
   outer loop
     vertex  5.900000e+02  2.200000e+02  1.630429e+02
     vertex  4.248000e+02  2.200000e+02  1.659429e+02
     vertex  4.248000e+02  2.200000e+02  1.940571e+02
   endloop
 endfacet
 facet normal  0.000000e+00  1.000000e+00  0.000000e+00
   outer loop
     vertex  5.900000e+02  2.200000e+02  1.630429e+02
     vertex  4.248000e+02  2.200000e+02  8.005714e+01
     vertex  4.248000e+02  2.200000e+02  1.659429e+02
   endloop
 endfacet
 facet normal  0.000000e+00  1.000000e+00  0.000000e+00
   outer loop
     vertex  5.900000e+02  2.200000e+02  1.630429e+02
     vertex  5.900000e+02  2.200000e+02  8.295714e+01
     vertex  4.248000e+02  2.200000e+02  8.005714e+01
   endloop
 endfacet
 facet normal  0.000000e+00  1.000000e+00  0.000000e+00
   outer loop
     vertex  5.900000e+02  2.200000e+02  1.969571e+02
     vertex  5.900000e+02  2.200000e+02  1.630429e+02
     vertex  4.248000e+02  2.200000e+02  1.940571e+02
   endloop
 endfacet
 facet normal  0.000000e+00  1.000000e+00  0.000000e+00
   outer loop
     vertex  5.900000e+02  2.200000e+02  2.380000e+02
     vertex  4.248000e+02  2.200000e+02  1.940571e+02
     vertex  4.100000e+02  2.200000e+02  2.380000e+02
   endloop
 endfacet
 facet normal  0.000000e+00  1.000000e+00  0.000000e+00
   outer loop
     vertex  5.900000e+02  2.200000e+02  2.380000e+02
     vertex  5.900000e+02  2.200000e+02  1.969571e+02
     vertex  4.248000e+02  2.200000e+02  1.940571e+02
   endloop
 endfacet
endsolid
