solid 12_billboard_text_lovely_car_ive_driven
facet normal 0 0 -1
outer loop
vertex 213 0 0
vertex 216 1 0
vertex 216 0 0
endloop
endfacet
facet normal 0 0 -1
outer loop
vertex 213 0 0
vertex 213 1 0
vertex 216 1 0
endloop
endfacet
facet normal 0 0 1
outer loop
vertex 213 0 1
vertex 216 0 1
vertex 216 1 1
endloop
endfacet
facet normal 0 0 1
outer loop
vertex 213 0 1
vertex 216 1 1
vertex 213 1 1
endloop
endfacet
facet normal 0 -1 0
outer loop
vertex 213 0 0
vertex 216 0 0
vertex 216 0 1
endloop
endfacet
facet normal 0 -1 0
outer loop
vertex 213 0 0
vertex 216 0 1
vertex 213 0 1
endloop
endfacet
facet normal 1 0 0
outer loop
vertex 216 0 0
vertex 216 1 0
vertex 216 1 1
endloop
endfacet
facet normal 1 0 0
outer loop
vertex 216 0 0
vertex 216 1 1
vertex 216 0 1
endloop
endfacet
facet normal 0 1 0
outer loop
vertex 216 1 0
vertex 213 1 0
vertex 213 1 1
endloop
endfacet
facet normal 0 1 0
outer loop
vertex 216 1 0
vertex 213 1 1
vertex 216 1 1
endloop
endfacet
facet normal -1 0 0
outer loop
vertex 213 1 0
vertex 213 0 0
vertex 213 0 1
endloop
endfacet
facet normal -1 0 0
outer loop
vertex 213 1 0
vertex 213 0 1
vertex 213 1 1
endloop
endfacet
facet normal 0 0 -1
outer loop
vertex 270 0 0
vertex 272 1 0
vertex 272 0 0
endloop
endfacet
facet normal 0 0 -1
outer loop
vertex 270 0 0
vertex 270 1 0
vertex 272 1 0
endloop
endfacet
facet normal 0 0 1
outer loop
vertex 270 0 1
vertex 272 0 1
vertex 272 1 1
endloop
endfacet
facet normal 0 0 1
outer loop
vertex 270 0 1
vertex 272 1 1
vertex 270 1 1
endloop
endfacet
facet normal 0 -1 0
outer loop
vertex 270 0 0
vertex 272 0 0
vertex 272 0 1
endloop
endfacet
facet normal 0 -1 0
outer loop
vertex 270 0 0
vertex 272 0 1
vertex 270 0 1
endloop
endfacet
facet normal 1 0 0
outer loop
vertex 272 0 0
vertex 272 1 0
vertex 272 1 1
endloop
endfacet
facet normal 1 0 0
outer loop
vertex 272 0 0
vertex 272 1 1
vertex 272 0 1
endloop
endfacet
facet normal 0 1 0
outer loop
vertex 272 1 0
vertex 270 1 0
vertex 270 1 1
endloop
endfacet
facet normal 0 1 0
outer loop
vertex 272 1 0
vertex 270 1 1
vertex 272 1 1
endloop
endfacet
facet normal -1 0 0
outer loop
vertex 270 1 0
vertex 270 0 0
vertex 270 0 1
endloop
endfacet
facet normal -1 0 0
outer loop
vertex 270 1 0
vertex 270 0 1
vertex 270 1 1
endloop
endfacet
facet normal 0 0 -1
outer loop
vertex 113 1 0
vertex 117 2 0
vertex 117 1 0
endloop
endfacet
facet normal 0 0 -1
outer loop
vertex 113 1 0
vertex 113 2 0
vertex 117 2 0
endloop
endfacet
facet normal 0 0 1
outer loop
vertex 113 1 1
vertex 117 1 1
vertex 117 2 1
endloop
endfacet
facet normal 0 0 1
outer loop
vertex 113 1 1
vertex 117 2 1
vertex 113 2 1
endloop
endfacet
facet normal 0 -1 0
outer loop
vertex 113 1 0
vertex 117 1 0
vertex 117 1 1
endloop
endfacet
facet normal 0 -1 0
outer loop
vertex 113 1 0
vertex 117 1 1
vertex 113 1 1
endloop
endfacet
facet normal 1 0 0
outer loop
vertex 117 1 0
vertex 117 2 0
vertex 117 2 1
endloop
endfacet
facet normal 1 0 0
outer loop
vertex 117 1 0
vertex 117 2 1
vertex 117 1 1
endloop
endfacet
facet normal 0 1 0
outer loop
vertex 117 2 0
vertex 113 2 0
vertex 113 2 1
endloop
endfacet
facet normal 0 1 0
outer loop
vertex 117 2 0
vertex 113 2 1
vertex 117 2 1
endloop
endfacet
facet normal -1 0 0
outer loop
vertex 113 2 0
vertex 113 1 0
vertex 113 1 1
endloop
endfacet
facet normal -1 0 0
outer loop
vertex 113 2 0
vertex 113 1 1
vertex 113 2 1
endloop
endfacet
facet normal 0 0 -1
outer loop
vertex 212 1 0
vertex 216 2 0
vertex 216 1 0
endloop
endfacet
facet normal 0 0 -1
outer loop
vertex 212 1 0
vertex 212 2 0
vertex 216 2 0
endloop
endfacet
facet normal 0 0 1
outer loop
vertex 212 1 1
vertex 216 1 1
vertex 216 2 1
endloop
endfacet
facet normal 0 0 1
outer loop
vertex 212 1 1
vertex 216 2 1
vertex 212 2 1
endloop
endfacet
facet normal 0 -1 0
outer loop
vertex 212 1 0
vertex 216 1 0
vertex 216 1 1
endloop
endfacet
facet normal 0 -1 0
outer loop
vertex 212 1 0
vertex 216 1 1
vertex 212 1 1
endloop
endfacet
facet normal 1 0 0
outer loop
vertex 216 1 0
vertex 216 2 0
vertex 216 2 1
endloop
endfacet
facet normal 1 0 0
outer loop
vertex 216 1 0
vertex 216 2 1
vertex 216 1 1
endloop
endfacet
facet normal 0 1 0
outer loop
vertex 216 2 0
vertex 212 2 0
vertex 212 2 1
endloop
endfacet
facet normal 0 1 0
outer loop
vertex 216 2 0
vertex 212 2 1
vertex 216 2 1
endloop
endfacet
facet normal -1 0 0
outer loop
vertex 212 2 0
vertex 212 1 0
vertex 212 1 1
endloop
endfacet
facet normal -1 0 0
outer loop
vertex 212 2 0
vertex 212 1 1
vertex 212 2 1
endloop
endfacet
facet normal 0 0 -1
outer loop
vertex 265 1 0
vertex 277 2 0
vertex 277 1 0
endloop
endfacet
facet normal 0 0 -1
outer loop
vertex 265 1 0
vertex 265 2 0
vertex 277 2 0
endloop
endfacet
facet normal 0 0 1
outer loop
vertex 265 1 1
vertex 277 1 1
vertex 277 2 1
endloop
endfacet
facet normal 0 0 1
outer loop
vertex 265 1 1
vertex 277 2 1
vertex 265 2 1
endloop
endfacet
facet normal 0 -1 0
outer loop
vertex 265 1 0
vertex 277 1 0
vertex 277 1 1
endloop
endfacet
facet normal 0 -1 0
outer loop
vertex 265 1 0
vertex 277 1 1
vertex 265 1 1
endloop
endfacet
facet normal 1 0 0
outer loop
vertex 277 1 0
vertex 277 2 0
vertex 277 2 1
endloop
endfacet
facet normal 1 0 0
outer loop
vertex 277 1 0
vertex 277 2 1
vertex 277 1 1
endloop
endfacet
facet normal 0 1 0
outer loop
vertex 277 2 0
vertex 265 2 0
vertex 265 2 1
endloop
endfacet
facet normal 0 1 0
outer loop
vertex 277 2 0
vertex 265 2 1
vertex 277 2 1
endloop
endfacet
facet normal -1 0 0
outer loop
vertex 265 2 0
vertex 265 1 0
vertex 265 1 1
endloop
endfacet
facet normal -1 0 0
outer loop
vertex 265 2 0
vertex 265 1 1
vertex 265 2 1
endloop
endfacet
facet normal 0 0 -1
outer loop
vertex 113 2 0
vertex 118 3 0
vertex 118 2 0
endloop
endfacet
facet normal 0 0 -1
outer loop
vertex 113 2 0
vertex 113 3 0
vertex 118 3 0
endloop
endfacet
facet normal 0 0 1
outer loop
vertex 113 2 1
vertex 118 2 1
vertex 118 3 1
endloop
endfacet
facet normal 0 0 1
outer loop
vertex 113 2 1
vertex 118 3 1
vertex 113 3 1
endloop
endfacet
facet normal 0 -1 0
outer loop
vertex 113 2 0
vertex 118 2 0
vertex 118 2 1
endloop
endfacet
facet normal 0 -1 0
outer loop
vertex 113 2 0
vertex 118 2 1
vertex 113 2 1
endloop
endfacet
facet normal 1 0 0
outer loop
vertex 118 2 0
vertex 118 3 0
vertex 118 3 1
endloop
endfacet
facet normal 1 0 0
outer loop
vertex 118 2 0
vertex 118 3 1
vertex 118 2 1
endloop
endfacet
facet normal 0 1 0
outer loop
vertex 118 3 0
vertex 113 3 0
vertex 113 3 1
endloop
endfacet
facet normal 0 1 0
outer loop
vertex 118 3 0
vertex 113 3 1
vertex 118 3 1
endloop
endfacet
facet normal -1 0 0
outer loop
vertex 113 3 0
vertex 113 2 0
vertex 113 2 1
endloop
endfacet
facet normal -1 0 0
outer loop
vertex 113 3 0
vertex 113 2 1
vertex 113 3 1
endloop
endfacet
facet normal 0 0 -1
outer loop
vertex 212 2 0
vertex 216 3 0
vertex 216 2 0
endloop
endfacet
facet normal 0 0 -1
outer loop
vertex 212 2 0
vertex 212 3 0
vertex 216 3 0
endloop
endfacet
facet normal 0 0 1
outer loop
vertex 212 2 1
vertex 216 2 1
vertex 216 3 1
endloop
endfacet
facet normal 0 0 1
outer loop
vertex 212 2 1
vertex 216 3 1
vertex 212 3 1
endloop
endfacet
facet normal 0 -1 0
outer loop
vertex 212 2 0
vertex 216 2 0
vertex 216 2 1
endloop
endfacet
facet normal 0 -1 0
outer loop
vertex 212 2 0
vertex 216 2 1
vertex 212 2 1
endloop
endfacet
facet normal 1 0 0
outer loop
vertex 216 2 0
vertex 216 3 0
vertex 216 3 1
endloop
endfacet
facet normal 1 0 0
outer loop
vertex 216 2 0
vertex 216 3 1
vertex 216 2 1
endloop
endfacet
facet normal 0 1 0
outer loop
vertex 216 3 0
vertex 212 3 0
vertex 212 3 1
endloop
endfacet
facet normal 0 1 0
outer loop
vertex 216 3 0
vertex 212 3 1
vertex 216 3 1
endloop
endfacet
facet normal -1 0 0
outer loop
vertex 212 3 0
vertex 212 2 0
vertex 212 2 1
endloop
endfacet
facet normal -1 0 0
outer loop
vertex 212 3 0
vertex 212 2 1
vertex 212 3 1
endloop
endfacet
facet normal 0 0 -1
outer loop
vertex 262 2 0
vertex 280 3 0
vertex 280 2 0
endloop
endfacet
facet normal 0 0 -1
outer loop
vertex 262 2 0
vertex 262 3 0
vertex 280 3 0
endloop
endfacet
facet normal 0 0 1
outer loop
vertex 262 2 1
vertex 280 2 1
vertex 280 3 1
endloop
endfacet
facet normal 0 0 1
outer loop
vertex 262 2 1
vertex 280 3 1
vertex 262 3 1
endloop
endfacet
facet normal 0 -1 0
outer loop
vertex 262 2 0
vertex 280 2 0
vertex 280 2 1
endloop
endfacet
facet normal 0 -1 0
outer loop
vertex 262 2 0
vertex 280 2 1
vertex 262 2 1
endloop
endfacet
facet normal 1 0 0
outer loop
vertex 280 2 0
vertex 280 3 0
vertex 280 3 1
endloop
endfacet
facet normal 1 0 0
outer loop
vertex 280 2 0
vertex 280 3 1
vertex 280 2 1
endloop
endfacet
facet normal 0 1 0
outer loop
vertex 280 3 0
vertex 262 3 0
vertex 262 3 1
endloop
endfacet
facet normal 0 1 0
outer loop
vertex 280 3 0
vertex 262 3 1
vertex 280 3 1
endloop
endfacet
facet normal -1 0 0
outer loop
vertex 262 3 0
vertex 262 2 0
vertex 262 2 1
endloop
endfacet
facet normal -1 0 0
outer loop
vertex 262 3 0
vertex 262 2 1
vertex 262 3 1
endloop
endfacet
facet normal 0 0 -1
outer loop
vertex 113 3 0
vertex 118 4 0
vertex 118 3 0
endloop
endfacet
facet normal 0 0 -1
outer loop
vertex 113 3 0
vertex 113 4 0
vertex 118 4 0
endloop
endfacet
facet normal 0 0 1
outer loop
vertex 113 3 1
vertex 118 3 1
vertex 118 4 1
endloop
endfacet
facet normal 0 0 1
outer loop
vertex 113 3 1
vertex 118 4 1
vertex 113 4 1
endloop
endfacet
facet normal 0 -1 0
outer loop
vertex 113 3 0
vertex 118 3 0
vertex 118 3 1
endloop
endfacet
facet normal 0 -1 0
outer loop
vertex 113 3 0
vertex 118 3 1
vertex 113 3 1
endloop
endfacet
facet normal 1 0 0
outer loop
vertex 118 3 0
vertex 118 4 0
vertex 118 4 1
endloop
endfacet
facet normal 1 0 0
outer loop
vertex 118 3 0
vertex 118 4 1
vertex 118 3 1
endloop
endfacet
facet normal 0 1 0
outer loop
vertex 118 4 0
vertex 113 4 0
vertex 113 4 1
endloop
endfacet
facet normal 0 1 0
outer loop
vertex 118 4 0
vertex 113 4 1
vertex 118 4 1
endloop
endfacet
facet normal -1 0 0
outer loop
vertex 113 4 0
vertex 113 3 0
vertex 113 3 1
endloop
endfacet
facet normal -1 0 0
outer loop
vertex 113 4 0
vertex 113 3 1
vertex 113 4 1
endloop
endfacet
facet normal 0 0 -1
outer loop
vertex 212 3 0
vertex 216 4 0
vertex 216 3 0
endloop
endfacet
facet normal 0 0 -1
outer loop
vertex 212 3 0
vertex 212 4 0
vertex 216 4 0
endloop
endfacet
facet normal 0 0 1
outer loop
vertex 212 3 1
vertex 216 3 1
vertex 216 4 1
endloop
endfacet
facet normal 0 0 1
outer loop
vertex 212 3 1
vertex 216 4 1
vertex 212 4 1
endloop
endfacet
facet normal 0 -1 0
outer loop
vertex 212 3 0
vertex 216 3 0
vertex 216 3 1
endloop
endfacet
facet normal 0 -1 0
outer loop
vertex 212 3 0
vertex 216 3 1
vertex 212 3 1
endloop
endfacet
facet normal 1 0 0
outer loop
vertex 216 3 0
vertex 216 4 0
vertex 216 4 1
endloop
endfacet
facet normal 1 0 0
outer loop
vertex 216 3 0
vertex 216 4 1
vertex 216 3 1
endloop
endfacet
facet normal 0 1 0
outer loop
vertex 216 4 0
vertex 212 4 0
vertex 212 4 1
endloop
endfacet
facet normal 0 1 0
outer loop
vertex 216 4 0
vertex 212 4 1
vertex 216 4 1
endloop
endfacet
facet normal -1 0 0
outer loop
vertex 212 4 0
vertex 212 3 0
vertex 212 3 1
endloop
endfacet
facet normal -1 0 0
outer loop
vertex 212 4 0
vertex 212 3 1
vertex 212 4 1
endloop
endfacet
facet normal 0 0 -1
outer loop
vertex 261 3 0
vertex 281 4 0
vertex 281 3 0
endloop
endfacet
facet normal 0 0 -1
outer loop
vertex 261 3 0
vertex 261 4 0
vertex 281 4 0
endloop
endfacet
facet normal 0 0 1
outer loop
vertex 261 3 1
vertex 281 3 1
vertex 281 4 1
endloop
endfacet
facet normal 0 0 1
outer loop
vertex 261 3 1
vertex 281 4 1
vertex 261 4 1
endloop
endfacet
facet normal 0 -1 0
outer loop
vertex 261 3 0
vertex 281 3 0
vertex 281 3 1
endloop
endfacet
facet normal 0 -1 0
outer loop
vertex 261 3 0
vertex 281 3 1
vertex 261 3 1
endloop
endfacet
facet normal 1 0 0
outer loop
vertex 281 3 0
vertex 281 4 0
vertex 281 4 1
endloop
endfacet
facet normal 1 0 0
outer loop
vertex 281 3 0
vertex 281 4 1
vertex 281 3 1
endloop
endfacet
facet normal 0 1 0
outer loop
vertex 281 4 0
vertex 261 4 0
vertex 261 4 1
endloop
endfacet
facet normal 0 1 0
outer loop
vertex 281 4 0
vertex 261 4 1
vertex 281 4 1
endloop
endfacet
facet normal -1 0 0
outer loop
vertex 261 4 0
vertex 261 3 0
vertex 261 3 1
endloop
endfacet
facet normal -1 0 0
outer loop
vertex 261 4 0
vertex 261 3 1
vertex 261 4 1
endloop
endfacet
facet normal 0 0 -1
outer loop
vertex 113 4 0
vertex 118 5 0
vertex 118 4 0
endloop
endfacet
facet normal 0 0 -1
outer loop
vertex 113 4 0
vertex 113 5 0
vertex 118 5 0
endloop
endfacet
facet normal 0 0 1
outer loop
vertex 113 4 1
vertex 118 4 1
vertex 118 5 1
endloop
endfacet
facet normal 0 0 1
outer loop
vertex 113 4 1
vertex 118 5 1
vertex 113 5 1
endloop
endfacet
facet normal 0 -1 0
outer loop
vertex 113 4 0
vertex 118 4 0
vertex 118 4 1
endloop
endfacet
facet normal 0 -1 0
outer loop
vertex 113 4 0
vertex 118 4 1
vertex 113 4 1
endloop
endfacet
facet normal 1 0 0
outer loop
vertex 118 4 0
vertex 118 5 0
vertex 118 5 1
endloop
endfacet
facet normal 1 0 0
outer loop
vertex 118 4 0
vertex 118 5 1
vertex 118 4 1
endloop
endfacet
facet normal 0 1 0
outer loop
vertex 118 5 0
vertex 113 5 0
vertex 113 5 1
endloop
endfacet
facet normal 0 1 0
outer loop
vertex 118 5 0
vertex 113 5 1
vertex 118 5 1
endloop
endfacet
facet normal -1 0 0
outer loop
vertex 113 5 0
vertex 113 4 0
vertex 113 4 1
endloop
endfacet
facet normal -1 0 0
outer loop
vertex 113 5 0
vertex 113 4 1
vertex 113 5 1
endloop
endfacet
facet normal 0 0 -1
outer loop
vertex 212 4 0
vertex 216 5 0
vertex 216 4 0
endloop
endfacet
facet normal 0 0 -1
outer loop
vertex 212 4 0
vertex 212 5 0
vertex 216 5 0
endloop
endfacet
facet normal 0 0 1
outer loop
vertex 212 4 1
vertex 216 4 1
vertex 216 5 1
endloop
endfacet
facet normal 0 0 1
outer loop
vertex 212 4 1
vertex 216 5 1
vertex 212 5 1
endloop
endfacet
facet normal 0 -1 0
outer loop
vertex 212 4 0
vertex 216 4 0
vertex 216 4 1
endloop
endfacet
facet normal 0 -1 0
outer loop
vertex 212 4 0
vertex 216 4 1
vertex 212 4 1
endloop
endfacet
facet normal 1 0 0
outer loop
vertex 216 4 0
vertex 216 5 0
vertex 216 5 1
endloop
endfacet
facet normal 1 0 0
outer loop
vertex 216 4 0
vertex 216 5 1
vertex 216 4 1
endloop
endfacet
facet normal 0 1 0
outer loop
vertex 216 5 0
vertex 212 5 0
vertex 212 5 1
endloop
endfacet
facet normal 0 1 0
outer loop
vertex 216 5 0
vertex 212 5 1
vertex 216 5 1
endloop
endfacet
facet normal -1 0 0
outer loop
vertex 212 5 0
vertex 212 4 0
vertex 212 4 1
endloop
endfacet
facet normal -1 0 0
outer loop
vertex 212 5 0
vertex 212 4 1
vertex 212 5 1
endloop
endfacet
facet normal 0 0 -1
outer loop
vertex 259 4 0
vertex 283 5 0
vertex 283 4 0
endloop
endfacet
facet normal 0 0 -1
outer loop
vertex 259 4 0
vertex 259 5 0
vertex 283 5 0
endloop
endfacet
facet normal 0 0 1
outer loop
vertex 259 4 1
vertex 283 4 1
vertex 283 5 1
endloop
endfacet
facet normal 0 0 1
outer loop
vertex 259 4 1
vertex 283 5 1
vertex 259 5 1
endloop
endfacet
facet normal 0 -1 0
outer loop
vertex 259 4 0
vertex 283 4 0
vertex 283 4 1
endloop
endfacet
facet normal 0 -1 0
outer loop
vertex 259 4 0
vertex 283 4 1
vertex 259 4 1
endloop
endfacet
facet normal 1 0 0
outer loop
vertex 283 4 0
vertex 283 5 0
vertex 283 5 1
endloop
endfacet
facet normal 1 0 0
outer loop
vertex 283 4 0
vertex 283 5 1
vertex 283 4 1
endloop
endfacet
facet normal 0 1 0
outer loop
vertex 283 5 0
vertex 259 5 0
vertex 259 5 1
endloop
endfacet
facet normal 0 1 0
outer loop
vertex 283 5 0
vertex 259 5 1
vertex 283 5 1
endloop
endfacet
facet normal -1 0 0
outer loop
vertex 259 5 0
vertex 259 4 0
vertex 259 4 1
endloop
endfacet
facet normal -1 0 0
outer loop
vertex 259 5 0
vertex 259 4 1
vertex 259 5 1
endloop
endfacet
facet normal 0 0 -1
outer loop
vertex 113 5 0
vertex 118 6 0
vertex 118 5 0
endloop
endfacet
facet normal 0 0 -1
outer loop
vertex 113 5 0
vertex 113 6 0
vertex 118 6 0
endloop
endfacet
facet normal 0 0 1
outer loop
vertex 113 5 1
vertex 118 5 1
vertex 118 6 1
endloop
endfacet
facet normal 0 0 1
outer loop
vertex 113 5 1
vertex 118 6 1
vertex 113 6 1
endloop
endfacet
facet normal 0 -1 0
outer loop
vertex 113 5 0
vertex 118 5 0
vertex 118 5 1
endloop
endfacet
facet normal 0 -1 0
outer loop
vertex 113 5 0
vertex 118 5 1
vertex 113 5 1
endloop
endfacet
facet normal 1 0 0
outer loop
vertex 118 5 0
vertex 118 6 0
vertex 118 6 1
endloop
endfacet
facet normal 1 0 0
outer loop
vertex 118 5 0
vertex 118 6 1
vertex 118 5 1
endloop
endfacet
facet normal 0 1 0
outer loop
vertex 118 6 0
vertex 113 6 0
vertex 113 6 1
endloop
endfacet
facet normal 0 1 0
outer loop
vertex 118 6 0
vertex 113 6 1
vertex 118 6 1
endloop
endfacet
facet normal -1 0 0
outer loop
vertex 113 6 0
vertex 113 5 0
vertex 113 5 1
endloop
endfacet
facet normal -1 0 0
outer loop
vertex 113 6 0
vertex 113 5 1
vertex 113 6 1
endloop
endfacet
facet normal 0 0 -1
outer loop
vertex 212 5 0
vertex 216 6 0
vertex 216 5 0
endloop
endfacet
facet normal 0 0 -1
outer loop
vertex 212 5 0
vertex 212 6 0
vertex 216 6 0
endloop
endfacet
facet normal 0 0 1
outer loop
vertex 212 5 1
vertex 216 5 1
vertex 216 6 1
endloop
endfacet
facet normal 0 0 1
outer loop
vertex 212 5 1
vertex 216 6 1
vertex 212 6 1
endloop
endfacet
facet normal 0 -1 0
outer loop
vertex 212 5 0
vertex 216 5 0
vertex 216 5 1
endloop
endfacet
facet normal 0 -1 0
outer loop
vertex 212 5 0
vertex 216 5 1
vertex 212 5 1
endloop
endfacet
facet normal 1 0 0
outer loop
vertex 216 5 0
vertex 216 6 0
vertex 216 6 1
endloop
endfacet
facet normal 1 0 0
outer loop
vertex 216 5 0
vertex 216 6 1
vertex 216 5 1
endloop
endfacet
facet normal 0 1 0
outer loop
vertex 216 6 0
vertex 212 6 0
vertex 212 6 1
endloop
endfacet
facet normal 0 1 0
outer loop
vertex 216 6 0
vertex 212 6 1
vertex 216 6 1
endloop
endfacet
facet normal -1 0 0
outer loop
vertex 212 6 0
vertex 212 5 0
vertex 212 5 1
endloop
endfacet
facet normal -1 0 0
outer loop
vertex 212 6 0
vertex 212 5 1
vertex 212 6 1
endloop
endfacet
facet normal 0 0 -1
outer loop
vertex 258 5 0
vertex 268 6 0
vertex 268 5 0
endloop
endfacet
facet normal 0 0 -1
outer loop
vertex 258 5 0
vertex 258 6 0
vertex 268 6 0
endloop
endfacet
facet normal 0 0 1
outer loop
vertex 258 5 1
vertex 268 5 1
vertex 268 6 1
endloop
endfacet
facet normal 0 0 1
outer loop
vertex 258 5 1
vertex 268 6 1
vertex 258 6 1
endloop
endfacet
facet normal 0 -1 0
outer loop
vertex 258 5 0
vertex 268 5 0
vertex 268 5 1
endloop
endfacet
facet normal 0 -1 0
outer loop
vertex 258 5 0
vertex 268 5 1
vertex 258 5 1
endloop
endfacet
facet normal 1 0 0
outer loop
vertex 268 5 0
vertex 268 6 0
vertex 268 6 1
endloop
endfacet
facet normal 1 0 0
outer loop
vertex 268 5 0
vertex 268 6 1
vertex 268 5 1
endloop
endfacet
facet normal 0 1 0
outer loop
vertex 268 6 0
vertex 258 6 0
vertex 258 6 1
endloop
endfacet
facet normal 0 1 0
outer loop
vertex 268 6 0
vertex 258 6 1
vertex 268 6 1
endloop
endfacet
facet normal -1 0 0
outer loop
vertex 258 6 0
vertex 258 5 0
vertex 258 5 1
endloop
endfacet
facet normal -1 0 0
outer loop
vertex 258 6 0
vertex 258 5 1
vertex 258 6 1
endloop
endfacet
facet normal 0 0 -1
outer loop
vertex 275 5 0
vertex 284 6 0
vertex 284 5 0
endloop
endfacet
facet normal 0 0 -1
outer loop
vertex 275 5 0
vertex 275 6 0
vertex 284 6 0
endloop
endfacet
facet normal 0 0 1
outer loop
vertex 275 5 1
vertex 284 5 1
vertex 284 6 1
endloop
endfacet
facet normal 0 0 1
outer loop
vertex 275 5 1
vertex 284 6 1
vertex 275 6 1
endloop
endfacet
facet normal 0 -1 0
outer loop
vertex 275 5 0
vertex 284 5 0
vertex 284 5 1
endloop
endfacet
facet normal 0 -1 0
outer loop
vertex 275 5 0
vertex 284 5 1
vertex 275 5 1
endloop
endfacet
facet normal 1 0 0
outer loop
vertex 284 5 0
vertex 284 6 0
vertex 284 6 1
endloop
endfacet
facet normal 1 0 0
outer loop
vertex 284 5 0
vertex 284 6 1
vertex 284 5 1
endloop
endfacet
facet normal 0 1 0
outer loop
vertex 284 6 0
vertex 275 6 0
vertex 275 6 1
endloop
endfacet
facet normal 0 1 0
outer loop
vertex 284 6 0
vertex 275 6 1
vertex 284 6 1
endloop
endfacet
facet normal -1 0 0
outer loop
vertex 275 6 0
vertex 275 5 0
vertex 275 5 1
endloop
endfacet
facet normal -1 0 0
outer loop
vertex 275 6 0
vertex 275 5 1
vertex 275 6 1
endloop
endfacet
facet normal 0 0 -1
outer loop
vertex 113 6 0
vertex 118 7 0
vertex 118 6 0
endloop
endfacet
facet normal 0 0 -1
outer loop
vertex 113 6 0
vertex 113 7 0
vertex 118 7 0
endloop
endfacet
facet normal 0 0 1
outer loop
vertex 113 6 1
vertex 118 6 1
vertex 118 7 1
endloop
endfacet
facet normal 0 0 1
outer loop
vertex 113 6 1
vertex 118 7 1
vertex 113 7 1
endloop
endfacet
facet normal 0 -1 0
outer loop
vertex 113 6 0
vertex 118 6 0
vertex 118 6 1
endloop
endfacet
facet normal 0 -1 0
outer loop
vertex 113 6 0
vertex 118 6 1
vertex 113 6 1
endloop
endfacet
facet normal 1 0 0
outer loop
vertex 118 6 0
vertex 118 7 0
vertex 118 7 1
endloop
endfacet
facet normal 1 0 0
outer loop
vertex 118 6 0
vertex 118 7 1
vertex 118 6 1
endloop
endfacet
facet normal 0 1 0
outer loop
vertex 118 7 0
vertex 113 7 0
vertex 113 7 1
endloop
endfacet
facet normal 0 1 0
outer loop
vertex 118 7 0
vertex 113 7 1
vertex 118 7 1
endloop
endfacet
facet normal -1 0 0
outer loop
vertex 113 7 0
vertex 113 6 0
vertex 113 6 1
endloop
endfacet
facet normal -1 0 0
outer loop
vertex 113 7 0
vertex 113 6 1
vertex 113 7 1
endloop
endfacet
facet normal 0 0 -1
outer loop
vertex 212 6 0
vertex 216 7 0
vertex 216 6 0
endloop
endfacet
facet normal 0 0 -1
outer loop
vertex 212 6 0
vertex 212 7 0
vertex 216 7 0
endloop
endfacet
facet normal 0 0 1
outer loop
vertex 212 6 1
vertex 216 6 1
vertex 216 7 1
endloop
endfacet
facet normal 0 0 1
outer loop
vertex 212 6 1
vertex 216 7 1
vertex 212 7 1
endloop
endfacet
facet normal 0 -1 0
outer loop
vertex 212 6 0
vertex 216 6 0
vertex 216 6 1
endloop
endfacet
facet normal 0 -1 0
outer loop
vertex 212 6 0
vertex 216 6 1
vertex 212 6 1
endloop
endfacet
facet normal 1 0 0
outer loop
vertex 216 6 0
vertex 216 7 0
vertex 216 7 1
endloop
endfacet
facet normal 1 0 0
outer loop
vertex 216 6 0
vertex 216 7 1
vertex 216 6 1
endloop
endfacet
facet normal 0 1 0
outer loop
vertex 216 7 0
vertex 212 7 0
vertex 212 7 1
endloop
endfacet
facet normal 0 1 0
outer loop
vertex 216 7 0
vertex 212 7 1
vertex 216 7 1
endloop
endfacet
facet normal -1 0 0
outer loop
vertex 212 7 0
vertex 212 6 0
vertex 212 6 1
endloop
endfacet
facet normal -1 0 0
outer loop
vertex 212 7 0
vertex 212 6 1
vertex 212 7 1
endloop
endfacet
facet normal 0 0 -1
outer loop
vertex 257 6 0
vertex 265 7 0
vertex 265 6 0
endloop
endfacet
facet normal 0 0 -1
outer loop
vertex 257 6 0
vertex 257 7 0
vertex 265 7 0
endloop
endfacet
facet normal 0 0 1
outer loop
vertex 257 6 1
vertex 265 6 1
vertex 265 7 1
endloop
endfacet
facet normal 0 0 1
outer loop
vertex 257 6 1
vertex 265 7 1
vertex 257 7 1
endloop
endfacet
facet normal 0 -1 0
outer loop
vertex 257 6 0
vertex 265 6 0
vertex 265 6 1
endloop
endfacet
facet normal 0 -1 0
outer loop
vertex 257 6 0
vertex 265 6 1
vertex 257 6 1
endloop
endfacet
facet normal 1 0 0
outer loop
vertex 265 6 0
vertex 265 7 0
vertex 265 7 1
endloop
endfacet
facet normal 1 0 0
outer loop
vertex 265 6 0
vertex 265 7 1
vertex 265 6 1
endloop
endfacet
facet normal 0 1 0
outer loop
vertex 265 7 0
vertex 257 7 0
vertex 257 7 1
endloop
endfacet
facet normal 0 1 0
outer loop
vertex 265 7 0
vertex 257 7 1
vertex 265 7 1
endloop
endfacet
facet normal -1 0 0
outer loop
vertex 257 7 0
vertex 257 6 0
vertex 257 6 1
endloop
endfacet
facet normal -1 0 0
outer loop
vertex 257 7 0
vertex 257 6 1
vertex 257 7 1
endloop
endfacet
facet normal 0 0 -1
outer loop
vertex 277 6 0
vertex 285 7 0
vertex 285 6 0
endloop
endfacet
facet normal 0 0 -1
outer loop
vertex 277 6 0
vertex 277 7 0
vertex 285 7 0
endloop
endfacet
facet normal 0 0 1
outer loop
vertex 277 6 1
vertex 285 6 1
vertex 285 7 1
endloop
endfacet
facet normal 0 0 1
outer loop
vertex 277 6 1
vertex 285 7 1
vertex 277 7 1
endloop
endfacet
facet normal 0 -1 0
outer loop
vertex 277 6 0
vertex 285 6 0
vertex 285 6 1
endloop
endfacet
facet normal 0 -1 0
outer loop
vertex 277 6 0
vertex 285 6 1
vertex 277 6 1
endloop
endfacet
facet normal 1 0 0
outer loop
vertex 285 6 0
vertex 285 7 0
vertex 285 7 1
endloop
endfacet
facet normal 1 0 0
outer loop
vertex 285 6 0
vertex 285 7 1
vertex 285 6 1
endloop
endfacet
facet normal 0 1 0
outer loop
vertex 285 7 0
vertex 277 7 0
vertex 277 7 1
endloop
endfacet
facet normal 0 1 0
outer loop
vertex 285 7 0
vertex 277 7 1
vertex 285 7 1
endloop
endfacet
facet normal -1 0 0
outer loop
vertex 277 7 0
vertex 277 6 0
vertex 277 6 1
endloop
endfacet
facet normal -1 0 0
outer loop
vertex 277 7 0
vertex 277 6 1
vertex 277 7 1
endloop
endfacet
facet normal 0 0 -1
outer loop
vertex 113 7 0
vertex 118 8 0
vertex 118 7 0
endloop
endfacet
facet normal 0 0 -1
outer loop
vertex 113 7 0
vertex 113 8 0
vertex 118 8 0
endloop
endfacet
facet normal 0 0 1
outer loop
vertex 113 7 1
vertex 118 7 1
vertex 118 8 1
endloop
endfacet
facet normal 0 0 1
outer loop
vertex 113 7 1
vertex 118 8 1
vertex 113 8 1
endloop
endfacet
facet normal 0 -1 0
outer loop
vertex 113 7 0
vertex 118 7 0
vertex 118 7 1
endloop
endfacet
facet normal 0 -1 0
outer loop
vertex 113 7 0
vertex 118 7 1
vertex 113 7 1
endloop
endfacet
facet normal 1 0 0
outer loop
vertex 118 7 0
vertex 118 8 0
vertex 118 8 1
endloop
endfacet
facet normal 1 0 0
outer loop
vertex 118 7 0
vertex 118 8 1
vertex 118 7 1
endloop
endfacet
facet normal 0 1 0
outer loop
vertex 118 8 0
vertex 113 8 0
vertex 113 8 1
endloop
endfacet
facet normal 0 1 0
outer loop
vertex 118 8 0
vertex 113 8 1
vertex 118 8 1
endloop
endfacet
facet normal -1 0 0
outer loop
vertex 113 8 0
vertex 113 7 0
vertex 113 7 1
endloop
endfacet
facet normal -1 0 0
outer loop
vertex 113 8 0
vertex 113 7 1
vertex 113 8 1
endloop
endfacet
facet normal 0 0 -1
outer loop
vertex 212 7 0
vertex 216 8 0
vertex 216 7 0
endloop
endfacet
facet normal 0 0 -1
outer loop
vertex 212 7 0
vertex 212 8 0
vertex 216 8 0
endloop
endfacet
facet normal 0 0 1
outer loop
vertex 212 7 1
vertex 216 7 1
vertex 216 8 1
endloop
endfacet
facet normal 0 0 1
outer loop
vertex 212 7 1
vertex 216 8 1
vertex 212 8 1
endloop
endfacet
facet normal 0 -1 0
outer loop
vertex 212 7 0
vertex 216 7 0
vertex 216 7 1
endloop
endfacet
facet normal 0 -1 0
outer loop
vertex 212 7 0
vertex 216 7 1
vertex 212 7 1
endloop
endfacet
facet normal 1 0 0
outer loop
vertex 216 7 0
vertex 216 8 0
vertex 216 8 1
endloop
endfacet
facet normal 1 0 0
outer loop
vertex 216 7 0
vertex 216 8 1
vertex 216 7 1
endloop
endfacet
facet normal 0 1 0
outer loop
vertex 216 8 0
vertex 212 8 0
vertex 212 8 1
endloop
endfacet
facet normal 0 1 0
outer loop
vertex 216 8 0
vertex 212 8 1
vertex 216 8 1
endloop
endfacet
facet normal -1 0 0
outer loop
vertex 212 8 0
vertex 212 7 0
vertex 212 7 1
endloop
endfacet
facet normal -1 0 0
outer loop
vertex 212 8 0
vertex 212 7 1
vertex 212 8 1
endloop
endfacet
facet normal 0 0 -1
outer loop
vertex 257 7 0
vertex 264 8 0
vertex 264 7 0
endloop
endfacet
facet normal 0 0 -1
outer loop
vertex 257 7 0
vertex 257 8 0
vertex 264 8 0
endloop
endfacet
facet normal 0 0 1
outer loop
vertex 257 7 1
vertex 264 7 1
vertex 264 8 1
endloop
endfacet
facet normal 0 0 1
outer loop
vertex 257 7 1
vertex 264 8 1
vertex 257 8 1
endloop
endfacet
facet normal 0 -1 0
outer loop
vertex 257 7 0
vertex 264 7 0
vertex 264 7 1
endloop
endfacet
facet normal 0 -1 0
outer loop
vertex 257 7 0
vertex 264 7 1
vertex 257 7 1
endloop
endfacet
facet normal 1 0 0
outer loop
vertex 264 7 0
vertex 264 8 0
vertex 264 8 1
endloop
endfacet
facet normal 1 0 0
outer loop
vertex 264 7 0
vertex 264 8 1
vertex 264 7 1
endloop
endfacet
facet normal 0 1 0
outer loop
vertex 264 8 0
vertex 257 8 0
vertex 257 8 1
endloop
endfacet
facet normal 0 1 0
outer loop
vertex 264 8 0
vertex 257 8 1
vertex 264 8 1
endloop
endfacet
facet normal -1 0 0
outer loop
vertex 257 8 0
vertex 257 7 0
vertex 257 7 1
endloop
endfacet
facet normal -1 0 0
outer loop
vertex 257 8 0
vertex 257 7 1
vertex 257 8 1
endloop
endfacet
facet normal 0 0 -1
outer loop
vertex 279 7 0
vertex 285 8 0
vertex 285 7 0
endloop
endfacet
facet normal 0 0 -1
outer loop
vertex 279 7 0
vertex 279 8 0
vertex 285 8 0
endloop
endfacet
facet normal 0 0 1
outer loop
vertex 279 7 1
vertex 285 7 1
vertex 285 8 1
endloop
endfacet
facet normal 0 0 1
outer loop
vertex 279 7 1
vertex 285 8 1
vertex 279 8 1
endloop
endfacet
facet normal 0 -1 0
outer loop
vertex 279 7 0
vertex 285 7 0
vertex 285 7 1
endloop
endfacet
facet normal 0 -1 0
outer loop
vertex 279 7 0
vertex 285 7 1
vertex 279 7 1
endloop
endfacet
facet normal 1 0 0
outer loop
vertex 285 7 0
vertex 285 8 0
vertex 285 8 1
endloop
endfacet
facet normal 1 0 0
outer loop
vertex 285 7 0
vertex 285 8 1
vertex 285 7 1
endloop
endfacet
facet normal 0 1 0
outer loop
vertex 285 8 0
vertex 279 8 0
vertex 279 8 1
endloop
endfacet
facet normal 0 1 0
outer loop
vertex 285 8 0
vertex 279 8 1
vertex 285 8 1
endloop
endfacet
facet normal -1 0 0
outer loop
vertex 279 8 0
vertex 279 7 0
vertex 279 7 1
endloop
endfacet
facet normal -1 0 0
outer loop
vertex 279 8 0
vertex 279 7 1
vertex 279 8 1
endloop
endfacet
facet normal 0 0 -1
outer loop
vertex 113 8 0
vertex 118 9 0
vertex 118 8 0
endloop
endfacet
facet normal 0 0 -1
outer loop
vertex 113 8 0
vertex 113 9 0
vertex 118 9 0
endloop
endfacet
facet normal 0 0 1
outer loop
vertex 113 8 1
vertex 118 8 1
vertex 118 9 1
endloop
endfacet
facet normal 0 0 1
outer loop
vertex 113 8 1
vertex 118 9 1
vertex 113 9 1
endloop
endfacet
facet normal 0 -1 0
outer loop
vertex 113 8 0
vertex 118 8 0
vertex 118 8 1
endloop
endfacet
facet normal 0 -1 0
outer loop
vertex 113 8 0
vertex 118 8 1
vertex 113 8 1
endloop
endfacet
facet normal 1 0 0
outer loop
vertex 118 8 0
vertex 118 9 0
vertex 118 9 1
endloop
endfacet
facet normal 1 0 0
outer loop
vertex 118 8 0
vertex 118 9 1
vertex 118 8 1
endloop
endfacet
facet normal 0 1 0
outer loop
vertex 118 9 0
vertex 113 9 0
vertex 113 9 1
endloop
endfacet
facet normal 0 1 0
outer loop
vertex 118 9 0
vertex 113 9 1
vertex 118 9 1
endloop
endfacet
facet normal -1 0 0
outer loop
vertex 113 9 0
vertex 113 8 0
vertex 113 8 1
endloop
endfacet
facet normal -1 0 0
outer loop
vertex 113 9 0
vertex 113 8 1
vertex 113 9 1
endloop
endfacet
facet normal 0 0 -1
outer loop
vertex 212 8 0
vertex 216 9 0
vertex 216 8 0
endloop
endfacet
facet normal 0 0 -1
outer loop
vertex 212 8 0
vertex 212 9 0
vertex 216 9 0
endloop
endfacet
facet normal 0 0 1
outer loop
vertex 212 8 1
vertex 216 8 1
vertex 216 9 1
endloop
endfacet
facet normal 0 0 1
outer loop
vertex 212 8 1
vertex 216 9 1
vertex 212 9 1
endloop
endfacet
facet normal 0 -1 0
outer loop
vertex 212 8 0
vertex 216 8 0
vertex 216 8 1
endloop
endfacet
facet normal 0 -1 0
outer loop
vertex 212 8 0
vertex 216 8 1
vertex 212 8 1
endloop
endfacet
facet normal 1 0 0
outer loop
vertex 216 8 0
vertex 216 9 0
vertex 216 9 1
endloop
endfacet
facet normal 1 0 0
outer loop
vertex 216 8 0
vertex 216 9 1
vertex 216 8 1
endloop
endfacet
facet normal 0 1 0
outer loop
vertex 216 9 0
vertex 212 9 0
vertex 212 9 1
endloop
endfacet
facet normal 0 1 0
outer loop
vertex 216 9 0
vertex 212 9 1
vertex 216 9 1
endloop
endfacet
facet normal -1 0 0
outer loop
vertex 212 9 0
vertex 212 8 0
vertex 212 8 1
endloop
endfacet
facet normal -1 0 0
outer loop
vertex 212 9 0
vertex 212 8 1
vertex 212 9 1
endloop
endfacet
facet normal 0 0 -1
outer loop
vertex 256 8 0
vertex 262 9 0
vertex 262 8 0
endloop
endfacet
facet normal 0 0 -1
outer loop
vertex 256 8 0
vertex 256 9 0
vertex 262 9 0
endloop
endfacet
facet normal 0 0 1
outer loop
vertex 256 8 1
vertex 262 8 1
vertex 262 9 1
endloop
endfacet
facet normal 0 0 1
outer loop
vertex 256 8 1
vertex 262 9 1
vertex 256 9 1
endloop
endfacet
facet normal 0 -1 0
outer loop
vertex 256 8 0
vertex 262 8 0
vertex 262 8 1
endloop
endfacet
facet normal 0 -1 0
outer loop
vertex 256 8 0
vertex 262 8 1
vertex 256 8 1
endloop
endfacet
facet normal 1 0 0
outer loop
vertex 262 8 0
vertex 262 9 0
vertex 262 9 1
endloop
endfacet
facet normal 1 0 0
outer loop
vertex 262 8 0
vertex 262 9 1
vertex 262 8 1
endloop
endfacet
facet normal 0 1 0
outer loop
vertex 262 9 0
vertex 256 9 0
vertex 256 9 1
endloop
endfacet
facet normal 0 1 0
outer loop
vertex 262 9 0
vertex 256 9 1
vertex 262 9 1
endloop
endfacet
facet normal -1 0 0
outer loop
vertex 256 9 0
vertex 256 8 0
vertex 256 8 1
endloop
endfacet
facet normal -1 0 0
outer loop
vertex 256 9 0
vertex 256 8 1
vertex 256 9 1
endloop
endfacet
facet normal 0 0 -1
outer loop
vertex 280 8 0
vertex 285 9 0
vertex 285 8 0
endloop
endfacet
facet normal 0 0 -1
outer loop
vertex 280 8 0
vertex 280 9 0
vertex 285 9 0
endloop
endfacet
facet normal 0 0 1
outer loop
vertex 280 8 1
vertex 285 8 1
vertex 285 9 1
endloop
endfacet
facet normal 0 0 1
outer loop
vertex 280 8 1
vertex 285 9 1
vertex 280 9 1
endloop
endfacet
facet normal 0 -1 0
outer loop
vertex 280 8 0
vertex 285 8 0
vertex 285 8 1
endloop
endfacet
facet normal 0 -1 0
outer loop
vertex 280 8 0
vertex 285 8 1
vertex 280 8 1
endloop
endfacet
facet normal 1 0 0
outer loop
vertex 285 8 0
vertex 285 9 0
vertex 285 9 1
endloop
endfacet
facet normal 1 0 0
outer loop
vertex 285 8 0
vertex 285 9 1
vertex 285 8 1
endloop
endfacet
facet normal 0 1 0
outer loop
vertex 285 9 0
vertex 280 9 0
vertex 280 9 1
endloop
endfacet
facet normal 0 1 0
outer loop
vertex 285 9 0
vertex 280 9 1
vertex 285 9 1
endloop
endfacet
facet normal -1 0 0
outer loop
vertex 280 9 0
vertex 280 8 0
vertex 280 8 1
endloop
endfacet
facet normal -1 0 0
outer loop
vertex 280 9 0
vertex 280 8 1
vertex 280 9 1
endloop
endfacet
facet normal 0 0 -1
outer loop
vertex 113 9 0
vertex 118 10 0
vertex 118 9 0
endloop
endfacet
facet normal 0 0 -1
outer loop
vertex 113 9 0
vertex 113 10 0
vertex 118 10 0
endloop
endfacet
facet normal 0 0 1
outer loop
vertex 113 9 1
vertex 118 9 1
vertex 118 10 1
endloop
endfacet
facet normal 0 0 1
outer loop
vertex 113 9 1
vertex 118 10 1
vertex 113 10 1
endloop
endfacet
facet normal 0 -1 0
outer loop
vertex 113 9 0
vertex 118 9 0
vertex 118 9 1
endloop
endfacet
facet normal 0 -1 0
outer loop
vertex 113 9 0
vertex 118 9 1
vertex 113 9 1
endloop
endfacet
facet normal 1 0 0
outer loop
vertex 118 9 0
vertex 118 10 0
vertex 118 10 1
endloop
endfacet
facet normal 1 0 0
outer loop
vertex 118 9 0
vertex 118 10 1
vertex 118 9 1
endloop
endfacet
facet normal 0 1 0
outer loop
vertex 118 10 0
vertex 113 10 0
vertex 113 10 1
endloop
endfacet
facet normal 0 1 0
outer loop
vertex 118 10 0
vertex 113 10 1
vertex 118 10 1
endloop
endfacet
facet normal -1 0 0
outer loop
vertex 113 10 0
vertex 113 9 0
vertex 113 9 1
endloop
endfacet
facet normal -1 0 0
outer loop
vertex 113 10 0
vertex 113 9 1
vertex 113 10 1
endloop
endfacet
facet normal 0 0 -1
outer loop
vertex 139 9 0
vertex 149 10 0
vertex 149 9 0
endloop
endfacet
facet normal 0 0 -1
outer loop
vertex 139 9 0
vertex 139 10 0
vertex 149 10 0
endloop
endfacet
facet normal 0 0 1
outer loop
vertex 139 9 1
vertex 149 9 1
vertex 149 10 1
endloop
endfacet
facet normal 0 0 1
outer loop
vertex 139 9 1
vertex 149 10 1
vertex 139 10 1
endloop
endfacet
facet normal 0 -1 0
outer loop
vertex 139 9 0
vertex 149 9 0
vertex 149 9 1
endloop
endfacet
facet normal 0 -1 0
outer loop
vertex 139 9 0
vertex 149 9 1
vertex 139 9 1
endloop
endfacet
facet normal 1 0 0
outer loop
vertex 149 9 0
vertex 149 10 0
vertex 149 10 1
endloop
endfacet
facet normal 1 0 0
outer loop
vertex 149 9 0
vertex 149 10 1
vertex 149 9 1
endloop
endfacet
facet normal 0 1 0
outer loop
vertex 149 10 0
vertex 139 10 0
vertex 139 10 1
endloop
endfacet
facet normal 0 1 0
outer loop
vertex 149 10 0
vertex 139 10 1
vertex 149 10 1
endloop
endfacet
facet normal -1 0 0
outer loop
vertex 139 10 0
vertex 139 9 0
vertex 139 9 1
endloop
endfacet
facet normal -1 0 0
outer loop
vertex 139 10 0
vertex 139 9 1
vertex 139 10 1
endloop
endfacet
facet normal 0 0 -1
outer loop
vertex 159 9 0
vertex 163 10 0
vertex 163 9 0
endloop
endfacet
facet normal 0 0 -1
outer loop
vertex 159 9 0
vertex 159 10 0
vertex 163 10 0
endloop
endfacet
facet normal 0 0 1
outer loop
vertex 159 9 1
vertex 163 9 1
vertex 163 10 1
endloop
endfacet
facet normal 0 0 1
outer loop
vertex 159 9 1
vertex 163 10 1
vertex 159 10 1
endloop
endfacet
facet normal 0 -1 0
outer loop
vertex 159 9 0
vertex 163 9 0
vertex 163 9 1
endloop
endfacet
facet normal 0 -1 0
outer loop
vertex 159 9 0
vertex 163 9 1
vertex 159 9 1
endloop
endfacet
facet normal 1 0 0
outer loop
vertex 163 9 0
vertex 163 10 0
vertex 163 10 1
endloop
endfacet
facet normal 1 0 0
outer loop
vertex 163 9 0
vertex 163 10 1
vertex 163 9 1
endloop
endfacet
facet normal 0 1 0
outer loop
vertex 163 10 0
vertex 159 10 0
vertex 159 10 1
endloop
endfacet
facet normal 0 1 0
outer loop
vertex 163 10 0
vertex 159 10 1
vertex 163 10 1
endloop
endfacet
facet normal -1 0 0
outer loop
vertex 159 10 0
vertex 159 9 0
vertex 159 9 1
endloop
endfacet
facet normal -1 0 0
outer loop
vertex 159 10 0
vertex 159 9 1
vertex 159 10 1
endloop
endfacet
facet normal 0 0 -1
outer loop
vertex 177 9 0
vertex 181 10 0
vertex 181 9 0
endloop
endfacet
facet normal 0 0 -1
outer loop
vertex 177 9 0
vertex 177 10 0
vertex 181 10 0
endloop
endfacet
facet normal 0 0 1
outer loop
vertex 177 9 1
vertex 181 9 1
vertex 181 10 1
endloop
endfacet
facet normal 0 0 1
outer loop
vertex 177 9 1
vertex 181 10 1
vertex 177 10 1
endloop
endfacet
facet normal 0 -1 0
outer loop
vertex 177 9 0
vertex 181 9 0
vertex 181 9 1
endloop
endfacet
facet normal 0 -1 0
outer loop
vertex 177 9 0
vertex 181 9 1
vertex 177 9 1
endloop
endfacet
facet normal 1 0 0
outer loop
vertex 181 9 0
vertex 181 10 0
vertex 181 10 1
endloop
endfacet
facet normal 1 0 0
outer loop
vertex 181 9 0
vertex 181 10 1
vertex 181 9 1
endloop
endfacet
facet normal 0 1 0
outer loop
vertex 181 10 0
vertex 177 10 0
vertex 177 10 1
endloop
endfacet
facet normal 0 1 0
outer loop
vertex 181 10 0
vertex 177 10 1
vertex 181 10 1
endloop
endfacet
facet normal -1 0 0
outer loop
vertex 177 10 0
vertex 177 9 0
vertex 177 9 1
endloop
endfacet
facet normal -1 0 0
outer loop
vertex 177 10 0
vertex 177 9 1
vertex 177 10 1
endloop
endfacet
facet normal 0 0 -1
outer loop
vertex 191 9 0
vertex 201 10 0
vertex 201 9 0
endloop
endfacet
facet normal 0 0 -1
outer loop
vertex 191 9 0
vertex 191 10 0
vertex 201 10 0
endloop
endfacet
facet normal 0 0 1
outer loop
vertex 191 9 1
vertex 201 9 1
vertex 201 10 1
endloop
endfacet
facet normal 0 0 1
outer loop
vertex 191 9 1
vertex 201 10 1
vertex 191 10 1
endloop
endfacet
facet normal 0 -1 0
outer loop
vertex 191 9 0
vertex 201 9 0
vertex 201 9 1
endloop
endfacet
facet normal 0 -1 0
outer loop
vertex 191 9 0
vertex 201 9 1
vertex 191 9 1
endloop
endfacet
facet normal 1 0 0
outer loop
vertex 201 9 0
vertex 201 10 0
vertex 201 10 1
endloop
endfacet
facet normal 1 0 0
outer loop
vertex 201 9 0
vertex 201 10 1
vertex 201 9 1
endloop
endfacet
facet normal 0 1 0
outer loop
vertex 201 10 0
vertex 191 10 0
vertex 191 10 1
endloop
endfacet
facet normal 0 1 0
outer loop
vertex 201 10 0
vertex 191 10 1
vertex 201 10 1
endloop
endfacet
facet normal -1 0 0
outer loop
vertex 191 10 0
vertex 191 9 0
vertex 191 9 1
endloop
endfacet
facet normal -1 0 0
outer loop
vertex 191 10 0
vertex 191 9 1
vertex 191 10 1
endloop
endfacet
facet normal 0 0 -1
outer loop
vertex 212 9 0
vertex 216 10 0
vertex 216 9 0
endloop
endfacet
facet normal 0 0 -1
outer loop
vertex 212 9 0
vertex 212 10 0
vertex 216 10 0
endloop
endfacet
facet normal 0 0 1
outer loop
vertex 212 9 1
vertex 216 9 1
vertex 216 10 1
endloop
endfacet
facet normal 0 0 1
outer loop
vertex 212 9 1
vertex 216 10 1
vertex 212 10 1
endloop
endfacet
facet normal 0 -1 0
outer loop
vertex 212 9 0
vertex 216 9 0
vertex 216 9 1
endloop
endfacet
facet normal 0 -1 0
outer loop
vertex 212 9 0
vertex 216 9 1
vertex 212 9 1
endloop
endfacet
facet normal 1 0 0
outer loop
vertex 216 9 0
vertex 216 10 0
vertex 216 10 1
endloop
endfacet
facet normal 1 0 0
outer loop
vertex 216 9 0
vertex 216 10 1
vertex 216 9 1
endloop
endfacet
facet normal 0 1 0
outer loop
vertex 216 10 0
vertex 212 10 0
vertex 212 10 1
endloop
endfacet
facet normal 0 1 0
outer loop
vertex 216 10 0
vertex 212 10 1
vertex 216 10 1
endloop
endfacet
facet normal -1 0 0
outer loop
vertex 212 10 0
vertex 212 9 0
vertex 212 9 1
endloop
endfacet
facet normal -1 0 0
outer loop
vertex 212 10 0
vertex 212 9 1
vertex 212 10 1
endloop
endfacet
facet normal 0 0 -1
outer loop
vertex 218 9 0
vertex 222 10 0
vertex 222 9 0
endloop
endfacet
facet normal 0 0 -1
outer loop
vertex 218 9 0
vertex 218 10 0
vertex 222 10 0
endloop
endfacet
facet normal 0 0 1
outer loop
vertex 218 9 1
vertex 222 9 1
vertex 222 10 1
endloop
endfacet
facet normal 0 0 1
outer loop
vertex 218 9 1
vertex 222 10 1
vertex 218 10 1
endloop
endfacet
facet normal 0 -1 0
outer loop
vertex 218 9 0
vertex 222 9 0
vertex 222 9 1
endloop
endfacet
facet normal 0 -1 0
outer loop
vertex 218 9 0
vertex 222 9 1
vertex 218 9 1
endloop
endfacet
facet normal 1 0 0
outer loop
vertex 222 9 0
vertex 222 10 0
vertex 222 10 1
endloop
endfacet
facet normal 1 0 0
outer loop
vertex 222 9 0
vertex 222 10 1
vertex 222 9 1
endloop
endfacet
facet normal 0 1 0
outer loop
vertex 222 10 0
vertex 218 10 0
vertex 218 10 1
endloop
endfacet
facet normal 0 1 0
outer loop
vertex 222 10 0
vertex 218 10 1
vertex 222 10 1
endloop
endfacet
facet normal -1 0 0
outer loop
vertex 218 10 0
vertex 218 9 0
vertex 218 9 1
endloop
endfacet
facet normal -1 0 0
outer loop
vertex 218 10 0
vertex 218 9 1
vertex 218 10 1
endloop
endfacet
facet normal 0 0 -1
outer loop
vertex 237 9 0
vertex 241 10 0
vertex 241 9 0
endloop
endfacet
facet normal 0 0 -1
outer loop
vertex 237 9 0
vertex 237 10 0
vertex 241 10 0
endloop
endfacet
facet normal 0 0 1
outer loop
vertex 237 9 1
vertex 241 9 1
vertex 241 10 1
endloop
endfacet
facet normal 0 0 1
outer loop
vertex 237 9 1
vertex 241 10 1
vertex 237 10 1
endloop
endfacet
facet normal 0 -1 0
outer loop
vertex 237 9 0
vertex 241 9 0
vertex 241 9 1
endloop
endfacet
facet normal 0 -1 0
outer loop
vertex 237 9 0
vertex 241 9 1
vertex 237 9 1
endloop
endfacet
facet normal 1 0 0
outer loop
vertex 241 9 0
vertex 241 10 0
vertex 241 10 1
endloop
endfacet
facet normal 1 0 0
outer loop
vertex 241 9 0
vertex 241 10 1
vertex 241 9 1
endloop
endfacet
facet normal 0 1 0
outer loop
vertex 241 10 0
vertex 237 10 0
vertex 237 10 1
endloop
endfacet
facet normal 0 1 0
outer loop
vertex 241 10 0
vertex 237 10 1
vertex 241 10 1
endloop
endfacet
facet normal -1 0 0
outer loop
vertex 237 10 0
vertex 237 9 0
vertex 237 9 1
endloop
endfacet
facet normal -1 0 0
outer loop
vertex 237 10 0
vertex 237 9 1
vertex 237 10 1
endloop
endfacet
facet normal 0 0 -1
outer loop
vertex 255 9 0
vertex 261 10 0
vertex 261 9 0
endloop
endfacet
facet normal 0 0 -1
outer loop
vertex 255 9 0
vertex 255 10 0
vertex 261 10 0
endloop
endfacet
facet normal 0 0 1
outer loop
vertex 255 9 1
vertex 261 9 1
vertex 261 10 1
endloop
endfacet
facet normal 0 0 1
outer loop
vertex 255 9 1
vertex 261 10 1
vertex 255 10 1
endloop
endfacet
facet normal 0 -1 0
outer loop
vertex 255 9 0
vertex 261 9 0
vertex 261 9 1
endloop
endfacet
facet normal 0 -1 0
outer loop
vertex 255 9 0
vertex 261 9 1
vertex 255 9 1
endloop
endfacet
facet normal 1 0 0
outer loop
vertex 261 9 0
vertex 261 10 0
vertex 261 10 1
endloop
endfacet
facet normal 1 0 0
outer loop
vertex 261 9 0
vertex 261 10 1
vertex 261 9 1
endloop
endfacet
facet normal 0 1 0
outer loop
vertex 261 10 0
vertex 255 10 0
vertex 255 10 1
endloop
endfacet
facet normal 0 1 0
outer loop
vertex 261 10 0
vertex 255 10 1
vertex 261 10 1
endloop
endfacet
facet normal -1 0 0
outer loop
vertex 255 10 0
vertex 255 9 0
vertex 255 9 1
endloop
endfacet
facet normal -1 0 0
outer loop
vertex 255 10 0
vertex 255 9 1
vertex 255 10 1
endloop
endfacet
facet normal 0 0 -1
outer loop
vertex 281 9 0
vertex 283 10 0
vertex 283 9 0
endloop
endfacet
facet normal 0 0 -1
outer loop
vertex 281 9 0
vertex 281 10 0
vertex 283 10 0
endloop
endfacet
facet normal 0 0 1
outer loop
vertex 281 9 1
vertex 283 9 1
vertex 283 10 1
endloop
endfacet
facet normal 0 0 1
outer loop
vertex 281 9 1
vertex 283 10 1
vertex 281 10 1
endloop
endfacet
facet normal 0 -1 0
outer loop
vertex 281 9 0
vertex 283 9 0
vertex 283 9 1
endloop
endfacet
facet normal 0 -1 0
outer loop
vertex 281 9 0
vertex 283 9 1
vertex 281 9 1
endloop
endfacet
facet normal 1 0 0
outer loop
vertex 283 9 0
vertex 283 10 0
vertex 283 10 1
endloop
endfacet
facet normal 1 0 0
outer loop
vertex 283 9 0
vertex 283 10 1
vertex 283 9 1
endloop
endfacet
facet normal 0 1 0
outer loop
vertex 283 10 0
vertex 281 10 0
vertex 281 10 1
endloop
endfacet
facet normal 0 1 0
outer loop
vertex 283 10 0
vertex 281 10 1
vertex 283 10 1
endloop
endfacet
facet normal -1 0 0
outer loop
vertex 281 10 0
vertex 281 9 0
vertex 281 9 1
endloop
endfacet
facet normal -1 0 0
outer loop
vertex 281 10 0
vertex 281 9 1
vertex 281 10 1
endloop
endfacet
facet normal 0 0 -1
outer loop
vertex 296 9 0
vertex 306 10 0
vertex 306 9 0
endloop
endfacet
facet normal 0 0 -1
outer loop
vertex 296 9 0
vertex 296 10 0
vertex 306 10 0
endloop
endfacet
facet normal 0 0 1
outer loop
vertex 296 9 1
vertex 306 9 1
vertex 306 10 1
endloop
endfacet
facet normal 0 0 1
outer loop
vertex 296 9 1
vertex 306 10 1
vertex 296 10 1
endloop
endfacet
facet normal 0 -1 0
outer loop
vertex 296 9 0
vertex 306 9 0
vertex 306 9 1
endloop
endfacet
facet normal 0 -1 0
outer loop
vertex 296 9 0
vertex 306 9 1
vertex 296 9 1
endloop
endfacet
facet normal 1 0 0
outer loop
vertex 306 9 0
vertex 306 10 0
vertex 306 10 1
endloop
endfacet
facet normal 1 0 0
outer loop
vertex 306 9 0
vertex 306 10 1
vertex 306 9 1
endloop
endfacet
facet normal 0 1 0
outer loop
vertex 306 10 0
vertex 296 10 0
vertex 296 10 1
endloop
endfacet
facet normal 0 1 0
outer loop
vertex 306 10 0
vertex 296 10 1
vertex 306 10 1
endloop
endfacet
facet normal -1 0 0
outer loop
vertex 296 10 0
vertex 296 9 0
vertex 296 9 1
endloop
endfacet
facet normal -1 0 0
outer loop
vertex 296 10 0
vertex 296 9 1
vertex 296 10 1
endloop
endfacet
facet normal 0 0 -1
outer loop
vertex 310 9 0
vertex 314 10 0
vertex 314 9 0
endloop
endfacet
facet normal 0 0 -1
outer loop
vertex 310 9 0
vertex 310 10 0
vertex 314 10 0
endloop
endfacet
facet normal 0 0 1
outer loop
vertex 310 9 1
vertex 314 9 1
vertex 314 10 1
endloop
endfacet
facet normal 0 0 1
outer loop
vertex 310 9 1
vertex 314 10 1
vertex 310 10 1
endloop
endfacet
facet normal 0 -1 0
outer loop
vertex 310 9 0
vertex 314 9 0
vertex 314 9 1
endloop
endfacet
facet normal 0 -1 0
outer loop
vertex 310 9 0
vertex 314 9 1
vertex 310 9 1
endloop
endfacet
facet normal 1 0 0
outer loop
vertex 314 9 0
vertex 314 10 0
vertex 314 10 1
endloop
endfacet
facet normal 1 0 0
outer loop
vertex 314 9 0
vertex 314 10 1
vertex 314 9 1
endloop
endfacet
facet normal 0 1 0
outer loop
vertex 314 10 0
vertex 310 10 0
vertex 310 10 1
endloop
endfacet
facet normal 0 1 0
outer loop
vertex 314 10 0
vertex 310 10 1
vertex 314 10 1
endloop
endfacet
facet normal -1 0 0
outer loop
vertex 310 10 0
vertex 310 9 0
vertex 310 9 1
endloop
endfacet
facet normal -1 0 0
outer loop
vertex 310 10 0
vertex 310 9 1
vertex 310 10 1
endloop
endfacet
facet normal 0 0 -1
outer loop
vertex 317 9 0
vertex 321 10 0
vertex 321 9 0
endloop
endfacet
facet normal 0 0 -1
outer loop
vertex 317 9 0
vertex 317 10 0
vertex 321 10 0
endloop
endfacet
facet normal 0 0 1
outer loop
vertex 317 9 1
vertex 321 9 1
vertex 321 10 1
endloop
endfacet
facet normal 0 0 1
outer loop
vertex 317 9 1
vertex 321 10 1
vertex 317 10 1
endloop
endfacet
facet normal 0 -1 0
outer loop
vertex 317 9 0
vertex 321 9 0
vertex 321 9 1
endloop
endfacet
facet normal 0 -1 0
outer loop
vertex 317 9 0
vertex 321 9 1
vertex 317 9 1
endloop
endfacet
facet normal 1 0 0
outer loop
vertex 321 9 0
vertex 321 10 0
vertex 321 10 1
endloop
endfacet
facet normal 1 0 0
outer loop
vertex 321 9 0
vertex 321 10 1
vertex 321 9 1
endloop
endfacet
facet normal 0 1 0
outer loop
vertex 321 10 0
vertex 317 10 0
vertex 317 10 1
endloop
endfacet
facet normal 0 1 0
outer loop
vertex 321 10 0
vertex 317 10 1
vertex 321 10 1
endloop
endfacet
facet normal -1 0 0
outer loop
vertex 317 10 0
vertex 317 9 0
vertex 317 9 1
endloop
endfacet
facet normal -1 0 0
outer loop
vertex 317 10 0
vertex 317 9 1
vertex 317 10 1
endloop
endfacet
facet normal 0 0 -1
outer loop
vertex 323 9 0
vertex 329 10 0
vertex 329 9 0
endloop
endfacet
facet normal 0 0 -1
outer loop
vertex 323 9 0
vertex 323 10 0
vertex 329 10 0
endloop
endfacet
facet normal 0 0 1
outer loop
vertex 323 9 1
vertex 329 9 1
vertex 329 10 1
endloop
endfacet
facet normal 0 0 1
outer loop
vertex 323 9 1
vertex 329 10 1
vertex 323 10 1
endloop
endfacet
facet normal 0 -1 0
outer loop
vertex 323 9 0
vertex 329 9 0
vertex 329 9 1
endloop
endfacet
facet normal 0 -1 0
outer loop
vertex 323 9 0
vertex 329 9 1
vertex 323 9 1
endloop
endfacet
facet normal 1 0 0
outer loop
vertex 329 9 0
vertex 329 10 0
vertex 329 10 1
endloop
endfacet
facet normal 1 0 0
outer loop
vertex 329 9 0
vertex 329 10 1
vertex 329 9 1
endloop
endfacet
facet normal 0 1 0
outer loop
vertex 329 10 0
vertex 323 10 0
vertex 323 10 1
endloop
endfacet
facet normal 0 1 0
outer loop
vertex 329 10 0
vertex 323 10 1
vertex 329 10 1
endloop
endfacet
facet normal -1 0 0
outer loop
vertex 323 10 0
vertex 323 9 0
vertex 323 9 1
endloop
endfacet
facet normal -1 0 0
outer loop
vertex 323 10 0
vertex 323 9 1
vertex 323 10 1
endloop
endfacet
facet normal 0 0 -1
outer loop
vertex 113 10 0
vertex 118 11 0
vertex 118 10 0
endloop
endfacet
facet normal 0 0 -1
outer loop
vertex 113 10 0
vertex 113 11 0
vertex 118 11 0
endloop
endfacet
facet normal 0 0 1
outer loop
vertex 113 10 1
vertex 118 10 1
vertex 118 11 1
endloop
endfacet
facet normal 0 0 1
outer loop
vertex 113 10 1
vertex 118 11 1
vertex 113 11 1
endloop
endfacet
facet normal 0 -1 0
outer loop
vertex 113 10 0
vertex 118 10 0
vertex 118 10 1
endloop
endfacet
facet normal 0 -1 0
outer loop
vertex 113 10 0
vertex 118 10 1
vertex 113 10 1
endloop
endfacet
facet normal 1 0 0
outer loop
vertex 118 10 0
vertex 118 11 0
vertex 118 11 1
endloop
endfacet
facet normal 1 0 0
outer loop
vertex 118 10 0
vertex 118 11 1
vertex 118 10 1
endloop
endfacet
facet normal 0 1 0
outer loop
vertex 118 11 0
vertex 113 11 0
vertex 113 11 1
endloop
endfacet
facet normal 0 1 0
outer loop
vertex 118 11 0
vertex 113 11 1
vertex 118 11 1
endloop
endfacet
facet normal -1 0 0
outer loop
vertex 113 11 0
vertex 113 10 0
vertex 113 10 1
endloop
endfacet
facet normal -1 0 0
outer loop
vertex 113 11 0
vertex 113 10 1
vertex 113 11 1
endloop
endfacet
facet normal 0 0 -1
outer loop
vertex 137 10 0
vertex 151 11 0
vertex 151 10 0
endloop
endfacet
facet normal 0 0 -1
outer loop
vertex 137 10 0
vertex 137 11 0
vertex 151 11 0
endloop
endfacet
facet normal 0 0 1
outer loop
vertex 137 10 1
vertex 151 10 1
vertex 151 11 1
endloop
endfacet
facet normal 0 0 1
outer loop
vertex 137 10 1
vertex 151 11 1
vertex 137 11 1
endloop
endfacet
facet normal 0 -1 0
outer loop
vertex 137 10 0
vertex 151 10 0
vertex 151 10 1
endloop
endfacet
facet normal 0 -1 0
outer loop
vertex 137 10 0
vertex 151 10 1
vertex 137 10 1
endloop
endfacet
facet normal 1 0 0
outer loop
vertex 151 10 0
vertex 151 11 0
vertex 151 11 1
endloop
endfacet
facet normal 1 0 0
outer loop
vertex 151 10 0
vertex 151 11 1
vertex 151 10 1
endloop
endfacet
facet normal 0 1 0
outer loop
vertex 151 11 0
vertex 137 11 0
vertex 137 11 1
endloop
endfacet
facet normal 0 1 0
outer loop
vertex 151 11 0
vertex 137 11 1
vertex 151 11 1
endloop
endfacet
facet normal -1 0 0
outer loop
vertex 137 11 0
vertex 137 10 0
vertex 137 10 1
endloop
endfacet
facet normal -1 0 0
outer loop
vertex 137 11 0
vertex 137 10 1
vertex 137 11 1
endloop
endfacet
facet normal 0 0 -1
outer loop
vertex 158 10 0
vertex 163 11 0
vertex 163 10 0
endloop
endfacet
facet normal 0 0 -1
outer loop
vertex 158 10 0
vertex 158 11 0
vertex 163 11 0
endloop
endfacet
facet normal 0 0 1
outer loop
vertex 158 10 1
vertex 163 10 1
vertex 163 11 1
endloop
endfacet
facet normal 0 0 1
outer loop
vertex 158 10 1
vertex 163 11 1
vertex 158 11 1
endloop
endfacet
facet normal 0 -1 0
outer loop
vertex 158 10 0
vertex 163 10 0
vertex 163 10 1
endloop
endfacet
facet normal 0 -1 0
outer loop
vertex 158 10 0
vertex 163 10 1
vertex 158 10 1
endloop
endfacet
facet normal 1 0 0
outer loop
vertex 163 10 0
vertex 163 11 0
vertex 163 11 1
endloop
endfacet
facet normal 1 0 0
outer loop
vertex 163 10 0
vertex 163 11 1
vertex 163 10 1
endloop
endfacet
facet normal 0 1 0
outer loop
vertex 163 11 0
vertex 158 11 0
vertex 158 11 1
endloop
endfacet
facet normal 0 1 0
outer loop
vertex 163 11 0
vertex 158 11 1
vertex 163 11 1
endloop
endfacet
facet normal -1 0 0
outer loop
vertex 158 11 0
vertex 158 10 0
vertex 158 10 1
endloop
endfacet
facet normal -1 0 0
outer loop
vertex 158 11 0
vertex 158 10 1
vertex 158 11 1
endloop
endfacet
facet normal 0 0 -1
outer loop
vertex 176 10 0
vertex 181 11 0
vertex 181 10 0
endloop
endfacet
facet normal 0 0 -1
outer loop
vertex 176 10 0
vertex 176 11 0
vertex 181 11 0
endloop
endfacet
facet normal 0 0 1
outer loop
vertex 176 10 1
vertex 181 10 1
vertex 181 11 1
endloop
endfacet
facet normal 0 0 1
outer loop
vertex 176 10 1
vertex 181 11 1
vertex 176 11 1
endloop
endfacet
facet normal 0 -1 0
outer loop
vertex 176 10 0
vertex 181 10 0
vertex 181 10 1
endloop
endfacet
facet normal 0 -1 0
outer loop
vertex 176 10 0
vertex 181 10 1
vertex 176 10 1
endloop
endfacet
facet normal 1 0 0
outer loop
vertex 181 10 0
vertex 181 11 0
vertex 181 11 1
endloop
endfacet
facet normal 1 0 0
outer loop
vertex 181 10 0
vertex 181 11 1
vertex 181 10 1
endloop
endfacet
facet normal 0 1 0
outer loop
vertex 181 11 0
vertex 176 11 0
vertex 176 11 1
endloop
endfacet
facet normal 0 1 0
outer loop
vertex 181 11 0
vertex 176 11 1
vertex 181 11 1
endloop
endfacet
facet normal -1 0 0
outer loop
vertex 176 11 0
vertex 176 10 0
vertex 176 10 1
endloop
endfacet
facet normal -1 0 0
outer loop
vertex 176 11 0
vertex 176 10 1
vertex 176 11 1
endloop
endfacet
facet normal 0 0 -1
outer loop
vertex 189 10 0
vertex 203 11 0
vertex 203 10 0
endloop
endfacet
facet normal 0 0 -1
outer loop
vertex 189 10 0
vertex 189 11 0
vertex 203 11 0
endloop
endfacet
facet normal 0 0 1
outer loop
vertex 189 10 1
vertex 203 10 1
vertex 203 11 1
endloop
endfacet
facet normal 0 0 1
outer loop
vertex 189 10 1
vertex 203 11 1
vertex 189 11 1
endloop
endfacet
facet normal 0 -1 0
outer loop
vertex 189 10 0
vertex 203 10 0
vertex 203 10 1
endloop
endfacet
facet normal 0 -1 0
outer loop
vertex 189 10 0
vertex 203 10 1
vertex 189 10 1
endloop
endfacet
facet normal 1 0 0
outer loop
vertex 203 10 0
vertex 203 11 0
vertex 203 11 1
endloop
endfacet
facet normal 1 0 0
outer loop
vertex 203 10 0
vertex 203 11 1
vertex 203 10 1
endloop
endfacet
facet normal 0 1 0
outer loop
vertex 203 11 0
vertex 189 11 0
vertex 189 11 1
endloop
endfacet
facet normal 0 1 0
outer loop
vertex 203 11 0
vertex 189 11 1
vertex 203 11 1
endloop
endfacet
facet normal -1 0 0
outer loop
vertex 189 11 0
vertex 189 10 0
vertex 189 10 1
endloop
endfacet
facet normal -1 0 0
outer loop
vertex 189 11 0
vertex 189 10 1
vertex 189 11 1
endloop
endfacet
facet normal 0 0 -1
outer loop
vertex 212 10 0
vertex 216 11 0
vertex 216 10 0
endloop
endfacet
facet normal 0 0 -1
outer loop
vertex 212 10 0
vertex 212 11 0
vertex 216 11 0
endloop
endfacet
facet normal 0 0 1
outer loop
vertex 212 10 1
vertex 216 10 1
vertex 216 11 1
endloop
endfacet
facet normal 0 0 1
outer loop
vertex 212 10 1
vertex 216 11 1
vertex 212 11 1
endloop
endfacet
facet normal 0 -1 0
outer loop
vertex 212 10 0
vertex 216 10 0
vertex 216 10 1
endloop
endfacet
facet normal 0 -1 0
outer loop
vertex 212 10 0
vertex 216 10 1
vertex 212 10 1
endloop
endfacet
facet normal 1 0 0
outer loop
vertex 216 10 0
vertex 216 11 0
vertex 216 11 1
endloop
endfacet
facet normal 1 0 0
outer loop
vertex 216 10 0
vertex 216 11 1
vertex 216 10 1
endloop
endfacet
facet normal 0 1 0
outer loop
vertex 216 11 0
vertex 212 11 0
vertex 212 11 1
endloop
endfacet
facet normal 0 1 0
outer loop
vertex 216 11 0
vertex 212 11 1
vertex 216 11 1
endloop
endfacet
facet normal -1 0 0
outer loop
vertex 212 11 0
vertex 212 10 0
vertex 212 10 1
endloop
endfacet
facet normal -1 0 0
outer loop
vertex 212 11 0
vertex 212 10 1
vertex 212 11 1
endloop
endfacet
facet normal 0 0 -1
outer loop
vertex 218 10 0
vertex 223 11 0
vertex 223 10 0
endloop
endfacet
facet normal 0 0 -1
outer loop
vertex 218 10 0
vertex 218 11 0
vertex 223 11 0
endloop
endfacet
facet normal 0 0 1
outer loop
vertex 218 10 1
vertex 223 10 1
vertex 223 11 1
endloop
endfacet
facet normal 0 0 1
outer loop
vertex 218 10 1
vertex 223 11 1
vertex 218 11 1
endloop
endfacet
facet normal 0 -1 0
outer loop
vertex 218 10 0
vertex 223 10 0
vertex 223 10 1
endloop
endfacet
facet normal 0 -1 0
outer loop
vertex 218 10 0
vertex 223 10 1
vertex 218 10 1
endloop
endfacet
facet normal 1 0 0
outer loop
vertex 223 10 0
vertex 223 11 0
vertex 223 11 1
endloop
endfacet
facet normal 1 0 0
outer loop
vertex 223 10 0
vertex 223 11 1
vertex 223 10 1
endloop
endfacet
facet normal 0 1 0
outer loop
vertex 223 11 0
vertex 218 11 0
vertex 218 11 1
endloop
endfacet
facet normal 0 1 0
outer loop
vertex 223 11 0
vertex 218 11 1
vertex 223 11 1
endloop
endfacet
facet normal -1 0 0
outer loop
vertex 218 11 0
vertex 218 10 0
vertex 218 10 1
endloop
endfacet
facet normal -1 0 0
outer loop
vertex 218 11 0
vertex 218 10 1
vertex 218 11 1
endloop
endfacet
facet normal 0 0 -1
outer loop
vertex 236 10 0
vertex 241 11 0
vertex 241 10 0
endloop
endfacet
facet normal 0 0 -1
outer loop
vertex 236 10 0
vertex 236 11 0
vertex 241 11 0
endloop
endfacet
facet normal 0 0 1
outer loop
vertex 236 10 1
vertex 241 10 1
vertex 241 11 1
endloop
endfacet
facet normal 0 0 1
outer loop
vertex 236 10 1
vertex 241 11 1
vertex 236 11 1
endloop
endfacet
facet normal 0 -1 0
outer loop
vertex 236 10 0
vertex 241 10 0
vertex 241 10 1
endloop
endfacet
facet normal 0 -1 0
outer loop
vertex 236 10 0
vertex 241 10 1
vertex 236 10 1
endloop
endfacet
facet normal 1 0 0
outer loop
vertex 241 10 0
vertex 241 11 0
vertex 241 11 1
endloop
endfacet
facet normal 1 0 0
outer loop
vertex 241 10 0
vertex 241 11 1
vertex 241 10 1
endloop
endfacet
facet normal 0 1 0
outer loop
vertex 241 11 0
vertex 236 11 0
vertex 236 11 1
endloop
endfacet
facet normal 0 1 0
outer loop
vertex 241 11 0
vertex 236 11 1
vertex 241 11 1
endloop
endfacet
facet normal -1 0 0
outer loop
vertex 236 11 0
vertex 236 10 0
vertex 236 10 1
endloop
endfacet
facet normal -1 0 0
outer loop
vertex 236 11 0
vertex 236 10 1
vertex 236 11 1
endloop
endfacet
facet normal 0 0 -1
outer loop
vertex 255 10 0
vertex 261 11 0
vertex 261 10 0
endloop
endfacet
facet normal 0 0 -1
outer loop
vertex 255 10 0
vertex 255 11 0
vertex 261 11 0
endloop
endfacet
facet normal 0 0 1
outer loop
vertex 255 10 1
vertex 261 10 1
vertex 261 11 1
endloop
endfacet
facet normal 0 0 1
outer loop
vertex 255 10 1
vertex 261 11 1
vertex 255 11 1
endloop
endfacet
facet normal 0 -1 0
outer loop
vertex 255 10 0
vertex 261 10 0
vertex 261 10 1
endloop
endfacet
facet normal 0 -1 0
outer loop
vertex 255 10 0
vertex 261 10 1
vertex 255 10 1
endloop
endfacet
facet normal 1 0 0
outer loop
vertex 261 10 0
vertex 261 11 0
vertex 261 11 1
endloop
endfacet
facet normal 1 0 0
outer loop
vertex 261 10 0
vertex 261 11 1
vertex 261 10 1
endloop
endfacet
facet normal 0 1 0
outer loop
vertex 261 11 0
vertex 255 11 0
vertex 255 11 1
endloop
endfacet
facet normal 0 1 0
outer loop
vertex 261 11 0
vertex 255 11 1
vertex 261 11 1
endloop
endfacet
facet normal -1 0 0
outer loop
vertex 255 11 0
vertex 255 10 0
vertex 255 10 1
endloop
endfacet
facet normal -1 0 0
outer loop
vertex 255 11 0
vertex 255 10 1
vertex 255 11 1
endloop
endfacet
facet normal 0 0 -1
outer loop
vertex 294 10 0
vertex 307 11 0
vertex 307 10 0
endloop
endfacet
facet normal 0 0 -1
outer loop
vertex 294 10 0
vertex 294 11 0
vertex 307 11 0
endloop
endfacet
facet normal 0 0 1
outer loop
vertex 294 10 1
vertex 307 10 1
vertex 307 11 1
endloop
endfacet
facet normal 0 0 1
outer loop
vertex 294 10 1
vertex 307 11 1
vertex 294 11 1
endloop
endfacet
facet normal 0 -1 0
outer loop
vertex 294 10 0
vertex 307 10 0
vertex 307 10 1
endloop
endfacet
facet normal 0 -1 0
outer loop
vertex 294 10 0
vertex 307 10 1
vertex 294 10 1
endloop
endfacet
facet normal 1 0 0
outer loop
vertex 307 10 0
vertex 307 11 0
vertex 307 11 1
endloop
endfacet
facet normal 1 0 0
outer loop
vertex 307 10 0
vertex 307 11 1
vertex 307 10 1
endloop
endfacet
facet normal 0 1 0
outer loop
vertex 307 11 0
vertex 294 11 0
vertex 294 11 1
endloop
endfacet
facet normal 0 1 0
outer loop
vertex 307 11 0
vertex 294 11 1
vertex 307 11 1
endloop
endfacet
facet normal -1 0 0
outer loop
vertex 294 11 0
vertex 294 10 0
vertex 294 10 1
endloop
endfacet
facet normal -1 0 0
outer loop
vertex 294 11 0
vertex 294 10 1
vertex 294 11 1
endloop
endfacet
facet normal 0 0 -1
outer loop
vertex 309 10 0
vertex 314 11 0
vertex 314 10 0
endloop
endfacet
facet normal 0 0 -1
outer loop
vertex 309 10 0
vertex 309 11 0
vertex 314 11 0
endloop
endfacet
facet normal 0 0 1
outer loop
vertex 309 10 1
vertex 314 10 1
vertex 314 11 1
endloop
endfacet
facet normal 0 0 1
outer loop
vertex 309 10 1
vertex 314 11 1
vertex 309 11 1
endloop
endfacet
facet normal 0 -1 0
outer loop
vertex 309 10 0
vertex 314 10 0
vertex 314 10 1
endloop
endfacet
facet normal 0 -1 0
outer loop
vertex 309 10 0
vertex 314 10 1
vertex 309 10 1
endloop
endfacet
facet normal 1 0 0
outer loop
vertex 314 10 0
vertex 314 11 0
vertex 314 11 1
endloop
endfacet
facet normal 1 0 0
outer loop
vertex 314 10 0
vertex 314 11 1
vertex 314 10 1
endloop
endfacet
facet normal 0 1 0
outer loop
vertex 314 11 0
vertex 309 11 0
vertex 309 11 1
endloop
endfacet
facet normal 0 1 0
outer loop
vertex 314 11 0
vertex 309 11 1
vertex 314 11 1
endloop
endfacet
facet normal -1 0 0
outer loop
vertex 309 11 0
vertex 309 10 0
vertex 309 10 1
endloop
endfacet
facet normal -1 0 0
outer loop
vertex 309 11 0
vertex 309 10 1
vertex 309 11 1
endloop
endfacet
facet normal 0 0 -1
outer loop
vertex 317 10 0
vertex 329 11 0
vertex 329 10 0
endloop
endfacet
facet normal 0 0 -1
outer loop
vertex 317 10 0
vertex 317 11 0
vertex 329 11 0
endloop
endfacet
facet normal 0 0 1
outer loop
vertex 317 10 1
vertex 329 10 1
vertex 329 11 1
endloop
endfacet
facet normal 0 0 1
outer loop
vertex 317 10 1
vertex 329 11 1
vertex 317 11 1
endloop
endfacet
facet normal 0 -1 0
outer loop
vertex 317 10 0
vertex 329 10 0
vertex 329 10 1
endloop
endfacet
facet normal 0 -1 0
outer loop
vertex 317 10 0
vertex 329 10 1
vertex 317 10 1
endloop
endfacet
facet normal 1 0 0
outer loop
vertex 329 10 0
vertex 329 11 0
vertex 329 11 1
endloop
endfacet
facet normal 1 0 0
outer loop
vertex 329 10 0
vertex 329 11 1
vertex 329 10 1
endloop
endfacet
facet normal 0 1 0
outer loop
vertex 329 11 0
vertex 317 11 0
vertex 317 11 1
endloop
endfacet
facet normal 0 1 0
outer loop
vertex 329 11 0
vertex 317 11 1
vertex 329 11 1
endloop
endfacet
facet normal -1 0 0
outer loop
vertex 317 11 0
vertex 317 10 0
vertex 317 10 1
endloop
endfacet
facet normal -1 0 0
outer loop
vertex 317 11 0
vertex 317 10 1
vertex 317 11 1
endloop
endfacet
facet normal 0 0 -1
outer loop
vertex 113 11 0
vertex 118 12 0
vertex 118 11 0
endloop
endfacet
facet normal 0 0 -1
outer loop
vertex 113 11 0
vertex 113 12 0
vertex 118 12 0
endloop
endfacet
facet normal 0 0 1
outer loop
vertex 113 11 1
vertex 118 11 1
vertex 118 12 1
endloop
endfacet
facet normal 0 0 1
outer loop
vertex 113 11 1
vertex 118 12 1
vertex 113 12 1
endloop
endfacet
facet normal 0 -1 0
outer loop
vertex 113 11 0
vertex 118 11 0
vertex 118 11 1
endloop
endfacet
facet normal 0 -1 0
outer loop
vertex 113 11 0
vertex 118 11 1
vertex 113 11 1
endloop
endfacet
facet normal 1 0 0
outer loop
vertex 118 11 0
vertex 118 12 0
vertex 118 12 1
endloop
endfacet
facet normal 1 0 0
outer loop
vertex 118 11 0
vertex 118 12 1
vertex 118 11 1
endloop
endfacet
facet normal 0 1 0
outer loop
vertex 118 12 0
vertex 113 12 0
vertex 113 12 1
endloop
endfacet
facet normal 0 1 0
outer loop
vertex 118 12 0
vertex 113 12 1
vertex 118 12 1
endloop
endfacet
facet normal -1 0 0
outer loop
vertex 113 12 0
vertex 113 11 0
vertex 113 11 1
endloop
endfacet
facet normal -1 0 0
outer loop
vertex 113 12 0
vertex 113 11 1
vertex 113 12 1
endloop
endfacet
facet normal 0 0 -1
outer loop
vertex 136 11 0
vertex 152 12 0
vertex 152 11 0
endloop
endfacet
facet normal 0 0 -1
outer loop
vertex 136 11 0
vertex 136 12 0
vertex 152 12 0
endloop
endfacet
facet normal 0 0 1
outer loop
vertex 136 11 1
vertex 152 11 1
vertex 152 12 1
endloop
endfacet
facet normal 0 0 1
outer loop
vertex 136 11 1
vertex 152 12 1
vertex 136 12 1
endloop
endfacet
facet normal 0 -1 0
outer loop
vertex 136 11 0
vertex 152 11 0
vertex 152 11 1
endloop
endfacet
facet normal 0 -1 0
outer loop
vertex 136 11 0
vertex 152 11 1
vertex 136 11 1
endloop
endfacet
facet normal 1 0 0
outer loop
vertex 152 11 0
vertex 152 12 0
vertex 152 12 1
endloop
endfacet
facet normal 1 0 0
outer loop
vertex 152 11 0
vertex 152 12 1
vertex 152 11 1
endloop
endfacet
facet normal 0 1 0
outer loop
vertex 152 12 0
vertex 136 12 0
vertex 136 12 1
endloop
endfacet
facet normal 0 1 0
outer loop
vertex 152 12 0
vertex 136 12 1
vertex 152 12 1
endloop
endfacet
facet normal -1 0 0
outer loop
vertex 136 12 0
vertex 136 11 0
vertex 136 11 1
endloop
endfacet
facet normal -1 0 0
outer loop
vertex 136 12 0
vertex 136 11 1
vertex 136 12 1
endloop
endfacet
facet normal 0 0 -1
outer loop
vertex 159 11 0
vertex 164 12 0
vertex 164 11 0
endloop
endfacet
facet normal 0 0 -1
outer loop
vertex 159 11 0
vertex 159 12 0
vertex 164 12 0
endloop
endfacet
facet normal 0 0 1
outer loop
vertex 159 11 1
vertex 164 11 1
vertex 164 12 1
endloop
endfacet
facet normal 0 0 1
outer loop
vertex 159 11 1
vertex 164 12 1
vertex 159 12 1
endloop
endfacet
facet normal 0 -1 0
outer loop
vertex 159 11 0
vertex 164 11 0
vertex 164 11 1
endloop
endfacet
facet normal 0 -1 0
outer loop
vertex 159 11 0
vertex 164 11 1
vertex 159 11 1
endloop
endfacet
facet normal 1 0 0
outer loop
vertex 164 11 0
vertex 164 12 0
vertex 164 12 1
endloop
endfacet
facet normal 1 0 0
outer loop
vertex 164 11 0
vertex 164 12 1
vertex 164 11 1
endloop
endfacet
facet normal 0 1 0
outer loop
vertex 164 12 0
vertex 159 12 0
vertex 159 12 1
endloop
endfacet
facet normal 0 1 0
outer loop
vertex 164 12 0
vertex 159 12 1
vertex 164 12 1
endloop
endfacet
facet normal -1 0 0
outer loop
vertex 159 12 0
vertex 159 11 0
vertex 159 11 1
endloop
endfacet
facet normal -1 0 0
outer loop
vertex 159 12 0
vertex 159 11 1
vertex 159 12 1
endloop
endfacet
facet normal 0 0 -1
outer loop
vertex 176 11 0
vertex 181 12 0
vertex 181 11 0
endloop
endfacet
facet normal 0 0 -1
outer loop
vertex 176 11 0
vertex 176 12 0
vertex 181 12 0
endloop
endfacet
facet normal 0 0 1
outer loop
vertex 176 11 1
vertex 181 11 1
vertex 181 12 1
endloop
endfacet
facet normal 0 0 1
outer loop
vertex 176 11 1
vertex 181 12 1
vertex 176 12 1
endloop
endfacet
facet normal 0 -1 0
outer loop
vertex 176 11 0
vertex 181 11 0
vertex 181 11 1
endloop
endfacet
facet normal 0 -1 0
outer loop
vertex 176 11 0
vertex 181 11 1
vertex 176 11 1
endloop
endfacet
facet normal 1 0 0
outer loop
vertex 181 11 0
vertex 181 12 0
vertex 181 12 1
endloop
endfacet
facet normal 1 0 0
outer loop
vertex 181 11 0
vertex 181 12 1
vertex 181 11 1
endloop
endfacet
facet normal 0 1 0
outer loop
vertex 181 12 0
vertex 176 12 0
vertex 176 12 1
endloop
endfacet
facet normal 0 1 0
outer loop
vertex 181 12 0
vertex 176 12 1
vertex 181 12 1
endloop
endfacet
facet normal -1 0 0
outer loop
vertex 176 12 0
vertex 176 11 0
vertex 176 11 1
endloop
endfacet
facet normal -1 0 0
outer loop
vertex 176 12 0
vertex 176 11 1
vertex 176 12 1
endloop
endfacet
facet normal 0 0 -1
outer loop
vertex 188 11 0
vertex 204 12 0
vertex 204 11 0
endloop
endfacet
facet normal 0 0 -1
outer loop
vertex 188 11 0
vertex 188 12 0
vertex 204 12 0
endloop
endfacet
facet normal 0 0 1
outer loop
vertex 188 11 1
vertex 204 11 1
vertex 204 12 1
endloop
endfacet
facet normal 0 0 1
outer loop
vertex 188 11 1
vertex 204 12 1
vertex 188 12 1
endloop
endfacet
facet normal 0 -1 0
outer loop
vertex 188 11 0
vertex 204 11 0
vertex 204 11 1
endloop
endfacet
facet normal 0 -1 0
outer loop
vertex 188 11 0
vertex 204 11 1
vertex 188 11 1
endloop
endfacet
facet normal 1 0 0
outer loop
vertex 204 11 0
vertex 204 12 0
vertex 204 12 1
endloop
endfacet
facet normal 1 0 0
outer loop
vertex 204 11 0
vertex 204 12 1
vertex 204 11 1
endloop
endfacet
facet normal 0 1 0
outer loop
vertex 204 12 0
vertex 188 12 0
vertex 188 12 1
endloop
endfacet
facet normal 0 1 0
outer loop
vertex 204 12 0
vertex 188 12 1
vertex 204 12 1
endloop
endfacet
facet normal -1 0 0
outer loop
vertex 188 12 0
vertex 188 11 0
vertex 188 11 1
endloop
endfacet
facet normal -1 0 0
outer loop
vertex 188 12 0
vertex 188 11 1
vertex 188 12 1
endloop
endfacet
facet normal 0 0 -1
outer loop
vertex 212 11 0
vertex 216 12 0
vertex 216 11 0
endloop
endfacet
facet normal 0 0 -1
outer loop
vertex 212 11 0
vertex 212 12 0
vertex 216 12 0
endloop
endfacet
facet normal 0 0 1
outer loop
vertex 212 11 1
vertex 216 11 1
vertex 216 12 1
endloop
endfacet
facet normal 0 0 1
outer loop
vertex 212 11 1
vertex 216 12 1
vertex 212 12 1
endloop
endfacet
facet normal 0 -1 0
outer loop
vertex 212 11 0
vertex 216 11 0
vertex 216 11 1
endloop
endfacet
facet normal 0 -1 0
outer loop
vertex 212 11 0
vertex 216 11 1
vertex 212 11 1
endloop
endfacet
facet normal 1 0 0
outer loop
vertex 216 11 0
vertex 216 12 0
vertex 216 12 1
endloop
endfacet
facet normal 1 0 0
outer loop
vertex 216 11 0
vertex 216 12 1
vertex 216 11 1
endloop
endfacet
facet normal 0 1 0
outer loop
vertex 216 12 0
vertex 212 12 0
vertex 212 12 1
endloop
endfacet
facet normal 0 1 0
outer loop
vertex 216 12 0
vertex 212 12 1
vertex 216 12 1
endloop
endfacet
facet normal -1 0 0
outer loop
vertex 212 12 0
vertex 212 11 0
vertex 212 11 1
endloop
endfacet
facet normal -1 0 0
outer loop
vertex 212 12 0
vertex 212 11 1
vertex 212 12 1
endloop
endfacet
facet normal 0 0 -1
outer loop
vertex 219 11 0
vertex 223 12 0
vertex 223 11 0
endloop
endfacet
facet normal 0 0 -1
outer loop
vertex 219 11 0
vertex 219 12 0
vertex 223 12 0
endloop
endfacet
facet normal 0 0 1
outer loop
vertex 219 11 1
vertex 223 11 1
vertex 223 12 1
endloop
endfacet
facet normal 0 0 1
outer loop
vertex 219 11 1
vertex 223 12 1
vertex 219 12 1
endloop
endfacet
facet normal 0 -1 0
outer loop
vertex 219 11 0
vertex 223 11 0
vertex 223 11 1
endloop
endfacet
facet normal 0 -1 0
outer loop
vertex 219 11 0
vertex 223 11 1
vertex 219 11 1
endloop
endfacet
facet normal 1 0 0
outer loop
vertex 223 11 0
vertex 223 12 0
vertex 223 12 1
endloop
endfacet
facet normal 1 0 0
outer loop
vertex 223 11 0
vertex 223 12 1
vertex 223 11 1
endloop
endfacet
facet normal 0 1 0
outer loop
vertex 223 12 0
vertex 219 12 0
vertex 219 12 1
endloop
endfacet
facet normal 0 1 0
outer loop
vertex 223 12 0
vertex 219 12 1
vertex 223 12 1
endloop
endfacet
facet normal -1 0 0
outer loop
vertex 219 12 0
vertex 219 11 0
vertex 219 11 1
endloop
endfacet
facet normal -1 0 0
outer loop
vertex 219 12 0
vertex 219 11 1
vertex 219 12 1
endloop
endfacet
facet normal 0 0 -1
outer loop
vertex 236 11 0
vertex 241 12 0
vertex 241 11 0
endloop
endfacet
facet normal 0 0 -1
outer loop
vertex 236 11 0
vertex 236 12 0
vertex 241 12 0
endloop
endfacet
facet normal 0 0 1
outer loop
vertex 236 11 1
vertex 241 11 1
vertex 241 12 1
endloop
endfacet
facet normal 0 0 1
outer loop
vertex 236 11 1
vertex 241 12 1
vertex 236 12 1
endloop
endfacet
facet normal 0 -1 0
outer loop
vertex 236 11 0
vertex 241 11 0
vertex 241 11 1
endloop
endfacet
facet normal 0 -1 0
outer loop
vertex 236 11 0
vertex 241 11 1
vertex 236 11 1
endloop
endfacet
facet normal 1 0 0
outer loop
vertex 241 11 0
vertex 241 12 0
vertex 241 12 1
endloop
endfacet
facet normal 1 0 0
outer loop
vertex 241 11 0
vertex 241 12 1
vertex 241 11 1
endloop
endfacet
facet normal 0 1 0
outer loop
vertex 241 12 0
vertex 236 12 0
vertex 236 12 1
endloop
endfacet
facet normal 0 1 0
outer loop
vertex 241 12 0
vertex 236 12 1
vertex 241 12 1
endloop
endfacet
facet normal -1 0 0
outer loop
vertex 236 12 0
vertex 236 11 0
vertex 236 11 1
endloop
endfacet
facet normal -1 0 0
outer loop
vertex 236 12 0
vertex 236 11 1
vertex 236 12 1
endloop
endfacet
facet normal 0 0 -1
outer loop
vertex 255 11 0
vertex 260 12 0
vertex 260 11 0
endloop
endfacet
facet normal 0 0 -1
outer loop
vertex 255 11 0
vertex 255 12 0
vertex 260 12 0
endloop
endfacet
facet normal 0 0 1
outer loop
vertex 255 11 1
vertex 260 11 1
vertex 260 12 1
endloop
endfacet
facet normal 0 0 1
outer loop
vertex 255 11 1
vertex 260 12 1
vertex 255 12 1
endloop
endfacet
facet normal 0 -1 0
outer loop
vertex 255 11 0
vertex 260 11 0
vertex 260 11 1
endloop
endfacet
facet normal 0 -1 0
outer loop
vertex 255 11 0
vertex 260 11 1
vertex 255 11 1
endloop
endfacet
facet normal 1 0 0
outer loop
vertex 260 11 0
vertex 260 12 0
vertex 260 12 1
endloop
endfacet
facet normal 1 0 0
outer loop
vertex 260 11 0
vertex 260 12 1
vertex 260 11 1
endloop
endfacet
facet normal 0 1 0
outer loop
vertex 260 12 0
vertex 255 12 0
vertex 255 12 1
endloop
endfacet
facet normal 0 1 0
outer loop
vertex 260 12 0
vertex 255 12 1
vertex 260 12 1
endloop
endfacet
facet normal -1 0 0
outer loop
vertex 255 12 0
vertex 255 11 0
vertex 255 11 1
endloop
endfacet
facet normal -1 0 0
outer loop
vertex 255 12 0
vertex 255 11 1
vertex 255 12 1
endloop
endfacet
facet normal 0 0 -1
outer loop
vertex 293 11 0
vertex 314 12 0
vertex 314 11 0
endloop
endfacet
facet normal 0 0 -1
outer loop
vertex 293 11 0
vertex 293 12 0
vertex 314 12 0
endloop
endfacet
facet normal 0 0 1
outer loop
vertex 293 11 1
vertex 314 11 1
vertex 314 12 1
endloop
endfacet
facet normal 0 0 1
outer loop
vertex 293 11 1
vertex 314 12 1
vertex 293 12 1
endloop
endfacet
facet normal 0 -1 0
outer loop
vertex 293 11 0
vertex 314 11 0
vertex 314 11 1
endloop
endfacet
facet normal 0 -1 0
outer loop
vertex 293 11 0
vertex 314 11 1
vertex 293 11 1
endloop
endfacet
facet normal 1 0 0
outer loop
vertex 314 11 0
vertex 314 12 0
vertex 314 12 1
endloop
endfacet
facet normal 1 0 0
outer loop
vertex 314 11 0
vertex 314 12 1
vertex 314 11 1
endloop
endfacet
facet normal 0 1 0
outer loop
vertex 314 12 0
vertex 293 12 0
vertex 293 12 1
endloop
endfacet
facet normal 0 1 0
outer loop
vertex 314 12 0
vertex 293 12 1
vertex 314 12 1
endloop
endfacet
facet normal -1 0 0
outer loop
vertex 293 12 0
vertex 293 11 0
vertex 293 11 1
endloop
endfacet
facet normal -1 0 0
outer loop
vertex 293 12 0
vertex 293 11 1
vertex 293 12 1
endloop
endfacet
facet normal 0 0 -1
outer loop
vertex 317 11 0
vertex 329 12 0
vertex 329 11 0
endloop
endfacet
facet normal 0 0 -1
outer loop
vertex 317 11 0
vertex 317 12 0
vertex 329 12 0
endloop
endfacet
facet normal 0 0 1
outer loop
vertex 317 11 1
vertex 329 11 1
vertex 329 12 1
endloop
endfacet
facet normal 0 0 1
outer loop
vertex 317 11 1
vertex 329 12 1
vertex 317 12 1
endloop
endfacet
facet normal 0 -1 0
outer loop
vertex 317 11 0
vertex 329 11 0
vertex 329 11 1
endloop
endfacet
facet normal 0 -1 0
outer loop
vertex 317 11 0
vertex 329 11 1
vertex 317 11 1
endloop
endfacet
facet normal 1 0 0
outer loop
vertex 329 11 0
vertex 329 12 0
vertex 329 12 1
endloop
endfacet
facet normal 1 0 0
outer loop
vertex 329 11 0
vertex 329 12 1
vertex 329 11 1
endloop
endfacet
facet normal 0 1 0
outer loop
vertex 329 12 0
vertex 317 12 0
vertex 317 12 1
endloop
endfacet
facet normal 0 1 0
outer loop
vertex 329 12 0
vertex 317 12 1
vertex 329 12 1
endloop
endfacet
facet normal -1 0 0
outer loop
vertex 317 12 0
vertex 317 11 0
vertex 317 11 1
endloop
endfacet
facet normal -1 0 0
outer loop
vertex 317 12 0
vertex 317 11 1
vertex 317 12 1
endloop
endfacet
facet normal 0 0 -1
outer loop
vertex 113 12 0
vertex 118 13 0
vertex 118 12 0
endloop
endfacet
facet normal 0 0 -1
outer loop
vertex 113 12 0
vertex 113 13 0
vertex 118 13 0
endloop
endfacet
facet normal 0 0 1
outer loop
vertex 113 12 1
vertex 118 12 1
vertex 118 13 1
endloop
endfacet
facet normal 0 0 1
outer loop
vertex 113 12 1
vertex 118 13 1
vertex 113 13 1
endloop
endfacet
facet normal 0 -1 0
outer loop
vertex 113 12 0
vertex 118 12 0
vertex 118 12 1
endloop
endfacet
facet normal 0 -1 0
outer loop
vertex 113 12 0
vertex 118 12 1
vertex 113 12 1
endloop
endfacet
facet normal 1 0 0
outer loop
vertex 118 12 0
vertex 118 13 0
vertex 118 13 1
endloop
endfacet
facet normal 1 0 0
outer loop
vertex 118 12 0
vertex 118 13 1
vertex 118 12 1
endloop
endfacet
facet normal 0 1 0
outer loop
vertex 118 13 0
vertex 113 13 0
vertex 113 13 1
endloop
endfacet
facet normal 0 1 0
outer loop
vertex 118 13 0
vertex 113 13 1
vertex 118 13 1
endloop
endfacet
facet normal -1 0 0
outer loop
vertex 113 13 0
vertex 113 12 0
vertex 113 12 1
endloop
endfacet
facet normal -1 0 0
outer loop
vertex 113 13 0
vertex 113 12 1
vertex 113 13 1
endloop
endfacet
facet normal 0 0 -1
outer loop
vertex 135 12 0
vertex 153 13 0
vertex 153 12 0
endloop
endfacet
facet normal 0 0 -1
outer loop
vertex 135 12 0
vertex 135 13 0
vertex 153 13 0
endloop
endfacet
facet normal 0 0 1
outer loop
vertex 135 12 1
vertex 153 12 1
vertex 153 13 1
endloop
endfacet
facet normal 0 0 1
outer loop
vertex 135 12 1
vertex 153 13 1
vertex 135 13 1
endloop
endfacet
facet normal 0 -1 0
outer loop
vertex 135 12 0
vertex 153 12 0
vertex 153 12 1
endloop
endfacet
facet normal 0 -1 0
outer loop
vertex 135 12 0
vertex 153 12 1
vertex 135 12 1
endloop
endfacet
facet normal 1 0 0
outer loop
vertex 153 12 0
vertex 153 13 0
vertex 153 13 1
endloop
endfacet
facet normal 1 0 0
outer loop
vertex 153 12 0
vertex 153 13 1
vertex 153 12 1
endloop
endfacet
facet normal 0 1 0
outer loop
vertex 153 13 0
vertex 135 13 0
vertex 135 13 1
endloop
endfacet
facet normal 0 1 0
outer loop
vertex 153 13 0
vertex 135 13 1
vertex 153 13 1
endloop
endfacet
facet normal -1 0 0
outer loop
vertex 135 13 0
vertex 135 12 0
vertex 135 12 1
endloop
endfacet
facet normal -1 0 0
outer loop
vertex 135 13 0
vertex 135 12 1
vertex 135 13 1
endloop
endfacet
facet normal 0 0 -1
outer loop
vertex 159 12 0
vertex 164 13 0
vertex 164 12 0
endloop
endfacet
facet normal 0 0 -1
outer loop
vertex 159 12 0
vertex 159 13 0
vertex 164 13 0
endloop
endfacet
facet normal 0 0 1
outer loop
vertex 159 12 1
vertex 164 12 1
vertex 164 13 1
endloop
endfacet
facet normal 0 0 1
outer loop
vertex 159 12 1
vertex 164 13 1
vertex 159 13 1
endloop
endfacet
facet normal 0 -1 0
outer loop
vertex 159 12 0
vertex 164 12 0
vertex 164 12 1
endloop
endfacet
facet normal 0 -1 0
outer loop
vertex 159 12 0
vertex 164 12 1
vertex 159 12 1
endloop
endfacet
facet normal 1 0 0
outer loop
vertex 164 12 0
vertex 164 13 0
vertex 164 13 1
endloop
endfacet
facet normal 1 0 0
outer loop
vertex 164 12 0
vertex 164 13 1
vertex 164 12 1
endloop
endfacet
facet normal 0 1 0
outer loop
vertex 164 13 0
vertex 159 13 0
vertex 159 13 1
endloop
endfacet
facet normal 0 1 0
outer loop
vertex 164 13 0
vertex 159 13 1
vertex 164 13 1
endloop
endfacet
facet normal -1 0 0
outer loop
vertex 159 13 0
vertex 159 12 0
vertex 159 12 1
endloop
endfacet
facet normal -1 0 0
outer loop
vertex 159 13 0
vertex 159 12 1
vertex 159 13 1
endloop
endfacet
facet normal 0 0 -1
outer loop
vertex 176 12 0
vertex 180 13 0
vertex 180 12 0
endloop
endfacet
facet normal 0 0 -1
outer loop
vertex 176 12 0
vertex 176 13 0
vertex 180 13 0
endloop
endfacet
facet normal 0 0 1
outer loop
vertex 176 12 1
vertex 180 12 1
vertex 180 13 1
endloop
endfacet
facet normal 0 0 1
outer loop
vertex 176 12 1
vertex 180 13 1
vertex 176 13 1
endloop
endfacet
facet normal 0 -1 0
outer loop
vertex 176 12 0
vertex 180 12 0
vertex 180 12 1
endloop
endfacet
facet normal 0 -1 0
outer loop
vertex 176 12 0
vertex 180 12 1
vertex 176 12 1
endloop
endfacet
facet normal 1 0 0
outer loop
vertex 180 12 0
vertex 180 13 0
vertex 180 13 1
endloop
endfacet
facet normal 1 0 0
outer loop
vertex 180 12 0
vertex 180 13 1
vertex 180 12 1
endloop
endfacet
facet normal 0 1 0
outer loop
vertex 180 13 0
vertex 176 13 0
vertex 176 13 1
endloop
endfacet
facet normal 0 1 0
outer loop
vertex 180 13 0
vertex 176 13 1
vertex 180 13 1
endloop
endfacet
facet normal -1 0 0
outer loop
vertex 176 13 0
vertex 176 12 0
vertex 176 12 1
endloop
endfacet
facet normal -1 0 0
outer loop
vertex 176 13 0
vertex 176 12 1
vertex 176 13 1
endloop
endfacet
facet normal 0 0 -1
outer loop
vertex 187 12 0
vertex 205 13 0
vertex 205 12 0
endloop
endfacet
facet normal 0 0 -1
outer loop
vertex 187 12 0
vertex 187 13 0
vertex 205 13 0
endloop
endfacet
facet normal 0 0 1
outer loop
vertex 187 12 1
vertex 205 12 1
vertex 205 13 1
endloop
endfacet
facet normal 0 0 1
outer loop
vertex 187 12 1
vertex 205 13 1
vertex 187 13 1
endloop
endfacet
facet normal 0 -1 0
outer loop
vertex 187 12 0
vertex 205 12 0
vertex 205 12 1
endloop
endfacet
facet normal 0 -1 0
outer loop
vertex 187 12 0
vertex 205 12 1
vertex 187 12 1
endloop
endfacet
facet normal 1 0 0
outer loop
vertex 205 12 0
vertex 205 13 0
vertex 205 13 1
endloop
endfacet
facet normal 1 0 0
outer loop
vertex 205 12 0
vertex 205 13 1
vertex 205 12 1
endloop
endfacet
facet normal 0 1 0
outer loop
vertex 205 13 0
vertex 187 13 0
vertex 187 13 1
endloop
endfacet
facet normal 0 1 0
outer loop
vertex 205 13 0
vertex 187 13 1
vertex 205 13 1
endloop
endfacet
facet normal -1 0 0
outer loop
vertex 187 13 0
vertex 187 12 0
vertex 187 12 1
endloop
endfacet
facet normal -1 0 0
outer loop
vertex 187 13 0
vertex 187 12 1
vertex 187 13 1
endloop
endfacet
facet normal 0 0 -1
outer loop
vertex 212 12 0
vertex 216 13 0
vertex 216 12 0
endloop
endfacet
facet normal 0 0 -1
outer loop
vertex 212 12 0
vertex 212 13 0
vertex 216 13 0
endloop
endfacet
facet normal 0 0 1
outer loop
vertex 212 12 1
vertex 216 12 1
vertex 216 13 1
endloop
endfacet
facet normal 0 0 1
outer loop
vertex 212 12 1
vertex 216 13 1
vertex 212 13 1
endloop
endfacet
facet normal 0 -1 0
outer loop
vertex 212 12 0
vertex 216 12 0
vertex 216 12 1
endloop
endfacet
facet normal 0 -1 0
outer loop
vertex 212 12 0
vertex 216 12 1
vertex 212 12 1
endloop
endfacet
facet normal 1 0 0
outer loop
vertex 216 12 0
vertex 216 13 0
vertex 216 13 1
endloop
endfacet
facet normal 1 0 0
outer loop
vertex 216 12 0
vertex 216 13 1
vertex 216 12 1
endloop
endfacet
facet normal 0 1 0
outer loop
vertex 216 13 0
vertex 212 13 0
vertex 212 13 1
endloop
endfacet
facet normal 0 1 0
outer loop
vertex 216 13 0
vertex 212 13 1
vertex 216 13 1
endloop
endfacet
facet normal -1 0 0
outer loop
vertex 212 13 0
vertex 212 12 0
vertex 212 12 1
endloop
endfacet
facet normal -1 0 0
outer loop
vertex 212 13 0
vertex 212 12 1
vertex 212 13 1
endloop
endfacet
facet normal 0 0 -1
outer loop
vertex 219 12 0
vertex 224 13 0
vertex 224 12 0
endloop
endfacet
facet normal 0 0 -1
outer loop
vertex 219 12 0
vertex 219 13 0
vertex 224 13 0
endloop
endfacet
facet normal 0 0 1
outer loop
vertex 219 12 1
vertex 224 12 1
vertex 224 13 1
endloop
endfacet
facet normal 0 0 1
outer loop
vertex 219 12 1
vertex 224 13 1
vertex 219 13 1
endloop
endfacet
facet normal 0 -1 0
outer loop
vertex 219 12 0
vertex 224 12 0
vertex 224 12 1
endloop
endfacet
facet normal 0 -1 0
outer loop
vertex 219 12 0
vertex 224 12 1
vertex 219 12 1
endloop
endfacet
facet normal 1 0 0
outer loop
vertex 224 12 0
vertex 224 13 0
vertex 224 13 1
endloop
endfacet
facet normal 1 0 0
outer loop
vertex 224 12 0
vertex 224 13 1
vertex 224 12 1
endloop
endfacet
facet normal 0 1 0
outer loop
vertex 224 13 0
vertex 219 13 0
vertex 219 13 1
endloop
endfacet
facet normal 0 1 0
outer loop
vertex 224 13 0
vertex 219 13 1
vertex 224 13 1
endloop
endfacet
facet normal -1 0 0
outer loop
vertex 219 13 0
vertex 219 12 0
vertex 219 12 1
endloop
endfacet
facet normal -1 0 0
outer loop
vertex 219 13 0
vertex 219 12 1
vertex 219 13 1
endloop
endfacet
facet normal 0 0 -1
outer loop
vertex 235 12 0
vertex 240 13 0
vertex 240 12 0
endloop
endfacet
facet normal 0 0 -1
outer loop
vertex 235 12 0
vertex 235 13 0
vertex 240 13 0
endloop
endfacet
facet normal 0 0 1
outer loop
vertex 235 12 1
vertex 240 12 1
vertex 240 13 1
endloop
endfacet
facet normal 0 0 1
outer loop
vertex 235 12 1
vertex 240 13 1
vertex 235 13 1
endloop
endfacet
facet normal 0 -1 0
outer loop
vertex 235 12 0
vertex 240 12 0
vertex 240 12 1
endloop
endfacet
facet normal 0 -1 0
outer loop
vertex 235 12 0
vertex 240 12 1
vertex 235 12 1
endloop
endfacet
facet normal 1 0 0
outer loop
vertex 240 12 0
vertex 240 13 0
vertex 240 13 1
endloop
endfacet
facet normal 1 0 0
outer loop
vertex 240 12 0
vertex 240 13 1
vertex 240 12 1
endloop
endfacet
facet normal 0 1 0
outer loop
vertex 240 13 0
vertex 235 13 0
vertex 235 13 1
endloop
endfacet
facet normal 0 1 0
outer loop
vertex 240 13 0
vertex 235 13 1
vertex 240 13 1
endloop
endfacet
facet normal -1 0 0
outer loop
vertex 235 13 0
vertex 235 12 0
vertex 235 12 1
endloop
endfacet
facet normal -1 0 0
outer loop
vertex 235 13 0
vertex 235 12 1
vertex 235 13 1
endloop
endfacet
facet normal 0 0 -1
outer loop
vertex 254 12 0
vertex 259 13 0
vertex 259 12 0
endloop
endfacet
facet normal 0 0 -1
outer loop
vertex 254 12 0
vertex 254 13 0
vertex 259 13 0
endloop
endfacet
facet normal 0 0 1
outer loop
vertex 254 12 1
vertex 259 12 1
vertex 259 13 1
endloop
endfacet
facet normal 0 0 1
outer loop
vertex 254 12 1
vertex 259 13 1
vertex 254 13 1
endloop
endfacet
facet normal 0 -1 0
outer loop
vertex 254 12 0
vertex 259 12 0
vertex 259 12 1
endloop
endfacet
facet normal 0 -1 0
outer loop
vertex 254 12 0
vertex 259 12 1
vertex 254 12 1
endloop
endfacet
facet normal 1 0 0
outer loop
vertex 259 12 0
vertex 259 13 0
vertex 259 13 1
endloop
endfacet
facet normal 1 0 0
outer loop
vertex 259 12 0
vertex 259 13 1
vertex 259 12 1
endloop
endfacet
facet normal 0 1 0
outer loop
vertex 259 13 0
vertex 254 13 0
vertex 254 13 1
endloop
endfacet
facet normal 0 1 0
outer loop
vertex 259 13 0
vertex 254 13 1
vertex 259 13 1
endloop
endfacet
facet normal -1 0 0
outer loop
vertex 254 13 0
vertex 254 12 0
vertex 254 12 1
endloop
endfacet
facet normal -1 0 0
outer loop
vertex 254 13 0
vertex 254 12 1
vertex 254 13 1
endloop
endfacet
facet normal 0 0 -1
outer loop
vertex 292 12 0
vertex 314 13 0
vertex 314 12 0
endloop
endfacet
facet normal 0 0 -1
outer loop
vertex 292 12 0
vertex 292 13 0
vertex 314 13 0
endloop
endfacet
facet normal 0 0 1
outer loop
vertex 292 12 1
vertex 314 12 1
vertex 314 13 1
endloop
endfacet
facet normal 0 0 1
outer loop
vertex 292 12 1
vertex 314 13 1
vertex 292 13 1
endloop
endfacet
facet normal 0 -1 0
outer loop
vertex 292 12 0
vertex 314 12 0
vertex 314 12 1
endloop
endfacet
facet normal 0 -1 0
outer loop
vertex 292 12 0
vertex 314 12 1
vertex 292 12 1
endloop
endfacet
facet normal 1 0 0
outer loop
vertex 314 12 0
vertex 314 13 0
vertex 314 13 1
endloop
endfacet
facet normal 1 0 0
outer loop
vertex 314 12 0
vertex 314 13 1
vertex 314 12 1
endloop
endfacet
facet normal 0 1 0
outer loop
vertex 314 13 0
vertex 292 13 0
vertex 292 13 1
endloop
endfacet
facet normal 0 1 0
outer loop
vertex 314 13 0
vertex 292 13 1
vertex 314 13 1
endloop
endfacet
facet normal -1 0 0
outer loop
vertex 292 13 0
vertex 292 12 0
vertex 292 12 1
endloop
endfacet
facet normal -1 0 0
outer loop
vertex 292 13 0
vertex 292 12 1
vertex 292 13 1
endloop
endfacet
facet normal 0 0 -1
outer loop
vertex 317 12 0
vertex 328 13 0
vertex 328 12 0
endloop
endfacet
facet normal 0 0 -1
outer loop
vertex 317 12 0
vertex 317 13 0
vertex 328 13 0
endloop
endfacet
facet normal 0 0 1
outer loop
vertex 317 12 1
vertex 328 12 1
vertex 328 13 1
endloop
endfacet
facet normal 0 0 1
outer loop
vertex 317 12 1
vertex 328 13 1
vertex 317 13 1
endloop
endfacet
facet normal 0 -1 0
outer loop
vertex 317 12 0
vertex 328 12 0
vertex 328 12 1
endloop
endfacet
facet normal 0 -1 0
outer loop
vertex 317 12 0
vertex 328 12 1
vertex 317 12 1
endloop
endfacet
facet normal 1 0 0
outer loop
vertex 328 12 0
vertex 328 13 0
vertex 328 13 1
endloop
endfacet
facet normal 1 0 0
outer loop
vertex 328 12 0
vertex 328 13 1
vertex 328 12 1
endloop
endfacet
facet normal 0 1 0
outer loop
vertex 328 13 0
vertex 317 13 0
vertex 317 13 1
endloop
endfacet
facet normal 0 1 0
outer loop
vertex 328 13 0
vertex 317 13 1
vertex 328 13 1
endloop
endfacet
facet normal -1 0 0
outer loop
vertex 317 13 0
vertex 317 12 0
vertex 317 12 1
endloop
endfacet
facet normal -1 0 0
outer loop
vertex 317 13 0
vertex 317 12 1
vertex 317 13 1
endloop
endfacet
facet normal 0 0 -1
outer loop
vertex 113 13 0
vertex 118 14 0
vertex 118 13 0
endloop
endfacet
facet normal 0 0 -1
outer loop
vertex 113 13 0
vertex 113 14 0
vertex 118 14 0
endloop
endfacet
facet normal 0 0 1
outer loop
vertex 113 13 1
vertex 118 13 1
vertex 118 14 1
endloop
endfacet
facet normal 0 0 1
outer loop
vertex 113 13 1
vertex 118 14 1
vertex 113 14 1
endloop
endfacet
facet normal 0 -1 0
outer loop
vertex 113 13 0
vertex 118 13 0
vertex 118 13 1
endloop
endfacet
facet normal 0 -1 0
outer loop
vertex 113 13 0
vertex 118 13 1
vertex 113 13 1
endloop
endfacet
facet normal 1 0 0
outer loop
vertex 118 13 0
vertex 118 14 0
vertex 118 14 1
endloop
endfacet
facet normal 1 0 0
outer loop
vertex 118 13 0
vertex 118 14 1
vertex 118 13 1
endloop
endfacet
facet normal 0 1 0
outer loop
vertex 118 14 0
vertex 113 14 0
vertex 113 14 1
endloop
endfacet
facet normal 0 1 0
outer loop
vertex 118 14 0
vertex 113 14 1
vertex 118 14 1
endloop
endfacet
facet normal -1 0 0
outer loop
vertex 113 14 0
vertex 113 13 0
vertex 113 13 1
endloop
endfacet
facet normal -1 0 0
outer loop
vertex 113 14 0
vertex 113 13 1
vertex 113 14 1
endloop
endfacet
facet normal 0 0 -1
outer loop
vertex 134 13 0
vertex 142 14 0
vertex 142 13 0
endloop
endfacet
facet normal 0 0 -1
outer loop
vertex 134 13 0
vertex 134 14 0
vertex 142 14 0
endloop
endfacet
facet normal 0 0 1
outer loop
vertex 134 13 1
vertex 142 13 1
vertex 142 14 1
endloop
endfacet
facet normal 0 0 1
outer loop
vertex 134 13 1
vertex 142 14 1
vertex 134 14 1
endloop
endfacet
facet normal 0 -1 0
outer loop
vertex 134 13 0
vertex 142 13 0
vertex 142 13 1
endloop
endfacet
facet normal 0 -1 0
outer loop
vertex 134 13 0
vertex 142 13 1
vertex 134 13 1
endloop
endfacet
facet normal 1 0 0
outer loop
vertex 142 13 0
vertex 142 14 0
vertex 142 14 1
endloop
endfacet
facet normal 1 0 0
outer loop
vertex 142 13 0
vertex 142 14 1
vertex 142 13 1
endloop
endfacet
facet normal 0 1 0
outer loop
vertex 142 14 0
vertex 134 14 0
vertex 134 14 1
endloop
endfacet
facet normal 0 1 0
outer loop
vertex 142 14 0
vertex 134 14 1
vertex 142 14 1
endloop
endfacet
facet normal -1 0 0
outer loop
vertex 134 14 0
vertex 134 13 0
vertex 134 13 1
endloop
endfacet
facet normal -1 0 0
outer loop
vertex 134 14 0
vertex 134 13 1
vertex 134 14 1
endloop
endfacet
facet normal 0 0 -1
outer loop
vertex 146 13 0
vertex 154 14 0
vertex 154 13 0
endloop
endfacet
facet normal 0 0 -1
outer loop
vertex 146 13 0
vertex 146 14 0
vertex 154 14 0
endloop
endfacet
facet normal 0 0 1
outer loop
vertex 146 13 1
vertex 154 13 1
vertex 154 14 1
endloop
endfacet
facet normal 0 0 1
outer loop
vertex 146 13 1
vertex 154 14 1
vertex 146 14 1
endloop
endfacet
facet normal 0 -1 0
outer loop
vertex 146 13 0
vertex 154 13 0
vertex 154 13 1
endloop
endfacet
facet normal 0 -1 0
outer loop
vertex 146 13 0
vertex 154 13 1
vertex 146 13 1
endloop
endfacet
facet normal 1 0 0
outer loop
vertex 154 13 0
vertex 154 14 0
vertex 154 14 1
endloop
endfacet
facet normal 1 0 0
outer loop
vertex 154 13 0
vertex 154 14 1
vertex 154 13 1
endloop
endfacet
facet normal 0 1 0
outer loop
vertex 154 14 0
vertex 146 14 0
vertex 146 14 1
endloop
endfacet
facet normal 0 1 0
outer loop
vertex 154 14 0
vertex 146 14 1
vertex 154 14 1
endloop
endfacet
facet normal -1 0 0
outer loop
vertex 146 14 0
vertex 146 13 0
vertex 146 13 1
endloop
endfacet
facet normal -1 0 0
outer loop
vertex 146 14 0
vertex 146 13 1
vertex 146 14 1
endloop
endfacet
facet normal 0 0 -1
outer loop
vertex 160 13 0
vertex 165 14 0
vertex 165 13 0
endloop
endfacet
facet normal 0 0 -1
outer loop
vertex 160 13 0
vertex 160 14 0
vertex 165 14 0
endloop
endfacet
facet normal 0 0 1
outer loop
vertex 160 13 1
vertex 165 13 1
vertex 165 14 1
endloop
endfacet
facet normal 0 0 1
outer loop
vertex 160 13 1
vertex 165 14 1
vertex 160 14 1
endloop
endfacet
facet normal 0 -1 0
outer loop
vertex 160 13 0
vertex 165 13 0
vertex 165 13 1
endloop
endfacet
facet normal 0 -1 0
outer loop
vertex 160 13 0
vertex 165 13 1
vertex 160 13 1
endloop
endfacet
facet normal 1 0 0
outer loop
vertex 165 13 0
vertex 165 14 0
vertex 165 14 1
endloop
endfacet
facet normal 1 0 0
outer loop
vertex 165 13 0
vertex 165 14 1
vertex 165 13 1
endloop
endfacet
facet normal 0 1 0
outer loop
vertex 165 14 0
vertex 160 14 0
vertex 160 14 1
endloop
endfacet
facet normal 0 1 0
outer loop
vertex 165 14 0
vertex 160 14 1
vertex 165 14 1
endloop
endfacet
facet normal -1 0 0
outer loop
vertex 160 14 0
vertex 160 13 0
vertex 160 13 1
endloop
endfacet
facet normal -1 0 0
outer loop
vertex 160 14 0
vertex 160 13 1
vertex 160 14 1
endloop
endfacet
facet normal 0 0 -1
outer loop
vertex 175 13 0
vertex 180 14 0
vertex 180 13 0
endloop
endfacet
facet normal 0 0 -1
outer loop
vertex 175 13 0
vertex 175 14 0
vertex 180 14 0
endloop
endfacet
facet normal 0 0 1
outer loop
vertex 175 13 1
vertex 180 13 1
vertex 180 14 1
endloop
endfacet
facet normal 0 0 1
outer loop
vertex 175 13 1
vertex 180 14 1
vertex 175 14 1
endloop
endfacet
facet normal 0 -1 0
outer loop
vertex 175 13 0
vertex 180 13 0
vertex 180 13 1
endloop
endfacet
facet normal 0 -1 0
outer loop
vertex 175 13 0
vertex 180 13 1
vertex 175 13 1
endloop
endfacet
facet normal 1 0 0
outer loop
vertex 180 13 0
vertex 180 14 0
vertex 180 14 1
endloop
endfacet
facet normal 1 0 0
outer loop
vertex 180 13 0
vertex 180 14 1
vertex 180 13 1
endloop
endfacet
facet normal 0 1 0
outer loop
vertex 180 14 0
vertex 175 14 0
vertex 175 14 1
endloop
endfacet
facet normal 0 1 0
outer loop
vertex 180 14 0
vertex 175 14 1
vertex 180 14 1
endloop
endfacet
facet normal -1 0 0
outer loop
vertex 175 14 0
vertex 175 13 0
vertex 175 13 1
endloop
endfacet
facet normal -1 0 0
outer loop
vertex 175 14 0
vertex 175 13 1
vertex 175 14 1
endloop
endfacet
facet normal 0 0 -1
outer loop
vertex 186 13 0
vertex 193 14 0
vertex 193 13 0
endloop
endfacet
facet normal 0 0 -1
outer loop
vertex 186 13 0
vertex 186 14 0
vertex 193 14 0
endloop
endfacet
facet normal 0 0 1
outer loop
vertex 186 13 1
vertex 193 13 1
vertex 193 14 1
endloop
endfacet
facet normal 0 0 1
outer loop
vertex 186 13 1
vertex 193 14 1
vertex 186 14 1
endloop
endfacet
facet normal 0 -1 0
outer loop
vertex 186 13 0
vertex 193 13 0
vertex 193 13 1
endloop
endfacet
facet normal 0 -1 0
outer loop
vertex 186 13 0
vertex 193 13 1
vertex 186 13 1
endloop
endfacet
facet normal 1 0 0
outer loop
vertex 193 13 0
vertex 193 14 0
vertex 193 14 1
endloop
endfacet
facet normal 1 0 0
outer loop
vertex 193 13 0
vertex 193 14 1
vertex 193 13 1
endloop
endfacet
facet normal 0 1 0
outer loop
vertex 193 14 0
vertex 186 14 0
vertex 186 14 1
endloop
endfacet
facet normal 0 1 0
outer loop
vertex 193 14 0
vertex 186 14 1
vertex 193 14 1
endloop
endfacet
facet normal -1 0 0
outer loop
vertex 186 14 0
vertex 186 13 0
vertex 186 13 1
endloop
endfacet
facet normal -1 0 0
outer loop
vertex 186 14 0
vertex 186 13 1
vertex 186 14 1
endloop
endfacet
facet normal 0 0 -1
outer loop
vertex 199 13 0
vertex 206 14 0
vertex 206 13 0
endloop
endfacet
facet normal 0 0 -1
outer loop
vertex 199 13 0
vertex 199 14 0
vertex 206 14 0
endloop
endfacet
facet normal 0 0 1
outer loop
vertex 199 13 1
vertex 206 13 1
vertex 206 14 1
endloop
endfacet
facet normal 0 0 1
outer loop
vertex 199 13 1
vertex 206 14 1
vertex 199 14 1
endloop
endfacet
facet normal 0 -1 0
outer loop
vertex 199 13 0
vertex 206 13 0
vertex 206 13 1
endloop
endfacet
facet normal 0 -1 0
outer loop
vertex 199 13 0
vertex 206 13 1
vertex 199 13 1
endloop
endfacet
facet normal 1 0 0
outer loop
vertex 206 13 0
vertex 206 14 0
vertex 206 14 1
endloop
endfacet
facet normal 1 0 0
outer loop
vertex 206 13 0
vertex 206 14 1
vertex 206 13 1
endloop
endfacet
facet normal 0 1 0
outer loop
vertex 206 14 0
vertex 199 14 0
vertex 199 14 1
endloop
endfacet
facet normal 0 1 0
outer loop
vertex 206 14 0
vertex 199 14 1
vertex 206 14 1
endloop
endfacet
facet normal -1 0 0
outer loop
vertex 199 14 0
vertex 199 13 0
vertex 199 13 1
endloop
endfacet
facet normal -1 0 0
outer loop
vertex 199 14 0
vertex 199 13 1
vertex 199 14 1
endloop
endfacet
facet normal 0 0 -1
outer loop
vertex 212 13 0
vertex 216 14 0
vertex 216 13 0
endloop
endfacet
facet normal 0 0 -1
outer loop
vertex 212 13 0
vertex 212 14 0
vertex 216 14 0
endloop
endfacet
facet normal 0 0 1
outer loop
vertex 212 13 1
vertex 216 13 1
vertex 216 14 1
endloop
endfacet
facet normal 0 0 1
outer loop
vertex 212 13 1
vertex 216 14 1
vertex 212 14 1
endloop
endfacet
facet normal 0 -1 0
outer loop
vertex 212 13 0
vertex 216 13 0
vertex 216 13 1
endloop
endfacet
facet normal 0 -1 0
outer loop
vertex 212 13 0
vertex 216 13 1
vertex 212 13 1
endloop
endfacet
facet normal 1 0 0
outer loop
vertex 216 13 0
vertex 216 14 0
vertex 216 14 1
endloop
endfacet
facet normal 1 0 0
outer loop
vertex 216 13 0
vertex 216 14 1
vertex 216 13 1
endloop
endfacet
facet normal 0 1 0
outer loop
vertex 216 14 0
vertex 212 14 0
vertex 212 14 1
endloop
endfacet
facet normal 0 1 0
outer loop
vertex 216 14 0
vertex 212 14 1
vertex 216 14 1
endloop
endfacet
facet normal -1 0 0
outer loop
vertex 212 14 0
vertex 212 13 0
vertex 212 13 1
endloop
endfacet
facet normal -1 0 0
outer loop
vertex 212 14 0
vertex 212 13 1
vertex 212 14 1
endloop
endfacet
facet normal 0 0 -1
outer loop
vertex 220 13 0
vertex 224 14 0
vertex 224 13 0
endloop
endfacet
facet normal 0 0 -1
outer loop
vertex 220 13 0
vertex 220 14 0
vertex 224 14 0
endloop
endfacet
facet normal 0 0 1
outer loop
vertex 220 13 1
vertex 224 13 1
vertex 224 14 1
endloop
endfacet
facet normal 0 0 1
outer loop
vertex 220 13 1
vertex 224 14 1
vertex 220 14 1
endloop
endfacet
facet normal 0 -1 0
outer loop
vertex 220 13 0
vertex 224 13 0
vertex 224 13 1
endloop
endfacet
facet normal 0 -1 0
outer loop
vertex 220 13 0
vertex 224 13 1
vertex 220 13 1
endloop
endfacet
facet normal 1 0 0
outer loop
vertex 224 13 0
vertex 224 14 0
vertex 224 14 1
endloop
endfacet
facet normal 1 0 0
outer loop
vertex 224 13 0
vertex 224 14 1
vertex 224 13 1
endloop
endfacet
facet normal 0 1 0
outer loop
vertex 224 14 0
vertex 220 14 0
vertex 220 14 1
endloop
endfacet
facet normal 0 1 0
outer loop
vertex 224 14 0
vertex 220 14 1
vertex 224 14 1
endloop
endfacet
facet normal -1 0 0
outer loop
vertex 220 14 0
vertex 220 13 0
vertex 220 13 1
endloop
endfacet
facet normal -1 0 0
outer loop
vertex 220 14 0
vertex 220 13 1
vertex 220 14 1
endloop
endfacet
facet normal 0 0 -1
outer loop
vertex 235 13 0
vertex 240 14 0
vertex 240 13 0
endloop
endfacet
facet normal 0 0 -1
outer loop
vertex 235 13 0
vertex 235 14 0
vertex 240 14 0
endloop
endfacet
facet normal 0 0 1
outer loop
vertex 235 13 1
vertex 240 13 1
vertex 240 14 1
endloop
endfacet
facet normal 0 0 1
outer loop
vertex 235 13 1
vertex 240 14 1
vertex 235 14 1
endloop
endfacet
facet normal 0 -1 0
outer loop
vertex 235 13 0
vertex 240 13 0
vertex 240 13 1
endloop
endfacet
facet normal 0 -1 0
outer loop
vertex 235 13 0
vertex 240 13 1
vertex 235 13 1
endloop
endfacet
facet normal 1 0 0
outer loop
vertex 240 13 0
vertex 240 14 0
vertex 240 14 1
endloop
endfacet
facet normal 1 0 0
outer loop
vertex 240 13 0
vertex 240 14 1
vertex 240 13 1
endloop
endfacet
facet normal 0 1 0
outer loop
vertex 240 14 0
vertex 235 14 0
vertex 235 14 1
endloop
endfacet
facet normal 0 1 0
outer loop
vertex 240 14 0
vertex 235 14 1
vertex 240 14 1
endloop
endfacet
facet normal -1 0 0
outer loop
vertex 235 14 0
vertex 235 13 0
vertex 235 13 1
endloop
endfacet
facet normal -1 0 0
outer loop
vertex 235 14 0
vertex 235 13 1
vertex 235 14 1
endloop
endfacet
facet normal 0 0 -1
outer loop
vertex 254 13 0
vertex 259 14 0
vertex 259 13 0
endloop
endfacet
facet normal 0 0 -1
outer loop
vertex 254 13 0
vertex 254 14 0
vertex 259 14 0
endloop
endfacet
facet normal 0 0 1
outer loop
vertex 254 13 1
vertex 259 13 1
vertex 259 14 1
endloop
endfacet
facet normal 0 0 1
outer loop
vertex 254 13 1
vertex 259 14 1
vertex 254 14 1
endloop
endfacet
facet normal 0 -1 0
outer loop
vertex 254 13 0
vertex 259 13 0
vertex 259 13 1
endloop
endfacet
facet normal 0 -1 0
outer loop
vertex 254 13 0
vertex 259 13 1
vertex 254 13 1
endloop
endfacet
facet normal 1 0 0
outer loop
vertex 259 13 0
vertex 259 14 0
vertex 259 14 1
endloop
endfacet
facet normal 1 0 0
outer loop
vertex 259 13 0
vertex 259 14 1
vertex 259 13 1
endloop
endfacet
facet normal 0 1 0
outer loop
vertex 259 14 0
vertex 254 14 0
vertex 254 14 1
endloop
endfacet
facet normal 0 1 0
outer loop
vertex 259 14 0
vertex 254 14 1
vertex 259 14 1
endloop
endfacet
facet normal -1 0 0
outer loop
vertex 254 14 0
vertex 254 13 0
vertex 254 13 1
endloop
endfacet
facet normal -1 0 0
outer loop
vertex 254 14 0
vertex 254 13 1
vertex 254 14 1
endloop
endfacet
facet normal 0 0 -1
outer loop
vertex 291 13 0
vertex 299 14 0
vertex 299 13 0
endloop
endfacet
facet normal 0 0 -1
outer loop
vertex 291 13 0
vertex 291 14 0
vertex 299 14 0
endloop
endfacet
facet normal 0 0 1
outer loop
vertex 291 13 1
vertex 299 13 1
vertex 299 14 1
endloop
endfacet
facet normal 0 0 1
outer loop
vertex 291 13 1
vertex 299 14 1
vertex 291 14 1
endloop
endfacet
facet normal 0 -1 0
outer loop
vertex 291 13 0
vertex 299 13 0
vertex 299 13 1
endloop
endfacet
facet normal 0 -1 0
outer loop
vertex 291 13 0
vertex 299 13 1
vertex 291 13 1
endloop
endfacet
facet normal 1 0 0
outer loop
vertex 299 13 0
vertex 299 14 0
vertex 299 14 1
endloop
endfacet
facet normal 1 0 0
outer loop
vertex 299 13 0
vertex 299 14 1
vertex 299 13 1
endloop
endfacet
facet normal 0 1 0
outer loop
vertex 299 14 0
vertex 291 14 0
vertex 291 14 1
endloop
endfacet
facet normal 0 1 0
outer loop
vertex 299 14 0
vertex 291 14 1
vertex 299 14 1
endloop
endfacet
facet normal -1 0 0
outer loop
vertex 291 14 0
vertex 291 13 0
vertex 291 13 1
endloop
endfacet
facet normal -1 0 0
outer loop
vertex 291 14 0
vertex 291 13 1
vertex 291 14 1
endloop
endfacet
facet normal 0 0 -1
outer loop
vertex 304 13 0
vertex 314 14 0
vertex 314 13 0
endloop
endfacet
facet normal 0 0 -1
outer loop
vertex 304 13 0
vertex 304 14 0
vertex 314 14 0
endloop
endfacet
facet normal 0 0 1
outer loop
vertex 304 13 1
vertex 314 13 1
vertex 314 14 1
endloop
endfacet
facet normal 0 0 1
outer loop
vertex 304 13 1
vertex 314 14 1
vertex 304 14 1
endloop
endfacet
facet normal 0 -1 0
outer loop
vertex 304 13 0
vertex 314 13 0
vertex 314 13 1
endloop
endfacet
facet normal 0 -1 0
outer loop
vertex 304 13 0
vertex 314 13 1
vertex 304 13 1
endloop
endfacet
facet normal 1 0 0
outer loop
vertex 314 13 0
vertex 314 14 0
vertex 314 14 1
endloop
endfacet
facet normal 1 0 0
outer loop
vertex 314 13 0
vertex 314 14 1
vertex 314 13 1
endloop
endfacet
facet normal 0 1 0
outer loop
vertex 314 14 0
vertex 304 14 0
vertex 304 14 1
endloop
endfacet
facet normal 0 1 0
outer loop
vertex 314 14 0
vertex 304 14 1
vertex 314 14 1
endloop
endfacet
facet normal -1 0 0
outer loop
vertex 304 14 0
vertex 304 13 0
vertex 304 13 1
endloop
endfacet
facet normal -1 0 0
outer loop
vertex 304 14 0
vertex 304 13 1
vertex 304 14 1
endloop
endfacet
facet normal 0 0 -1
outer loop
vertex 317 13 0
vertex 325 14 0
vertex 325 13 0
endloop
endfacet
facet normal 0 0 -1
outer loop
vertex 317 13 0
vertex 317 14 0
vertex 325 14 0
endloop
endfacet
facet normal 0 0 1
outer loop
vertex 317 13 1
vertex 325 13 1
vertex 325 14 1
endloop
endfacet
facet normal 0 0 1
outer loop
vertex 317 13 1
vertex 325 14 1
vertex 317 14 1
endloop
endfacet
facet normal 0 -1 0
outer loop
vertex 317 13 0
vertex 325 13 0
vertex 325 13 1
endloop
endfacet
facet normal 0 -1 0
outer loop
vertex 317 13 0
vertex 325 13 1
vertex 317 13 1
endloop
endfacet
facet normal 1 0 0
outer loop
vertex 325 13 0
vertex 325 14 0
vertex 325 14 1
endloop
endfacet
facet normal 1 0 0
outer loop
vertex 325 13 0
vertex 325 14 1
vertex 325 13 1
endloop
endfacet
facet normal 0 1 0
outer loop
vertex 325 14 0
vertex 317 14 0
vertex 317 14 1
endloop
endfacet
facet normal 0 1 0
outer loop
vertex 325 14 0
vertex 317 14 1
vertex 325 14 1
endloop
endfacet
facet normal -1 0 0
outer loop
vertex 317 14 0
vertex 317 13 0
vertex 317 13 1
endloop
endfacet
facet normal -1 0 0
outer loop
vertex 317 14 0
vertex 317 13 1
vertex 317 14 1
endloop
endfacet
facet normal 0 0 -1
outer loop
vertex 113 14 0
vertex 118 15 0
vertex 118 14 0
endloop
endfacet
facet normal 0 0 -1
outer loop
vertex 113 14 0
vertex 113 15 0
vertex 118 15 0
endloop
endfacet
facet normal 0 0 1
outer loop
vertex 113 14 1
vertex 118 14 1
vertex 118 15 1
endloop
endfacet
facet normal 0 0 1
outer loop
vertex 113 14 1
vertex 118 15 1
vertex 113 15 1
endloop
endfacet
facet normal 0 -1 0
outer loop
vertex 113 14 0
vertex 118 14 0
vertex 118 14 1
endloop
endfacet
facet normal 0 -1 0
outer loop
vertex 113 14 0
vertex 118 14 1
vertex 113 14 1
endloop
endfacet
facet normal 1 0 0
outer loop
vertex 118 14 0
vertex 118 15 0
vertex 118 15 1
endloop
endfacet
facet normal 1 0 0
outer loop
vertex 118 14 0
vertex 118 15 1
vertex 118 14 1
endloop
endfacet
facet normal 0 1 0
outer loop
vertex 118 15 0
vertex 113 15 0
vertex 113 15 1
endloop
endfacet
facet normal 0 1 0
outer loop
vertex 118 15 0
vertex 113 15 1
vertex 118 15 1
endloop
endfacet
facet normal -1 0 0
outer loop
vertex 113 15 0
vertex 113 14 0
vertex 113 14 1
endloop
endfacet
facet normal -1 0 0
outer loop
vertex 113 15 0
vertex 113 14 1
vertex 113 15 1
endloop
endfacet
facet normal 0 0 -1
outer loop
vertex 133 14 0
vertex 140 15 0
vertex 140 14 0
endloop
endfacet
facet normal 0 0 -1
outer loop
vertex 133 14 0
vertex 133 15 0
vertex 140 15 0
endloop
endfacet
facet normal 0 0 1
outer loop
vertex 133 14 1
vertex 140 14 1
vertex 140 15 1
endloop
endfacet
facet normal 0 0 1
outer loop
vertex 133 14 1
vertex 140 15 1
vertex 133 15 1
endloop
endfacet
facet normal 0 -1 0
outer loop
vertex 133 14 0
vertex 140 14 0
vertex 140 14 1
endloop
endfacet
facet normal 0 -1 0
outer loop
vertex 133 14 0
vertex 140 14 1
vertex 133 14 1
endloop
endfacet
facet normal 1 0 0
outer loop
vertex 140 14 0
vertex 140 15 0
vertex 140 15 1
endloop
endfacet
facet normal 1 0 0
outer loop
vertex 140 14 0
vertex 140 15 1
vertex 140 14 1
endloop
endfacet
facet normal 0 1 0
outer loop
vertex 140 15 0
vertex 133 15 0
vertex 133 15 1
endloop
endfacet
facet normal 0 1 0
outer loop
vertex 140 15 0
vertex 133 15 1
vertex 140 15 1
endloop
endfacet
facet normal -1 0 0
outer loop
vertex 133 15 0
vertex 133 14 0
vertex 133 14 1
endloop
endfacet
facet normal -1 0 0
outer loop
vertex 133 15 0
vertex 133 14 1
vertex 133 15 1
endloop
endfacet
facet normal 0 0 -1
outer loop
vertex 148 14 0
vertex 155 15 0
vertex 155 14 0
endloop
endfacet
facet normal 0 0 -1
outer loop
vertex 148 14 0
vertex 148 15 0
vertex 155 15 0
endloop
endfacet
facet normal 0 0 1
outer loop
vertex 148 14 1
vertex 155 14 1
vertex 155 15 1
endloop
endfacet
facet normal 0 0 1
outer loop
vertex 148 14 1
vertex 155 15 1
vertex 148 15 1
endloop
endfacet
facet normal 0 -1 0
outer loop
vertex 148 14 0
vertex 155 14 0
vertex 155 14 1
endloop
endfacet
facet normal 0 -1 0
outer loop
vertex 148 14 0
vertex 155 14 1
vertex 148 14 1
endloop
endfacet
facet normal 1 0 0
outer loop
vertex 155 14 0
vertex 155 15 0
vertex 155 15 1
endloop
endfacet
facet normal 1 0 0
outer loop
vertex 155 14 0
vertex 155 15 1
vertex 155 14 1
endloop
endfacet
facet normal 0 1 0
outer loop
vertex 155 15 0
vertex 148 15 0
vertex 148 15 1
endloop
endfacet
facet normal 0 1 0
outer loop
vertex 155 15 0
vertex 148 15 1
vertex 155 15 1
endloop
endfacet
facet normal -1 0 0
outer loop
vertex 148 15 0
vertex 148 14 0
vertex 148 14 1
endloop
endfacet
facet normal -1 0 0
outer loop
vertex 148 15 0
vertex 148 14 1
vertex 148 15 1
endloop
endfacet
facet normal 0 0 -1
outer loop
vertex 160 14 0
vertex 165 15 0
vertex 165 14 0
endloop
endfacet
facet normal 0 0 -1
outer loop
vertex 160 14 0
vertex 160 15 0
vertex 165 15 0
endloop
endfacet
facet normal 0 0 1
outer loop
vertex 160 14 1
vertex 165 14 1
vertex 165 15 1
endloop
endfacet
facet normal 0 0 1
outer loop
vertex 160 14 1
vertex 165 15 1
vertex 160 15 1
endloop
endfacet
facet normal 0 -1 0
outer loop
vertex 160 14 0
vertex 165 14 0
vertex 165 14 1
endloop
endfacet
facet normal 0 -1 0
outer loop
vertex 160 14 0
vertex 165 14 1
vertex 160 14 1
endloop
endfacet
facet normal 1 0 0
outer loop
vertex 165 14 0
vertex 165 15 0
vertex 165 15 1
endloop
endfacet
facet normal 1 0 0
outer loop
vertex 165 14 0
vertex 165 15 1
vertex 165 14 1
endloop
endfacet
facet normal 0 1 0
outer loop
vertex 165 15 0
vertex 160 15 0
vertex 160 15 1
endloop
endfacet
facet normal 0 1 0
outer loop
vertex 165 15 0
vertex 160 15 1
vertex 165 15 1
endloop
endfacet
facet normal -1 0 0
outer loop
vertex 160 15 0
vertex 160 14 0
vertex 160 14 1
endloop
endfacet
facet normal -1 0 0
outer loop
vertex 160 15 0
vertex 160 14 1
vertex 160 15 1
endloop
endfacet
facet normal 0 0 -1
outer loop
vertex 175 14 0
vertex 179 15 0
vertex 179 14 0
endloop
endfacet
facet normal 0 0 -1
outer loop
vertex 175 14 0
vertex 175 15 0
vertex 179 15 0
endloop
endfacet
facet normal 0 0 1
outer loop
vertex 175 14 1
vertex 179 14 1
vertex 179 15 1
endloop
endfacet
facet normal 0 0 1
outer loop
vertex 175 14 1
vertex 179 15 1
vertex 175 15 1
endloop
endfacet
facet normal 0 -1 0
outer loop
vertex 175 14 0
vertex 179 14 0
vertex 179 14 1
endloop
endfacet
facet normal 0 -1 0
outer loop
vertex 175 14 0
vertex 179 14 1
vertex 175 14 1
endloop
endfacet
facet normal 1 0 0
outer loop
vertex 179 14 0
vertex 179 15 0
vertex 179 15 1
endloop
endfacet
facet normal 1 0 0
outer loop
vertex 179 14 0
vertex 179 15 1
vertex 179 14 1
endloop
endfacet
facet normal 0 1 0
outer loop
vertex 179 15 0
vertex 175 15 0
vertex 175 15 1
endloop
endfacet
facet normal 0 1 0
outer loop
vertex 179 15 0
vertex 175 15 1
vertex 179 15 1
endloop
endfacet
facet normal -1 0 0
outer loop
vertex 175 15 0
vertex 175 14 0
vertex 175 14 1
endloop
endfacet
facet normal -1 0 0
outer loop
vertex 175 15 0
vertex 175 14 1
vertex 175 15 1
endloop
endfacet
facet normal 0 0 -1
outer loop
vertex 185 14 0
vertex 191 15 0
vertex 191 14 0
endloop
endfacet
facet normal 0 0 -1
outer loop
vertex 185 14 0
vertex 185 15 0
vertex 191 15 0
endloop
endfacet
facet normal 0 0 1
outer loop
vertex 185 14 1
vertex 191 14 1
vertex 191 15 1
endloop
endfacet
facet normal 0 0 1
outer loop
vertex 185 14 1
vertex 191 15 1
vertex 185 15 1
endloop
endfacet
facet normal 0 -1 0
outer loop
vertex 185 14 0
vertex 191 14 0
vertex 191 14 1
endloop
endfacet
facet normal 0 -1 0
outer loop
vertex 185 14 0
vertex 191 14 1
vertex 185 14 1
endloop
endfacet
facet normal 1 0 0
outer loop
vertex 191 14 0
vertex 191 15 0
vertex 191 15 1
endloop
endfacet
facet normal 1 0 0
outer loop
vertex 191 14 0
vertex 191 15 1
vertex 191 14 1
endloop
endfacet
facet normal 0 1 0
outer loop
vertex 191 15 0
vertex 185 15 0
vertex 185 15 1
endloop
endfacet
facet normal 0 1 0
outer loop
vertex 191 15 0
vertex 185 15 1
vertex 191 15 1
endloop
endfacet
facet normal -1 0 0
outer loop
vertex 185 15 0
vertex 185 14 0
vertex 185 14 1
endloop
endfacet
facet normal -1 0 0
outer loop
vertex 185 15 0
vertex 185 14 1
vertex 185 15 1
endloop
endfacet
facet normal 0 0 -1
outer loop
vertex 201 14 0
vertex 207 15 0
vertex 207 14 0
endloop
endfacet
facet normal 0 0 -1
outer loop
vertex 201 14 0
vertex 201 15 0
vertex 207 15 0
endloop
endfacet
facet normal 0 0 1
outer loop
vertex 201 14 1
vertex 207 14 1
vertex 207 15 1
endloop
endfacet
facet normal 0 0 1
outer loop
vertex 201 14 1
vertex 207 15 1
vertex 201 15 1
endloop
endfacet
facet normal 0 -1 0
outer loop
vertex 201 14 0
vertex 207 14 0
vertex 207 14 1
endloop
endfacet
facet normal 0 -1 0
outer loop
vertex 201 14 0
vertex 207 14 1
vertex 201 14 1
endloop
endfacet
facet normal 1 0 0
outer loop
vertex 207 14 0
vertex 207 15 0
vertex 207 15 1
endloop
endfacet
facet normal 1 0 0
outer loop
vertex 207 14 0
vertex 207 15 1
vertex 207 14 1
endloop
endfacet
facet normal 0 1 0
outer loop
vertex 207 15 0
vertex 201 15 0
vertex 201 15 1
endloop
endfacet
facet normal 0 1 0
outer loop
vertex 207 15 0
vertex 201 15 1
vertex 207 15 1
endloop
endfacet
facet normal -1 0 0
outer loop
vertex 201 15 0
vertex 201 14 0
vertex 201 14 1
endloop
endfacet
facet normal -1 0 0
outer loop
vertex 201 15 0
vertex 201 14 1
vertex 201 15 1
endloop
endfacet
facet normal 0 0 -1
outer loop
vertex 212 14 0
vertex 216 15 0
vertex 216 14 0
endloop
endfacet
facet normal 0 0 -1
outer loop
vertex 212 14 0
vertex 212 15 0
vertex 216 15 0
endloop
endfacet
facet normal 0 0 1
outer loop
vertex 212 14 1
vertex 216 14 1
vertex 216 15 1
endloop
endfacet
facet normal 0 0 1
outer loop
vertex 212 14 1
vertex 216 15 1
vertex 212 15 1
endloop
endfacet
facet normal 0 -1 0
outer loop
vertex 212 14 0
vertex 216 14 0
vertex 216 14 1
endloop
endfacet
facet normal 0 -1 0
outer loop
vertex 212 14 0
vertex 216 14 1
vertex 212 14 1
endloop
endfacet
facet normal 1 0 0
outer loop
vertex 216 14 0
vertex 216 15 0
vertex 216 15 1
endloop
endfacet
facet normal 1 0 0
outer loop
vertex 216 14 0
vertex 216 15 1
vertex 216 14 1
endloop
endfacet
facet normal 0 1 0
outer loop
vertex 216 15 0
vertex 212 15 0
vertex 212 15 1
endloop
endfacet
facet normal 0 1 0
outer loop
vertex 216 15 0
vertex 212 15 1
vertex 216 15 1
endloop
endfacet
facet normal -1 0 0
outer loop
vertex 212 15 0
vertex 212 14 0
vertex 212 14 1
endloop
endfacet
facet normal -1 0 0
outer loop
vertex 212 15 0
vertex 212 14 1
vertex 212 15 1
endloop
endfacet
facet normal 0 0 -1
outer loop
vertex 220 14 0
vertex 225 15 0
vertex 225 14 0
endloop
endfacet
facet normal 0 0 -1
outer loop
vertex 220 14 0
vertex 220 15 0
vertex 225 15 0
endloop
endfacet
facet normal 0 0 1
outer loop
vertex 220 14 1
vertex 225 14 1
vertex 225 15 1
endloop
endfacet
facet normal 0 0 1
outer loop
vertex 220 14 1
vertex 225 15 1
vertex 220 15 1
endloop
endfacet
facet normal 0 -1 0
outer loop
vertex 220 14 0
vertex 225 14 0
vertex 225 14 1
endloop
endfacet
facet normal 0 -1 0
outer loop
vertex 220 14 0
vertex 225 14 1
vertex 220 14 1
endloop
endfacet
facet normal 1 0 0
outer loop
vertex 225 14 0
vertex 225 15 0
vertex 225 15 1
endloop
endfacet
facet normal 1 0 0
outer loop
vertex 225 14 0
vertex 225 15 1
vertex 225 14 1
endloop
endfacet
facet normal 0 1 0
outer loop
vertex 225 15 0
vertex 220 15 0
vertex 220 15 1
endloop
endfacet
facet normal 0 1 0
outer loop
vertex 225 15 0
vertex 220 15 1
vertex 225 15 1
endloop
endfacet
facet normal -1 0 0
outer loop
vertex 220 15 0
vertex 220 14 0
vertex 220 14 1
endloop
endfacet
facet normal -1 0 0
outer loop
vertex 220 15 0
vertex 220 14 1
vertex 220 15 1
endloop
endfacet
facet normal 0 0 -1
outer loop
vertex 235 14 0
vertex 239 15 0
vertex 239 14 0
endloop
endfacet
facet normal 0 0 -1
outer loop
vertex 235 14 0
vertex 235 15 0
vertex 239 15 0
endloop
endfacet
facet normal 0 0 1
outer loop
vertex 235 14 1
vertex 239 14 1
vertex 239 15 1
endloop
endfacet
facet normal 0 0 1
outer loop
vertex 235 14 1
vertex 239 15 1
vertex 235 15 1
endloop
endfacet
facet normal 0 -1 0
outer loop
vertex 235 14 0
vertex 239 14 0
vertex 239 14 1
endloop
endfacet
facet normal 0 -1 0
outer loop
vertex 235 14 0
vertex 239 14 1
vertex 235 14 1
endloop
endfacet
facet normal 1 0 0
outer loop
vertex 239 14 0
vertex 239 15 0
vertex 239 15 1
endloop
endfacet
facet normal 1 0 0
outer loop
vertex 239 14 0
vertex 239 15 1
vertex 239 14 1
endloop
endfacet
facet normal 0 1 0
outer loop
vertex 239 15 0
vertex 235 15 0
vertex 235 15 1
endloop
endfacet
facet normal 0 1 0
outer loop
vertex 239 15 0
vertex 235 15 1
vertex 239 15 1
endloop
endfacet
facet normal -1 0 0
outer loop
vertex 235 15 0
vertex 235 14 0
vertex 235 14 1
endloop
endfacet
facet normal -1 0 0
outer loop
vertex 235 15 0
vertex 235 14 1
vertex 235 15 1
endloop
endfacet
facet normal 0 0 -1
outer loop
vertex 254 14 0
vertex 259 15 0
vertex 259 14 0
endloop
endfacet
facet normal 0 0 -1
outer loop
vertex 254 14 0
vertex 254 15 0
vertex 259 15 0
endloop
endfacet
facet normal 0 0 1
outer loop
vertex 254 14 1
vertex 259 14 1
vertex 259 15 1
endloop
endfacet
facet normal 0 0 1
outer loop
vertex 254 14 1
vertex 259 15 1
vertex 254 15 1
endloop
endfacet
facet normal 0 -1 0
outer loop
vertex 254 14 0
vertex 259 14 0
vertex 259 14 1
endloop
endfacet
facet normal 0 -1 0
outer loop
vertex 254 14 0
vertex 259 14 1
vertex 254 14 1
endloop
endfacet
facet normal 1 0 0
outer loop
vertex 259 14 0
vertex 259 15 0
vertex 259 15 1
endloop
endfacet
facet normal 1 0 0
outer loop
vertex 259 14 0
vertex 259 15 1
vertex 259 14 1
endloop
endfacet
facet normal 0 1 0
outer loop
vertex 259 15 0
vertex 254 15 0
vertex 254 15 1
endloop
endfacet
facet normal 0 1 0
outer loop
vertex 259 15 0
vertex 254 15 1
vertex 259 15 1
endloop
endfacet
facet normal -1 0 0
outer loop
vertex 254 15 0
vertex 254 14 0
vertex 254 14 1
endloop
endfacet
facet normal -1 0 0
outer loop
vertex 254 15 0
vertex 254 14 1
vertex 254 15 1
endloop
endfacet
facet normal 0 0 -1
outer loop
vertex 290 14 0
vertex 297 15 0
vertex 297 14 0
endloop
endfacet
facet normal 0 0 -1
outer loop
vertex 290 14 0
vertex 290 15 0
vertex 297 15 0
endloop
endfacet
facet normal 0 0 1
outer loop
vertex 290 14 1
vertex 297 14 1
vertex 297 15 1
endloop
endfacet
facet normal 0 0 1
outer loop
vertex 290 14 1
vertex 297 15 1
vertex 290 15 1
endloop
endfacet
facet normal 0 -1 0
outer loop
vertex 290 14 0
vertex 297 14 0
vertex 297 14 1
endloop
endfacet
facet normal 0 -1 0
outer loop
vertex 290 14 0
vertex 297 14 1
vertex 290 14 1
endloop
endfacet
facet normal 1 0 0
outer loop
vertex 297 14 0
vertex 297 15 0
vertex 297 15 1
endloop
endfacet
facet normal 1 0 0
outer loop
vertex 297 14 0
vertex 297 15 1
vertex 297 14 1
endloop
endfacet
facet normal 0 1 0
outer loop
vertex 297 15 0
vertex 290 15 0
vertex 290 15 1
endloop
endfacet
facet normal 0 1 0
outer loop
vertex 297 15 0
vertex 290 15 1
vertex 297 15 1
endloop
endfacet
facet normal -1 0 0
outer loop
vertex 290 15 0
vertex 290 14 0
vertex 290 14 1
endloop
endfacet
facet normal -1 0 0
outer loop
vertex 290 15 0
vertex 290 14 1
vertex 290 15 1
endloop
endfacet
facet normal 0 0 -1
outer loop
vertex 306 14 0
vertex 314 15 0
vertex 314 14 0
endloop
endfacet
facet normal 0 0 -1
outer loop
vertex 306 14 0
vertex 306 15 0
vertex 314 15 0
endloop
endfacet
facet normal 0 0 1
outer loop
vertex 306 14 1
vertex 314 14 1
vertex 314 15 1
endloop
endfacet
facet normal 0 0 1
outer loop
vertex 306 14 1
vertex 314 15 1
vertex 306 15 1
endloop
endfacet
facet normal 0 -1 0
outer loop
vertex 306 14 0
vertex 314 14 0
vertex 314 14 1
endloop
endfacet
facet normal 0 -1 0
outer loop
vertex 306 14 0
vertex 314 14 1
vertex 306 14 1
endloop
endfacet
facet normal 1 0 0
outer loop
vertex 314 14 0
vertex 314 15 0
vertex 314 15 1
endloop
endfacet
facet normal 1 0 0
outer loop
vertex 314 14 0
vertex 314 15 1
vertex 314 14 1
endloop
endfacet
facet normal 0 1 0
outer loop
vertex 314 15 0
vertex 306 15 0
vertex 306 15 1
endloop
endfacet
facet normal 0 1 0
outer loop
vertex 314 15 0
vertex 306 15 1
vertex 314 15 1
endloop
endfacet
facet normal -1 0 0
outer loop
vertex 306 15 0
vertex 306 14 0
vertex 306 14 1
endloop
endfacet
facet normal -1 0 0
outer loop
vertex 306 15 0
vertex 306 14 1
vertex 306 15 1
endloop
endfacet
facet normal 0 0 -1
outer loop
vertex 317 14 0
vertex 323 15 0
vertex 323 14 0
endloop
endfacet
facet normal 0 0 -1
outer loop
vertex 317 14 0
vertex 317 15 0
vertex 323 15 0
endloop
endfacet
facet normal 0 0 1
outer loop
vertex 317 14 1
vertex 323 14 1
vertex 323 15 1
endloop
endfacet
facet normal 0 0 1
outer loop
vertex 317 14 1
vertex 323 15 1
vertex 317 15 1
endloop
endfacet
facet normal 0 -1 0
outer loop
vertex 317 14 0
vertex 323 14 0
vertex 323 14 1
endloop
endfacet
facet normal 0 -1 0
outer loop
vertex 317 14 0
vertex 323 14 1
vertex 317 14 1
endloop
endfacet
facet normal 1 0 0
outer loop
vertex 323 14 0
vertex 323 15 0
vertex 323 15 1
endloop
endfacet
facet normal 1 0 0
outer loop
vertex 323 14 0
vertex 323 15 1
vertex 323 14 1
endloop
endfacet
facet normal 0 1 0
outer loop
vertex 323 15 0
vertex 317 15 0
vertex 317 15 1
endloop
endfacet
facet normal 0 1 0
outer loop
vertex 323 15 0
vertex 317 15 1
vertex 323 15 1
endloop
endfacet
facet normal -1 0 0
outer loop
vertex 317 15 0
vertex 317 14 0
vertex 317 14 1
endloop
endfacet
facet normal -1 0 0
outer loop
vertex 317 15 0
vertex 317 14 1
vertex 317 15 1
endloop
endfacet
facet normal 0 0 -1
outer loop
vertex 113 15 0
vertex 118 16 0
vertex 118 15 0
endloop
endfacet
facet normal 0 0 -1
outer loop
vertex 113 15 0
vertex 113 16 0
vertex 118 16 0
endloop
endfacet
facet normal 0 0 1
outer loop
vertex 113 15 1
vertex 118 15 1
vertex 118 16 1
endloop
endfacet
facet normal 0 0 1
outer loop
vertex 113 15 1
vertex 118 16 1
vertex 113 16 1
endloop
endfacet
facet normal 0 -1 0
outer loop
vertex 113 15 0
vertex 118 15 0
vertex 118 15 1
endloop
endfacet
facet normal 0 -1 0
outer loop
vertex 113 15 0
vertex 118 15 1
vertex 113 15 1
endloop
endfacet
facet normal 1 0 0
outer loop
vertex 118 15 0
vertex 118 16 0
vertex 118 16 1
endloop
endfacet
facet normal 1 0 0
outer loop
vertex 118 15 0
vertex 118 16 1
vertex 118 15 1
endloop
endfacet
facet normal 0 1 0
outer loop
vertex 118 16 0
vertex 113 16 0
vertex 113 16 1
endloop
endfacet
facet normal 0 1 0
outer loop
vertex 118 16 0
vertex 113 16 1
vertex 118 16 1
endloop
endfacet
facet normal -1 0 0
outer loop
vertex 113 16 0
vertex 113 15 0
vertex 113 15 1
endloop
endfacet
facet normal -1 0 0
outer loop
vertex 113 16 0
vertex 113 15 1
vertex 113 16 1
endloop
endfacet
facet normal 0 0 -1
outer loop
vertex 133 15 0
vertex 139 16 0
vertex 139 15 0
endloop
endfacet
facet normal 0 0 -1
outer loop
vertex 133 15 0
vertex 133 16 0
vertex 139 16 0
endloop
endfacet
facet normal 0 0 1
outer loop
vertex 133 15 1
vertex 139 15 1
vertex 139 16 1
endloop
endfacet
facet normal 0 0 1
outer loop
vertex 133 15 1
vertex 139 16 1
vertex 133 16 1
endloop
endfacet
facet normal 0 -1 0
outer loop
vertex 133 15 0
vertex 139 15 0
vertex 139 15 1
endloop
endfacet
facet normal 0 -1 0
outer loop
vertex 133 15 0
vertex 139 15 1
vertex 133 15 1
endloop
endfacet
facet normal 1 0 0
outer loop
vertex 139 15 0
vertex 139 16 0
vertex 139 16 1
endloop
endfacet
facet normal 1 0 0
outer loop
vertex 139 15 0
vertex 139 16 1
vertex 139 15 1
endloop
endfacet
facet normal 0 1 0
outer loop
vertex 139 16 0
vertex 133 16 0
vertex 133 16 1
endloop
endfacet
facet normal 0 1 0
outer loop
vertex 139 16 0
vertex 133 16 1
vertex 139 16 1
endloop
endfacet
facet normal -1 0 0
outer loop
vertex 133 16 0
vertex 133 15 0
vertex 133 15 1
endloop
endfacet
facet normal -1 0 0
outer loop
vertex 133 16 0
vertex 133 15 1
vertex 133 16 1
endloop
endfacet
facet normal 0 0 -1
outer loop
vertex 150 15 0
vertex 155 16 0
vertex 155 15 0
endloop
endfacet
facet normal 0 0 -1
outer loop
vertex 150 15 0
vertex 150 16 0
vertex 155 16 0
endloop
endfacet
facet normal 0 0 1
outer loop
vertex 150 15 1
vertex 155 15 1
vertex 155 16 1
endloop
endfacet
facet normal 0 0 1
outer loop
vertex 150 15 1
vertex 155 16 1
vertex 150 16 1
endloop
endfacet
facet normal 0 -1 0
outer loop
vertex 150 15 0
vertex 155 15 0
vertex 155 15 1
endloop
endfacet
facet normal 0 -1 0
outer loop
vertex 150 15 0
vertex 155 15 1
vertex 150 15 1
endloop
endfacet
facet normal 1 0 0
outer loop
vertex 155 15 0
vertex 155 16 0
vertex 155 16 1
endloop
endfacet
facet normal 1 0 0
outer loop
vertex 155 15 0
vertex 155 16 1
vertex 155 15 1
endloop
endfacet
facet normal 0 1 0
outer loop
vertex 155 16 0
vertex 150 16 0
vertex 150 16 1
endloop
endfacet
facet normal 0 1 0
outer loop
vertex 155 16 0
vertex 150 16 1
vertex 155 16 1
endloop
endfacet
facet normal -1 0 0
outer loop
vertex 150 16 0
vertex 150 15 0
vertex 150 15 1
endloop
endfacet
facet normal -1 0 0
outer loop
vertex 150 16 0
vertex 150 15 1
vertex 150 16 1
endloop
endfacet
facet normal 0 0 -1
outer loop
vertex 161 15 0
vertex 166 16 0
vertex 166 15 0
endloop
endfacet
facet normal 0 0 -1
outer loop
vertex 161 15 0
vertex 161 16 0
vertex 166 16 0
endloop
endfacet
facet normal 0 0 1
outer loop
vertex 161 15 1
vertex 166 15 1
vertex 166 16 1
endloop
endfacet
facet normal 0 0 1
outer loop
vertex 161 15 1
vertex 166 16 1
vertex 161 16 1
endloop
endfacet
facet normal 0 -1 0
outer loop
vertex 161 15 0
vertex 166 15 0
vertex 166 15 1
endloop
endfacet
facet normal 0 -1 0
outer loop
vertex 161 15 0
vertex 166 15 1
vertex 161 15 1
endloop
endfacet
facet normal 1 0 0
outer loop
vertex 166 15 0
vertex 166 16 0
vertex 166 16 1
endloop
endfacet
facet normal 1 0 0
outer loop
vertex 166 15 0
vertex 166 16 1
vertex 166 15 1
endloop
endfacet
facet normal 0 1 0
outer loop
vertex 166 16 0
vertex 161 16 0
vertex 161 16 1
endloop
endfacet
facet normal 0 1 0
outer loop
vertex 166 16 0
vertex 161 16 1
vertex 166 16 1
endloop
endfacet
facet normal -1 0 0
outer loop
vertex 161 16 0
vertex 161 15 0
vertex 161 15 1
endloop
endfacet
facet normal -1 0 0
outer loop
vertex 161 16 0
vertex 161 15 1
vertex 161 16 1
endloop
endfacet
facet normal 0 0 -1
outer loop
vertex 174 15 0
vertex 179 16 0
vertex 179 15 0
endloop
endfacet
facet normal 0 0 -1
outer loop
vertex 174 15 0
vertex 174 16 0
vertex 179 16 0
endloop
endfacet
facet normal 0 0 1
outer loop
vertex 174 15 1
vertex 179 15 1
vertex 179 16 1
endloop
endfacet
facet normal 0 0 1
outer loop
vertex 174 15 1
vertex 179 16 1
vertex 174 16 1
endloop
endfacet
facet normal 0 -1 0
outer loop
vertex 174 15 0
vertex 179 15 0
vertex 179 15 1
endloop
endfacet
facet normal 0 -1 0
outer loop
vertex 174 15 0
vertex 179 15 1
vertex 174 15 1
endloop
endfacet
facet normal 1 0 0
outer loop
vertex 179 15 0
vertex 179 16 0
vertex 179 16 1
endloop
endfacet
facet normal 1 0 0
outer loop
vertex 179 15 0
vertex 179 16 1
vertex 179 15 1
endloop
endfacet
facet normal 0 1 0
outer loop
vertex 179 16 0
vertex 174 16 0
vertex 174 16 1
endloop
endfacet
facet normal 0 1 0
outer loop
vertex 179 16 0
vertex 174 16 1
vertex 179 16 1
endloop
endfacet
facet normal -1 0 0
outer loop
vertex 174 16 0
vertex 174 15 0
vertex 174 15 1
endloop
endfacet
facet normal -1 0 0
outer loop
vertex 174 16 0
vertex 174 15 1
vertex 174 16 1
endloop
endfacet
facet normal 0 0 -1
outer loop
vertex 185 15 0
vertex 190 16 0
vertex 190 15 0
endloop
endfacet
facet normal 0 0 -1
outer loop
vertex 185 15 0
vertex 185 16 0
vertex 190 16 0
endloop
endfacet
facet normal 0 0 1
outer loop
vertex 185 15 1
vertex 190 15 1
vertex 190 16 1
endloop
endfacet
facet normal 0 0 1
outer loop
vertex 185 15 1
vertex 190 16 1
vertex 185 16 1
endloop
endfacet
facet normal 0 -1 0
outer loop
vertex 185 15 0
vertex 190 15 0
vertex 190 15 1
endloop
endfacet
facet normal 0 -1 0
outer loop
vertex 185 15 0
vertex 190 15 1
vertex 185 15 1
endloop
endfacet
facet normal 1 0 0
outer loop
vertex 190 15 0
vertex 190 16 0
vertex 190 16 1
endloop
endfacet
facet normal 1 0 0
outer loop
vertex 190 15 0
vertex 190 16 1
vertex 190 15 1
endloop
endfacet
facet normal 0 1 0
outer loop
vertex 190 16 0
vertex 185 16 0
vertex 185 16 1
endloop
endfacet
facet normal 0 1 0
outer loop
vertex 190 16 0
vertex 185 16 1
vertex 190 16 1
endloop
endfacet
facet normal -1 0 0
outer loop
vertex 185 16 0
vertex 185 15 0
vertex 185 15 1
endloop
endfacet
facet normal -1 0 0
outer loop
vertex 185 16 0
vertex 185 15 1
vertex 185 16 1
endloop
endfacet
facet normal 0 0 -1
outer loop
vertex 202 15 0
vertex 207 16 0
vertex 207 15 0
endloop
endfacet
facet normal 0 0 -1
outer loop
vertex 202 15 0
vertex 202 16 0
vertex 207 16 0
endloop
endfacet
facet normal 0 0 1
outer loop
vertex 202 15 1
vertex 207 15 1
vertex 207 16 1
endloop
endfacet
facet normal 0 0 1
outer loop
vertex 202 15 1
vertex 207 16 1
vertex 202 16 1
endloop
endfacet
facet normal 0 -1 0
outer loop
vertex 202 15 0
vertex 207 15 0
vertex 207 15 1
endloop
endfacet
facet normal 0 -1 0
outer loop
vertex 202 15 0
vertex 207 15 1
vertex 202 15 1
endloop
endfacet
facet normal 1 0 0
outer loop
vertex 207 15 0
vertex 207 16 0
vertex 207 16 1
endloop
endfacet
facet normal 1 0 0
outer loop
vertex 207 15 0
vertex 207 16 1
vertex 207 15 1
endloop
endfacet
facet normal 0 1 0
outer loop
vertex 207 16 0
vertex 202 16 0
vertex 202 16 1
endloop
endfacet
facet normal 0 1 0
outer loop
vertex 207 16 0
vertex 202 16 1
vertex 207 16 1
endloop
endfacet
facet normal -1 0 0
outer loop
vertex 202 16 0
vertex 202 15 0
vertex 202 15 1
endloop
endfacet
facet normal -1 0 0
outer loop
vertex 202 16 0
vertex 202 15 1
vertex 202 16 1
endloop
endfacet
facet normal 0 0 -1
outer loop
vertex 212 15 0
vertex 216 16 0
vertex 216 15 0
endloop
endfacet
facet normal 0 0 -1
outer loop
vertex 212 15 0
vertex 212 16 0
vertex 216 16 0
endloop
endfacet
facet normal 0 0 1
outer loop
vertex 212 15 1
vertex 216 15 1
vertex 216 16 1
endloop
endfacet
facet normal 0 0 1
outer loop
vertex 212 15 1
vertex 216 16 1
vertex 212 16 1
endloop
endfacet
facet normal 0 -1 0
outer loop
vertex 212 15 0
vertex 216 15 0
vertex 216 15 1
endloop
endfacet
facet normal 0 -1 0
outer loop
vertex 212 15 0
vertex 216 15 1
vertex 212 15 1
endloop
endfacet
facet normal 1 0 0
outer loop
vertex 216 15 0
vertex 216 16 0
vertex 216 16 1
endloop
endfacet
facet normal 1 0 0
outer loop
vertex 216 15 0
vertex 216 16 1
vertex 216 15 1
endloop
endfacet
facet normal 0 1 0
outer loop
vertex 216 16 0
vertex 212 16 0
vertex 212 16 1
endloop
endfacet
facet normal 0 1 0
outer loop
vertex 216 16 0
vertex 212 16 1
vertex 216 16 1
endloop
endfacet
facet normal -1 0 0
outer loop
vertex 212 16 0
vertex 212 15 0
vertex 212 15 1
endloop
endfacet
facet normal -1 0 0
outer loop
vertex 212 16 0
vertex 212 15 1
vertex 212 16 1
endloop
endfacet
facet normal 0 0 -1
outer loop
vertex 220 15 0
vertex 225 16 0
vertex 225 15 0
endloop
endfacet
facet normal 0 0 -1
outer loop
vertex 220 15 0
vertex 220 16 0
vertex 225 16 0
endloop
endfacet
facet normal 0 0 1
outer loop
vertex 220 15 1
vertex 225 15 1
vertex 225 16 1
endloop
endfacet
facet normal 0 0 1
outer loop
vertex 220 15 1
vertex 225 16 1
vertex 220 16 1
endloop
endfacet
facet normal 0 -1 0
outer loop
vertex 220 15 0
vertex 225 15 0
vertex 225 15 1
endloop
endfacet
facet normal 0 -1 0
outer loop
vertex 220 15 0
vertex 225 15 1
vertex 220 15 1
endloop
endfacet
facet normal 1 0 0
outer loop
vertex 225 15 0
vertex 225 16 0
vertex 225 16 1
endloop
endfacet
facet normal 1 0 0
outer loop
vertex 225 15 0
vertex 225 16 1
vertex 225 15 1
endloop
endfacet
facet normal 0 1 0
outer loop
vertex 225 16 0
vertex 220 16 0
vertex 220 16 1
endloop
endfacet
facet normal 0 1 0
outer loop
vertex 225 16 0
vertex 220 16 1
vertex 225 16 1
endloop
endfacet
facet normal -1 0 0
outer loop
vertex 220 16 0
vertex 220 15 0
vertex 220 15 1
endloop
endfacet
facet normal -1 0 0
outer loop
vertex 220 16 0
vertex 220 15 1
vertex 220 16 1
endloop
endfacet
facet normal 0 0 -1
outer loop
vertex 234 15 0
vertex 239 16 0
vertex 239 15 0
endloop
endfacet
facet normal 0 0 -1
outer loop
vertex 234 15 0
vertex 234 16 0
vertex 239 16 0
endloop
endfacet
facet normal 0 0 1
outer loop
vertex 234 15 1
vertex 239 15 1
vertex 239 16 1
endloop
endfacet
facet normal 0 0 1
outer loop
vertex 234 15 1
vertex 239 16 1
vertex 234 16 1
endloop
endfacet
facet normal 0 -1 0
outer loop
vertex 234 15 0
vertex 239 15 0
vertex 239 15 1
endloop
endfacet
facet normal 0 -1 0
outer loop
vertex 234 15 0
vertex 239 15 1
vertex 234 15 1
endloop
endfacet
facet normal 1 0 0
outer loop
vertex 239 15 0
vertex 239 16 0
vertex 239 16 1
endloop
endfacet
facet normal 1 0 0
outer loop
vertex 239 15 0
vertex 239 16 1
vertex 239 15 1
endloop
endfacet
facet normal 0 1 0
outer loop
vertex 239 16 0
vertex 234 16 0
vertex 234 16 1
endloop
endfacet
facet normal 0 1 0
outer loop
vertex 239 16 0
vertex 234 16 1
vertex 239 16 1
endloop
endfacet
facet normal -1 0 0
outer loop
vertex 234 16 0
vertex 234 15 0
vertex 234 15 1
endloop
endfacet
facet normal -1 0 0
outer loop
vertex 234 16 0
vertex 234 15 1
vertex 234 16 1
endloop
endfacet
facet normal 0 0 -1
outer loop
vertex 254 15 0
vertex 259 16 0
vertex 259 15 0
endloop
endfacet
facet normal 0 0 -1
outer loop
vertex 254 15 0
vertex 254 16 0
vertex 259 16 0
endloop
endfacet
facet normal 0 0 1
outer loop
vertex 254 15 1
vertex 259 15 1
vertex 259 16 1
endloop
endfacet
facet normal 0 0 1
outer loop
vertex 254 15 1
vertex 259 16 1
vertex 254 16 1
endloop
endfacet
facet normal 0 -1 0
outer loop
vertex 254 15 0
vertex 259 15 0
vertex 259 15 1
endloop
endfacet
facet normal 0 -1 0
outer loop
vertex 254 15 0
vertex 259 15 1
vertex 254 15 1
endloop
endfacet
facet normal 1 0 0
outer loop
vertex 259 15 0
vertex 259 16 0
vertex 259 16 1
endloop
endfacet
facet normal 1 0 0
outer loop
vertex 259 15 0
vertex 259 16 1
vertex 259 15 1
endloop
endfacet
facet normal 0 1 0
outer loop
vertex 259 16 0
vertex 254 16 0
vertex 254 16 1
endloop
endfacet
facet normal 0 1 0
outer loop
vertex 259 16 0
vertex 254 16 1
vertex 259 16 1
endloop
endfacet
facet normal -1 0 0
outer loop
vertex 254 16 0
vertex 254 15 0
vertex 254 15 1
endloop
endfacet
facet normal -1 0 0
outer loop
vertex 254 16 0
vertex 254 15 1
vertex 254 16 1
endloop
endfacet
facet normal 0 0 -1
outer loop
vertex 290 15 0
vertex 296 16 0
vertex 296 15 0
endloop
endfacet
facet normal 0 0 -1
outer loop
vertex 290 15 0
vertex 290 16 0
vertex 296 16 0
endloop
endfacet
facet normal 0 0 1
outer loop
vertex 290 15 1
vertex 296 15 1
vertex 296 16 1
endloop
endfacet
facet normal 0 0 1
outer loop
vertex 290 15 1
vertex 296 16 1
vertex 290 16 1
endloop
endfacet
facet normal 0 -1 0
outer loop
vertex 290 15 0
vertex 296 15 0
vertex 296 15 1
endloop
endfacet
facet normal 0 -1 0
outer loop
vertex 290 15 0
vertex 296 15 1
vertex 290 15 1
endloop
endfacet
facet normal 1 0 0
outer loop
vertex 296 15 0
vertex 296 16 0
vertex 296 16 1
endloop
endfacet
facet normal 1 0 0
outer loop
vertex 296 15 0
vertex 296 16 1
vertex 296 15 1
endloop
endfacet
facet normal 0 1 0
outer loop
vertex 296 16 0
vertex 290 16 0
vertex 290 16 1
endloop
endfacet
facet normal 0 1 0
outer loop
vertex 296 16 0
vertex 290 16 1
vertex 296 16 1
endloop
endfacet
facet normal -1 0 0
outer loop
vertex 290 16 0
vertex 290 15 0
vertex 290 15 1
endloop
endfacet
facet normal -1 0 0
outer loop
vertex 290 16 0
vertex 290 15 1
vertex 290 16 1
endloop
endfacet
facet normal 0 0 -1
outer loop
vertex 307 15 0
vertex 314 16 0
vertex 314 15 0
endloop
endfacet
facet normal 0 0 -1
outer loop
vertex 307 15 0
vertex 307 16 0
vertex 314 16 0
endloop
endfacet
facet normal 0 0 1
outer loop
vertex 307 15 1
vertex 314 15 1
vertex 314 16 1
endloop
endfacet
facet normal 0 0 1
outer loop
vertex 307 15 1
vertex 314 16 1
vertex 307 16 1
endloop
endfacet
facet normal 0 -1 0
outer loop
vertex 307 15 0
vertex 314 15 0
vertex 314 15 1
endloop
endfacet
facet normal 0 -1 0
outer loop
vertex 307 15 0
vertex 314 15 1
vertex 307 15 1
endloop
endfacet
facet normal 1 0 0
outer loop
vertex 314 15 0
vertex 314 16 0
vertex 314 16 1
endloop
endfacet
facet normal 1 0 0
outer loop
vertex 314 15 0
vertex 314 16 1
vertex 314 15 1
endloop
endfacet
facet normal 0 1 0
outer loop
vertex 314 16 0
vertex 307 16 0
vertex 307 16 1
endloop
endfacet
facet normal 0 1 0
outer loop
vertex 314 16 0
vertex 307 16 1
vertex 314 16 1
endloop
endfacet
facet normal -1 0 0
outer loop
vertex 307 16 0
vertex 307 15 0
vertex 307 15 1
endloop
endfacet
facet normal -1 0 0
outer loop
vertex 307 16 0
vertex 307 15 1
vertex 307 16 1
endloop
endfacet
facet normal 0 0 -1
outer loop
vertex 317 15 0
vertex 323 16 0
vertex 323 15 0
endloop
endfacet
facet normal 0 0 -1
outer loop
vertex 317 15 0
vertex 317 16 0
vertex 323 16 0
endloop
endfacet
facet normal 0 0 1
outer loop
vertex 317 15 1
vertex 323 15 1
vertex 323 16 1
endloop
endfacet
facet normal 0 0 1
outer loop
vertex 317 15 1
vertex 323 16 1
vertex 317 16 1
endloop
endfacet
facet normal 0 -1 0
outer loop
vertex 317 15 0
vertex 323 15 0
vertex 323 15 1
endloop
endfacet
facet normal 0 -1 0
outer loop
vertex 317 15 0
vertex 323 15 1
vertex 317 15 1
endloop
endfacet
facet normal 1 0 0
outer loop
vertex 323 15 0
vertex 323 16 0
vertex 323 16 1
endloop
endfacet
facet normal 1 0 0
outer loop
vertex 323 15 0
vertex 323 16 1
vertex 323 15 1
endloop
endfacet
facet normal 0 1 0
outer loop
vertex 323 16 0
vertex 317 16 0
vertex 317 16 1
endloop
endfacet
facet normal 0 1 0
outer loop
vertex 323 16 0
vertex 317 16 1
vertex 323 16 1
endloop
endfacet
facet normal -1 0 0
outer loop
vertex 317 16 0
vertex 317 15 0
vertex 317 15 1
endloop
endfacet
facet normal -1 0 0
outer loop
vertex 317 16 0
vertex 317 15 1
vertex 317 16 1
endloop
endfacet
facet normal 0 0 -1
outer loop
vertex 113 16 0
vertex 118 17 0
vertex 118 16 0
endloop
endfacet
facet normal 0 0 -1
outer loop
vertex 113 16 0
vertex 113 17 0
vertex 118 17 0
endloop
endfacet
facet normal 0 0 1
outer loop
vertex 113 16 1
vertex 118 16 1
vertex 118 17 1
endloop
endfacet
facet normal 0 0 1
outer loop
vertex 113 16 1
vertex 118 17 1
vertex 113 17 1
endloop
endfacet
facet normal 0 -1 0
outer loop
vertex 113 16 0
vertex 118 16 0
vertex 118 16 1
endloop
endfacet
facet normal 0 -1 0
outer loop
vertex 113 16 0
vertex 118 16 1
vertex 113 16 1
endloop
endfacet
facet normal 1 0 0
outer loop
vertex 118 16 0
vertex 118 17 0
vertex 118 17 1
endloop
endfacet
facet normal 1 0 0
outer loop
vertex 118 16 0
vertex 118 17 1
vertex 118 16 1
endloop
endfacet
facet normal 0 1 0
outer loop
vertex 118 17 0
vertex 113 17 0
vertex 113 17 1
endloop
endfacet
facet normal 0 1 0
outer loop
vertex 118 17 0
vertex 113 17 1
vertex 118 17 1
endloop
endfacet
facet normal -1 0 0
outer loop
vertex 113 17 0
vertex 113 16 0
vertex 113 16 1
endloop
endfacet
facet normal -1 0 0
outer loop
vertex 113 17 0
vertex 113 16 1
vertex 113 17 1
endloop
endfacet
facet normal 0 0 -1
outer loop
vertex 132 16 0
vertex 138 17 0
vertex 138 16 0
endloop
endfacet
facet normal 0 0 -1
outer loop
vertex 132 16 0
vertex 132 17 0
vertex 138 17 0
endloop
endfacet
facet normal 0 0 1
outer loop
vertex 132 16 1
vertex 138 16 1
vertex 138 17 1
endloop
endfacet
facet normal 0 0 1
outer loop
vertex 132 16 1
vertex 138 17 1
vertex 132 17 1
endloop
endfacet
facet normal 0 -1 0
outer loop
vertex 132 16 0
vertex 138 16 0
vertex 138 16 1
endloop
endfacet
facet normal 0 -1 0
outer loop
vertex 132 16 0
vertex 138 16 1
vertex 132 16 1
endloop
endfacet
facet normal 1 0 0
outer loop
vertex 138 16 0
vertex 138 17 0
vertex 138 17 1
endloop
endfacet
facet normal 1 0 0
outer loop
vertex 138 16 0
vertex 138 17 1
vertex 138 16 1
endloop
endfacet
facet normal 0 1 0
outer loop
vertex 138 17 0
vertex 132 17 0
vertex 132 17 1
endloop
endfacet
facet normal 0 1 0
outer loop
vertex 138 17 0
vertex 132 17 1
vertex 138 17 1
endloop
endfacet
facet normal -1 0 0
outer loop
vertex 132 17 0
vertex 132 16 0
vertex 132 16 1
endloop
endfacet
facet normal -1 0 0
outer loop
vertex 132 17 0
vertex 132 16 1
vertex 132 17 1
endloop
endfacet
facet normal 0 0 -1
outer loop
vertex 150 16 0
vertex 156 17 0
vertex 156 16 0
endloop
endfacet
facet normal 0 0 -1
outer loop
vertex 150 16 0
vertex 150 17 0
vertex 156 17 0
endloop
endfacet
facet normal 0 0 1
outer loop
vertex 150 16 1
vertex 156 16 1
vertex 156 17 1
endloop
endfacet
facet normal 0 0 1
outer loop
vertex 150 16 1
vertex 156 17 1
vertex 150 17 1
endloop
endfacet
facet normal 0 -1 0
outer loop
vertex 150 16 0
vertex 156 16 0
vertex 156 16 1
endloop
endfacet
facet normal 0 -1 0
outer loop
vertex 150 16 0
vertex 156 16 1
vertex 150 16 1
endloop
endfacet
facet normal 1 0 0
outer loop
vertex 156 16 0
vertex 156 17 0
vertex 156 17 1
endloop
endfacet
facet normal 1 0 0
outer loop
vertex 156 16 0
vertex 156 17 1
vertex 156 16 1
endloop
endfacet
facet normal 0 1 0
outer loop
vertex 156 17 0
vertex 150 17 0
vertex 150 17 1
endloop
endfacet
facet normal 0 1 0
outer loop
vertex 156 17 0
vertex 150 17 1
vertex 156 17 1
endloop
endfacet
facet normal -1 0 0
outer loop
vertex 150 17 0
vertex 150 16 0
vertex 150 16 1
endloop
endfacet
facet normal -1 0 0
outer loop
vertex 150 17 0
vertex 150 16 1
vertex 150 17 1
endloop
endfacet
facet normal 0 0 -1
outer loop
vertex 161 16 0
vertex 166 17 0
vertex 166 16 0
endloop
endfacet
facet normal 0 0 -1
outer loop
vertex 161 16 0
vertex 161 17 0
vertex 166 17 0
endloop
endfacet
facet normal 0 0 1
outer loop
vertex 161 16 1
vertex 166 16 1
vertex 166 17 1
endloop
endfacet
facet normal 0 0 1
outer loop
vertex 161 16 1
vertex 166 17 1
vertex 161 17 1
endloop
endfacet
facet normal 0 -1 0
outer loop
vertex 161 16 0
vertex 166 16 0
vertex 166 16 1
endloop
endfacet
facet normal 0 -1 0
outer loop
vertex 161 16 0
vertex 166 16 1
vertex 161 16 1
endloop
endfacet
facet normal 1 0 0
outer loop
vertex 166 16 0
vertex 166 17 0
vertex 166 17 1
endloop
endfacet
facet normal 1 0 0
outer loop
vertex 166 16 0
vertex 166 17 1
vertex 166 16 1
endloop
endfacet
facet normal 0 1 0
outer loop
vertex 166 17 0
vertex 161 17 0
vertex 161 17 1
endloop
endfacet
facet normal 0 1 0
outer loop
vertex 166 17 0
vertex 161 17 1
vertex 166 17 1
endloop
endfacet
facet normal -1 0 0
outer loop
vertex 161 17 0
vertex 161 16 0
vertex 161 16 1
endloop
endfacet
facet normal -1 0 0
outer loop
vertex 161 17 0
vertex 161 16 1
vertex 161 17 1
endloop
endfacet
facet normal 0 0 -1
outer loop
vertex 174 16 0
vertex 179 17 0
vertex 179 16 0
endloop
endfacet
facet normal 0 0 -1
outer loop
vertex 174 16 0
vertex 174 17 0
vertex 179 17 0
endloop
endfacet
facet normal 0 0 1
outer loop
vertex 174 16 1
vertex 179 16 1
vertex 179 17 1
endloop
endfacet
facet normal 0 0 1
outer loop
vertex 174 16 1
vertex 179 17 1
vertex 174 17 1
endloop
endfacet
facet normal 0 -1 0
outer loop
vertex 174 16 0
vertex 179 16 0
vertex 179 16 1
endloop
endfacet
facet normal 0 -1 0
outer loop
vertex 174 16 0
vertex 179 16 1
vertex 174 16 1
endloop
endfacet
facet normal 1 0 0
outer loop
vertex 179 16 0
vertex 179 17 0
vertex 179 17 1
endloop
endfacet
facet normal 1 0 0
outer loop
vertex 179 16 0
vertex 179 17 1
vertex 179 16 1
endloop
endfacet
facet normal 0 1 0
outer loop
vertex 179 17 0
vertex 174 17 0
vertex 174 17 1
endloop
endfacet
facet normal 0 1 0
outer loop
vertex 179 17 0
vertex 174 17 1
vertex 179 17 1
endloop
endfacet
facet normal -1 0 0
outer loop
vertex 174 17 0
vertex 174 16 0
vertex 174 16 1
endloop
endfacet
facet normal -1 0 0
outer loop
vertex 174 17 0
vertex 174 16 1
vertex 174 17 1
endloop
endfacet
facet normal 0 0 -1
outer loop
vertex 184 16 0
vertex 190 17 0
vertex 190 16 0
endloop
endfacet
facet normal 0 0 -1
outer loop
vertex 184 16 0
vertex 184 17 0
vertex 190 17 0
endloop
endfacet
facet normal 0 0 1
outer loop
vertex 184 16 1
vertex 190 16 1
vertex 190 17 1
endloop
endfacet
facet normal 0 0 1
outer loop
vertex 184 16 1
vertex 190 17 1
vertex 184 17 1
endloop
endfacet
facet normal 0 -1 0
outer loop
vertex 184 16 0
vertex 190 16 0
vertex 190 16 1
endloop
endfacet
facet normal 0 -1 0
outer loop
vertex 184 16 0
vertex 190 16 1
vertex 184 16 1
endloop
endfacet
facet normal 1 0 0
outer loop
vertex 190 16 0
vertex 190 17 0
vertex 190 17 1
endloop
endfacet
facet normal 1 0 0
outer loop
vertex 190 16 0
vertex 190 17 1
vertex 190 16 1
endloop
endfacet
facet normal 0 1 0
outer loop
vertex 190 17 0
vertex 184 17 0
vertex 184 17 1
endloop
endfacet
facet normal 0 1 0
outer loop
vertex 190 17 0
vertex 184 17 1
vertex 190 17 1
endloop
endfacet
facet normal -1 0 0
outer loop
vertex 184 17 0
vertex 184 16 0
vertex 184 16 1
endloop
endfacet
facet normal -1 0 0
outer loop
vertex 184 17 0
vertex 184 16 1
vertex 184 17 1
endloop
endfacet
facet normal 0 0 -1
outer loop
vertex 203 16 0
vertex 208 17 0
vertex 208 16 0
endloop
endfacet
facet normal 0 0 -1
outer loop
vertex 203 16 0
vertex 203 17 0
vertex 208 17 0
endloop
endfacet
facet normal 0 0 1
outer loop
vertex 203 16 1
vertex 208 16 1
vertex 208 17 1
endloop
endfacet
facet normal 0 0 1
outer loop
vertex 203 16 1
vertex 208 17 1
vertex 203 17 1
endloop
endfacet
facet normal 0 -1 0
outer loop
vertex 203 16 0
vertex 208 16 0
vertex 208 16 1
endloop
endfacet
facet normal 0 -1 0
outer loop
vertex 203 16 0
vertex 208 16 1
vertex 203 16 1
endloop
endfacet
facet normal 1 0 0
outer loop
vertex 208 16 0
vertex 208 17 0
vertex 208 17 1
endloop
endfacet
facet normal 1 0 0
outer loop
vertex 208 16 0
vertex 208 17 1
vertex 208 16 1
endloop
endfacet
facet normal 0 1 0
outer loop
vertex 208 17 0
vertex 203 17 0
vertex 203 17 1
endloop
endfacet
facet normal 0 1 0
outer loop
vertex 208 17 0
vertex 203 17 1
vertex 208 17 1
endloop
endfacet
facet normal -1 0 0
outer loop
vertex 203 17 0
vertex 203 16 0
vertex 203 16 1
endloop
endfacet
facet normal -1 0 0
outer loop
vertex 203 17 0
vertex 203 16 1
vertex 203 17 1
endloop
endfacet
facet normal 0 0 -1
outer loop
vertex 212 16 0
vertex 216 17 0
vertex 216 16 0
endloop
endfacet
facet normal 0 0 -1
outer loop
vertex 212 16 0
vertex 212 17 0
vertex 216 17 0
endloop
endfacet
facet normal 0 0 1
outer loop
vertex 212 16 1
vertex 216 16 1
vertex 216 17 1
endloop
endfacet
facet normal 0 0 1
outer loop
vertex 212 16 1
vertex 216 17 1
vertex 212 17 1
endloop
endfacet
facet normal 0 -1 0
outer loop
vertex 212 16 0
vertex 216 16 0
vertex 216 16 1
endloop
endfacet
facet normal 0 -1 0
outer loop
vertex 212 16 0
vertex 216 16 1
vertex 212 16 1
endloop
endfacet
facet normal 1 0 0
outer loop
vertex 216 16 0
vertex 216 17 0
vertex 216 17 1
endloop
endfacet
facet normal 1 0 0
outer loop
vertex 216 16 0
vertex 216 17 1
vertex 216 16 1
endloop
endfacet
facet normal 0 1 0
outer loop
vertex 216 17 0
vertex 212 17 0
vertex 212 17 1
endloop
endfacet
facet normal 0 1 0
outer loop
vertex 216 17 0
vertex 212 17 1
vertex 216 17 1
endloop
endfacet
facet normal -1 0 0
outer loop
vertex 212 17 0
vertex 212 16 0
vertex 212 16 1
endloop
endfacet
facet normal -1 0 0
outer loop
vertex 212 17 0
vertex 212 16 1
vertex 212 17 1
endloop
endfacet
facet normal 0 0 -1
outer loop
vertex 221 16 0
vertex 226 17 0
vertex 226 16 0
endloop
endfacet
facet normal 0 0 -1
outer loop
vertex 221 16 0
vertex 221 17 0
vertex 226 17 0
endloop
endfacet
facet normal 0 0 1
outer loop
vertex 221 16 1
vertex 226 16 1
vertex 226 17 1
endloop
endfacet
facet normal 0 0 1
outer loop
vertex 221 16 1
vertex 226 17 1
vertex 221 17 1
endloop
endfacet
facet normal 0 -1 0
outer loop
vertex 221 16 0
vertex 226 16 0
vertex 226 16 1
endloop
endfacet
facet normal 0 -1 0
outer loop
vertex 221 16 0
vertex 226 16 1
vertex 221 16 1
endloop
endfacet
facet normal 1 0 0
outer loop
vertex 226 16 0
vertex 226 17 0
vertex 226 17 1
endloop
endfacet
facet normal 1 0 0
outer loop
vertex 226 16 0
vertex 226 17 1
vertex 226 16 1
endloop
endfacet
facet normal 0 1 0
outer loop
vertex 226 17 0
vertex 221 17 0
vertex 221 17 1
endloop
endfacet
facet normal 0 1 0
outer loop
vertex 226 17 0
vertex 221 17 1
vertex 226 17 1
endloop
endfacet
facet normal -1 0 0
outer loop
vertex 221 17 0
vertex 221 16 0
vertex 221 16 1
endloop
endfacet
facet normal -1 0 0
outer loop
vertex 221 17 0
vertex 221 16 1
vertex 221 17 1
endloop
endfacet
facet normal 0 0 -1
outer loop
vertex 234 16 0
vertex 239 17 0
vertex 239 16 0
endloop
endfacet
facet normal 0 0 -1
outer loop
vertex 234 16 0
vertex 234 17 0
vertex 239 17 0
endloop
endfacet
facet normal 0 0 1
outer loop
vertex 234 16 1
vertex 239 16 1
vertex 239 17 1
endloop
endfacet
facet normal 0 0 1
outer loop
vertex 234 16 1
vertex 239 17 1
vertex 234 17 1
endloop
endfacet
facet normal 0 -1 0
outer loop
vertex 234 16 0
vertex 239 16 0
vertex 239 16 1
endloop
endfacet
facet normal 0 -1 0
outer loop
vertex 234 16 0
vertex 239 16 1
vertex 234 16 1
endloop
endfacet
facet normal 1 0 0
outer loop
vertex 239 16 0
vertex 239 17 0
vertex 239 17 1
endloop
endfacet
facet normal 1 0 0
outer loop
vertex 239 16 0
vertex 239 17 1
vertex 239 16 1
endloop
endfacet
facet normal 0 1 0
outer loop
vertex 239 17 0
vertex 234 17 0
vertex 234 17 1
endloop
endfacet
facet normal 0 1 0
outer loop
vertex 239 17 0
vertex 234 17 1
vertex 239 17 1
endloop
endfacet
facet normal -1 0 0
outer loop
vertex 234 17 0
vertex 234 16 0
vertex 234 16 1
endloop
endfacet
facet normal -1 0 0
outer loop
vertex 234 17 0
vertex 234 16 1
vertex 234 17 1
endloop
endfacet
facet normal 0 0 -1
outer loop
vertex 254 16 0
vertex 258 17 0
vertex 258 16 0
endloop
endfacet
facet normal 0 0 -1
outer loop
vertex 254 16 0
vertex 254 17 0
vertex 258 17 0
endloop
endfacet
facet normal 0 0 1
outer loop
vertex 254 16 1
vertex 258 16 1
vertex 258 17 1
endloop
endfacet
facet normal 0 0 1
outer loop
vertex 254 16 1
vertex 258 17 1
vertex 254 17 1
endloop
endfacet
facet normal 0 -1 0
outer loop
vertex 254 16 0
vertex 258 16 0
vertex 258 16 1
endloop
endfacet
facet normal 0 -1 0
outer loop
vertex 254 16 0
vertex 258 16 1
vertex 254 16 1
endloop
endfacet
facet normal 1 0 0
outer loop
vertex 258 16 0
vertex 258 17 0
vertex 258 17 1
endloop
endfacet
facet normal 1 0 0
outer loop
vertex 258 16 0
vertex 258 17 1
vertex 258 16 1
endloop
endfacet
facet normal 0 1 0
outer loop
vertex 258 17 0
vertex 254 17 0
vertex 254 17 1
endloop
endfacet
facet normal 0 1 0
outer loop
vertex 258 17 0
vertex 254 17 1
vertex 258 17 1
endloop
endfacet
facet normal -1 0 0
outer loop
vertex 254 17 0
vertex 254 16 0
vertex 254 16 1
endloop
endfacet
facet normal -1 0 0
outer loop
vertex 254 17 0
vertex 254 16 1
vertex 254 17 1
endloop
endfacet
facet normal 0 0 -1
outer loop
vertex 289 16 0
vertex 295 17 0
vertex 295 16 0
endloop
endfacet
facet normal 0 0 -1
outer loop
vertex 289 16 0
vertex 289 17 0
vertex 295 17 0
endloop
endfacet
facet normal 0 0 1
outer loop
vertex 289 16 1
vertex 295 16 1
vertex 295 17 1
endloop
endfacet
facet normal 0 0 1
outer loop
vertex 289 16 1
vertex 295 17 1
vertex 289 17 1
endloop
endfacet
facet normal 0 -1 0
outer loop
vertex 289 16 0
vertex 295 16 0
vertex 295 16 1
endloop
endfacet
facet normal 0 -1 0
outer loop
vertex 289 16 0
vertex 295 16 1
vertex 289 16 1
endloop
endfacet
facet normal 1 0 0
outer loop
vertex 295 16 0
vertex 295 17 0
vertex 295 17 1
endloop
endfacet
facet normal 1 0 0
outer loop
vertex 295 16 0
vertex 295 17 1
vertex 295 16 1
endloop
endfacet
facet normal 0 1 0
outer loop
vertex 295 17 0
vertex 289 17 0
vertex 289 17 1
endloop
endfacet
facet normal 0 1 0
outer loop
vertex 295 17 0
vertex 289 17 1
vertex 295 17 1
endloop
endfacet
facet normal -1 0 0
outer loop
vertex 289 17 0
vertex 289 16 0
vertex 289 16 1
endloop
endfacet
facet normal -1 0 0
outer loop
vertex 289 17 0
vertex 289 16 1
vertex 289 17 1
endloop
endfacet
facet normal 0 0 -1
outer loop
vertex 308 16 0
vertex 314 17 0
vertex 314 16 0
endloop
endfacet
facet normal 0 0 -1
outer loop
vertex 308 16 0
vertex 308 17 0
vertex 314 17 0
endloop
endfacet
facet normal 0 0 1
outer loop
vertex 308 16 1
vertex 314 16 1
vertex 314 17 1
endloop
endfacet
facet normal 0 0 1
outer loop
vertex 308 16 1
vertex 314 17 1
vertex 308 17 1
endloop
endfacet
facet normal 0 -1 0
outer loop
vertex 308 16 0
vertex 314 16 0
vertex 314 16 1
endloop
endfacet
facet normal 0 -1 0
outer loop
vertex 308 16 0
vertex 314 16 1
vertex 308 16 1
endloop
endfacet
facet normal 1 0 0
outer loop
vertex 314 16 0
vertex 314 17 0
vertex 314 17 1
endloop
endfacet
facet normal 1 0 0
outer loop
vertex 314 16 0
vertex 314 17 1
vertex 314 16 1
endloop
endfacet
facet normal 0 1 0
outer loop
vertex 314 17 0
vertex 308 17 0
vertex 308 17 1
endloop
endfacet
facet normal 0 1 0
outer loop
vertex 314 17 0
vertex 308 17 1
vertex 314 17 1
endloop
endfacet
facet normal -1 0 0
outer loop
vertex 308 17 0
vertex 308 16 0
vertex 308 16 1
endloop
endfacet
facet normal -1 0 0
outer loop
vertex 308 17 0
vertex 308 16 1
vertex 308 17 1
endloop
endfacet
facet normal 0 0 -1
outer loop
vertex 317 16 0
vertex 322 17 0
vertex 322 16 0
endloop
endfacet
facet normal 0 0 -1
outer loop
vertex 317 16 0
vertex 317 17 0
vertex 322 17 0
endloop
endfacet
facet normal 0 0 1
outer loop
vertex 317 16 1
vertex 322 16 1
vertex 322 17 1
endloop
endfacet
facet normal 0 0 1
outer loop
vertex 317 16 1
vertex 322 17 1
vertex 317 17 1
endloop
endfacet
facet normal 0 -1 0
outer loop
vertex 317 16 0
vertex 322 16 0
vertex 322 16 1
endloop
endfacet
facet normal 0 -1 0
outer loop
vertex 317 16 0
vertex 322 16 1
vertex 317 16 1
endloop
endfacet
facet normal 1 0 0
outer loop
vertex 322 16 0
vertex 322 17 0
vertex 322 17 1
endloop
endfacet
facet normal 1 0 0
outer loop
vertex 322 16 0
vertex 322 17 1
vertex 322 16 1
endloop
endfacet
facet normal 0 1 0
outer loop
vertex 322 17 0
vertex 317 17 0
vertex 317 17 1
endloop
endfacet
facet normal 0 1 0
outer loop
vertex 322 17 0
vertex 317 17 1
vertex 322 17 1
endloop
endfacet
facet normal -1 0 0
outer loop
vertex 317 17 0
vertex 317 16 0
vertex 317 16 1
endloop
endfacet
facet normal -1 0 0
outer loop
vertex 317 17 0
vertex 317 16 1
vertex 317 17 1
endloop
endfacet
facet normal 0 0 -1
outer loop
vertex 113 17 0
vertex 118 18 0
vertex 118 17 0
endloop
endfacet
facet normal 0 0 -1
outer loop
vertex 113 17 0
vertex 113 18 0
vertex 118 18 0
endloop
endfacet
facet normal 0 0 1
outer loop
vertex 113 17 1
vertex 118 17 1
vertex 118 18 1
endloop
endfacet
facet normal 0 0 1
outer loop
vertex 113 17 1
vertex 118 18 1
vertex 113 18 1
endloop
endfacet
facet normal 0 -1 0
outer loop
vertex 113 17 0
vertex 118 17 0
vertex 118 17 1
endloop
endfacet
facet normal 0 -1 0
outer loop
vertex 113 17 0
vertex 118 17 1
vertex 113 17 1
endloop
endfacet
facet normal 1 0 0
outer loop
vertex 118 17 0
vertex 118 18 0
vertex 118 18 1
endloop
endfacet
facet normal 1 0 0
outer loop
vertex 118 17 0
vertex 118 18 1
vertex 118 17 1
endloop
endfacet
facet normal 0 1 0
outer loop
vertex 118 18 0
vertex 113 18 0
vertex 113 18 1
endloop
endfacet
facet normal 0 1 0
outer loop
vertex 118 18 0
vertex 113 18 1
vertex 118 18 1
endloop
endfacet
facet normal -1 0 0
outer loop
vertex 113 18 0
vertex 113 17 0
vertex 113 17 1
endloop
endfacet
facet normal -1 0 0
outer loop
vertex 113 18 0
vertex 113 17 1
vertex 113 18 1
endloop
endfacet
facet normal 0 0 -1
outer loop
vertex 132 17 0
vertex 137 18 0
vertex 137 17 0
endloop
endfacet
facet normal 0 0 -1
outer loop
vertex 132 17 0
vertex 132 18 0
vertex 137 18 0
endloop
endfacet
facet normal 0 0 1
outer loop
vertex 132 17 1
vertex 137 17 1
vertex 137 18 1
endloop
endfacet
facet normal 0 0 1
outer loop
vertex 132 17 1
vertex 137 18 1
vertex 132 18 1
endloop
endfacet
facet normal 0 -1 0
outer loop
vertex 132 17 0
vertex 137 17 0
vertex 137 17 1
endloop
endfacet
facet normal 0 -1 0
outer loop
vertex 132 17 0
vertex 137 17 1
vertex 132 17 1
endloop
endfacet
facet normal 1 0 0
outer loop
vertex 137 17 0
vertex 137 18 0
vertex 137 18 1
endloop
endfacet
facet normal 1 0 0
outer loop
vertex 137 17 0
vertex 137 18 1
vertex 137 17 1
endloop
endfacet
facet normal 0 1 0
outer loop
vertex 137 18 0
vertex 132 18 0
vertex 132 18 1
endloop
endfacet
facet normal 0 1 0
outer loop
vertex 137 18 0
vertex 132 18 1
vertex 137 18 1
endloop
endfacet
facet normal -1 0 0
outer loop
vertex 132 18 0
vertex 132 17 0
vertex 132 17 1
endloop
endfacet
facet normal -1 0 0
outer loop
vertex 132 18 0
vertex 132 17 1
vertex 132 18 1
endloop
endfacet
facet normal 0 0 -1
outer loop
vertex 151 17 0
vertex 156 18 0
vertex 156 17 0
endloop
endfacet
facet normal 0 0 -1
outer loop
vertex 151 17 0
vertex 151 18 0
vertex 156 18 0
endloop
endfacet
facet normal 0 0 1
outer loop
vertex 151 17 1
vertex 156 17 1
vertex 156 18 1
endloop
endfacet
facet normal 0 0 1
outer loop
vertex 151 17 1
vertex 156 18 1
vertex 151 18 1
endloop
endfacet
facet normal 0 -1 0
outer loop
vertex 151 17 0
vertex 156 17 0
vertex 156 17 1
endloop
endfacet
facet normal 0 -1 0
outer loop
vertex 151 17 0
vertex 156 17 1
vertex 151 17 1
endloop
endfacet
facet normal 1 0 0
outer loop
vertex 156 17 0
vertex 156 18 0
vertex 156 18 1
endloop
endfacet
facet normal 1 0 0
outer loop
vertex 156 17 0
vertex 156 18 1
vertex 156 17 1
endloop
endfacet
facet normal 0 1 0
outer loop
vertex 156 18 0
vertex 151 18 0
vertex 151 18 1
endloop
endfacet
facet normal 0 1 0
outer loop
vertex 156 18 0
vertex 151 18 1
vertex 156 18 1
endloop
endfacet
facet normal -1 0 0
outer loop
vertex 151 18 0
vertex 151 17 0
vertex 151 17 1
endloop
endfacet
facet normal -1 0 0
outer loop
vertex 151 18 0
vertex 151 17 1
vertex 151 18 1
endloop
endfacet
facet normal 0 0 -1
outer loop
vertex 162 17 0
vertex 166 18 0
vertex 166 17 0
endloop
endfacet
facet normal 0 0 -1
outer loop
vertex 162 17 0
vertex 162 18 0
vertex 166 18 0
endloop
endfacet
facet normal 0 0 1
outer loop
vertex 162 17 1
vertex 166 17 1
vertex 166 18 1
endloop
endfacet
facet normal 0 0 1
outer loop
vertex 162 17 1
vertex 166 18 1
vertex 162 18 1
endloop
endfacet
facet normal 0 -1 0
outer loop
vertex 162 17 0
vertex 166 17 0
vertex 166 17 1
endloop
endfacet
facet normal 0 -1 0
outer loop
vertex 162 17 0
vertex 166 17 1
vertex 162 17 1
endloop
endfacet
facet normal 1 0 0
outer loop
vertex 166 17 0
vertex 166 18 0
vertex 166 18 1
endloop
endfacet
facet normal 1 0 0
outer loop
vertex 166 17 0
vertex 166 18 1
vertex 166 17 1
endloop
endfacet
facet normal 0 1 0
outer loop
vertex 166 18 0
vertex 162 18 0
vertex 162 18 1
endloop
endfacet
facet normal 0 1 0
outer loop
vertex 166 18 0
vertex 162 18 1
vertex 166 18 1
endloop
endfacet
facet normal -1 0 0
outer loop
vertex 162 18 0
vertex 162 17 0
vertex 162 17 1
endloop
endfacet
facet normal -1 0 0
outer loop
vertex 162 18 0
vertex 162 17 1
vertex 162 18 1
endloop
endfacet
facet normal 0 0 -1
outer loop
vertex 173 17 0
vertex 178 18 0
vertex 178 17 0
endloop
endfacet
facet normal 0 0 -1
outer loop
vertex 173 17 0
vertex 173 18 0
vertex 178 18 0
endloop
endfacet
facet normal 0 0 1
outer loop
vertex 173 17 1
vertex 178 17 1
vertex 178 18 1
endloop
endfacet
facet normal 0 0 1
outer loop
vertex 173 17 1
vertex 178 18 1
vertex 173 18 1
endloop
endfacet
facet normal 0 -1 0
outer loop
vertex 173 17 0
vertex 178 17 0
vertex 178 17 1
endloop
endfacet
facet normal 0 -1 0
outer loop
vertex 173 17 0
vertex 178 17 1
vertex 173 17 1
endloop
endfacet
facet normal 1 0 0
outer loop
vertex 178 17 0
vertex 178 18 0
vertex 178 18 1
endloop
endfacet
facet normal 1 0 0
outer loop
vertex 178 17 0
vertex 178 18 1
vertex 178 17 1
endloop
endfacet
facet normal 0 1 0
outer loop
vertex 178 18 0
vertex 173 18 0
vertex 173 18 1
endloop
endfacet
facet normal 0 1 0
outer loop
vertex 178 18 0
vertex 173 18 1
vertex 178 18 1
endloop
endfacet
facet normal -1 0 0
outer loop
vertex 173 18 0
vertex 173 17 0
vertex 173 17 1
endloop
endfacet
facet normal -1 0 0
outer loop
vertex 173 18 0
vertex 173 17 1
vertex 173 18 1
endloop
endfacet
facet normal 0 0 -1
outer loop
vertex 184 17 0
vertex 189 18 0
vertex 189 17 0
endloop
endfacet
facet normal 0 0 -1
outer loop
vertex 184 17 0
vertex 184 18 0
vertex 189 18 0
endloop
endfacet
facet normal 0 0 1
outer loop
vertex 184 17 1
vertex 189 17 1
vertex 189 18 1
endloop
endfacet
facet normal 0 0 1
outer loop
vertex 184 17 1
vertex 189 18 1
vertex 184 18 1
endloop
endfacet
facet normal 0 -1 0
outer loop
vertex 184 17 0
vertex 189 17 0
vertex 189 17 1
endloop
endfacet
facet normal 0 -1 0
outer loop
vertex 184 17 0
vertex 189 17 1
vertex 184 17 1
endloop
endfacet
facet normal 1 0 0
outer loop
vertex 189 17 0
vertex 189 18 0
vertex 189 18 1
endloop
endfacet
facet normal 1 0 0
outer loop
vertex 189 17 0
vertex 189 18 1
vertex 189 17 1
endloop
endfacet
facet normal 0 1 0
outer loop
vertex 189 18 0
vertex 184 18 0
vertex 184 18 1
endloop
endfacet
facet normal 0 1 0
outer loop
vertex 189 18 0
vertex 184 18 1
vertex 189 18 1
endloop
endfacet
facet normal -1 0 0
outer loop
vertex 184 18 0
vertex 184 17 0
vertex 184 17 1
endloop
endfacet
facet normal -1 0 0
outer loop
vertex 184 18 0
vertex 184 17 1
vertex 184 18 1
endloop
endfacet
facet normal 0 0 -1
outer loop
vertex 203 17 0
vertex 208 18 0
vertex 208 17 0
endloop
endfacet
facet normal 0 0 -1
outer loop
vertex 203 17 0
vertex 203 18 0
vertex 208 18 0
endloop
endfacet
facet normal 0 0 1
outer loop
vertex 203 17 1
vertex 208 17 1
vertex 208 18 1
endloop
endfacet
facet normal 0 0 1
outer loop
vertex 203 17 1
vertex 208 18 1
vertex 203 18 1
endloop
endfacet
facet normal 0 -1 0
outer loop
vertex 203 17 0
vertex 208 17 0
vertex 208 17 1
endloop
endfacet
facet normal 0 -1 0
outer loop
vertex 203 17 0
vertex 208 17 1
vertex 203 17 1
endloop
endfacet
facet normal 1 0 0
outer loop
vertex 208 17 0
vertex 208 18 0
vertex 208 18 1
endloop
endfacet
facet normal 1 0 0
outer loop
vertex 208 17 0
vertex 208 18 1
vertex 208 17 1
endloop
endfacet
facet normal 0 1 0
outer loop
vertex 208 18 0
vertex 203 18 0
vertex 203 18 1
endloop
endfacet
facet normal 0 1 0
outer loop
vertex 208 18 0
vertex 203 18 1
vertex 208 18 1
endloop
endfacet
facet normal -1 0 0
outer loop
vertex 203 18 0
vertex 203 17 0
vertex 203 17 1
endloop
endfacet
facet normal -1 0 0
outer loop
vertex 203 18 0
vertex 203 17 1
vertex 203 18 1
endloop
endfacet
facet normal 0 0 -1
outer loop
vertex 212 17 0
vertex 216 18 0
vertex 216 17 0
endloop
endfacet
facet normal 0 0 -1
outer loop
vertex 212 17 0
vertex 212 18 0
vertex 216 18 0
endloop
endfacet
facet normal 0 0 1
outer loop
vertex 212 17 1
vertex 216 17 1
vertex 216 18 1
endloop
endfacet
facet normal 0 0 1
outer loop
vertex 212 17 1
vertex 216 18 1
vertex 212 18 1
endloop
endfacet
facet normal 0 -1 0
outer loop
vertex 212 17 0
vertex 216 17 0
vertex 216 17 1
endloop
endfacet
facet normal 0 -1 0
outer loop
vertex 212 17 0
vertex 216 17 1
vertex 212 17 1
endloop
endfacet
facet normal 1 0 0
outer loop
vertex 216 17 0
vertex 216 18 0
vertex 216 18 1
endloop
endfacet
facet normal 1 0 0
outer loop
vertex 216 17 0
vertex 216 18 1
vertex 216 17 1
endloop
endfacet
facet normal 0 1 0
outer loop
vertex 216 18 0
vertex 212 18 0
vertex 212 18 1
endloop
endfacet
facet normal 0 1 0
outer loop
vertex 216 18 0
vertex 212 18 1
vertex 216 18 1
endloop
endfacet
facet normal -1 0 0
outer loop
vertex 212 18 0
vertex 212 17 0
vertex 212 17 1
endloop
endfacet
facet normal -1 0 0
outer loop
vertex 212 18 0
vertex 212 17 1
vertex 212 18 1
endloop
endfacet
facet normal 0 0 -1
outer loop
vertex 221 17 0
vertex 226 18 0
vertex 226 17 0
endloop
endfacet
facet normal 0 0 -1
outer loop
vertex 221 17 0
vertex 221 18 0
vertex 226 18 0
endloop
endfacet
facet normal 0 0 1
outer loop
vertex 221 17 1
vertex 226 17 1
vertex 226 18 1
endloop
endfacet
facet normal 0 0 1
outer loop
vertex 221 17 1
vertex 226 18 1
vertex 221 18 1
endloop
endfacet
facet normal 0 -1 0
outer loop
vertex 221 17 0
vertex 226 17 0
vertex 226 17 1
endloop
endfacet
facet normal 0 -1 0
outer loop
vertex 221 17 0
vertex 226 17 1
vertex 221 17 1
endloop
endfacet
facet normal 1 0 0
outer loop
vertex 226 17 0
vertex 226 18 0
vertex 226 18 1
endloop
endfacet
facet normal 1 0 0
outer loop
vertex 226 17 0
vertex 226 18 1
vertex 226 17 1
endloop
endfacet
facet normal 0 1 0
outer loop
vertex 226 18 0
vertex 221 18 0
vertex 221 18 1
endloop
endfacet
facet normal 0 1 0
outer loop
vertex 226 18 0
vertex 221 18 1
vertex 226 18 1
endloop
endfacet
facet normal -1 0 0
outer loop
vertex 221 18 0
vertex 221 17 0
vertex 221 17 1
endloop
endfacet
facet normal -1 0 0
outer loop
vertex 221 18 0
vertex 221 17 1
vertex 221 18 1
endloop
endfacet
facet normal 0 0 -1
outer loop
vertex 233 17 0
vertex 238 18 0
vertex 238 17 0
endloop
endfacet
facet normal 0 0 -1
outer loop
vertex 233 17 0
vertex 233 18 0
vertex 238 18 0
endloop
endfacet
facet normal 0 0 1
outer loop
vertex 233 17 1
vertex 238 17 1
vertex 238 18 1
endloop
endfacet
facet normal 0 0 1
outer loop
vertex 233 17 1
vertex 238 18 1
vertex 233 18 1
endloop
endfacet
facet normal 0 -1 0
outer loop
vertex 233 17 0
vertex 238 17 0
vertex 238 17 1
endloop
endfacet
facet normal 0 -1 0
outer loop
vertex 233 17 0
vertex 238 17 1
vertex 233 17 1
endloop
endfacet
facet normal 1 0 0
outer loop
vertex 238 17 0
vertex 238 18 0
vertex 238 18 1
endloop
endfacet
facet normal 1 0 0
outer loop
vertex 238 17 0
vertex 238 18 1
vertex 238 17 1
endloop
endfacet
facet normal 0 1 0
outer loop
vertex 238 18 0
vertex 233 18 0
vertex 233 18 1
endloop
endfacet
facet normal 0 1 0
outer loop
vertex 238 18 0
vertex 233 18 1
vertex 238 18 1
endloop
endfacet
facet normal -1 0 0
outer loop
vertex 233 18 0
vertex 233 17 0
vertex 233 17 1
endloop
endfacet
facet normal -1 0 0
outer loop
vertex 233 18 0
vertex 233 17 1
vertex 233 18 1
endloop
endfacet
facet normal 0 0 -1
outer loop
vertex 254 17 0
vertex 258 18 0
vertex 258 17 0
endloop
endfacet
facet normal 0 0 -1
outer loop
vertex 254 17 0
vertex 254 18 0
vertex 258 18 0
endloop
endfacet
facet normal 0 0 1
outer loop
vertex 254 17 1
vertex 258 17 1
vertex 258 18 1
endloop
endfacet
facet normal 0 0 1
outer loop
vertex 254 17 1
vertex 258 18 1
vertex 254 18 1
endloop
endfacet
facet normal 0 -1 0
outer loop
vertex 254 17 0
vertex 258 17 0
vertex 258 17 1
endloop
endfacet
facet normal 0 -1 0
outer loop
vertex 254 17 0
vertex 258 17 1
vertex 254 17 1
endloop
endfacet
facet normal 1 0 0
outer loop
vertex 258 17 0
vertex 258 18 0
vertex 258 18 1
endloop
endfacet
facet normal 1 0 0
outer loop
vertex 258 17 0
vertex 258 18 1
vertex 258 17 1
endloop
endfacet
facet normal 0 1 0
outer loop
vertex 258 18 0
vertex 254 18 0
vertex 254 18 1
endloop
endfacet
facet normal 0 1 0
outer loop
vertex 258 18 0
vertex 254 18 1
vertex 258 18 1
endloop
endfacet
facet normal -1 0 0
outer loop
vertex 254 18 0
vertex 254 17 0
vertex 254 17 1
endloop
endfacet
facet normal -1 0 0
outer loop
vertex 254 18 0
vertex 254 17 1
vertex 254 18 1
endloop
endfacet
facet normal 0 0 -1
outer loop
vertex 289 17 0
vertex 294 18 0
vertex 294 17 0
endloop
endfacet
facet normal 0 0 -1
outer loop
vertex 289 17 0
vertex 289 18 0
vertex 294 18 0
endloop
endfacet
facet normal 0 0 1
outer loop
vertex 289 17 1
vertex 294 17 1
vertex 294 18 1
endloop
endfacet
facet normal 0 0 1
outer loop
vertex 289 17 1
vertex 294 18 1
vertex 289 18 1
endloop
endfacet
facet normal 0 -1 0
outer loop
vertex 289 17 0
vertex 294 17 0
vertex 294 17 1
endloop
endfacet
facet normal 0 -1 0
outer loop
vertex 289 17 0
vertex 294 17 1
vertex 289 17 1
endloop
endfacet
facet normal 1 0 0
outer loop
vertex 294 17 0
vertex 294 18 0
vertex 294 18 1
endloop
endfacet
facet normal 1 0 0
outer loop
vertex 294 17 0
vertex 294 18 1
vertex 294 17 1
endloop
endfacet
facet normal 0 1 0
outer loop
vertex 294 18 0
vertex 289 18 0
vertex 289 18 1
endloop
endfacet
facet normal 0 1 0
outer loop
vertex 294 18 0
vertex 289 18 1
vertex 294 18 1
endloop
endfacet
facet normal -1 0 0
outer loop
vertex 289 18 0
vertex 289 17 0
vertex 289 17 1
endloop
endfacet
facet normal -1 0 0
outer loop
vertex 289 18 0
vertex 289 17 1
vertex 289 18 1
endloop
endfacet
facet normal 0 0 -1
outer loop
vertex 308 17 0
vertex 314 18 0
vertex 314 17 0
endloop
endfacet
facet normal 0 0 -1
outer loop
vertex 308 17 0
vertex 308 18 0
vertex 314 18 0
endloop
endfacet
facet normal 0 0 1
outer loop
vertex 308 17 1
vertex 314 17 1
vertex 314 18 1
endloop
endfacet
facet normal 0 0 1
outer loop
vertex 308 17 1
vertex 314 18 1
vertex 308 18 1
endloop
endfacet
facet normal 0 -1 0
outer loop
vertex 308 17 0
vertex 314 17 0
vertex 314 17 1
endloop
endfacet
facet normal 0 -1 0
outer loop
vertex 308 17 0
vertex 314 17 1
vertex 308 17 1
endloop
endfacet
facet normal 1 0 0
outer loop
vertex 314 17 0
vertex 314 18 0
vertex 314 18 1
endloop
endfacet
facet normal 1 0 0
outer loop
vertex 314 17 0
vertex 314 18 1
vertex 314 17 1
endloop
endfacet
facet normal 0 1 0
outer loop
vertex 314 18 0
vertex 308 18 0
vertex 308 18 1
endloop
endfacet
facet normal 0 1 0
outer loop
vertex 314 18 0
vertex 308 18 1
vertex 314 18 1
endloop
endfacet
facet normal -1 0 0
outer loop
vertex 308 18 0
vertex 308 17 0
vertex 308 17 1
endloop
endfacet
facet normal -1 0 0
outer loop
vertex 308 18 0
vertex 308 17 1
vertex 308 18 1
endloop
endfacet
facet normal 0 0 -1
outer loop
vertex 317 17 0
vertex 322 18 0
vertex 322 17 0
endloop
endfacet
facet normal 0 0 -1
outer loop
vertex 317 17 0
vertex 317 18 0
vertex 322 18 0
endloop
endfacet
facet normal 0 0 1
outer loop
vertex 317 17 1
vertex 322 17 1
vertex 322 18 1
endloop
endfacet
facet normal 0 0 1
outer loop
vertex 317 17 1
vertex 322 18 1
vertex 317 18 1
endloop
endfacet
facet normal 0 -1 0
outer loop
vertex 317 17 0
vertex 322 17 0
vertex 322 17 1
endloop
endfacet
facet normal 0 -1 0
outer loop
vertex 317 17 0
vertex 322 17 1
vertex 317 17 1
endloop
endfacet
facet normal 1 0 0
outer loop
vertex 322 17 0
vertex 322 18 0
vertex 322 18 1
endloop
endfacet
facet normal 1 0 0
outer loop
vertex 322 17 0
vertex 322 18 1
vertex 322 17 1
endloop
endfacet
facet normal 0 1 0
outer loop
vertex 322 18 0
vertex 317 18 0
vertex 317 18 1
endloop
endfacet
facet normal 0 1 0
outer loop
vertex 322 18 0
vertex 317 18 1
vertex 322 18 1
endloop
endfacet
facet normal -1 0 0
outer loop
vertex 317 18 0
vertex 317 17 0
vertex 317 17 1
endloop
endfacet
facet normal -1 0 0
outer loop
vertex 317 18 0
vertex 317 17 1
vertex 317 18 1
endloop
endfacet
facet normal 0 0 -1
outer loop
vertex 113 18 0
vertex 118 19 0
vertex 118 18 0
endloop
endfacet
facet normal 0 0 -1
outer loop
vertex 113 18 0
vertex 113 19 0
vertex 118 19 0
endloop
endfacet
facet normal 0 0 1
outer loop
vertex 113 18 1
vertex 118 18 1
vertex 118 19 1
endloop
endfacet
facet normal 0 0 1
outer loop
vertex 113 18 1
vertex 118 19 1
vertex 113 19 1
endloop
endfacet
facet normal 0 -1 0
outer loop
vertex 113 18 0
vertex 118 18 0
vertex 118 18 1
endloop
endfacet
facet normal 0 -1 0
outer loop
vertex 113 18 0
vertex 118 18 1
vertex 113 18 1
endloop
endfacet
facet normal 1 0 0
outer loop
vertex 118 18 0
vertex 118 19 0
vertex 118 19 1
endloop
endfacet
facet normal 1 0 0
outer loop
vertex 118 18 0
vertex 118 19 1
vertex 118 18 1
endloop
endfacet
facet normal 0 1 0
outer loop
vertex 118 19 0
vertex 113 19 0
vertex 113 19 1
endloop
endfacet
facet normal 0 1 0
outer loop
vertex 118 19 0
vertex 113 19 1
vertex 118 19 1
endloop
endfacet
facet normal -1 0 0
outer loop
vertex 113 19 0
vertex 113 18 0
vertex 113 18 1
endloop
endfacet
facet normal -1 0 0
outer loop
vertex 113 19 0
vertex 113 18 1
vertex 113 19 1
endloop
endfacet
facet normal 0 0 -1
outer loop
vertex 132 18 0
vertex 137 19 0
vertex 137 18 0
endloop
endfacet
facet normal 0 0 -1
outer loop
vertex 132 18 0
vertex 132 19 0
vertex 137 19 0
endloop
endfacet
facet normal 0 0 1
outer loop
vertex 132 18 1
vertex 137 18 1
vertex 137 19 1
endloop
endfacet
facet normal 0 0 1
outer loop
vertex 132 18 1
vertex 137 19 1
vertex 132 19 1
endloop
endfacet
facet normal 0 -1 0
outer loop
vertex 132 18 0
vertex 137 18 0
vertex 137 18 1
endloop
endfacet
facet normal 0 -1 0
outer loop
vertex 132 18 0
vertex 137 18 1
vertex 132 18 1
endloop
endfacet
facet normal 1 0 0
outer loop
vertex 137 18 0
vertex 137 19 0
vertex 137 19 1
endloop
endfacet
facet normal 1 0 0
outer loop
vertex 137 18 0
vertex 137 19 1
vertex 137 18 1
endloop
endfacet
facet normal 0 1 0
outer loop
vertex 137 19 0
vertex 132 19 0
vertex 132 19 1
endloop
endfacet
facet normal 0 1 0
outer loop
vertex 137 19 0
vertex 132 19 1
vertex 137 19 1
endloop
endfacet
facet normal -1 0 0
outer loop
vertex 132 19 0
vertex 132 18 0
vertex 132 18 1
endloop
endfacet
facet normal -1 0 0
outer loop
vertex 132 19 0
vertex 132 18 1
vertex 132 19 1
endloop
endfacet
facet normal 0 0 -1
outer loop
vertex 152 18 0
vertex 156 19 0
vertex 156 18 0
endloop
endfacet
facet normal 0 0 -1
outer loop
vertex 152 18 0
vertex 152 19 0
vertex 156 19 0
endloop
endfacet
facet normal 0 0 1
outer loop
vertex 152 18 1
vertex 156 18 1
vertex 156 19 1
endloop
endfacet
facet normal 0 0 1
outer loop
vertex 152 18 1
vertex 156 19 1
vertex 152 19 1
endloop
endfacet
facet normal 0 -1 0
outer loop
vertex 152 18 0
vertex 156 18 0
vertex 156 18 1
endloop
endfacet
facet normal 0 -1 0
outer loop
vertex 152 18 0
vertex 156 18 1
vertex 152 18 1
endloop
endfacet
facet normal 1 0 0
outer loop
vertex 156 18 0
vertex 156 19 0
vertex 156 19 1
endloop
endfacet
facet normal 1 0 0
outer loop
vertex 156 18 0
vertex 156 19 1
vertex 156 18 1
endloop
endfacet
facet normal 0 1 0
outer loop
vertex 156 19 0
vertex 152 19 0
vertex 152 19 1
endloop
endfacet
facet normal 0 1 0
outer loop
vertex 156 19 0
vertex 152 19 1
vertex 156 19 1
endloop
endfacet
facet normal -1 0 0
outer loop
vertex 152 19 0
vertex 152 18 0
vertex 152 18 1
endloop
endfacet
facet normal -1 0 0
outer loop
vertex 152 19 0
vertex 152 18 1
vertex 152 19 1
endloop
endfacet
facet normal 0 0 -1
outer loop
vertex 162 18 0
vertex 167 19 0
vertex 167 18 0
endloop
endfacet
facet normal 0 0 -1
outer loop
vertex 162 18 0
vertex 162 19 0
vertex 167 19 0
endloop
endfacet
facet normal 0 0 1
outer loop
vertex 162 18 1
vertex 167 18 1
vertex 167 19 1
endloop
endfacet
facet normal 0 0 1
outer loop
vertex 162 18 1
vertex 167 19 1
vertex 162 19 1
endloop
endfacet
facet normal 0 -1 0
outer loop
vertex 162 18 0
vertex 167 18 0
vertex 167 18 1
endloop
endfacet
facet normal 0 -1 0
outer loop
vertex 162 18 0
vertex 167 18 1
vertex 162 18 1
endloop
endfacet
facet normal 1 0 0
outer loop
vertex 167 18 0
vertex 167 19 0
vertex 167 19 1
endloop
endfacet
facet normal 1 0 0
outer loop
vertex 167 18 0
vertex 167 19 1
vertex 167 18 1
endloop
endfacet
facet normal 0 1 0
outer loop
vertex 167 19 0
vertex 162 19 0
vertex 162 19 1
endloop
endfacet
facet normal 0 1 0
outer loop
vertex 167 19 0
vertex 162 19 1
vertex 167 19 1
endloop
endfacet
facet normal -1 0 0
outer loop
vertex 162 19 0
vertex 162 18 0
vertex 162 18 1
endloop
endfacet
facet normal -1 0 0
outer loop
vertex 162 19 0
vertex 162 18 1
vertex 162 19 1
endloop
endfacet
facet normal 0 0 -1
outer loop
vertex 173 18 0
vertex 178 19 0
vertex 178 18 0
endloop
endfacet
facet normal 0 0 -1
outer loop
vertex 173 18 0
vertex 173 19 0
vertex 178 19 0
endloop
endfacet
facet normal 0 0 1
outer loop
vertex 173 18 1
vertex 178 18 1
vertex 178 19 1
endloop
endfacet
facet normal 0 0 1
outer loop
vertex 173 18 1
vertex 178 19 1
vertex 173 19 1
endloop
endfacet
facet normal 0 -1 0
outer loop
vertex 173 18 0
vertex 178 18 0
vertex 178 18 1
endloop
endfacet
facet normal 0 -1 0
outer loop
vertex 173 18 0
vertex 178 18 1
vertex 173 18 1
endloop
endfacet
facet normal 1 0 0
outer loop
vertex 178 18 0
vertex 178 19 0
vertex 178 19 1
endloop
endfacet
facet normal 1 0 0
outer loop
vertex 178 18 0
vertex 178 19 1
vertex 178 18 1
endloop
endfacet
facet normal 0 1 0
outer loop
vertex 178 19 0
vertex 173 19 0
vertex 173 19 1
endloop
endfacet
facet normal 0 1 0
outer loop
vertex 178 19 0
vertex 173 19 1
vertex 178 19 1
endloop
endfacet
facet normal -1 0 0
outer loop
vertex 173 19 0
vertex 173 18 0
vertex 173 18 1
endloop
endfacet
facet normal -1 0 0
outer loop
vertex 173 19 0
vertex 173 18 1
vertex 173 19 1
endloop
endfacet
facet normal 0 0 -1
outer loop
vertex 184 18 0
vertex 208 19 0
vertex 208 18 0
endloop
endfacet
facet normal 0 0 -1
outer loop
vertex 184 18 0
vertex 184 19 0
vertex 208 19 0
endloop
endfacet
facet normal 0 0 1
outer loop
vertex 184 18 1
vertex 208 18 1
vertex 208 19 1
endloop
endfacet
facet normal 0 0 1
outer loop
vertex 184 18 1
vertex 208 19 1
vertex 184 19 1
endloop
endfacet
facet normal 0 -1 0
outer loop
vertex 184 18 0
vertex 208 18 0
vertex 208 18 1
endloop
endfacet
facet normal 0 -1 0
outer loop
vertex 184 18 0
vertex 208 18 1
vertex 184 18 1
endloop
endfacet
facet normal 1 0 0
outer loop
vertex 208 18 0
vertex 208 19 0
vertex 208 19 1
endloop
endfacet
facet normal 1 0 0
outer loop
vertex 208 18 0
vertex 208 19 1
vertex 208 18 1
endloop
endfacet
facet normal 0 1 0
outer loop
vertex 208 19 0
vertex 184 19 0
vertex 184 19 1
endloop
endfacet
facet normal 0 1 0
outer loop
vertex 208 19 0
vertex 184 19 1
vertex 208 19 1
endloop
endfacet
facet normal -1 0 0
outer loop
vertex 184 19 0
vertex 184 18 0
vertex 184 18 1
endloop
endfacet
facet normal -1 0 0
outer loop
vertex 184 19 0
vertex 184 18 1
vertex 184 19 1
endloop
endfacet
facet normal 0 0 -1
outer loop
vertex 212 18 0
vertex 216 19 0
vertex 216 18 0
endloop
endfacet
facet normal 0 0 -1
outer loop
vertex 212 18 0
vertex 212 19 0
vertex 216 19 0
endloop
endfacet
facet normal 0 0 1
outer loop
vertex 212 18 1
vertex 216 18 1
vertex 216 19 1
endloop
endfacet
facet normal 0 0 1
outer loop
vertex 212 18 1
vertex 216 19 1
vertex 212 19 1
endloop
endfacet
facet normal 0 -1 0
outer loop
vertex 212 18 0
vertex 216 18 0
vertex 216 18 1
endloop
endfacet
facet normal 0 -1 0
outer loop
vertex 212 18 0
vertex 216 18 1
vertex 212 18 1
endloop
endfacet
facet normal 1 0 0
outer loop
vertex 216 18 0
vertex 216 19 0
vertex 216 19 1
endloop
endfacet
facet normal 1 0 0
outer loop
vertex 216 18 0
vertex 216 19 1
vertex 216 18 1
endloop
endfacet
facet normal 0 1 0
outer loop
vertex 216 19 0
vertex 212 19 0
vertex 212 19 1
endloop
endfacet
facet normal 0 1 0
outer loop
vertex 216 19 0
vertex 212 19 1
vertex 216 19 1
endloop
endfacet
facet normal -1 0 0
outer loop
vertex 212 19 0
vertex 212 18 0
vertex 212 18 1
endloop
endfacet
facet normal -1 0 0
outer loop
vertex 212 19 0
vertex 212 18 1
vertex 212 19 1
endloop
endfacet
facet normal 0 0 -1
outer loop
vertex 222 18 0
vertex 227 19 0
vertex 227 18 0
endloop
endfacet
facet normal 0 0 -1
outer loop
vertex 222 18 0
vertex 222 19 0
vertex 227 19 0
endloop
endfacet
facet normal 0 0 1
outer loop
vertex 222 18 1
vertex 227 18 1
vertex 227 19 1
endloop
endfacet
facet normal 0 0 1
outer loop
vertex 222 18 1
vertex 227 19 1
vertex 222 19 1
endloop
endfacet
facet normal 0 -1 0
outer loop
vertex 222 18 0
vertex 227 18 0
vertex 227 18 1
endloop
endfacet
facet normal 0 -1 0
outer loop
vertex 222 18 0
vertex 227 18 1
vertex 222 18 1
endloop
endfacet
facet normal 1 0 0
outer loop
vertex 227 18 0
vertex 227 19 0
vertex 227 19 1
endloop
endfacet
facet normal 1 0 0
outer loop
vertex 227 18 0
vertex 227 19 1
vertex 227 18 1
endloop
endfacet
facet normal 0 1 0
outer loop
vertex 227 19 0
vertex 222 19 0
vertex 222 19 1
endloop
endfacet
facet normal 0 1 0
outer loop
vertex 227 19 0
vertex 222 19 1
vertex 227 19 1
endloop
endfacet
facet normal -1 0 0
outer loop
vertex 222 19 0
vertex 222 18 0
vertex 222 18 1
endloop
endfacet
facet normal -1 0 0
outer loop
vertex 222 19 0
vertex 222 18 1
vertex 222 19 1
endloop
endfacet
facet normal 0 0 -1
outer loop
vertex 233 18 0
vertex 238 19 0
vertex 238 18 0
endloop
endfacet
facet normal 0 0 -1
outer loop
vertex 233 18 0
vertex 233 19 0
vertex 238 19 0
endloop
endfacet
facet normal 0 0 1
outer loop
vertex 233 18 1
vertex 238 18 1
vertex 238 19 1
endloop
endfacet
facet normal 0 0 1
outer loop
vertex 233 18 1
vertex 238 19 1
vertex 233 19 1
endloop
endfacet
facet normal 0 -1 0
outer loop
vertex 233 18 0
vertex 238 18 0
vertex 238 18 1
endloop
endfacet
facet normal 0 -1 0
outer loop
vertex 233 18 0
vertex 238 18 1
vertex 233 18 1
endloop
endfacet
facet normal 1 0 0
outer loop
vertex 238 18 0
vertex 238 19 0
vertex 238 19 1
endloop
endfacet
facet normal 1 0 0
outer loop
vertex 238 18 0
vertex 238 19 1
vertex 238 18 1
endloop
endfacet
facet normal 0 1 0
outer loop
vertex 238 19 0
vertex 233 19 0
vertex 233 19 1
endloop
endfacet
facet normal 0 1 0
outer loop
vertex 238 19 0
vertex 233 19 1
vertex 238 19 1
endloop
endfacet
facet normal -1 0 0
outer loop
vertex 233 19 0
vertex 233 18 0
vertex 233 18 1
endloop
endfacet
facet normal -1 0 0
outer loop
vertex 233 19 0
vertex 233 18 1
vertex 233 19 1
endloop
endfacet
facet normal 0 0 -1
outer loop
vertex 254 18 0
vertex 258 19 0
vertex 258 18 0
endloop
endfacet
facet normal 0 0 -1
outer loop
vertex 254 18 0
vertex 254 19 0
vertex 258 19 0
endloop
endfacet
facet normal 0 0 1
outer loop
vertex 254 18 1
vertex 258 18 1
vertex 258 19 1
endloop
endfacet
facet normal 0 0 1
outer loop
vertex 254 18 1
vertex 258 19 1
vertex 254 19 1
endloop
endfacet
facet normal 0 -1 0
outer loop
vertex 254 18 0
vertex 258 18 0
vertex 258 18 1
endloop
endfacet
facet normal 0 -1 0
outer loop
vertex 254 18 0
vertex 258 18 1
vertex 254 18 1
endloop
endfacet
facet normal 1 0 0
outer loop
vertex 258 18 0
vertex 258 19 0
vertex 258 19 1
endloop
endfacet
facet normal 1 0 0
outer loop
vertex 258 18 0
vertex 258 19 1
vertex 258 18 1
endloop
endfacet
facet normal 0 1 0
outer loop
vertex 258 19 0
vertex 254 19 0
vertex 254 19 1
endloop
endfacet
facet normal 0 1 0
outer loop
vertex 258 19 0
vertex 254 19 1
vertex 258 19 1
endloop
endfacet
facet normal -1 0 0
outer loop
vertex 254 19 0
vertex 254 18 0
vertex 254 18 1
endloop
endfacet
facet normal -1 0 0
outer loop
vertex 254 19 0
vertex 254 18 1
vertex 254 19 1
endloop
endfacet
facet normal 0 0 -1
outer loop
vertex 289 18 0
vertex 294 19 0
vertex 294 18 0
endloop
endfacet
facet normal 0 0 -1
outer loop
vertex 289 18 0
vertex 289 19 0
vertex 294 19 0
endloop
endfacet
facet normal 0 0 1
outer loop
vertex 289 18 1
vertex 294 18 1
vertex 294 19 1
endloop
endfacet
facet normal 0 0 1
outer loop
vertex 289 18 1
vertex 294 19 1
vertex 289 19 1
endloop
endfacet
facet normal 0 -1 0
outer loop
vertex 289 18 0
vertex 294 18 0
vertex 294 18 1
endloop
endfacet
facet normal 0 -1 0
outer loop
vertex 289 18 0
vertex 294 18 1
vertex 289 18 1
endloop
endfacet
facet normal 1 0 0
outer loop
vertex 294 18 0
vertex 294 19 0
vertex 294 19 1
endloop
endfacet
facet normal 1 0 0
outer loop
vertex 294 18 0
vertex 294 19 1
vertex 294 18 1
endloop
endfacet
facet normal 0 1 0
outer loop
vertex 294 19 0
vertex 289 19 0
vertex 289 19 1
endloop
endfacet
facet normal 0 1 0
outer loop
vertex 294 19 0
vertex 289 19 1
vertex 294 19 1
endloop
endfacet
facet normal -1 0 0
outer loop
vertex 289 19 0
vertex 289 18 0
vertex 289 18 1
endloop
endfacet
facet normal -1 0 0
outer loop
vertex 289 19 0
vertex 289 18 1
vertex 289 19 1
endloop
endfacet
facet normal 0 0 -1
outer loop
vertex 309 18 0
vertex 314 19 0
vertex 314 18 0
endloop
endfacet
facet normal 0 0 -1
outer loop
vertex 309 18 0
vertex 309 19 0
vertex 314 19 0
endloop
endfacet
facet normal 0 0 1
outer loop
vertex 309 18 1
vertex 314 18 1
vertex 314 19 1
endloop
endfacet
facet normal 0 0 1
outer loop
vertex 309 18 1
vertex 314 19 1
vertex 309 19 1
endloop
endfacet
facet normal 0 -1 0
outer loop
vertex 309 18 0
vertex 314 18 0
vertex 314 18 1
endloop
endfacet
facet normal 0 -1 0
outer loop
vertex 309 18 0
vertex 314 18 1
vertex 309 18 1
endloop
endfacet
facet normal 1 0 0
outer loop
vertex 314 18 0
vertex 314 19 0
vertex 314 19 1
endloop
endfacet
facet normal 1 0 0
outer loop
vertex 314 18 0
vertex 314 19 1
vertex 314 18 1
endloop
endfacet
facet normal 0 1 0
outer loop
vertex 314 19 0
vertex 309 19 0
vertex 309 19 1
endloop
endfacet
facet normal 0 1 0
outer loop
vertex 314 19 0
vertex 309 19 1
vertex 314 19 1
endloop
endfacet
facet normal -1 0 0
outer loop
vertex 309 19 0
vertex 309 18 0
vertex 309 18 1
endloop
endfacet
facet normal -1 0 0
outer loop
vertex 309 19 0
vertex 309 18 1
vertex 309 19 1
endloop
endfacet
facet normal 0 0 -1
outer loop
vertex 317 18 0
vertex 322 19 0
vertex 322 18 0
endloop
endfacet
facet normal 0 0 -1
outer loop
vertex 317 18 0
vertex 317 19 0
vertex 322 19 0
endloop
endfacet
facet normal 0 0 1
outer loop
vertex 317 18 1
vertex 322 18 1
vertex 322 19 1
endloop
endfacet
facet normal 0 0 1
outer loop
vertex 317 18 1
vertex 322 19 1
vertex 317 19 1
endloop
endfacet
facet normal 0 -1 0
outer loop
vertex 317 18 0
vertex 322 18 0
vertex 322 18 1
endloop
endfacet
facet normal 0 -1 0
outer loop
vertex 317 18 0
vertex 322 18 1
vertex 317 18 1
endloop
endfacet
facet normal 1 0 0
outer loop
vertex 322 18 0
vertex 322 19 0
vertex 322 19 1
endloop
endfacet
facet normal 1 0 0
outer loop
vertex 322 18 0
vertex 322 19 1
vertex 322 18 1
endloop
endfacet
facet normal 0 1 0
outer loop
vertex 322 19 0
vertex 317 19 0
vertex 317 19 1
endloop
endfacet
facet normal 0 1 0
outer loop
vertex 322 19 0
vertex 317 19 1
vertex 322 19 1
endloop
endfacet
facet normal -1 0 0
outer loop
vertex 317 19 0
vertex 317 18 0
vertex 317 18 1
endloop
endfacet
facet normal -1 0 0
outer loop
vertex 317 19 0
vertex 317 18 1
vertex 317 19 1
endloop
endfacet
facet normal 0 0 -1
outer loop
vertex 113 19 0
vertex 118 20 0
vertex 118 19 0
endloop
endfacet
facet normal 0 0 -1
outer loop
vertex 113 19 0
vertex 113 20 0
vertex 118 20 0
endloop
endfacet
facet normal 0 0 1
outer loop
vertex 113 19 1
vertex 118 19 1
vertex 118 20 1
endloop
endfacet
facet normal 0 0 1
outer loop
vertex 113 19 1
vertex 118 20 1
vertex 113 20 1
endloop
endfacet
facet normal 0 -1 0
outer loop
vertex 113 19 0
vertex 118 19 0
vertex 118 19 1
endloop
endfacet
facet normal 0 -1 0
outer loop
vertex 113 19 0
vertex 118 19 1
vertex 113 19 1
endloop
endfacet
facet normal 1 0 0
outer loop
vertex 118 19 0
vertex 118 20 0
vertex 118 20 1
endloop
endfacet
facet normal 1 0 0
outer loop
vertex 118 19 0
vertex 118 20 1
vertex 118 19 1
endloop
endfacet
facet normal 0 1 0
outer loop
vertex 118 20 0
vertex 113 20 0
vertex 113 20 1
endloop
endfacet
facet normal 0 1 0
outer loop
vertex 118 20 0
vertex 113 20 1
vertex 118 20 1
endloop
endfacet
facet normal -1 0 0
outer loop
vertex 113 20 0
vertex 113 19 0
vertex 113 19 1
endloop
endfacet
facet normal -1 0 0
outer loop
vertex 113 20 0
vertex 113 19 1
vertex 113 20 1
endloop
endfacet
facet normal 0 0 -1
outer loop
vertex 132 19 0
vertex 136 20 0
vertex 136 19 0
endloop
endfacet
facet normal 0 0 -1
outer loop
vertex 132 19 0
vertex 132 20 0
vertex 136 20 0
endloop
endfacet
facet normal 0 0 1
outer loop
vertex 132 19 1
vertex 136 19 1
vertex 136 20 1
endloop
endfacet
facet normal 0 0 1
outer loop
vertex 132 19 1
vertex 136 20 1
vertex 132 20 1
endloop
endfacet
facet normal 0 -1 0
outer loop
vertex 132 19 0
vertex 136 19 0
vertex 136 19 1
endloop
endfacet
facet normal 0 -1 0
outer loop
vertex 132 19 0
vertex 136 19 1
vertex 132 19 1
endloop
endfacet
facet normal 1 0 0
outer loop
vertex 136 19 0
vertex 136 20 0
vertex 136 20 1
endloop
endfacet
facet normal 1 0 0
outer loop
vertex 136 19 0
vertex 136 20 1
vertex 136 19 1
endloop
endfacet
facet normal 0 1 0
outer loop
vertex 136 20 0
vertex 132 20 0
vertex 132 20 1
endloop
endfacet
facet normal 0 1 0
outer loop
vertex 136 20 0
vertex 132 20 1
vertex 136 20 1
endloop
endfacet
facet normal -1 0 0
outer loop
vertex 132 20 0
vertex 132 19 0
vertex 132 19 1
endloop
endfacet
facet normal -1 0 0
outer loop
vertex 132 20 0
vertex 132 19 1
vertex 132 20 1
endloop
endfacet
facet normal 0 0 -1
outer loop
vertex 152 19 0
vertex 157 20 0
vertex 157 19 0
endloop
endfacet
facet normal 0 0 -1
outer loop
vertex 152 19 0
vertex 152 20 0
vertex 157 20 0
endloop
endfacet
facet normal 0 0 1
outer loop
vertex 152 19 1
vertex 157 19 1
vertex 157 20 1
endloop
endfacet
facet normal 0 0 1
outer loop
vertex 152 19 1
vertex 157 20 1
vertex 152 20 1
endloop
endfacet
facet normal 0 -1 0
outer loop
vertex 152 19 0
vertex 157 19 0
vertex 157 19 1
endloop
endfacet
facet normal 0 -1 0
outer loop
vertex 152 19 0
vertex 157 19 1
vertex 152 19 1
endloop
endfacet
facet normal 1 0 0
outer loop
vertex 157 19 0
vertex 157 20 0
vertex 157 20 1
endloop
endfacet
facet normal 1 0 0
outer loop
vertex 157 19 0
vertex 157 20 1
vertex 157 19 1
endloop
endfacet
facet normal 0 1 0
outer loop
vertex 157 20 0
vertex 152 20 0
vertex 152 20 1
endloop
endfacet
facet normal 0 1 0
outer loop
vertex 157 20 0
vertex 152 20 1
vertex 157 20 1
endloop
endfacet
facet normal -1 0 0
outer loop
vertex 152 20 0
vertex 152 19 0
vertex 152 19 1
endloop
endfacet
facet normal -1 0 0
outer loop
vertex 152 20 0
vertex 152 19 1
vertex 152 20 1
endloop
endfacet
facet normal 0 0 -1
outer loop
vertex 163 19 0
vertex 167 20 0
vertex 167 19 0
endloop
endfacet
facet normal 0 0 -1
outer loop
vertex 163 19 0
vertex 163 20 0
vertex 167 20 0
endloop
endfacet
facet normal 0 0 1
outer loop
vertex 163 19 1
vertex 167 19 1
vertex 167 20 1
endloop
endfacet
facet normal 0 0 1
outer loop
vertex 163 19 1
vertex 167 20 1
vertex 163 20 1
endloop
endfacet
facet normal 0 -1 0
outer loop
vertex 163 19 0
vertex 167 19 0
vertex 167 19 1
endloop
endfacet
facet normal 0 -1 0
outer loop
vertex 163 19 0
vertex 167 19 1
vertex 163 19 1
endloop
endfacet
facet normal 1 0 0
outer loop
vertex 167 19 0
vertex 167 20 0
vertex 167 20 1
endloop
endfacet
facet normal 1 0 0
outer loop
vertex 167 19 0
vertex 167 20 1
vertex 167 19 1
endloop
endfacet
facet normal 0 1 0
outer loop
vertex 167 20 0
vertex 163 20 0
vertex 163 20 1
endloop
endfacet
facet normal 0 1 0
outer loop
vertex 167 20 0
vertex 163 20 1
vertex 167 20 1
endloop
endfacet
facet normal -1 0 0
outer loop
vertex 163 20 0
vertex 163 19 0
vertex 163 19 1
endloop
endfacet
facet normal -1 0 0
outer loop
vertex 163 20 0
vertex 163 19 1
vertex 163 20 1
endloop
endfacet
facet normal 0 0 -1
outer loop
vertex 172 19 0
vertex 177 20 0
vertex 177 19 0
endloop
endfacet
facet normal 0 0 -1
outer loop
vertex 172 19 0
vertex 172 20 0
vertex 177 20 0
endloop
endfacet
facet normal 0 0 1
outer loop
vertex 172 19 1
vertex 177 19 1
vertex 177 20 1
endloop
endfacet
facet normal 0 0 1
outer loop
vertex 172 19 1
vertex 177 20 1
vertex 172 20 1
endloop
endfacet
facet normal 0 -1 0
outer loop
vertex 172 19 0
vertex 177 19 0
vertex 177 19 1
endloop
endfacet
facet normal 0 -1 0
outer loop
vertex 172 19 0
vertex 177 19 1
vertex 172 19 1
endloop
endfacet
facet normal 1 0 0
outer loop
vertex 177 19 0
vertex 177 20 0
vertex 177 20 1
endloop
endfacet
facet normal 1 0 0
outer loop
vertex 177 19 0
vertex 177 20 1
vertex 177 19 1
endloop
endfacet
facet normal 0 1 0
outer loop
vertex 177 20 0
vertex 172 20 0
vertex 172 20 1
endloop
endfacet
facet normal 0 1 0
outer loop
vertex 177 20 0
vertex 172 20 1
vertex 177 20 1
endloop
endfacet
facet normal -1 0 0
outer loop
vertex 172 20 0
vertex 172 19 0
vertex 172 19 1
endloop
endfacet
facet normal -1 0 0
outer loop
vertex 172 20 0
vertex 172 19 1
vertex 172 20 1
endloop
endfacet
facet normal 0 0 -1
outer loop
vertex 184 19 0
vertex 208 20 0
vertex 208 19 0
endloop
endfacet
facet normal 0 0 -1
outer loop
vertex 184 19 0
vertex 184 20 0
vertex 208 20 0
endloop
endfacet
facet normal 0 0 1
outer loop
vertex 184 19 1
vertex 208 19 1
vertex 208 20 1
endloop
endfacet
facet normal 0 0 1
outer loop
vertex 184 19 1
vertex 208 20 1
vertex 184 20 1
endloop
endfacet
facet normal 0 -1 0
outer loop
vertex 184 19 0
vertex 208 19 0
vertex 208 19 1
endloop
endfacet
facet normal 0 -1 0
outer loop
vertex 184 19 0
vertex 208 19 1
vertex 184 19 1
endloop
endfacet
facet normal 1 0 0
outer loop
vertex 208 19 0
vertex 208 20 0
vertex 208 20 1
endloop
endfacet
facet normal 1 0 0
outer loop
vertex 208 19 0
vertex 208 20 1
vertex 208 19 1
endloop
endfacet
facet normal 0 1 0
outer loop
vertex 208 20 0
vertex 184 20 0
vertex 184 20 1
endloop
endfacet
facet normal 0 1 0
outer loop
vertex 208 20 0
vertex 184 20 1
vertex 208 20 1
endloop
endfacet
facet normal -1 0 0
outer loop
vertex 184 20 0
vertex 184 19 0
vertex 184 19 1
endloop
endfacet
facet normal -1 0 0
outer loop
vertex 184 20 0
vertex 184 19 1
vertex 184 20 1
endloop
endfacet
facet normal 0 0 -1
outer loop
vertex 212 19 0
vertex 216 20 0
vertex 216 19 0
endloop
endfacet
facet normal 0 0 -1
outer loop
vertex 212 19 0
vertex 212 20 0
vertex 216 20 0
endloop
endfacet
facet normal 0 0 1
outer loop
vertex 212 19 1
vertex 216 19 1
vertex 216 20 1
endloop
endfacet
facet normal 0 0 1
outer loop
vertex 212 19 1
vertex 216 20 1
vertex 212 20 1
endloop
endfacet
facet normal 0 -1 0
outer loop
vertex 212 19 0
vertex 216 19 0
vertex 216 19 1
endloop
endfacet
facet normal 0 -1 0
outer loop
vertex 212 19 0
vertex 216 19 1
vertex 212 19 1
endloop
endfacet
facet normal 1 0 0
outer loop
vertex 216 19 0
vertex 216 20 0
vertex 216 20 1
endloop
endfacet
facet normal 1 0 0
outer loop
vertex 216 19 0
vertex 216 20 1
vertex 216 19 1
endloop
endfacet
facet normal 0 1 0
outer loop
vertex 216 20 0
vertex 212 20 0
vertex 212 20 1
endloop
endfacet
facet normal 0 1 0
outer loop
vertex 216 20 0
vertex 212 20 1
vertex 216 20 1
endloop
endfacet
facet normal -1 0 0
outer loop
vertex 212 20 0
vertex 212 19 0
vertex 212 19 1
endloop
endfacet
facet normal -1 0 0
outer loop
vertex 212 20 0
vertex 212 19 1
vertex 212 20 1
endloop
endfacet
facet normal 0 0 -1
outer loop
vertex 222 19 0
vertex 227 20 0
vertex 227 19 0
endloop
endfacet
facet normal 0 0 -1
outer loop
vertex 222 19 0
vertex 222 20 0
vertex 227 20 0
endloop
endfacet
facet normal 0 0 1
outer loop
vertex 222 19 1
vertex 227 19 1
vertex 227 20 1
endloop
endfacet
facet normal 0 0 1
outer loop
vertex 222 19 1
vertex 227 20 1
vertex 222 20 1
endloop
endfacet
facet normal 0 -1 0
outer loop
vertex 222 19 0
vertex 227 19 0
vertex 227 19 1
endloop
endfacet
facet normal 0 -1 0
outer loop
vertex 222 19 0
vertex 227 19 1
vertex 222 19 1
endloop
endfacet
facet normal 1 0 0
outer loop
vertex 227 19 0
vertex 227 20 0
vertex 227 20 1
endloop
endfacet
facet normal 1 0 0
outer loop
vertex 227 19 0
vertex 227 20 1
vertex 227 19 1
endloop
endfacet
facet normal 0 1 0
outer loop
vertex 227 20 0
vertex 222 20 0
vertex 222 20 1
endloop
endfacet
facet normal 0 1 0
outer loop
vertex 227 20 0
vertex 222 20 1
vertex 227 20 1
endloop
endfacet
facet normal -1 0 0
outer loop
vertex 222 20 0
vertex 222 19 0
vertex 222 19 1
endloop
endfacet
facet normal -1 0 0
outer loop
vertex 222 20 0
vertex 222 19 1
vertex 222 20 1
endloop
endfacet
facet normal 0 0 -1
outer loop
vertex 232 19 0
vertex 237 20 0
vertex 237 19 0
endloop
endfacet
facet normal 0 0 -1
outer loop
vertex 232 19 0
vertex 232 20 0
vertex 237 20 0
endloop
endfacet
facet normal 0 0 1
outer loop
vertex 232 19 1
vertex 237 19 1
vertex 237 20 1
endloop
endfacet
facet normal 0 0 1
outer loop
vertex 232 19 1
vertex 237 20 1
vertex 232 20 1
endloop
endfacet
facet normal 0 -1 0
outer loop
vertex 232 19 0
vertex 237 19 0
vertex 237 19 1
endloop
endfacet
facet normal 0 -1 0
outer loop
vertex 232 19 0
vertex 237 19 1
vertex 232 19 1
endloop
endfacet
facet normal 1 0 0
outer loop
vertex 237 19 0
vertex 237 20 0
vertex 237 20 1
endloop
endfacet
facet normal 1 0 0
outer loop
vertex 237 19 0
vertex 237 20 1
vertex 237 19 1
endloop
endfacet
facet normal 0 1 0
outer loop
vertex 237 20 0
vertex 232 20 0
vertex 232 20 1
endloop
endfacet
facet normal 0 1 0
outer loop
vertex 237 20 0
vertex 232 20 1
vertex 237 20 1
endloop
endfacet
facet normal -1 0 0
outer loop
vertex 232 20 0
vertex 232 19 0
vertex 232 19 1
endloop
endfacet
facet normal -1 0 0
outer loop
vertex 232 20 0
vertex 232 19 1
vertex 232 20 1
endloop
endfacet
facet normal 0 0 -1
outer loop
vertex 254 19 0
vertex 259 20 0
vertex 259 19 0
endloop
endfacet
facet normal 0 0 -1
outer loop
vertex 254 19 0
vertex 254 20 0
vertex 259 20 0
endloop
endfacet
facet normal 0 0 1
outer loop
vertex 254 19 1
vertex 259 19 1
vertex 259 20 1
endloop
endfacet
facet normal 0 0 1
outer loop
vertex 254 19 1
vertex 259 20 1
vertex 254 20 1
endloop
endfacet
facet normal 0 -1 0
outer loop
vertex 254 19 0
vertex 259 19 0
vertex 259 19 1
endloop
endfacet
facet normal 0 -1 0
outer loop
vertex 254 19 0
vertex 259 19 1
vertex 254 19 1
endloop
endfacet
facet normal 1 0 0
outer loop
vertex 259 19 0
vertex 259 20 0
vertex 259 20 1
endloop
endfacet
facet normal 1 0 0
outer loop
vertex 259 19 0
vertex 259 20 1
vertex 259 19 1
endloop
endfacet
facet normal 0 1 0
outer loop
vertex 259 20 0
vertex 254 20 0
vertex 254 20 1
endloop
endfacet
facet normal 0 1 0
outer loop
vertex 259 20 0
vertex 254 20 1
vertex 259 20 1
endloop
endfacet
facet normal -1 0 0
outer loop
vertex 254 20 0
vertex 254 19 0
vertex 254 19 1
endloop
endfacet
facet normal -1 0 0
outer loop
vertex 254 20 0
vertex 254 19 1
vertex 254 20 1
endloop
endfacet
facet normal 0 0 -1
outer loop
vertex 289 19 0
vertex 293 20 0
vertex 293 19 0
endloop
endfacet
facet normal 0 0 -1
outer loop
vertex 289 19 0
vertex 289 20 0
vertex 293 20 0
endloop
endfacet
facet normal 0 0 1
outer loop
vertex 289 19 1
vertex 293 19 1
vertex 293 20 1
endloop
endfacet
facet normal 0 0 1
outer loop
vertex 289 19 1
vertex 293 20 1
vertex 289 20 1
endloop
endfacet
facet normal 0 -1 0
outer loop
vertex 289 19 0
vertex 293 19 0
vertex 293 19 1
endloop
endfacet
facet normal 0 -1 0
outer loop
vertex 289 19 0
vertex 293 19 1
vertex 289 19 1
endloop
endfacet
facet normal 1 0 0
outer loop
vertex 293 19 0
vertex 293 20 0
vertex 293 20 1
endloop
endfacet
facet normal 1 0 0
outer loop
vertex 293 19 0
vertex 293 20 1
vertex 293 19 1
endloop
endfacet
facet normal 0 1 0
outer loop
vertex 293 20 0
vertex 289 20 0
vertex 289 20 1
endloop
endfacet
facet normal 0 1 0
outer loop
vertex 293 20 0
vertex 289 20 1
vertex 293 20 1
endloop
endfacet
facet normal -1 0 0
outer loop
vertex 289 20 0
vertex 289 19 0
vertex 289 19 1
endloop
endfacet
facet normal -1 0 0
outer loop
vertex 289 20 0
vertex 289 19 1
vertex 289 20 1
endloop
endfacet
facet normal 0 0 -1
outer loop
vertex 309 19 0
vertex 314 20 0
vertex 314 19 0
endloop
endfacet
facet normal 0 0 -1
outer loop
vertex 309 19 0
vertex 309 20 0
vertex 314 20 0
endloop
endfacet
facet normal 0 0 1
outer loop
vertex 309 19 1
vertex 314 19 1
vertex 314 20 1
endloop
endfacet
facet normal 0 0 1
outer loop
vertex 309 19 1
vertex 314 20 1
vertex 309 20 1
endloop
endfacet
facet normal 0 -1 0
outer loop
vertex 309 19 0
vertex 314 19 0
vertex 314 19 1
endloop
endfacet
facet normal 0 -1 0
outer loop
vertex 309 19 0
vertex 314 19 1
vertex 309 19 1
endloop
endfacet
facet normal 1 0 0
outer loop
vertex 314 19 0
vertex 314 20 0
vertex 314 20 1
endloop
endfacet
facet normal 1 0 0
outer loop
vertex 314 19 0
vertex 314 20 1
vertex 314 19 1
endloop
endfacet
facet normal 0 1 0
outer loop
vertex 314 20 0
vertex 309 20 0
vertex 309 20 1
endloop
endfacet
facet normal 0 1 0
outer loop
vertex 314 20 0
vertex 309 20 1
vertex 314 20 1
endloop
endfacet
facet normal -1 0 0
outer loop
vertex 309 20 0
vertex 309 19 0
vertex 309 19 1
endloop
endfacet
facet normal -1 0 0
outer loop
vertex 309 20 0
vertex 309 19 1
vertex 309 20 1
endloop
endfacet
facet normal 0 0 -1
outer loop
vertex 317 19 0
vertex 322 20 0
vertex 322 19 0
endloop
endfacet
facet normal 0 0 -1
outer loop
vertex 317 19 0
vertex 317 20 0
vertex 322 20 0
endloop
endfacet
facet normal 0 0 1
outer loop
vertex 317 19 1
vertex 322 19 1
vertex 322 20 1
endloop
endfacet
facet normal 0 0 1
outer loop
vertex 317 19 1
vertex 322 20 1
vertex 317 20 1
endloop
endfacet
facet normal 0 -1 0
outer loop
vertex 317 19 0
vertex 322 19 0
vertex 322 19 1
endloop
endfacet
facet normal 0 -1 0
outer loop
vertex 317 19 0
vertex 322 19 1
vertex 317 19 1
endloop
endfacet
facet normal 1 0 0
outer loop
vertex 322 19 0
vertex 322 20 0
vertex 322 20 1
endloop
endfacet
facet normal 1 0 0
outer loop
vertex 322 19 0
vertex 322 20 1
vertex 322 19 1
endloop
endfacet
facet normal 0 1 0
outer loop
vertex 322 20 0
vertex 317 20 0
vertex 317 20 1
endloop
endfacet
facet normal 0 1 0
outer loop
vertex 322 20 0
vertex 317 20 1
vertex 322 20 1
endloop
endfacet
facet normal -1 0 0
outer loop
vertex 317 20 0
vertex 317 19 0
vertex 317 19 1
endloop
endfacet
facet normal -1 0 0
outer loop
vertex 317 20 0
vertex 317 19 1
vertex 317 20 1
endloop
endfacet
facet normal 0 0 -1
outer loop
vertex 113 20 0
vertex 118 21 0
vertex 118 20 0
endloop
endfacet
facet normal 0 0 -1
outer loop
vertex 113 20 0
vertex 113 21 0
vertex 118 21 0
endloop
endfacet
facet normal 0 0 1
outer loop
vertex 113 20 1
vertex 118 20 1
vertex 118 21 1
endloop
endfacet
facet normal 0 0 1
outer loop
vertex 113 20 1
vertex 118 21 1
vertex 113 21 1
endloop
endfacet
facet normal 0 -1 0
outer loop
vertex 113 20 0
vertex 118 20 0
vertex 118 20 1
endloop
endfacet
facet normal 0 -1 0
outer loop
vertex 113 20 0
vertex 118 20 1
vertex 113 20 1
endloop
endfacet
facet normal 1 0 0
outer loop
vertex 118 20 0
vertex 118 21 0
vertex 118 21 1
endloop
endfacet
facet normal 1 0 0
outer loop
vertex 118 20 0
vertex 118 21 1
vertex 118 20 1
endloop
endfacet
facet normal 0 1 0
outer loop
vertex 118 21 0
vertex 113 21 0
vertex 113 21 1
endloop
endfacet
facet normal 0 1 0
outer loop
vertex 118 21 0
vertex 113 21 1
vertex 118 21 1
endloop
endfacet
facet normal -1 0 0
outer loop
vertex 113 21 0
vertex 113 20 0
vertex 113 20 1
endloop
endfacet
facet normal -1 0 0
outer loop
vertex 113 21 0
vertex 113 20 1
vertex 113 21 1
endloop
endfacet
facet normal 0 0 -1
outer loop
vertex 132 20 0
vertex 136 21 0
vertex 136 20 0
endloop
endfacet
facet normal 0 0 -1
outer loop
vertex 132 20 0
vertex 132 21 0
vertex 136 21 0
endloop
endfacet
facet normal 0 0 1
outer loop
vertex 132 20 1
vertex 136 20 1
vertex 136 21 1
endloop
endfacet
facet normal 0 0 1
outer loop
vertex 132 20 1
vertex 136 21 1
vertex 132 21 1
endloop
endfacet
facet normal 0 -1 0
outer loop
vertex 132 20 0
vertex 136 20 0
vertex 136 20 1
endloop
endfacet
facet normal 0 -1 0
outer loop
vertex 132 20 0
vertex 136 20 1
vertex 132 20 1
endloop
endfacet
facet normal 1 0 0
outer loop
vertex 136 20 0
vertex 136 21 0
vertex 136 21 1
endloop
endfacet
facet normal 1 0 0
outer loop
vertex 136 20 0
vertex 136 21 1
vertex 136 20 1
endloop
endfacet
facet normal 0 1 0
outer loop
vertex 136 21 0
vertex 132 21 0
vertex 132 21 1
endloop
endfacet
facet normal 0 1 0
outer loop
vertex 136 21 0
vertex 132 21 1
vertex 136 21 1
endloop
endfacet
facet normal -1 0 0
outer loop
vertex 132 21 0
vertex 132 20 0
vertex 132 20 1
endloop
endfacet
facet normal -1 0 0
outer loop
vertex 132 21 0
vertex 132 20 1
vertex 132 21 1
endloop
endfacet
facet normal 0 0 -1
outer loop
vertex 152 20 0
vertex 157 21 0
vertex 157 20 0
endloop
endfacet
facet normal 0 0 -1
outer loop
vertex 152 20 0
vertex 152 21 0
vertex 157 21 0
endloop
endfacet
facet normal 0 0 1
outer loop
vertex 152 20 1
vertex 157 20 1
vertex 157 21 1
endloop
endfacet
facet normal 0 0 1
outer loop
vertex 152 20 1
vertex 157 21 1
vertex 152 21 1
endloop
endfacet
facet normal 0 -1 0
outer loop
vertex 152 20 0
vertex 157 20 0
vertex 157 20 1
endloop
endfacet
facet normal 0 -1 0
outer loop
vertex 152 20 0
vertex 157 20 1
vertex 152 20 1
endloop
endfacet
facet normal 1 0 0
outer loop
vertex 157 20 0
vertex 157 21 0
vertex 157 21 1
endloop
endfacet
facet normal 1 0 0
outer loop
vertex 157 20 0
vertex 157 21 1
vertex 157 20 1
endloop
endfacet
facet normal 0 1 0
outer loop
vertex 157 21 0
vertex 152 21 0
vertex 152 21 1
endloop
endfacet
facet normal 0 1 0
outer loop
vertex 157 21 0
vertex 152 21 1
vertex 157 21 1
endloop
endfacet
facet normal -1 0 0
outer loop
vertex 152 21 0
vertex 152 20 0
vertex 152 20 1
endloop
endfacet
facet normal -1 0 0
outer loop
vertex 152 21 0
vertex 152 20 1
vertex 152 21 1
endloop
endfacet
facet normal 0 0 -1
outer loop
vertex 163 20 0
vertex 168 21 0
vertex 168 20 0
endloop
endfacet
facet normal 0 0 -1
outer loop
vertex 163 20 0
vertex 163 21 0
vertex 168 21 0
endloop
endfacet
facet normal 0 0 1
outer loop
vertex 163 20 1
vertex 168 20 1
vertex 168 21 1
endloop
endfacet
facet normal 0 0 1
outer loop
vertex 163 20 1
vertex 168 21 1
vertex 163 21 1
endloop
endfacet
facet normal 0 -1 0
outer loop
vertex 163 20 0
vertex 168 20 0
vertex 168 20 1
endloop
endfacet
facet normal 0 -1 0
outer loop
vertex 163 20 0
vertex 168 20 1
vertex 163 20 1
endloop
endfacet
facet normal 1 0 0
outer loop
vertex 168 20 0
vertex 168 21 0
vertex 168 21 1
endloop
endfacet
facet normal 1 0 0
outer loop
vertex 168 20 0
vertex 168 21 1
vertex 168 20 1
endloop
endfacet
facet normal 0 1 0
outer loop
vertex 168 21 0
vertex 163 21 0
vertex 163 21 1
endloop
endfacet
facet normal 0 1 0
outer loop
vertex 168 21 0
vertex 163 21 1
vertex 168 21 1
endloop
endfacet
facet normal -1 0 0
outer loop
vertex 163 21 0
vertex 163 20 0
vertex 163 20 1
endloop
endfacet
facet normal -1 0 0
outer loop
vertex 163 21 0
vertex 163 20 1
vertex 163 21 1
endloop
endfacet
facet normal 0 0 -1
outer loop
vertex 172 20 0
vertex 177 21 0
vertex 177 20 0
endloop
endfacet
facet normal 0 0 -1
outer loop
vertex 172 20 0
vertex 172 21 0
vertex 177 21 0
endloop
endfacet
facet normal 0 0 1
outer loop
vertex 172 20 1
vertex 177 20 1
vertex 177 21 1
endloop
endfacet
facet normal 0 0 1
outer loop
vertex 172 20 1
vertex 177 21 1
vertex 172 21 1
endloop
endfacet
facet normal 0 -1 0
outer loop
vertex 172 20 0
vertex 177 20 0
vertex 177 20 1
endloop
endfacet
facet normal 0 -1 0
outer loop
vertex 172 20 0
vertex 177 20 1
vertex 172 20 1
endloop
endfacet
facet normal 1 0 0
outer loop
vertex 177 20 0
vertex 177 21 0
vertex 177 21 1
endloop
endfacet
facet normal 1 0 0
outer loop
vertex 177 20 0
vertex 177 21 1
vertex 177 20 1
endloop
endfacet
facet normal 0 1 0
outer loop
vertex 177 21 0
vertex 172 21 0
vertex 172 21 1
endloop
endfacet
facet normal 0 1 0
outer loop
vertex 177 21 0
vertex 172 21 1
vertex 177 21 1
endloop
endfacet
facet normal -1 0 0
outer loop
vertex 172 21 0
vertex 172 20 0
vertex 172 20 1
endloop
endfacet
facet normal -1 0 0
outer loop
vertex 172 21 0
vertex 172 20 1
vertex 172 21 1
endloop
endfacet
facet normal 0 0 -1
outer loop
vertex 184 20 0
vertex 208 21 0
vertex 208 20 0
endloop
endfacet
facet normal 0 0 -1
outer loop
vertex 184 20 0
vertex 184 21 0
vertex 208 21 0
endloop
endfacet
facet normal 0 0 1
outer loop
vertex 184 20 1
vertex 208 20 1
vertex 208 21 1
endloop
endfacet
facet normal 0 0 1
outer loop
vertex 184 20 1
vertex 208 21 1
vertex 184 21 1
endloop
endfacet
facet normal 0 -1 0
outer loop
vertex 184 20 0
vertex 208 20 0
vertex 208 20 1
endloop
endfacet
facet normal 0 -1 0
outer loop
vertex 184 20 0
vertex 208 20 1
vertex 184 20 1
endloop
endfacet
facet normal 1 0 0
outer loop
vertex 208 20 0
vertex 208 21 0
vertex 208 21 1
endloop
endfacet
facet normal 1 0 0
outer loop
vertex 208 20 0
vertex 208 21 1
vertex 208 20 1
endloop
endfacet
facet normal 0 1 0
outer loop
vertex 208 21 0
vertex 184 21 0
vertex 184 21 1
endloop
endfacet
facet normal 0 1 0
outer loop
vertex 208 21 0
vertex 184 21 1
vertex 208 21 1
endloop
endfacet
facet normal -1 0 0
outer loop
vertex 184 21 0
vertex 184 20 0
vertex 184 20 1
endloop
endfacet
facet normal -1 0 0
outer loop
vertex 184 21 0
vertex 184 20 1
vertex 184 21 1
endloop
endfacet
facet normal 0 0 -1
outer loop
vertex 212 20 0
vertex 216 21 0
vertex 216 20 0
endloop
endfacet
facet normal 0 0 -1
outer loop
vertex 212 20 0
vertex 212 21 0
vertex 216 21 0
endloop
endfacet
facet normal 0 0 1
outer loop
vertex 212 20 1
vertex 216 20 1
vertex 216 21 1
endloop
endfacet
facet normal 0 0 1
outer loop
vertex 212 20 1
vertex 216 21 1
vertex 212 21 1
endloop
endfacet
facet normal 0 -1 0
outer loop
vertex 212 20 0
vertex 216 20 0
vertex 216 20 1
endloop
endfacet
facet normal 0 -1 0
outer loop
vertex 212 20 0
vertex 216 20 1
vertex 212 20 1
endloop
endfacet
facet normal 1 0 0
outer loop
vertex 216 20 0
vertex 216 21 0
vertex 216 21 1
endloop
endfacet
facet normal 1 0 0
outer loop
vertex 216 20 0
vertex 216 21 1
vertex 216 20 1
endloop
endfacet
facet normal 0 1 0
outer loop
vertex 216 21 0
vertex 212 21 0
vertex 212 21 1
endloop
endfacet
facet normal 0 1 0
outer loop
vertex 216 21 0
vertex 212 21 1
vertex 216 21 1
endloop
endfacet
facet normal -1 0 0
outer loop
vertex 212 21 0
vertex 212 20 0
vertex 212 20 1
endloop
endfacet
facet normal -1 0 0
outer loop
vertex 212 21 0
vertex 212 20 1
vertex 212 21 1
endloop
endfacet
facet normal 0 0 -1
outer loop
vertex 223 20 0
vertex 227 21 0
vertex 227 20 0
endloop
endfacet
facet normal 0 0 -1
outer loop
vertex 223 20 0
vertex 223 21 0
vertex 227 21 0
endloop
endfacet
facet normal 0 0 1
outer loop
vertex 223 20 1
vertex 227 20 1
vertex 227 21 1
endloop
endfacet
facet normal 0 0 1
outer loop
vertex 223 20 1
vertex 227 21 1
vertex 223 21 1
endloop
endfacet
facet normal 0 -1 0
outer loop
vertex 223 20 0
vertex 227 20 0
vertex 227 20 1
endloop
endfacet
facet normal 0 -1 0
outer loop
vertex 223 20 0
vertex 227 20 1
vertex 223 20 1
endloop
endfacet
facet normal 1 0 0
outer loop
vertex 227 20 0
vertex 227 21 0
vertex 227 21 1
endloop
endfacet
facet normal 1 0 0
outer loop
vertex 227 20 0
vertex 227 21 1
vertex 227 20 1
endloop
endfacet
facet normal 0 1 0
outer loop
vertex 227 21 0
vertex 223 21 0
vertex 223 21 1
endloop
endfacet
facet normal 0 1 0
outer loop
vertex 227 21 0
vertex 223 21 1
vertex 227 21 1
endloop
endfacet
facet normal -1 0 0
outer loop
vertex 223 21 0
vertex 223 20 0
vertex 223 20 1
endloop
endfacet
facet normal -1 0 0
outer loop
vertex 223 21 0
vertex 223 20 1
vertex 223 21 1
endloop
endfacet
facet normal 0 0 -1
outer loop
vertex 232 20 0
vertex 237 21 0
vertex 237 20 0
endloop
endfacet
facet normal 0 0 -1
outer loop
vertex 232 20 0
vertex 232 21 0
vertex 237 21 0
endloop
endfacet
facet normal 0 0 1
outer loop
vertex 232 20 1
vertex 237 20 1
vertex 237 21 1
endloop
endfacet
facet normal 0 0 1
outer loop
vertex 232 20 1
vertex 237 21 1
vertex 232 21 1
endloop
endfacet
facet normal 0 -1 0
outer loop
vertex 232 20 0
vertex 237 20 0
vertex 237 20 1
endloop
endfacet
facet normal 0 -1 0
outer loop
vertex 232 20 0
vertex 237 20 1
vertex 232 20 1
endloop
endfacet
facet normal 1 0 0
outer loop
vertex 237 20 0
vertex 237 21 0
vertex 237 21 1
endloop
endfacet
facet normal 1 0 0
outer loop
vertex 237 20 0
vertex 237 21 1
vertex 237 20 1
endloop
endfacet
facet normal 0 1 0
outer loop
vertex 237 21 0
vertex 232 21 0
vertex 232 21 1
endloop
endfacet
facet normal 0 1 0
outer loop
vertex 237 21 0
vertex 232 21 1
vertex 237 21 1
endloop
endfacet
facet normal -1 0 0
outer loop
vertex 232 21 0
vertex 232 20 0
vertex 232 20 1
endloop
endfacet
facet normal -1 0 0
outer loop
vertex 232 21 0
vertex 232 20 1
vertex 232 21 1
endloop
endfacet
facet normal 0 0 -1
outer loop
vertex 254 20 0
vertex 259 21 0
vertex 259 20 0
endloop
endfacet
facet normal 0 0 -1
outer loop
vertex 254 20 0
vertex 254 21 0
vertex 259 21 0
endloop
endfacet
facet normal 0 0 1
outer loop
vertex 254 20 1
vertex 259 20 1
vertex 259 21 1
endloop
endfacet
facet normal 0 0 1
outer loop
vertex 254 20 1
vertex 259 21 1
vertex 254 21 1
endloop
endfacet
facet normal 0 -1 0
outer loop
vertex 254 20 0
vertex 259 20 0
vertex 259 20 1
endloop
endfacet
facet normal 0 -1 0
outer loop
vertex 254 20 0
vertex 259 20 1
vertex 254 20 1
endloop
endfacet
facet normal 1 0 0
outer loop
vertex 259 20 0
vertex 259 21 0
vertex 259 21 1
endloop
endfacet
facet normal 1 0 0
outer loop
vertex 259 20 0
vertex 259 21 1
vertex 259 20 1
endloop
endfacet
facet normal 0 1 0
outer loop
vertex 259 21 0
vertex 254 21 0
vertex 254 21 1
endloop
endfacet
facet normal 0 1 0
outer loop
vertex 259 21 0
vertex 254 21 1
vertex 259 21 1
endloop
endfacet
facet normal -1 0 0
outer loop
vertex 254 21 0
vertex 254 20 0
vertex 254 20 1
endloop
endfacet
facet normal -1 0 0
outer loop
vertex 254 21 0
vertex 254 20 1
vertex 254 21 1
endloop
endfacet
facet normal 0 0 -1
outer loop
vertex 289 20 0
vertex 293 21 0
vertex 293 20 0
endloop
endfacet
facet normal 0 0 -1
outer loop
vertex 289 20 0
vertex 289 21 0
vertex 293 21 0
endloop
endfacet
facet normal 0 0 1
outer loop
vertex 289 20 1
vertex 293 20 1
vertex 293 21 1
endloop
endfacet
facet normal 0 0 1
outer loop
vertex 289 20 1
vertex 293 21 1
vertex 289 21 1
endloop
endfacet
facet normal 0 -1 0
outer loop
vertex 289 20 0
vertex 293 20 0
vertex 293 20 1
endloop
endfacet
facet normal 0 -1 0
outer loop
vertex 289 20 0
vertex 293 20 1
vertex 289 20 1
endloop
endfacet
facet normal 1 0 0
outer loop
vertex 293 20 0
vertex 293 21 0
vertex 293 21 1
endloop
endfacet
facet normal 1 0 0
outer loop
vertex 293 20 0
vertex 293 21 1
vertex 293 20 1
endloop
endfacet
facet normal 0 1 0
outer loop
vertex 293 21 0
vertex 289 21 0
vertex 289 21 1
endloop
endfacet
facet normal 0 1 0
outer loop
vertex 293 21 0
vertex 289 21 1
vertex 293 21 1
endloop
endfacet
facet normal -1 0 0
outer loop
vertex 289 21 0
vertex 289 20 0
vertex 289 20 1
endloop
endfacet
facet normal -1 0 0
outer loop
vertex 289 21 0
vertex 289 20 1
vertex 289 21 1
endloop
endfacet
facet normal 0 0 -1
outer loop
vertex 309 20 0
vertex 314 21 0
vertex 314 20 0
endloop
endfacet
facet normal 0 0 -1
outer loop
vertex 309 20 0
vertex 309 21 0
vertex 314 21 0
endloop
endfacet
facet normal 0 0 1
outer loop
vertex 309 20 1
vertex 314 20 1
vertex 314 21 1
endloop
endfacet
facet normal 0 0 1
outer loop
vertex 309 20 1
vertex 314 21 1
vertex 309 21 1
endloop
endfacet
facet normal 0 -1 0
outer loop
vertex 309 20 0
vertex 314 20 0
vertex 314 20 1
endloop
endfacet
facet normal 0 -1 0
outer loop
vertex 309 20 0
vertex 314 20 1
vertex 309 20 1
endloop
endfacet
facet normal 1 0 0
outer loop
vertex 314 20 0
vertex 314 21 0
vertex 314 21 1
endloop
endfacet
facet normal 1 0 0
outer loop
vertex 314 20 0
vertex 314 21 1
vertex 314 20 1
endloop
endfacet
facet normal 0 1 0
outer loop
vertex 314 21 0
vertex 309 21 0
vertex 309 21 1
endloop
endfacet
facet normal 0 1 0
outer loop
vertex 314 21 0
vertex 309 21 1
vertex 314 21 1
endloop
endfacet
facet normal -1 0 0
outer loop
vertex 309 21 0
vertex 309 20 0
vertex 309 20 1
endloop
endfacet
facet normal -1 0 0
outer loop
vertex 309 21 0
vertex 309 20 1
vertex 309 21 1
endloop
endfacet
facet normal 0 0 -1
outer loop
vertex 317 20 0
vertex 322 21 0
vertex 322 20 0
endloop
endfacet
facet normal 0 0 -1
outer loop
vertex 317 20 0
vertex 317 21 0
vertex 322 21 0
endloop
endfacet
facet normal 0 0 1
outer loop
vertex 317 20 1
vertex 322 20 1
vertex 322 21 1
endloop
endfacet
facet normal 0 0 1
outer loop
vertex 317 20 1
vertex 322 21 1
vertex 317 21 1
endloop
endfacet
facet normal 0 -1 0
outer loop
vertex 317 20 0
vertex 322 20 0
vertex 322 20 1
endloop
endfacet
facet normal 0 -1 0
outer loop
vertex 317 20 0
vertex 322 20 1
vertex 317 20 1
endloop
endfacet
facet normal 1 0 0
outer loop
vertex 322 20 0
vertex 322 21 0
vertex 322 21 1
endloop
endfacet
facet normal 1 0 0
outer loop
vertex 322 20 0
vertex 322 21 1
vertex 322 20 1
endloop
endfacet
facet normal 0 1 0
outer loop
vertex 322 21 0
vertex 317 21 0
vertex 317 21 1
endloop
endfacet
facet normal 0 1 0
outer loop
vertex 322 21 0
vertex 317 21 1
vertex 322 21 1
endloop
endfacet
facet normal -1 0 0
outer loop
vertex 317 21 0
vertex 317 20 0
vertex 317 20 1
endloop
endfacet
facet normal -1 0 0
outer loop
vertex 317 21 0
vertex 317 20 1
vertex 317 21 1
endloop
endfacet
facet normal 0 0 -1
outer loop
vertex 113 21 0
vertex 118 22 0
vertex 118 21 0
endloop
endfacet
facet normal 0 0 -1
outer loop
vertex 113 21 0
vertex 113 22 0
vertex 118 22 0
endloop
endfacet
facet normal 0 0 1
outer loop
vertex 113 21 1
vertex 118 21 1
vertex 118 22 1
endloop
endfacet
facet normal 0 0 1
outer loop
vertex 113 21 1
vertex 118 22 1
vertex 113 22 1
endloop
endfacet
facet normal 0 -1 0
outer loop
vertex 113 21 0
vertex 118 21 0
vertex 118 21 1
endloop
endfacet
facet normal 0 -1 0
outer loop
vertex 113 21 0
vertex 118 21 1
vertex 113 21 1
endloop
endfacet
facet normal 1 0 0
outer loop
vertex 118 21 0
vertex 118 22 0
vertex 118 22 1
endloop
endfacet
facet normal 1 0 0
outer loop
vertex 118 21 0
vertex 118 22 1
vertex 118 21 1
endloop
endfacet
facet normal 0 1 0
outer loop
vertex 118 22 0
vertex 113 22 0
vertex 113 22 1
endloop
endfacet
facet normal 0 1 0
outer loop
vertex 118 22 0
vertex 113 22 1
vertex 118 22 1
endloop
endfacet
facet normal -1 0 0
outer loop
vertex 113 22 0
vertex 113 21 0
vertex 113 21 1
endloop
endfacet
facet normal -1 0 0
outer loop
vertex 113 22 0
vertex 113 21 1
vertex 113 22 1
endloop
endfacet
facet normal 0 0 -1
outer loop
vertex 131 21 0
vertex 136 22 0
vertex 136 21 0
endloop
endfacet
facet normal 0 0 -1
outer loop
vertex 131 21 0
vertex 131 22 0
vertex 136 22 0
endloop
endfacet
facet normal 0 0 1
outer loop
vertex 131 21 1
vertex 136 21 1
vertex 136 22 1
endloop
endfacet
facet normal 0 0 1
outer loop
vertex 131 21 1
vertex 136 22 1
vertex 131 22 1
endloop
endfacet
facet normal 0 -1 0
outer loop
vertex 131 21 0
vertex 136 21 0
vertex 136 21 1
endloop
endfacet
facet normal 0 -1 0
outer loop
vertex 131 21 0
vertex 136 21 1
vertex 131 21 1
endloop
endfacet
facet normal 1 0 0
outer loop
vertex 136 21 0
vertex 136 22 0
vertex 136 22 1
endloop
endfacet
facet normal 1 0 0
outer loop
vertex 136 21 0
vertex 136 22 1
vertex 136 21 1
endloop
endfacet
facet normal 0 1 0
outer loop
vertex 136 22 0
vertex 131 22 0
vertex 131 22 1
endloop
endfacet
facet normal 0 1 0
outer loop
vertex 136 22 0
vertex 131 22 1
vertex 136 22 1
endloop
endfacet
facet normal -1 0 0
outer loop
vertex 131 22 0
vertex 131 21 0
vertex 131 21 1
endloop
endfacet
facet normal -1 0 0
outer loop
vertex 131 22 0
vertex 131 21 1
vertex 131 22 1
endloop
endfacet
facet normal 0 0 -1
outer loop
vertex 152 21 0
vertex 157 22 0
vertex 157 21 0
endloop
endfacet
facet normal 0 0 -1
outer loop
vertex 152 21 0
vertex 152 22 0
vertex 157 22 0
endloop
endfacet
facet normal 0 0 1
outer loop
vertex 152 21 1
vertex 157 21 1
vertex 157 22 1
endloop
endfacet
facet normal 0 0 1
outer loop
vertex 152 21 1
vertex 157 22 1
vertex 152 22 1
endloop
endfacet
facet normal 0 -1 0
outer loop
vertex 152 21 0
vertex 157 21 0
vertex 157 21 1
endloop
endfacet
facet normal 0 -1 0
outer loop
vertex 152 21 0
vertex 157 21 1
vertex 152 21 1
endloop
endfacet
facet normal 1 0 0
outer loop
vertex 157 21 0
vertex 157 22 0
vertex 157 22 1
endloop
endfacet
facet normal 1 0 0
outer loop
vertex 157 21 0
vertex 157 22 1
vertex 157 21 1
endloop
endfacet
facet normal 0 1 0
outer loop
vertex 157 22 0
vertex 152 22 0
vertex 152 22 1
endloop
endfacet
facet normal 0 1 0
outer loop
vertex 157 22 0
vertex 152 22 1
vertex 157 22 1
endloop
endfacet
facet normal -1 0 0
outer loop
vertex 152 22 0
vertex 152 21 0
vertex 152 21 1
endloop
endfacet
facet normal -1 0 0
outer loop
vertex 152 22 0
vertex 152 21 1
vertex 152 22 1
endloop
endfacet
facet normal 0 0 -1
outer loop
vertex 163 21 0
vertex 168 22 0
vertex 168 21 0
endloop
endfacet
facet normal 0 0 -1
outer loop
vertex 163 21 0
vertex 163 22 0
vertex 168 22 0
endloop
endfacet
facet normal 0 0 1
outer loop
vertex 163 21 1
vertex 168 21 1
vertex 168 22 1
endloop
endfacet
facet normal 0 0 1
outer loop
vertex 163 21 1
vertex 168 22 1
vertex 163 22 1
endloop
endfacet
facet normal 0 -1 0
outer loop
vertex 163 21 0
vertex 168 21 0
vertex 168 21 1
endloop
endfacet
facet normal 0 -1 0
outer loop
vertex 163 21 0
vertex 168 21 1
vertex 163 21 1
endloop
endfacet
facet normal 1 0 0
outer loop
vertex 168 21 0
vertex 168 22 0
vertex 168 22 1
endloop
endfacet
facet normal 1 0 0
outer loop
vertex 168 21 0
vertex 168 22 1
vertex 168 21 1
endloop
endfacet
facet normal 0 1 0
outer loop
vertex 168 22 0
vertex 163 22 0
vertex 163 22 1
endloop
endfacet
facet normal 0 1 0
outer loop
vertex 168 22 0
vertex 163 22 1
vertex 168 22 1
endloop
endfacet
facet normal -1 0 0
outer loop
vertex 163 22 0
vertex 163 21 0
vertex 163 21 1
endloop
endfacet
facet normal -1 0 0
outer loop
vertex 163 22 0
vertex 163 21 1
vertex 163 22 1
endloop
endfacet
facet normal 0 0 -1
outer loop
vertex 172 21 0
vertex 176 22 0
vertex 176 21 0
endloop
endfacet
facet normal 0 0 -1
outer loop
vertex 172 21 0
vertex 172 22 0
vertex 176 22 0
endloop
endfacet
facet normal 0 0 1
outer loop
vertex 172 21 1
vertex 176 21 1
vertex 176 22 1
endloop
endfacet
facet normal 0 0 1
outer loop
vertex 172 21 1
vertex 176 22 1
vertex 172 22 1
endloop
endfacet
facet normal 0 -1 0
outer loop
vertex 172 21 0
vertex 176 21 0
vertex 176 21 1
endloop
endfacet
facet normal 0 -1 0
outer loop
vertex 172 21 0
vertex 176 21 1
vertex 172 21 1
endloop
endfacet
facet normal 1 0 0
outer loop
vertex 176 21 0
vertex 176 22 0
vertex 176 22 1
endloop
endfacet
facet normal 1 0 0
outer loop
vertex 176 21 0
vertex 176 22 1
vertex 176 21 1
endloop
endfacet
facet normal 0 1 0
outer loop
vertex 176 22 0
vertex 172 22 0
vertex 172 22 1
endloop
endfacet
facet normal 0 1 0
outer loop
vertex 176 22 0
vertex 172 22 1
vertex 176 22 1
endloop
endfacet
facet normal -1 0 0
outer loop
vertex 172 22 0
vertex 172 21 0
vertex 172 21 1
endloop
endfacet
facet normal -1 0 0
outer loop
vertex 172 22 0
vertex 172 21 1
vertex 172 22 1
endloop
endfacet
facet normal 0 0 -1
outer loop
vertex 183 21 0
vertex 208 22 0
vertex 208 21 0
endloop
endfacet
facet normal 0 0 -1
outer loop
vertex 183 21 0
vertex 183 22 0
vertex 208 22 0
endloop
endfacet
facet normal 0 0 1
outer loop
vertex 183 21 1
vertex 208 21 1
vertex 208 22 1
endloop
endfacet
facet normal 0 0 1
outer loop
vertex 183 21 1
vertex 208 22 1
vertex 183 22 1
endloop
endfacet
facet normal 0 -1 0
outer loop
vertex 183 21 0
vertex 208 21 0
vertex 208 21 1
endloop
endfacet
facet normal 0 -1 0
outer loop
vertex 183 21 0
vertex 208 21 1
vertex 183 21 1
endloop
endfacet
facet normal 1 0 0
outer loop
vertex 208 21 0
vertex 208 22 0
vertex 208 22 1
endloop
endfacet
facet normal 1 0 0
outer loop
vertex 208 21 0
vertex 208 22 1
vertex 208 21 1
endloop
endfacet
facet normal 0 1 0
outer loop
vertex 208 22 0
vertex 183 22 0
vertex 183 22 1
endloop
endfacet
facet normal 0 1 0
outer loop
vertex 208 22 0
vertex 183 22 1
vertex 208 22 1
endloop
endfacet
facet normal -1 0 0
outer loop
vertex 183 22 0
vertex 183 21 0
vertex 183 21 1
endloop
endfacet
facet normal -1 0 0
outer loop
vertex 183 22 0
vertex 183 21 1
vertex 183 22 1
endloop
endfacet
facet normal 0 0 -1
outer loop
vertex 212 21 0
vertex 216 22 0
vertex 216 21 0
endloop
endfacet
facet normal 0 0 -1
outer loop
vertex 212 21 0
vertex 212 22 0
vertex 216 22 0
endloop
endfacet
facet normal 0 0 1
outer loop
vertex 212 21 1
vertex 216 21 1
vertex 216 22 1
endloop
endfacet
facet normal 0 0 1
outer loop
vertex 212 21 1
vertex 216 22 1
vertex 212 22 1
endloop
endfacet
facet normal 0 -1 0
outer loop
vertex 212 21 0
vertex 216 21 0
vertex 216 21 1
endloop
endfacet
facet normal 0 -1 0
outer loop
vertex 212 21 0
vertex 216 21 1
vertex 212 21 1
endloop
endfacet
facet normal 1 0 0
outer loop
vertex 216 21 0
vertex 216 22 0
vertex 216 22 1
endloop
endfacet
facet normal 1 0 0
outer loop
vertex 216 21 0
vertex 216 22 1
vertex 216 21 1
endloop
endfacet
facet normal 0 1 0
outer loop
vertex 216 22 0
vertex 212 22 0
vertex 212 22 1
endloop
endfacet
facet normal 0 1 0
outer loop
vertex 216 22 0
vertex 212 22 1
vertex 216 22 1
endloop
endfacet
facet normal -1 0 0
outer loop
vertex 212 22 0
vertex 212 21 0
vertex 212 21 1
endloop
endfacet
facet normal -1 0 0
outer loop
vertex 212 22 0
vertex 212 21 1
vertex 212 22 1
endloop
endfacet
facet normal 0 0 -1
outer loop
vertex 223 21 0
vertex 228 22 0
vertex 228 21 0
endloop
endfacet
facet normal 0 0 -1
outer loop
vertex 223 21 0
vertex 223 22 0
vertex 228 22 0
endloop
endfacet
facet normal 0 0 1
outer loop
vertex 223 21 1
vertex 228 21 1
vertex 228 22 1
endloop
endfacet
facet normal 0 0 1
outer loop
vertex 223 21 1
vertex 228 22 1
vertex 223 22 1
endloop
endfacet
facet normal 0 -1 0
outer loop
vertex 223 21 0
vertex 228 21 0
vertex 228 21 1
endloop
endfacet
facet normal 0 -1 0
outer loop
vertex 223 21 0
vertex 228 21 1
vertex 223 21 1
endloop
endfacet
facet normal 1 0 0
outer loop
vertex 228 21 0
vertex 228 22 0
vertex 228 22 1
endloop
endfacet
facet normal 1 0 0
outer loop
vertex 228 21 0
vertex 228 22 1
vertex 228 21 1
endloop
endfacet
facet normal 0 1 0
outer loop
vertex 228 22 0
vertex 223 22 0
vertex 223 22 1
endloop
endfacet
facet normal 0 1 0
outer loop
vertex 228 22 0
vertex 223 22 1
vertex 228 22 1
endloop
endfacet
facet normal -1 0 0
outer loop
vertex 223 22 0
vertex 223 21 0
vertex 223 21 1
endloop
endfacet
facet normal -1 0 0
outer loop
vertex 223 22 0
vertex 223 21 1
vertex 223 22 1
endloop
endfacet
facet normal 0 0 -1
outer loop
vertex 232 21 0
vertex 236 22 0
vertex 236 21 0
endloop
endfacet
facet normal 0 0 -1
outer loop
vertex 232 21 0
vertex 232 22 0
vertex 236 22 0
endloop
endfacet
facet normal 0 0 1
outer loop
vertex 232 21 1
vertex 236 21 1
vertex 236 22 1
endloop
endfacet
facet normal 0 0 1
outer loop
vertex 232 21 1
vertex 236 22 1
vertex 232 22 1
endloop
endfacet
facet normal 0 -1 0
outer loop
vertex 232 21 0
vertex 236 21 0
vertex 236 21 1
endloop
endfacet
facet normal 0 -1 0
outer loop
vertex 232 21 0
vertex 236 21 1
vertex 232 21 1
endloop
endfacet
facet normal 1 0 0
outer loop
vertex 236 21 0
vertex 236 22 0
vertex 236 22 1
endloop
endfacet
facet normal 1 0 0
outer loop
vertex 236 21 0
vertex 236 22 1
vertex 236 21 1
endloop
endfacet
facet normal 0 1 0
outer loop
vertex 236 22 0
vertex 232 22 0
vertex 232 22 1
endloop
endfacet
facet normal 0 1 0
outer loop
vertex 236 22 0
vertex 232 22 1
vertex 236 22 1
endloop
endfacet
facet normal -1 0 0
outer loop
vertex 232 22 0
vertex 232 21 0
vertex 232 21 1
endloop
endfacet
facet normal -1 0 0
outer loop
vertex 232 22 0
vertex 232 21 1
vertex 232 22 1
endloop
endfacet
facet normal 0 0 -1
outer loop
vertex 254 21 0
vertex 259 22 0
vertex 259 21 0
endloop
endfacet
facet normal 0 0 -1
outer loop
vertex 254 21 0
vertex 254 22 0
vertex 259 22 0
endloop
endfacet
facet normal 0 0 1
outer loop
vertex 254 21 1
vertex 259 21 1
vertex 259 22 1
endloop
endfacet
facet normal 0 0 1
outer loop
vertex 254 21 1
vertex 259 22 1
vertex 254 22 1
endloop
endfacet
facet normal 0 -1 0
outer loop
vertex 254 21 0
vertex 259 21 0
vertex 259 21 1
endloop
endfacet
facet normal 0 -1 0
outer loop
vertex 254 21 0
vertex 259 21 1
vertex 254 21 1
endloop
endfacet
facet normal 1 0 0
outer loop
vertex 259 21 0
vertex 259 22 0
vertex 259 22 1
endloop
endfacet
facet normal 1 0 0
outer loop
vertex 259 21 0
vertex 259 22 1
vertex 259 21 1
endloop
endfacet
facet normal 0 1 0
outer loop
vertex 259 22 0
vertex 254 22 0
vertex 254 22 1
endloop
endfacet
facet normal 0 1 0
outer loop
vertex 259 22 0
vertex 254 22 1
vertex 259 22 1
endloop
endfacet
facet normal -1 0 0
outer loop
vertex 254 22 0
vertex 254 21 0
vertex 254 21 1
endloop
endfacet
facet normal -1 0 0
outer loop
vertex 254 22 0
vertex 254 21 1
vertex 254 22 1
endloop
endfacet
facet normal 0 0 -1
outer loop
vertex 289 21 0
vertex 293 22 0
vertex 293 21 0
endloop
endfacet
facet normal 0 0 -1
outer loop
vertex 289 21 0
vertex 289 22 0
vertex 293 22 0
endloop
endfacet
facet normal 0 0 1
outer loop
vertex 289 21 1
vertex 293 21 1
vertex 293 22 1
endloop
endfacet
facet normal 0 0 1
outer loop
vertex 289 21 1
vertex 293 22 1
vertex 289 22 1
endloop
endfacet
facet normal 0 -1 0
outer loop
vertex 289 21 0
vertex 293 21 0
vertex 293 21 1
endloop
endfacet
facet normal 0 -1 0
outer loop
vertex 289 21 0
vertex 293 21 1
vertex 289 21 1
endloop
endfacet
facet normal 1 0 0
outer loop
vertex 293 21 0
vertex 293 22 0
vertex 293 22 1
endloop
endfacet
facet normal 1 0 0
outer loop
vertex 293 21 0
vertex 293 22 1
vertex 293 21 1
endloop
endfacet
facet normal 0 1 0
outer loop
vertex 293 22 0
vertex 289 22 0
vertex 289 22 1
endloop
endfacet
facet normal 0 1 0
outer loop
vertex 293 22 0
vertex 289 22 1
vertex 293 22 1
endloop
endfacet
facet normal -1 0 0
outer loop
vertex 289 22 0
vertex 289 21 0
vertex 289 21 1
endloop
endfacet
facet normal -1 0 0
outer loop
vertex 289 22 0
vertex 289 21 1
vertex 289 22 1
endloop
endfacet
facet normal 0 0 -1
outer loop
vertex 309 21 0
vertex 314 22 0
vertex 314 21 0
endloop
endfacet
facet normal 0 0 -1
outer loop
vertex 309 21 0
vertex 309 22 0
vertex 314 22 0
endloop
endfacet
facet normal 0 0 1
outer loop
vertex 309 21 1
vertex 314 21 1
vertex 314 22 1
endloop
endfacet
facet normal 0 0 1
outer loop
vertex 309 21 1
vertex 314 22 1
vertex 309 22 1
endloop
endfacet
facet normal 0 -1 0
outer loop
vertex 309 21 0
vertex 314 21 0
vertex 314 21 1
endloop
endfacet
facet normal 0 -1 0
outer loop
vertex 309 21 0
vertex 314 21 1
vertex 309 21 1
endloop
endfacet
facet normal 1 0 0
outer loop
vertex 314 21 0
vertex 314 22 0
vertex 314 22 1
endloop
endfacet
facet normal 1 0 0
outer loop
vertex 314 21 0
vertex 314 22 1
vertex 314 21 1
endloop
endfacet
facet normal 0 1 0
outer loop
vertex 314 22 0
vertex 309 22 0
vertex 309 22 1
endloop
endfacet
facet normal 0 1 0
outer loop
vertex 314 22 0
vertex 309 22 1
vertex 314 22 1
endloop
endfacet
facet normal -1 0 0
outer loop
vertex 309 22 0
vertex 309 21 0
vertex 309 21 1
endloop
endfacet
facet normal -1 0 0
outer loop
vertex 309 22 0
vertex 309 21 1
vertex 309 22 1
endloop
endfacet
facet normal 0 0 -1
outer loop
vertex 317 21 0
vertex 322 22 0
vertex 322 21 0
endloop
endfacet
facet normal 0 0 -1
outer loop
vertex 317 21 0
vertex 317 22 0
vertex 322 22 0
endloop
endfacet
facet normal 0 0 1
outer loop
vertex 317 21 1
vertex 322 21 1
vertex 322 22 1
endloop
endfacet
facet normal 0 0 1
outer loop
vertex 317 21 1
vertex 322 22 1
vertex 317 22 1
endloop
endfacet
facet normal 0 -1 0
outer loop
vertex 317 21 0
vertex 322 21 0
vertex 322 21 1
endloop
endfacet
facet normal 0 -1 0
outer loop
vertex 317 21 0
vertex 322 21 1
vertex 317 21 1
endloop
endfacet
facet normal 1 0 0
outer loop
vertex 322 21 0
vertex 322 22 0
vertex 322 22 1
endloop
endfacet
facet normal 1 0 0
outer loop
vertex 322 21 0
vertex 322 22 1
vertex 322 21 1
endloop
endfacet
facet normal 0 1 0
outer loop
vertex 322 22 0
vertex 317 22 0
vertex 317 22 1
endloop
endfacet
facet normal 0 1 0
outer loop
vertex 322 22 0
vertex 317 22 1
vertex 322 22 1
endloop
endfacet
facet normal -1 0 0
outer loop
vertex 317 22 0
vertex 317 21 0
vertex 317 21 1
endloop
endfacet
facet normal -1 0 0
outer loop
vertex 317 22 0
vertex 317 21 1
vertex 317 22 1
endloop
endfacet
facet normal 0 0 -1
outer loop
vertex 113 22 0
vertex 118 23 0
vertex 118 22 0
endloop
endfacet
facet normal 0 0 -1
outer loop
vertex 113 22 0
vertex 113 23 0
vertex 118 23 0
endloop
endfacet
facet normal 0 0 1
outer loop
vertex 113 22 1
vertex 118 22 1
vertex 118 23 1
endloop
endfacet
facet normal 0 0 1
outer loop
vertex 113 22 1
vertex 118 23 1
vertex 113 23 1
endloop
endfacet
facet normal 0 -1 0
outer loop
vertex 113 22 0
vertex 118 22 0
vertex 118 22 1
endloop
endfacet
facet normal 0 -1 0
outer loop
vertex 113 22 0
vertex 118 22 1
vertex 113 22 1
endloop
endfacet
facet normal 1 0 0
outer loop
vertex 118 22 0
vertex 118 23 0
vertex 118 23 1
endloop
endfacet
facet normal 1 0 0
outer loop
vertex 118 22 0
vertex 118 23 1
vertex 118 22 1
endloop
endfacet
facet normal 0 1 0
outer loop
vertex 118 23 0
vertex 113 23 0
vertex 113 23 1
endloop
endfacet
facet normal 0 1 0
outer loop
vertex 118 23 0
vertex 113 23 1
vertex 118 23 1
endloop
endfacet
facet normal -1 0 0
outer loop
vertex 113 23 0
vertex 113 22 0
vertex 113 22 1
endloop
endfacet
facet normal -1 0 0
outer loop
vertex 113 23 0
vertex 113 22 1
vertex 113 23 1
endloop
endfacet
facet normal 0 0 -1
outer loop
vertex 132 22 0
vertex 136 23 0
vertex 136 22 0
endloop
endfacet
facet normal 0 0 -1
outer loop
vertex 132 22 0
vertex 132 23 0
vertex 136 23 0
endloop
endfacet
facet normal 0 0 1
outer loop
vertex 132 22 1
vertex 136 22 1
vertex 136 23 1
endloop
endfacet
facet normal 0 0 1
outer loop
vertex 132 22 1
vertex 136 23 1
vertex 132 23 1
endloop
endfacet
facet normal 0 -1 0
outer loop
vertex 132 22 0
vertex 136 22 0
vertex 136 22 1
endloop
endfacet
facet normal 0 -1 0
outer loop
vertex 132 22 0
vertex 136 22 1
vertex 132 22 1
endloop
endfacet
facet normal 1 0 0
outer loop
vertex 136 22 0
vertex 136 23 0
vertex 136 23 1
endloop
endfacet
facet normal 1 0 0
outer loop
vertex 136 22 0
vertex 136 23 1
vertex 136 22 1
endloop
endfacet
facet normal 0 1 0
outer loop
vertex 136 23 0
vertex 132 23 0
vertex 132 23 1
endloop
endfacet
facet normal 0 1 0
outer loop
vertex 136 23 0
vertex 132 23 1
vertex 136 23 1
endloop
endfacet
facet normal -1 0 0
outer loop
vertex 132 23 0
vertex 132 22 0
vertex 132 22 1
endloop
endfacet
facet normal -1 0 0
outer loop
vertex 132 23 0
vertex 132 22 1
vertex 132 23 1
endloop
endfacet
facet normal 0 0 -1
outer loop
vertex 152 22 0
vertex 157 23 0
vertex 157 22 0
endloop
endfacet
facet normal 0 0 -1
outer loop
vertex 152 22 0
vertex 152 23 0
vertex 157 23 0
endloop
endfacet
facet normal 0 0 1
outer loop
vertex 152 22 1
vertex 157 22 1
vertex 157 23 1
endloop
endfacet
facet normal 0 0 1
outer loop
vertex 152 22 1
vertex 157 23 1
vertex 152 23 1
endloop
endfacet
facet normal 0 -1 0
outer loop
vertex 152 22 0
vertex 157 22 0
vertex 157 22 1
endloop
endfacet
facet normal 0 -1 0
outer loop
vertex 152 22 0
vertex 157 22 1
vertex 152 22 1
endloop
endfacet
facet normal 1 0 0
outer loop
vertex 157 22 0
vertex 157 23 0
vertex 157 23 1
endloop
endfacet
facet normal 1 0 0
outer loop
vertex 157 22 0
vertex 157 23 1
vertex 157 22 1
endloop
endfacet
facet normal 0 1 0
outer loop
vertex 157 23 0
vertex 152 23 0
vertex 152 23 1
endloop
endfacet
facet normal 0 1 0
outer loop
vertex 157 23 0
vertex 152 23 1
vertex 157 23 1
endloop
endfacet
facet normal -1 0 0
outer loop
vertex 152 23 0
vertex 152 22 0
vertex 152 22 1
endloop
endfacet
facet normal -1 0 0
outer loop
vertex 152 23 0
vertex 152 22 1
vertex 152 23 1
endloop
endfacet
facet normal 0 0 -1
outer loop
vertex 164 22 0
vertex 169 23 0
vertex 169 22 0
endloop
endfacet
facet normal 0 0 -1
outer loop
vertex 164 22 0
vertex 164 23 0
vertex 169 23 0
endloop
endfacet
facet normal 0 0 1
outer loop
vertex 164 22 1
vertex 169 22 1
vertex 169 23 1
endloop
endfacet
facet normal 0 0 1
outer loop
vertex 164 22 1
vertex 169 23 1
vertex 164 23 1
endloop
endfacet
facet normal 0 -1 0
outer loop
vertex 164 22 0
vertex 169 22 0
vertex 169 22 1
endloop
endfacet
facet normal 0 -1 0
outer loop
vertex 164 22 0
vertex 169 22 1
vertex 164 22 1
endloop
endfacet
facet normal 1 0 0
outer loop
vertex 169 22 0
vertex 169 23 0
vertex 169 23 1
endloop
endfacet
facet normal 1 0 0
outer loop
vertex 169 22 0
vertex 169 23 1
vertex 169 22 1
endloop
endfacet
facet normal 0 1 0
outer loop
vertex 169 23 0
vertex 164 23 0
vertex 164 23 1
endloop
endfacet
facet normal 0 1 0
outer loop
vertex 169 23 0
vertex 164 23 1
vertex 169 23 1
endloop
endfacet
facet normal -1 0 0
outer loop
vertex 164 23 0
vertex 164 22 0
vertex 164 22 1
endloop
endfacet
facet normal -1 0 0
outer loop
vertex 164 23 0
vertex 164 22 1
vertex 164 23 1
endloop
endfacet
facet normal 0 0 -1
outer loop
vertex 171 22 0
vertex 176 23 0
vertex 176 22 0
endloop
endfacet
facet normal 0 0 -1
outer loop
vertex 171 22 0
vertex 171 23 0
vertex 176 23 0
endloop
endfacet
facet normal 0 0 1
outer loop
vertex 171 22 1
vertex 176 22 1
vertex 176 23 1
endloop
endfacet
facet normal 0 0 1
outer loop
vertex 171 22 1
vertex 176 23 1
vertex 171 23 1
endloop
endfacet
facet normal 0 -1 0
outer loop
vertex 171 22 0
vertex 176 22 0
vertex 176 22 1
endloop
endfacet
facet normal 0 -1 0
outer loop
vertex 171 22 0
vertex 176 22 1
vertex 171 22 1
endloop
endfacet
facet normal 1 0 0
outer loop
vertex 176 22 0
vertex 176 23 0
vertex 176 23 1
endloop
endfacet
facet normal 1 0 0
outer loop
vertex 176 22 0
vertex 176 23 1
vertex 176 22 1
endloop
endfacet
facet normal 0 1 0
outer loop
vertex 176 23 0
vertex 171 23 0
vertex 171 23 1
endloop
endfacet
facet normal 0 1 0
outer loop
vertex 176 23 0
vertex 171 23 1
vertex 176 23 1
endloop
endfacet
facet normal -1 0 0
outer loop
vertex 171 23 0
vertex 171 22 0
vertex 171 22 1
endloop
endfacet
facet normal -1 0 0
outer loop
vertex 171 23 0
vertex 171 22 1
vertex 171 23 1
endloop
endfacet
facet normal 0 0 -1
outer loop
vertex 184 22 0
vertex 188 23 0
vertex 188 22 0
endloop
endfacet
facet normal 0 0 -1
outer loop
vertex 184 22 0
vertex 184 23 0
vertex 188 23 0
endloop
endfacet
facet normal 0 0 1
outer loop
vertex 184 22 1
vertex 188 22 1
vertex 188 23 1
endloop
endfacet
facet normal 0 0 1
outer loop
vertex 184 22 1
vertex 188 23 1
vertex 184 23 1
endloop
endfacet
facet normal 0 -1 0
outer loop
vertex 184 22 0
vertex 188 22 0
vertex 188 22 1
endloop
endfacet
facet normal 0 -1 0
outer loop
vertex 184 22 0
vertex 188 22 1
vertex 184 22 1
endloop
endfacet
facet normal 1 0 0
outer loop
vertex 188 22 0
vertex 188 23 0
vertex 188 23 1
endloop
endfacet
facet normal 1 0 0
outer loop
vertex 188 22 0
vertex 188 23 1
vertex 188 22 1
endloop
endfacet
facet normal 0 1 0
outer loop
vertex 188 23 0
vertex 184 23 0
vertex 184 23 1
endloop
endfacet
facet normal 0 1 0
outer loop
vertex 188 23 0
vertex 184 23 1
vertex 188 23 1
endloop
endfacet
facet normal -1 0 0
outer loop
vertex 184 23 0
vertex 184 22 0
vertex 184 22 1
endloop
endfacet
facet normal -1 0 0
outer loop
vertex 184 23 0
vertex 184 22 1
vertex 184 23 1
endloop
endfacet
facet normal 0 0 -1
outer loop
vertex 212 22 0
vertex 216 23 0
vertex 216 22 0
endloop
endfacet
facet normal 0 0 -1
outer loop
vertex 212 22 0
vertex 212 23 0
vertex 216 23 0
endloop
endfacet
facet normal 0 0 1
outer loop
vertex 212 22 1
vertex 216 22 1
vertex 216 23 1
endloop
endfacet
facet normal 0 0 1
outer loop
vertex 212 22 1
vertex 216 23 1
vertex 212 23 1
endloop
endfacet
facet normal 0 -1 0
outer loop
vertex 212 22 0
vertex 216 22 0
vertex 216 22 1
endloop
endfacet
facet normal 0 -1 0
outer loop
vertex 212 22 0
vertex 216 22 1
vertex 212 22 1
endloop
endfacet
facet normal 1 0 0
outer loop
vertex 216 22 0
vertex 216 23 0
vertex 216 23 1
endloop
endfacet
facet normal 1 0 0
outer loop
vertex 216 22 0
vertex 216 23 1
vertex 216 22 1
endloop
endfacet
facet normal 0 1 0
outer loop
vertex 216 23 0
vertex 212 23 0
vertex 212 23 1
endloop
endfacet
facet normal 0 1 0
outer loop
vertex 216 23 0
vertex 212 23 1
vertex 216 23 1
endloop
endfacet
facet normal -1 0 0
outer loop
vertex 212 23 0
vertex 212 22 0
vertex 212 22 1
endloop
endfacet
facet normal -1 0 0
outer loop
vertex 212 23 0
vertex 212 22 1
vertex 212 23 1
endloop
endfacet
facet normal 0 0 -1
outer loop
vertex 224 22 0
vertex 228 23 0
vertex 228 22 0
endloop
endfacet
facet normal 0 0 -1
outer loop
vertex 224 22 0
vertex 224 23 0
vertex 228 23 0
endloop
endfacet
facet normal 0 0 1
outer loop
vertex 224 22 1
vertex 228 22 1
vertex 228 23 1
endloop
endfacet
facet normal 0 0 1
outer loop
vertex 224 22 1
vertex 228 23 1
vertex 224 23 1
endloop
endfacet
facet normal 0 -1 0
outer loop
vertex 224 22 0
vertex 228 22 0
vertex 228 22 1
endloop
endfacet
facet normal 0 -1 0
outer loop
vertex 224 22 0
vertex 228 22 1
vertex 224 22 1
endloop
endfacet
facet normal 1 0 0
outer loop
vertex 228 22 0
vertex 228 23 0
vertex 228 23 1
endloop
endfacet
facet normal 1 0 0
outer loop
vertex 228 22 0
vertex 228 23 1
vertex 228 22 1
endloop
endfacet
facet normal 0 1 0
outer loop
vertex 228 23 0
vertex 224 23 0
vertex 224 23 1
endloop
endfacet
facet normal 0 1 0
outer loop
vertex 228 23 0
vertex 224 23 1
vertex 228 23 1
endloop
endfacet
facet normal -1 0 0
outer loop
vertex 224 23 0
vertex 224 22 0
vertex 224 22 1
endloop
endfacet
facet normal -1 0 0
outer loop
vertex 224 23 0
vertex 224 22 1
vertex 224 23 1
endloop
endfacet
facet normal 0 0 -1
outer loop
vertex 231 22 0
vertex 236 23 0
vertex 236 22 0
endloop
endfacet
facet normal 0 0 -1
outer loop
vertex 231 22 0
vertex 231 23 0
vertex 236 23 0
endloop
endfacet
facet normal 0 0 1
outer loop
vertex 231 22 1
vertex 236 22 1
vertex 236 23 1
endloop
endfacet
facet normal 0 0 1
outer loop
vertex 231 22 1
vertex 236 23 1
vertex 231 23 1
endloop
endfacet
facet normal 0 -1 0
outer loop
vertex 231 22 0
vertex 236 22 0
vertex 236 22 1
endloop
endfacet
facet normal 0 -1 0
outer loop
vertex 231 22 0
vertex 236 22 1
vertex 231 22 1
endloop
endfacet
facet normal 1 0 0
outer loop
vertex 236 22 0
vertex 236 23 0
vertex 236 23 1
endloop
endfacet
facet normal 1 0 0
outer loop
vertex 236 22 0
vertex 236 23 1
vertex 236 22 1
endloop
endfacet
facet normal 0 1 0
outer loop
vertex 236 23 0
vertex 231 23 0
vertex 231 23 1
endloop
endfacet
facet normal 0 1 0
outer loop
vertex 236 23 0
vertex 231 23 1
vertex 236 23 1
endloop
endfacet
facet normal -1 0 0
outer loop
vertex 231 23 0
vertex 231 22 0
vertex 231 22 1
endloop
endfacet
facet normal -1 0 0
outer loop
vertex 231 23 0
vertex 231 22 1
vertex 231 23 1
endloop
endfacet
facet normal 0 0 -1
outer loop
vertex 254 22 0
vertex 259 23 0
vertex 259 22 0
endloop
endfacet
facet normal 0 0 -1
outer loop
vertex 254 22 0
vertex 254 23 0
vertex 259 23 0
endloop
endfacet
facet normal 0 0 1
outer loop
vertex 254 22 1
vertex 259 22 1
vertex 259 23 1
endloop
endfacet
facet normal 0 0 1
outer loop
vertex 254 22 1
vertex 259 23 1
vertex 254 23 1
endloop
endfacet
facet normal 0 -1 0
outer loop
vertex 254 22 0
vertex 259 22 0
vertex 259 22 1
endloop
endfacet
facet normal 0 -1 0
outer loop
vertex 254 22 0
vertex 259 22 1
vertex 254 22 1
endloop
endfacet
facet normal 1 0 0
outer loop
vertex 259 22 0
vertex 259 23 0
vertex 259 23 1
endloop
endfacet
facet normal 1 0 0
outer loop
vertex 259 22 0
vertex 259 23 1
vertex 259 22 1
endloop
endfacet
facet normal 0 1 0
outer loop
vertex 259 23 0
vertex 254 23 0
vertex 254 23 1
endloop
endfacet
facet normal 0 1 0
outer loop
vertex 259 23 0
vertex 254 23 1
vertex 259 23 1
endloop
endfacet
facet normal -1 0 0
outer loop
vertex 254 23 0
vertex 254 22 0
vertex 254 22 1
endloop
endfacet
facet normal -1 0 0
outer loop
vertex 254 23 0
vertex 254 22 1
vertex 254 23 1
endloop
endfacet
facet normal 0 0 -1
outer loop
vertex 289 22 0
vertex 293 23 0
vertex 293 22 0
endloop
endfacet
facet normal 0 0 -1
outer loop
vertex 289 22 0
vertex 289 23 0
vertex 293 23 0
endloop
endfacet
facet normal 0 0 1
outer loop
vertex 289 22 1
vertex 293 22 1
vertex 293 23 1
endloop
endfacet
facet normal 0 0 1
outer loop
vertex 289 22 1
vertex 293 23 1
vertex 289 23 1
endloop
endfacet
facet normal 0 -1 0
outer loop
vertex 289 22 0
vertex 293 22 0
vertex 293 22 1
endloop
endfacet
facet normal 0 -1 0
outer loop
vertex 289 22 0
vertex 293 22 1
vertex 289 22 1
endloop
endfacet
facet normal 1 0 0
outer loop
vertex 293 22 0
vertex 293 23 0
vertex 293 23 1
endloop
endfacet
facet normal 1 0 0
outer loop
vertex 293 22 0
vertex 293 23 1
vertex 293 22 1
endloop
endfacet
facet normal 0 1 0
outer loop
vertex 293 23 0
vertex 289 23 0
vertex 289 23 1
endloop
endfacet
facet normal 0 1 0
outer loop
vertex 293 23 0
vertex 289 23 1
vertex 293 23 1
endloop
endfacet
facet normal -1 0 0
outer loop
vertex 289 23 0
vertex 289 22 0
vertex 289 22 1
endloop
endfacet
facet normal -1 0 0
outer loop
vertex 289 23 0
vertex 289 22 1
vertex 289 23 1
endloop
endfacet
facet normal 0 0 -1
outer loop
vertex 309 22 0
vertex 314 23 0
vertex 314 22 0
endloop
endfacet
facet normal 0 0 -1
outer loop
vertex 309 22 0
vertex 309 23 0
vertex 314 23 0
endloop
endfacet
facet normal 0 0 1
outer loop
vertex 309 22 1
vertex 314 22 1
vertex 314 23 1
endloop
endfacet
facet normal 0 0 1
outer loop
vertex 309 22 1
vertex 314 23 1
vertex 309 23 1
endloop
endfacet
facet normal 0 -1 0
outer loop
vertex 309 22 0
vertex 314 22 0
vertex 314 22 1
endloop
endfacet
facet normal 0 -1 0
outer loop
vertex 309 22 0
vertex 314 22 1
vertex 309 22 1
endloop
endfacet
facet normal 1 0 0
outer loop
vertex 314 22 0
vertex 314 23 0
vertex 314 23 1
endloop
endfacet
facet normal 1 0 0
outer loop
vertex 314 22 0
vertex 314 23 1
vertex 314 22 1
endloop
endfacet
facet normal 0 1 0
outer loop
vertex 314 23 0
vertex 309 23 0
vertex 309 23 1
endloop
endfacet
facet normal 0 1 0
outer loop
vertex 314 23 0
vertex 309 23 1
vertex 314 23 1
endloop
endfacet
facet normal -1 0 0
outer loop
vertex 309 23 0
vertex 309 22 0
vertex 309 22 1
endloop
endfacet
facet normal -1 0 0
outer loop
vertex 309 23 0
vertex 309 22 1
vertex 309 23 1
endloop
endfacet
facet normal 0 0 -1
outer loop
vertex 317 22 0
vertex 322 23 0
vertex 322 22 0
endloop
endfacet
facet normal 0 0 -1
outer loop
vertex 317 22 0
vertex 317 23 0
vertex 322 23 0
endloop
endfacet
facet normal 0 0 1
outer loop
vertex 317 22 1
vertex 322 22 1
vertex 322 23 1
endloop
endfacet
facet normal 0 0 1
outer loop
vertex 317 22 1
vertex 322 23 1
vertex 317 23 1
endloop
endfacet
facet normal 0 -1 0
outer loop
vertex 317 22 0
vertex 322 22 0
vertex 322 22 1
endloop
endfacet
facet normal 0 -1 0
outer loop
vertex 317 22 0
vertex 322 22 1
vertex 317 22 1
endloop
endfacet
facet normal 1 0 0
outer loop
vertex 322 22 0
vertex 322 23 0
vertex 322 23 1
endloop
endfacet
facet normal 1 0 0
outer loop
vertex 322 22 0
vertex 322 23 1
vertex 322 22 1
endloop
endfacet
facet normal 0 1 0
outer loop
vertex 322 23 0
vertex 317 23 0
vertex 317 23 1
endloop
endfacet
facet normal 0 1 0
outer loop
vertex 322 23 0
vertex 317 23 1
vertex 322 23 1
endloop
endfacet
facet normal -1 0 0
outer loop
vertex 317 23 0
vertex 317 22 0
vertex 317 22 1
endloop
endfacet
facet normal -1 0 0
outer loop
vertex 317 23 0
vertex 317 22 1
vertex 317 23 1
endloop
endfacet
facet normal 0 0 -1
outer loop
vertex 113 23 0
vertex 118 24 0
vertex 118 23 0
endloop
endfacet
facet normal 0 0 -1
outer loop
vertex 113 23 0
vertex 113 24 0
vertex 118 24 0
endloop
endfacet
facet normal 0 0 1
outer loop
vertex 113 23 1
vertex 118 23 1
vertex 118 24 1
endloop
endfacet
facet normal 0 0 1
outer loop
vertex 113 23 1
vertex 118 24 1
vertex 113 24 1
endloop
endfacet
facet normal 0 -1 0
outer loop
vertex 113 23 0
vertex 118 23 0
vertex 118 23 1
endloop
endfacet
facet normal 0 -1 0
outer loop
vertex 113 23 0
vertex 118 23 1
vertex 113 23 1
endloop
endfacet
facet normal 1 0 0
outer loop
vertex 118 23 0
vertex 118 24 0
vertex 118 24 1
endloop
endfacet
facet normal 1 0 0
outer loop
vertex 118 23 0
vertex 118 24 1
vertex 118 23 1
endloop
endfacet
facet normal 0 1 0
outer loop
vertex 118 24 0
vertex 113 24 0
vertex 113 24 1
endloop
endfacet
facet normal 0 1 0
outer loop
vertex 118 24 0
vertex 113 24 1
vertex 118 24 1
endloop
endfacet
facet normal -1 0 0
outer loop
vertex 113 24 0
vertex 113 23 0
vertex 113 23 1
endloop
endfacet
facet normal -1 0 0
outer loop
vertex 113 24 0
vertex 113 23 1
vertex 113 24 1
endloop
endfacet
facet normal 0 0 -1
outer loop
vertex 132 23 0
vertex 136 24 0
vertex 136 23 0
endloop
endfacet
facet normal 0 0 -1
outer loop
vertex 132 23 0
vertex 132 24 0
vertex 136 24 0
endloop
endfacet
facet normal 0 0 1
outer loop
vertex 132 23 1
vertex 136 23 1
vertex 136 24 1
endloop
endfacet
facet normal 0 0 1
outer loop
vertex 132 23 1
vertex 136 24 1
vertex 132 24 1
endloop
endfacet
facet normal 0 -1 0
outer loop
vertex 132 23 0
vertex 136 23 0
vertex 136 23 1
endloop
endfacet
facet normal 0 -1 0
outer loop
vertex 132 23 0
vertex 136 23 1
vertex 132 23 1
endloop
endfacet
facet normal 1 0 0
outer loop
vertex 136 23 0
vertex 136 24 0
vertex 136 24 1
endloop
endfacet
facet normal 1 0 0
outer loop
vertex 136 23 0
vertex 136 24 1
vertex 136 23 1
endloop
endfacet
facet normal 0 1 0
outer loop
vertex 136 24 0
vertex 132 24 0
vertex 132 24 1
endloop
endfacet
facet normal 0 1 0
outer loop
vertex 136 24 0
vertex 132 24 1
vertex 136 24 1
endloop
endfacet
facet normal -1 0 0
outer loop
vertex 132 24 0
vertex 132 23 0
vertex 132 23 1
endloop
endfacet
facet normal -1 0 0
outer loop
vertex 132 24 0
vertex 132 23 1
vertex 132 24 1
endloop
endfacet
facet normal 0 0 -1
outer loop
vertex 152 23 0
vertex 157 24 0
vertex 157 23 0
endloop
endfacet
facet normal 0 0 -1
outer loop
vertex 152 23 0
vertex 152 24 0
vertex 157 24 0
endloop
endfacet
facet normal 0 0 1
outer loop
vertex 152 23 1
vertex 157 23 1
vertex 157 24 1
endloop
endfacet
facet normal 0 0 1
outer loop
vertex 152 23 1
vertex 157 24 1
vertex 152 24 1
endloop
endfacet
facet normal 0 -1 0
outer loop
vertex 152 23 0
vertex 157 23 0
vertex 157 23 1
endloop
endfacet
facet normal 0 -1 0
outer loop
vertex 152 23 0
vertex 157 23 1
vertex 152 23 1
endloop
endfacet
facet normal 1 0 0
outer loop
vertex 157 23 0
vertex 157 24 0
vertex 157 24 1
endloop
endfacet
facet normal 1 0 0
outer loop
vertex 157 23 0
vertex 157 24 1
vertex 157 23 1
endloop
endfacet
facet normal 0 1 0
outer loop
vertex 157 24 0
vertex 152 24 0
vertex 152 24 1
endloop
endfacet
facet normal 0 1 0
outer loop
vertex 157 24 0
vertex 152 24 1
vertex 157 24 1
endloop
endfacet
facet normal -1 0 0
outer loop
vertex 152 24 0
vertex 152 23 0
vertex 152 23 1
endloop
endfacet
facet normal -1 0 0
outer loop
vertex 152 24 0
vertex 152 23 1
vertex 152 24 1
endloop
endfacet
facet normal 0 0 -1
outer loop
vertex 164 23 0
vertex 169 24 0
vertex 169 23 0
endloop
endfacet
facet normal 0 0 -1
outer loop
vertex 164 23 0
vertex 164 24 0
vertex 169 24 0
endloop
endfacet
facet normal 0 0 1
outer loop
vertex 164 23 1
vertex 169 23 1
vertex 169 24 1
endloop
endfacet
facet normal 0 0 1
outer loop
vertex 164 23 1
vertex 169 24 1
vertex 164 24 1
endloop
endfacet
facet normal 0 -1 0
outer loop
vertex 164 23 0
vertex 169 23 0
vertex 169 23 1
endloop
endfacet
facet normal 0 -1 0
outer loop
vertex 164 23 0
vertex 169 23 1
vertex 164 23 1
endloop
endfacet
facet normal 1 0 0
outer loop
vertex 169 23 0
vertex 169 24 0
vertex 169 24 1
endloop
endfacet
facet normal 1 0 0
outer loop
vertex 169 23 0
vertex 169 24 1
vertex 169 23 1
endloop
endfacet
facet normal 0 1 0
outer loop
vertex 169 24 0
vertex 164 24 0
vertex 164 24 1
endloop
endfacet
facet normal 0 1 0
outer loop
vertex 169 24 0
vertex 164 24 1
vertex 169 24 1
endloop
endfacet
facet normal -1 0 0
outer loop
vertex 164 24 0
vertex 164 23 0
vertex 164 23 1
endloop
endfacet
facet normal -1 0 0
outer loop
vertex 164 24 0
vertex 164 23 1
vertex 164 24 1
endloop
endfacet
facet normal 0 0 -1
outer loop
vertex 171 23 0
vertex 175 24 0
vertex 175 23 0
endloop
endfacet
facet normal 0 0 -1
outer loop
vertex 171 23 0
vertex 171 24 0
vertex 175 24 0
endloop
endfacet
facet normal 0 0 1
outer loop
vertex 171 23 1
vertex 175 23 1
vertex 175 24 1
endloop
endfacet
facet normal 0 0 1
outer loop
vertex 171 23 1
vertex 175 24 1
vertex 171 24 1
endloop
endfacet
facet normal 0 -1 0
outer loop
vertex 171 23 0
vertex 175 23 0
vertex 175 23 1
endloop
endfacet
facet normal 0 -1 0
outer loop
vertex 171 23 0
vertex 175 23 1
vertex 171 23 1
endloop
endfacet
facet normal 1 0 0
outer loop
vertex 175 23 0
vertex 175 24 0
vertex 175 24 1
endloop
endfacet
facet normal 1 0 0
outer loop
vertex 175 23 0
vertex 175 24 1
vertex 175 23 1
endloop
endfacet
facet normal 0 1 0
outer loop
vertex 175 24 0
vertex 171 24 0
vertex 171 24 1
endloop
endfacet
facet normal 0 1 0
outer loop
vertex 175 24 0
vertex 171 24 1
vertex 175 24 1
endloop
endfacet
facet normal -1 0 0
outer loop
vertex 171 24 0
vertex 171 23 0
vertex 171 23 1
endloop
endfacet
facet normal -1 0 0
outer loop
vertex 171 24 0
vertex 171 23 1
vertex 171 24 1
endloop
endfacet
facet normal 0 0 -1
outer loop
vertex 184 23 0
vertex 188 24 0
vertex 188 23 0
endloop
endfacet
facet normal 0 0 -1
outer loop
vertex 184 23 0
vertex 184 24 0
vertex 188 24 0
endloop
endfacet
facet normal 0 0 1
outer loop
vertex 184 23 1
vertex 188 23 1
vertex 188 24 1
endloop
endfacet
facet normal 0 0 1
outer loop
vertex 184 23 1
vertex 188 24 1
vertex 184 24 1
endloop
endfacet
facet normal 0 -1 0
outer loop
vertex 184 23 0
vertex 188 23 0
vertex 188 23 1
endloop
endfacet
facet normal 0 -1 0
outer loop
vertex 184 23 0
vertex 188 23 1
vertex 184 23 1
endloop
endfacet
facet normal 1 0 0
outer loop
vertex 188 23 0
vertex 188 24 0
vertex 188 24 1
endloop
endfacet
facet normal 1 0 0
outer loop
vertex 188 23 0
vertex 188 24 1
vertex 188 23 1
endloop
endfacet
facet normal 0 1 0
outer loop
vertex 188 24 0
vertex 184 24 0
vertex 184 24 1
endloop
endfacet
facet normal 0 1 0
outer loop
vertex 188 24 0
vertex 184 24 1
vertex 188 24 1
endloop
endfacet
facet normal -1 0 0
outer loop
vertex 184 24 0
vertex 184 23 0
vertex 184 23 1
endloop
endfacet
facet normal -1 0 0
outer loop
vertex 184 24 0
vertex 184 23 1
vertex 184 24 1
endloop
endfacet
facet normal 0 0 -1
outer loop
vertex 212 23 0
vertex 216 24 0
vertex 216 23 0
endloop
endfacet
facet normal 0 0 -1
outer loop
vertex 212 23 0
vertex 212 24 0
vertex 216 24 0
endloop
endfacet
facet normal 0 0 1
outer loop
vertex 212 23 1
vertex 216 23 1
vertex 216 24 1
endloop
endfacet
facet normal 0 0 1
outer loop
vertex 212 23 1
vertex 216 24 1
vertex 212 24 1
endloop
endfacet
facet normal 0 -1 0
outer loop
vertex 212 23 0
vertex 216 23 0
vertex 216 23 1
endloop
endfacet
facet normal 0 -1 0
outer loop
vertex 212 23 0
vertex 216 23 1
vertex 212 23 1
endloop
endfacet
facet normal 1 0 0
outer loop
vertex 216 23 0
vertex 216 24 0
vertex 216 24 1
endloop
endfacet
facet normal 1 0 0
outer loop
vertex 216 23 0
vertex 216 24 1
vertex 216 23 1
endloop
endfacet
facet normal 0 1 0
outer loop
vertex 216 24 0
vertex 212 24 0
vertex 212 24 1
endloop
endfacet
facet normal 0 1 0
outer loop
vertex 216 24 0
vertex 212 24 1
vertex 216 24 1
endloop
endfacet
facet normal -1 0 0
outer loop
vertex 212 24 0
vertex 212 23 0
vertex 212 23 1
endloop
endfacet
facet normal -1 0 0
outer loop
vertex 212 24 0
vertex 212 23 1
vertex 212 24 1
endloop
endfacet
facet normal 0 0 -1
outer loop
vertex 224 23 0
vertex 229 24 0
vertex 229 23 0
endloop
endfacet
facet normal 0 0 -1
outer loop
vertex 224 23 0
vertex 224 24 0
vertex 229 24 0
endloop
endfacet
facet normal 0 0 1
outer loop
vertex 224 23 1
vertex 229 23 1
vertex 229 24 1
endloop
endfacet
facet normal 0 0 1
outer loop
vertex 224 23 1
vertex 229 24 1
vertex 224 24 1
endloop
endfacet
facet normal 0 -1 0
outer loop
vertex 224 23 0
vertex 229 23 0
vertex 229 23 1
endloop
endfacet
facet normal 0 -1 0
outer loop
vertex 224 23 0
vertex 229 23 1
vertex 224 23 1
endloop
endfacet
facet normal 1 0 0
outer loop
vertex 229 23 0
vertex 229 24 0
vertex 229 24 1
endloop
endfacet
facet normal 1 0 0
outer loop
vertex 229 23 0
vertex 229 24 1
vertex 229 23 1
endloop
endfacet
facet normal 0 1 0
outer loop
vertex 229 24 0
vertex 224 24 0
vertex 224 24 1
endloop
endfacet
facet normal 0 1 0
outer loop
vertex 229 24 0
vertex 224 24 1
vertex 229 24 1
endloop
endfacet
facet normal -1 0 0
outer loop
vertex 224 24 0
vertex 224 23 0
vertex 224 23 1
endloop
endfacet
facet normal -1 0 0
outer loop
vertex 224 24 0
vertex 224 23 1
vertex 224 24 1
endloop
endfacet
facet normal 0 0 -1
outer loop
vertex 231 23 0
vertex 235 24 0
vertex 235 23 0
endloop
endfacet
facet normal 0 0 -1
outer loop
vertex 231 23 0
vertex 231 24 0
vertex 235 24 0
endloop
endfacet
facet normal 0 0 1
outer loop
vertex 231 23 1
vertex 235 23 1
vertex 235 24 1
endloop
endfacet
facet normal 0 0 1
outer loop
vertex 231 23 1
vertex 235 24 1
vertex 231 24 1
endloop
endfacet
facet normal 0 -1 0
outer loop
vertex 231 23 0
vertex 235 23 0
vertex 235 23 1
endloop
endfacet
facet normal 0 -1 0
outer loop
vertex 231 23 0
vertex 235 23 1
vertex 231 23 1
endloop
endfacet
facet normal 1 0 0
outer loop
vertex 235 23 0
vertex 235 24 0
vertex 235 24 1
endloop
endfacet
facet normal 1 0 0
outer loop
vertex 235 23 0
vertex 235 24 1
vertex 235 23 1
endloop
endfacet
facet normal 0 1 0
outer loop
vertex 235 24 0
vertex 231 24 0
vertex 231 24 1
endloop
endfacet
facet normal 0 1 0
outer loop
vertex 235 24 0
vertex 231 24 1
vertex 235 24 1
endloop
endfacet
facet normal -1 0 0
outer loop
vertex 231 24 0
vertex 231 23 0
vertex 231 23 1
endloop
endfacet
facet normal -1 0 0
outer loop
vertex 231 24 0
vertex 231 23 1
vertex 231 24 1
endloop
endfacet
facet normal 0 0 -1
outer loop
vertex 255 23 0
vertex 260 24 0
vertex 260 23 0
endloop
endfacet
facet normal 0 0 -1
outer loop
vertex 255 23 0
vertex 255 24 0
vertex 260 24 0
endloop
endfacet
facet normal 0 0 1
outer loop
vertex 255 23 1
vertex 260 23 1
vertex 260 24 1
endloop
endfacet
facet normal 0 0 1
outer loop
vertex 255 23 1
vertex 260 24 1
vertex 255 24 1
endloop
endfacet
facet normal 0 -1 0
outer loop
vertex 255 23 0
vertex 260 23 0
vertex 260 23 1
endloop
endfacet
facet normal 0 -1 0
outer loop
vertex 255 23 0
vertex 260 23 1
vertex 255 23 1
endloop
endfacet
facet normal 1 0 0
outer loop
vertex 260 23 0
vertex 260 24 0
vertex 260 24 1
endloop
endfacet
facet normal 1 0 0
outer loop
vertex 260 23 0
vertex 260 24 1
vertex 260 23 1
endloop
endfacet
facet normal 0 1 0
outer loop
vertex 260 24 0
vertex 255 24 0
vertex 255 24 1
endloop
endfacet
facet normal 0 1 0
outer loop
vertex 260 24 0
vertex 255 24 1
vertex 260 24 1
endloop
endfacet
facet normal -1 0 0
outer loop
vertex 255 24 0
vertex 255 23 0
vertex 255 23 1
endloop
endfacet
facet normal -1 0 0
outer loop
vertex 255 24 0
vertex 255 23 1
vertex 255 24 1
endloop
endfacet
facet normal 0 0 -1
outer loop
vertex 289 23 0
vertex 293 24 0
vertex 293 23 0
endloop
endfacet
facet normal 0 0 -1
outer loop
vertex 289 23 0
vertex 289 24 0
vertex 293 24 0
endloop
endfacet
facet normal 0 0 1
outer loop
vertex 289 23 1
vertex 293 23 1
vertex 293 24 1
endloop
endfacet
facet normal 0 0 1
outer loop
vertex 289 23 1
vertex 293 24 1
vertex 289 24 1
endloop
endfacet
facet normal 0 -1 0
outer loop
vertex 289 23 0
vertex 293 23 0
vertex 293 23 1
endloop
endfacet
facet normal 0 -1 0
outer loop
vertex 289 23 0
vertex 293 23 1
vertex 289 23 1
endloop
endfacet
facet normal 1 0 0
outer loop
vertex 293 23 0
vertex 293 24 0
vertex 293 24 1
endloop
endfacet
facet normal 1 0 0
outer loop
vertex 293 23 0
vertex 293 24 1
vertex 293 23 1
endloop
endfacet
facet normal 0 1 0
outer loop
vertex 293 24 0
vertex 289 24 0
vertex 289 24 1
endloop
endfacet
facet normal 0 1 0
outer loop
vertex 293 24 0
vertex 289 24 1
vertex 293 24 1
endloop
endfacet
facet normal -1 0 0
outer loop
vertex 289 24 0
vertex 289 23 0
vertex 289 23 1
endloop
endfacet
facet normal -1 0 0
outer loop
vertex 289 24 0
vertex 289 23 1
vertex 289 24 1
endloop
endfacet
facet normal 0 0 -1
outer loop
vertex 309 23 0
vertex 314 24 0
vertex 314 23 0
endloop
endfacet
facet normal 0 0 -1
outer loop
vertex 309 23 0
vertex 309 24 0
vertex 314 24 0
endloop
endfacet
facet normal 0 0 1
outer loop
vertex 309 23 1
vertex 314 23 1
vertex 314 24 1
endloop
endfacet
facet normal 0 0 1
outer loop
vertex 309 23 1
vertex 314 24 1
vertex 309 24 1
endloop
endfacet
facet normal 0 -1 0
outer loop
vertex 309 23 0
vertex 314 23 0
vertex 314 23 1
endloop
endfacet
facet normal 0 -1 0
outer loop
vertex 309 23 0
vertex 314 23 1
vertex 309 23 1
endloop
endfacet
facet normal 1 0 0
outer loop
vertex 314 23 0
vertex 314 24 0
vertex 314 24 1
endloop
endfacet
facet normal 1 0 0
outer loop
vertex 314 23 0
vertex 314 24 1
vertex 314 23 1
endloop
endfacet
facet normal 0 1 0
outer loop
vertex 314 24 0
vertex 309 24 0
vertex 309 24 1
endloop
endfacet
facet normal 0 1 0
outer loop
vertex 314 24 0
vertex 309 24 1
vertex 314 24 1
endloop
endfacet
facet normal -1 0 0
outer loop
vertex 309 24 0
vertex 309 23 0
vertex 309 23 1
endloop
endfacet
facet normal -1 0 0
outer loop
vertex 309 24 0
vertex 309 23 1
vertex 309 24 1
endloop
endfacet
facet normal 0 0 -1
outer loop
vertex 317 23 0
vertex 321 24 0
vertex 321 23 0
endloop
endfacet
facet normal 0 0 -1
outer loop
vertex 317 23 0
vertex 317 24 0
vertex 321 24 0
endloop
endfacet
facet normal 0 0 1
outer loop
vertex 317 23 1
vertex 321 23 1
vertex 321 24 1
endloop
endfacet
facet normal 0 0 1
outer loop
vertex 317 23 1
vertex 321 24 1
vertex 317 24 1
endloop
endfacet
facet normal 0 -1 0
outer loop
vertex 317 23 0
vertex 321 23 0
vertex 321 23 1
endloop
endfacet
facet normal 0 -1 0
outer loop
vertex 317 23 0
vertex 321 23 1
vertex 317 23 1
endloop
endfacet
facet normal 1 0 0
outer loop
vertex 321 23 0
vertex 321 24 0
vertex 321 24 1
endloop
endfacet
facet normal 1 0 0
outer loop
vertex 321 23 0
vertex 321 24 1
vertex 321 23 1
endloop
endfacet
facet normal 0 1 0
outer loop
vertex 321 24 0
vertex 317 24 0
vertex 317 24 1
endloop
endfacet
facet normal 0 1 0
outer loop
vertex 321 24 0
vertex 317 24 1
vertex 321 24 1
endloop
endfacet
facet normal -1 0 0
outer loop
vertex 317 24 0
vertex 317 23 0
vertex 317 23 1
endloop
endfacet
facet normal -1 0 0
outer loop
vertex 317 24 0
vertex 317 23 1
vertex 317 24 1
endloop
endfacet
facet normal 0 0 -1
outer loop
vertex 113 24 0
vertex 118 25 0
vertex 118 24 0
endloop
endfacet
facet normal 0 0 -1
outer loop
vertex 113 24 0
vertex 113 25 0
vertex 118 25 0
endloop
endfacet
facet normal 0 0 1
outer loop
vertex 113 24 1
vertex 118 24 1
vertex 118 25 1
endloop
endfacet
facet normal 0 0 1
outer loop
vertex 113 24 1
vertex 118 25 1
vertex 113 25 1
endloop
endfacet
facet normal 0 -1 0
outer loop
vertex 113 24 0
vertex 118 24 0
vertex 118 24 1
endloop
endfacet
facet normal 0 -1 0
outer loop
vertex 113 24 0
vertex 118 24 1
vertex 113 24 1
endloop
endfacet
facet normal 1 0 0
outer loop
vertex 118 24 0
vertex 118 25 0
vertex 118 25 1
endloop
endfacet
facet normal 1 0 0
outer loop
vertex 118 24 0
vertex 118 25 1
vertex 118 24 1
endloop
endfacet
facet normal 0 1 0
outer loop
vertex 118 25 0
vertex 113 25 0
vertex 113 25 1
endloop
endfacet
facet normal 0 1 0
outer loop
vertex 118 25 0
vertex 113 25 1
vertex 118 25 1
endloop
endfacet
facet normal -1 0 0
outer loop
vertex 113 25 0
vertex 113 24 0
vertex 113 24 1
endloop
endfacet
facet normal -1 0 0
outer loop
vertex 113 25 0
vertex 113 24 1
vertex 113 25 1
endloop
endfacet
facet normal 0 0 -1
outer loop
vertex 132 24 0
vertex 137 25 0
vertex 137 24 0
endloop
endfacet
facet normal 0 0 -1
outer loop
vertex 132 24 0
vertex 132 25 0
vertex 137 25 0
endloop
endfacet
facet normal 0 0 1
outer loop
vertex 132 24 1
vertex 137 24 1
vertex 137 25 1
endloop
endfacet
facet normal 0 0 1
outer loop
vertex 132 24 1
vertex 137 25 1
vertex 132 25 1
endloop
endfacet
facet normal 0 -1 0
outer loop
vertex 132 24 0
vertex 137 24 0
vertex 137 24 1
endloop
endfacet
facet normal 0 -1 0
outer loop
vertex 132 24 0
vertex 137 24 1
vertex 132 24 1
endloop
endfacet
facet normal 1 0 0
outer loop
vertex 137 24 0
vertex 137 25 0
vertex 137 25 1
endloop
endfacet
facet normal 1 0 0
outer loop
vertex 137 24 0
vertex 137 25 1
vertex 137 24 1
endloop
endfacet
facet normal 0 1 0
outer loop
vertex 137 25 0
vertex 132 25 0
vertex 132 25 1
endloop
endfacet
facet normal 0 1 0
outer loop
vertex 137 25 0
vertex 132 25 1
vertex 137 25 1
endloop
endfacet
facet normal -1 0 0
outer loop
vertex 132 25 0
vertex 132 24 0
vertex 132 24 1
endloop
endfacet
facet normal -1 0 0
outer loop
vertex 132 25 0
vertex 132 24 1
vertex 132 25 1
endloop
endfacet
facet normal 0 0 -1
outer loop
vertex 152 24 0
vertex 156 25 0
vertex 156 24 0
endloop
endfacet
facet normal 0 0 -1
outer loop
vertex 152 24 0
vertex 152 25 0
vertex 156 25 0
endloop
endfacet
facet normal 0 0 1
outer loop
vertex 152 24 1
vertex 156 24 1
vertex 156 25 1
endloop
endfacet
facet normal 0 0 1
outer loop
vertex 152 24 1
vertex 156 25 1
vertex 152 25 1
endloop
endfacet
facet normal 0 -1 0
outer loop
vertex 152 24 0
vertex 156 24 0
vertex 156 24 1
endloop
endfacet
facet normal 0 -1 0
outer loop
vertex 152 24 0
vertex 156 24 1
vertex 152 24 1
endloop
endfacet
facet normal 1 0 0
outer loop
vertex 156 24 0
vertex 156 25 0
vertex 156 25 1
endloop
endfacet
facet normal 1 0 0
outer loop
vertex 156 24 0
vertex 156 25 1
vertex 156 24 1
endloop
endfacet
facet normal 0 1 0
outer loop
vertex 156 25 0
vertex 152 25 0
vertex 152 25 1
endloop
endfacet
facet normal 0 1 0
outer loop
vertex 156 25 0
vertex 152 25 1
vertex 156 25 1
endloop
endfacet
facet normal -1 0 0
outer loop
vertex 152 25 0
vertex 152 24 0
vertex 152 24 1
endloop
endfacet
facet normal -1 0 0
outer loop
vertex 152 25 0
vertex 152 24 1
vertex 152 25 1
endloop
endfacet
facet normal 0 0 -1
outer loop
vertex 165 24 0
vertex 169 25 0
vertex 169 24 0
endloop
endfacet
facet normal 0 0 -1
outer loop
vertex 165 24 0
vertex 165 25 0
vertex 169 25 0
endloop
endfacet
facet normal 0 0 1
outer loop
vertex 165 24 1
vertex 169 24 1
vertex 169 25 1
endloop
endfacet
facet normal 0 0 1
outer loop
vertex 165 24 1
vertex 169 25 1
vertex 165 25 1
endloop
endfacet
facet normal 0 -1 0
outer loop
vertex 165 24 0
vertex 169 24 0
vertex 169 24 1
endloop
endfacet
facet normal 0 -1 0
outer loop
vertex 165 24 0
vertex 169 24 1
vertex 165 24 1
endloop
endfacet
facet normal 1 0 0
outer loop
vertex 169 24 0
vertex 169 25 0
vertex 169 25 1
endloop
endfacet
facet normal 1 0 0
outer loop
vertex 169 24 0
vertex 169 25 1
vertex 169 24 1
endloop
endfacet
facet normal 0 1 0
outer loop
vertex 169 25 0
vertex 165 25 0
vertex 165 25 1
endloop
endfacet
facet normal 0 1 0
outer loop
vertex 169 25 0
vertex 165 25 1
vertex 169 25 1
endloop
endfacet
facet normal -1 0 0
outer loop
vertex 165 25 0
vertex 165 24 0
vertex 165 24 1
endloop
endfacet
facet normal -1 0 0
outer loop
vertex 165 25 0
vertex 165 24 1
vertex 165 25 1
endloop
endfacet
facet normal 0 0 -1
outer loop
vertex 170 24 0
vertex 175 25 0
vertex 175 24 0
endloop
endfacet
facet normal 0 0 -1
outer loop
vertex 170 24 0
vertex 170 25 0
vertex 175 25 0
endloop
endfacet
facet normal 0 0 1
outer loop
vertex 170 24 1
vertex 175 24 1
vertex 175 25 1
endloop
endfacet
facet normal 0 0 1
outer loop
vertex 170 24 1
vertex 175 25 1
vertex 170 25 1
endloop
endfacet
facet normal 0 -1 0
outer loop
vertex 170 24 0
vertex 175 24 0
vertex 175 24 1
endloop
endfacet
facet normal 0 -1 0
outer loop
vertex 170 24 0
vertex 175 24 1
vertex 170 24 1
endloop
endfacet
facet normal 1 0 0
outer loop
vertex 175 24 0
vertex 175 25 0
vertex 175 25 1
endloop
endfacet
facet normal 1 0 0
outer loop
vertex 175 24 0
vertex 175 25 1
vertex 175 24 1
endloop
endfacet
facet normal 0 1 0
outer loop
vertex 175 25 0
vertex 170 25 0
vertex 170 25 1
endloop
endfacet
facet normal 0 1 0
outer loop
vertex 175 25 0
vertex 170 25 1
vertex 175 25 1
endloop
endfacet
facet normal -1 0 0
outer loop
vertex 170 25 0
vertex 170 24 0
vertex 170 24 1
endloop
endfacet
facet normal -1 0 0
outer loop
vertex 170 25 0
vertex 170 24 1
vertex 170 25 1
endloop
endfacet
facet normal 0 0 -1
outer loop
vertex 184 24 0
vertex 189 25 0
vertex 189 24 0
endloop
endfacet
facet normal 0 0 -1
outer loop
vertex 184 24 0
vertex 184 25 0
vertex 189 25 0
endloop
endfacet
facet normal 0 0 1
outer loop
vertex 184 24 1
vertex 189 24 1
vertex 189 25 1
endloop
endfacet
facet normal 0 0 1
outer loop
vertex 184 24 1
vertex 189 25 1
vertex 184 25 1
endloop
endfacet
facet normal 0 -1 0
outer loop
vertex 184 24 0
vertex 189 24 0
vertex 189 24 1
endloop
endfacet
facet normal 0 -1 0
outer loop
vertex 184 24 0
vertex 189 24 1
vertex 184 24 1
endloop
endfacet
facet normal 1 0 0
outer loop
vertex 189 24 0
vertex 189 25 0
vertex 189 25 1
endloop
endfacet
facet normal 1 0 0
outer loop
vertex 189 24 0
vertex 189 25 1
vertex 189 24 1
endloop
endfacet
facet normal 0 1 0
outer loop
vertex 189 25 0
vertex 184 25 0
vertex 184 25 1
endloop
endfacet
facet normal 0 1 0
outer loop
vertex 189 25 0
vertex 184 25 1
vertex 189 25 1
endloop
endfacet
facet normal -1 0 0
outer loop
vertex 184 25 0
vertex 184 24 0
vertex 184 24 1
endloop
endfacet
facet normal -1 0 0
outer loop
vertex 184 25 0
vertex 184 24 1
vertex 184 25 1
endloop
endfacet
facet normal 0 0 -1
outer loop
vertex 212 24 0
vertex 216 25 0
vertex 216 24 0
endloop
endfacet
facet normal 0 0 -1
outer loop
vertex 212 24 0
vertex 212 25 0
vertex 216 25 0
endloop
endfacet
facet normal 0 0 1
outer loop
vertex 212 24 1
vertex 216 24 1
vertex 216 25 1
endloop
endfacet
facet normal 0 0 1
outer loop
vertex 212 24 1
vertex 216 25 1
vertex 212 25 1
endloop
endfacet
facet normal 0 -1 0
outer loop
vertex 212 24 0
vertex 216 24 0
vertex 216 24 1
endloop
endfacet
facet normal 0 -1 0
outer loop
vertex 212 24 0
vertex 216 24 1
vertex 212 24 1
endloop
endfacet
facet normal 1 0 0
outer loop
vertex 216 24 0
vertex 216 25 0
vertex 216 25 1
endloop
endfacet
facet normal 1 0 0
outer loop
vertex 216 24 0
vertex 216 25 1
vertex 216 24 1
endloop
endfacet
facet normal 0 1 0
outer loop
vertex 216 25 0
vertex 212 25 0
vertex 212 25 1
endloop
endfacet
facet normal 0 1 0
outer loop
vertex 216 25 0
vertex 212 25 1
vertex 216 25 1
endloop
endfacet
facet normal -1 0 0
outer loop
vertex 212 25 0
vertex 212 24 0
vertex 212 24 1
endloop
endfacet
facet normal -1 0 0
outer loop
vertex 212 25 0
vertex 212 24 1
vertex 212 25 1
endloop
endfacet
facet normal 0 0 -1
outer loop
vertex 224 24 0
vertex 229 25 0
vertex 229 24 0
endloop
endfacet
facet normal 0 0 -1
outer loop
vertex 224 24 0
vertex 224 25 0
vertex 229 25 0
endloop
endfacet
facet normal 0 0 1
outer loop
vertex 224 24 1
vertex 229 24 1
vertex 229 25 1
endloop
endfacet
facet normal 0 0 1
outer loop
vertex 224 24 1
vertex 229 25 1
vertex 224 25 1
endloop
endfacet
facet normal 0 -1 0
outer loop
vertex 224 24 0
vertex 229 24 0
vertex 229 24 1
endloop
endfacet
facet normal 0 -1 0
outer loop
vertex 224 24 0
vertex 229 24 1
vertex 224 24 1
endloop
endfacet
facet normal 1 0 0
outer loop
vertex 229 24 0
vertex 229 25 0
vertex 229 25 1
endloop
endfacet
facet normal 1 0 0
outer loop
vertex 229 24 0
vertex 229 25 1
vertex 229 24 1
endloop
endfacet
facet normal 0 1 0
outer loop
vertex 229 25 0
vertex 224 25 0
vertex 224 25 1
endloop
endfacet
facet normal 0 1 0
outer loop
vertex 229 25 0
vertex 224 25 1
vertex 229 25 1
endloop
endfacet
facet normal -1 0 0
outer loop
vertex 224 25 0
vertex 224 24 0
vertex 224 24 1
endloop
endfacet
facet normal -1 0 0
outer loop
vertex 224 25 0
vertex 224 24 1
vertex 224 25 1
endloop
endfacet
facet normal 0 0 -1
outer loop
vertex 230 24 0
vertex 235 25 0
vertex 235 24 0
endloop
endfacet
facet normal 0 0 -1
outer loop
vertex 230 24 0
vertex 230 25 0
vertex 235 25 0
endloop
endfacet
facet normal 0 0 1
outer loop
vertex 230 24 1
vertex 235 24 1
vertex 235 25 1
endloop
endfacet
facet normal 0 0 1
outer loop
vertex 230 24 1
vertex 235 25 1
vertex 230 25 1
endloop
endfacet
facet normal 0 -1 0
outer loop
vertex 230 24 0
vertex 235 24 0
vertex 235 24 1
endloop
endfacet
facet normal 0 -1 0
outer loop
vertex 230 24 0
vertex 235 24 1
vertex 230 24 1
endloop
endfacet
facet normal 1 0 0
outer loop
vertex 235 24 0
vertex 235 25 0
vertex 235 25 1
endloop
endfacet
facet normal 1 0 0
outer loop
vertex 235 24 0
vertex 235 25 1
vertex 235 24 1
endloop
endfacet
facet normal 0 1 0
outer loop
vertex 235 25 0
vertex 230 25 0
vertex 230 25 1
endloop
endfacet
facet normal 0 1 0
outer loop
vertex 235 25 0
vertex 230 25 1
vertex 235 25 1
endloop
endfacet
facet normal -1 0 0
outer loop
vertex 230 25 0
vertex 230 24 0
vertex 230 24 1
endloop
endfacet
facet normal -1 0 0
outer loop
vertex 230 25 0
vertex 230 24 1
vertex 230 25 1
endloop
endfacet
facet normal 0 0 -1
outer loop
vertex 255 24 0
vertex 261 25 0
vertex 261 24 0
endloop
endfacet
facet normal 0 0 -1
outer loop
vertex 255 24 0
vertex 255 25 0
vertex 261 25 0
endloop
endfacet
facet normal 0 0 1
outer loop
vertex 255 24 1
vertex 261 24 1
vertex 261 25 1
endloop
endfacet
facet normal 0 0 1
outer loop
vertex 255 24 1
vertex 261 25 1
vertex 255 25 1
endloop
endfacet
facet normal 0 -1 0
outer loop
vertex 255 24 0
vertex 261 24 0
vertex 261 24 1
endloop
endfacet
facet normal 0 -1 0
outer loop
vertex 255 24 0
vertex 261 24 1
vertex 255 24 1
endloop
endfacet
facet normal 1 0 0
outer loop
vertex 261 24 0
vertex 261 25 0
vertex 261 25 1
endloop
endfacet
facet normal 1 0 0
outer loop
vertex 261 24 0
vertex 261 25 1
vertex 261 24 1
endloop
endfacet
facet normal 0 1 0
outer loop
vertex 261 25 0
vertex 255 25 0
vertex 255 25 1
endloop
endfacet
facet normal 0 1 0
outer loop
vertex 261 25 0
vertex 255 25 1
vertex 261 25 1
endloop
endfacet
facet normal -1 0 0
outer loop
vertex 255 25 0
vertex 255 24 0
vertex 255 24 1
endloop
endfacet
facet normal -1 0 0
outer loop
vertex 255 25 0
vertex 255 24 1
vertex 255 25 1
endloop
endfacet
facet normal 0 0 -1
outer loop
vertex 289 24 0
vertex 294 25 0
vertex 294 24 0
endloop
endfacet
facet normal 0 0 -1
outer loop
vertex 289 24 0
vertex 289 25 0
vertex 294 25 0
endloop
endfacet
facet normal 0 0 1
outer loop
vertex 289 24 1
vertex 294 24 1
vertex 294 25 1
endloop
endfacet
facet normal 0 0 1
outer loop
vertex 289 24 1
vertex 294 25 1
vertex 289 25 1
endloop
endfacet
facet normal 0 -1 0
outer loop
vertex 289 24 0
vertex 294 24 0
vertex 294 24 1
endloop
endfacet
facet normal 0 -1 0
outer loop
vertex 289 24 0
vertex 294 24 1
vertex 289 24 1
endloop
endfacet
facet normal 1 0 0
outer loop
vertex 294 24 0
vertex 294 25 0
vertex 294 25 1
endloop
endfacet
facet normal 1 0 0
outer loop
vertex 294 24 0
vertex 294 25 1
vertex 294 24 1
endloop
endfacet
facet normal 0 1 0
outer loop
vertex 294 25 0
vertex 289 25 0
vertex 289 25 1
endloop
endfacet
facet normal 0 1 0
outer loop
vertex 294 25 0
vertex 289 25 1
vertex 294 25 1
endloop
endfacet
facet normal -1 0 0
outer loop
vertex 289 25 0
vertex 289 24 0
vertex 289 24 1
endloop
endfacet
facet normal -1 0 0
outer loop
vertex 289 25 0
vertex 289 24 1
vertex 289 25 1
endloop
endfacet
facet normal 0 0 -1
outer loop
vertex 309 24 0
vertex 314 25 0
vertex 314 24 0
endloop
endfacet
facet normal 0 0 -1
outer loop
vertex 309 24 0
vertex 309 25 0
vertex 314 25 0
endloop
endfacet
facet normal 0 0 1
outer loop
vertex 309 24 1
vertex 314 24 1
vertex 314 25 1
endloop
endfacet
facet normal 0 0 1
outer loop
vertex 309 24 1
vertex 314 25 1
vertex 309 25 1
endloop
endfacet
facet normal 0 -1 0
outer loop
vertex 309 24 0
vertex 314 24 0
vertex 314 24 1
endloop
endfacet
facet normal 0 -1 0
outer loop
vertex 309 24 0
vertex 314 24 1
vertex 309 24 1
endloop
endfacet
facet normal 1 0 0
outer loop
vertex 314 24 0
vertex 314 25 0
vertex 314 25 1
endloop
endfacet
facet normal 1 0 0
outer loop
vertex 314 24 0
vertex 314 25 1
vertex 314 24 1
endloop
endfacet
facet normal 0 1 0
outer loop
vertex 314 25 0
vertex 309 25 0
vertex 309 25 1
endloop
endfacet
facet normal 0 1 0
outer loop
vertex 314 25 0
vertex 309 25 1
vertex 314 25 1
endloop
endfacet
facet normal -1 0 0
outer loop
vertex 309 25 0
vertex 309 24 0
vertex 309 24 1
endloop
endfacet
facet normal -1 0 0
outer loop
vertex 309 25 0
vertex 309 24 1
vertex 309 25 1
endloop
endfacet
facet normal 0 0 -1
outer loop
vertex 317 24 0
vertex 321 25 0
vertex 321 24 0
endloop
endfacet
facet normal 0 0 -1
outer loop
vertex 317 24 0
vertex 317 25 0
vertex 321 25 0
endloop
endfacet
facet normal 0 0 1
outer loop
vertex 317 24 1
vertex 321 24 1
vertex 321 25 1
endloop
endfacet
facet normal 0 0 1
outer loop
vertex 317 24 1
vertex 321 25 1
vertex 317 25 1
endloop
endfacet
facet normal 0 -1 0
outer loop
vertex 317 24 0
vertex 321 24 0
vertex 321 24 1
endloop
endfacet
facet normal 0 -1 0
outer loop
vertex 317 24 0
vertex 321 24 1
vertex 317 24 1
endloop
endfacet
facet normal 1 0 0
outer loop
vertex 321 24 0
vertex 321 25 0
vertex 321 25 1
endloop
endfacet
facet normal 1 0 0
outer loop
vertex 321 24 0
vertex 321 25 1
vertex 321 24 1
endloop
endfacet
facet normal 0 1 0
outer loop
vertex 321 25 0
vertex 317 25 0
vertex 317 25 1
endloop
endfacet
facet normal 0 1 0
outer loop
vertex 321 25 0
vertex 317 25 1
vertex 321 25 1
endloop
endfacet
facet normal -1 0 0
outer loop
vertex 317 25 0
vertex 317 24 0
vertex 317 24 1
endloop
endfacet
facet normal -1 0 0
outer loop
vertex 317 25 0
vertex 317 24 1
vertex 317 25 1
endloop
endfacet
facet normal 0 0 -1
outer loop
vertex 113 25 0
vertex 118 26 0
vertex 118 25 0
endloop
endfacet
facet normal 0 0 -1
outer loop
vertex 113 25 0
vertex 113 26 0
vertex 118 26 0
endloop
endfacet
facet normal 0 0 1
outer loop
vertex 113 25 1
vertex 118 25 1
vertex 118 26 1
endloop
endfacet
facet normal 0 0 1
outer loop
vertex 113 25 1
vertex 118 26 1
vertex 113 26 1
endloop
endfacet
facet normal 0 -1 0
outer loop
vertex 113 25 0
vertex 118 25 0
vertex 118 25 1
endloop
endfacet
facet normal 0 -1 0
outer loop
vertex 113 25 0
vertex 118 25 1
vertex 113 25 1
endloop
endfacet
facet normal 1 0 0
outer loop
vertex 118 25 0
vertex 118 26 0
vertex 118 26 1
endloop
endfacet
facet normal 1 0 0
outer loop
vertex 118 25 0
vertex 118 26 1
vertex 118 25 1
endloop
endfacet
facet normal 0 1 0
outer loop
vertex 118 26 0
vertex 113 26 0
vertex 113 26 1
endloop
endfacet
facet normal 0 1 0
outer loop
vertex 118 26 0
vertex 113 26 1
vertex 118 26 1
endloop
endfacet
facet normal -1 0 0
outer loop
vertex 113 26 0
vertex 113 25 0
vertex 113 25 1
endloop
endfacet
facet normal -1 0 0
outer loop
vertex 113 26 0
vertex 113 25 1
vertex 113 26 1
endloop
endfacet
facet normal 0 0 -1
outer loop
vertex 132 25 0
vertex 137 26 0
vertex 137 25 0
endloop
endfacet
facet normal 0 0 -1
outer loop
vertex 132 25 0
vertex 132 26 0
vertex 137 26 0
endloop
endfacet
facet normal 0 0 1
outer loop
vertex 132 25 1
vertex 137 25 1
vertex 137 26 1
endloop
endfacet
facet normal 0 0 1
outer loop
vertex 132 25 1
vertex 137 26 1
vertex 132 26 1
endloop
endfacet
facet normal 0 -1 0
outer loop
vertex 132 25 0
vertex 137 25 0
vertex 137 25 1
endloop
endfacet
facet normal 0 -1 0
outer loop
vertex 132 25 0
vertex 137 25 1
vertex 132 25 1
endloop
endfacet
facet normal 1 0 0
outer loop
vertex 137 25 0
vertex 137 26 0
vertex 137 26 1
endloop
endfacet
facet normal 1 0 0
outer loop
vertex 137 25 0
vertex 137 26 1
vertex 137 25 1
endloop
endfacet
facet normal 0 1 0
outer loop
vertex 137 26 0
vertex 132 26 0
vertex 132 26 1
endloop
endfacet
facet normal 0 1 0
outer loop
vertex 137 26 0
vertex 132 26 1
vertex 137 26 1
endloop
endfacet
facet normal -1 0 0
outer loop
vertex 132 26 0
vertex 132 25 0
vertex 132 25 1
endloop
endfacet
facet normal -1 0 0
outer loop
vertex 132 26 0
vertex 132 25 1
vertex 132 26 1
endloop
endfacet
facet normal 0 0 -1
outer loop
vertex 151 25 0
vertex 156 26 0
vertex 156 25 0
endloop
endfacet
facet normal 0 0 -1
outer loop
vertex 151 25 0
vertex 151 26 0
vertex 156 26 0
endloop
endfacet
facet normal 0 0 1
outer loop
vertex 151 25 1
vertex 156 25 1
vertex 156 26 1
endloop
endfacet
facet normal 0 0 1
outer loop
vertex 151 25 1
vertex 156 26 1
vertex 151 26 1
endloop
endfacet
facet normal 0 -1 0
outer loop
vertex 151 25 0
vertex 156 25 0
vertex 156 25 1
endloop
endfacet
facet normal 0 -1 0
outer loop
vertex 151 25 0
vertex 156 25 1
vertex 151 25 1
endloop
endfacet
facet normal 1 0 0
outer loop
vertex 156 25 0
vertex 156 26 0
vertex 156 26 1
endloop
endfacet
facet normal 1 0 0
outer loop
vertex 156 25 0
vertex 156 26 1
vertex 156 25 1
endloop
endfacet
facet normal 0 1 0
outer loop
vertex 156 26 0
vertex 151 26 0
vertex 151 26 1
endloop
endfacet
facet normal 0 1 0
outer loop
vertex 156 26 0
vertex 151 26 1
vertex 156 26 1
endloop
endfacet
facet normal -1 0 0
outer loop
vertex 151 26 0
vertex 151 25 0
vertex 151 25 1
endloop
endfacet
facet normal -1 0 0
outer loop
vertex 151 26 0
vertex 151 25 1
vertex 151 26 1
endloop
endfacet
facet normal 0 0 -1
outer loop
vertex 165 25 0
vertex 175 26 0
vertex 175 25 0
endloop
endfacet
facet normal 0 0 -1
outer loop
vertex 165 25 0
vertex 165 26 0
vertex 175 26 0
endloop
endfacet
facet normal 0 0 1
outer loop
vertex 165 25 1
vertex 175 25 1
vertex 175 26 1
endloop
endfacet
facet normal 0 0 1
outer loop
vertex 165 25 1
vertex 175 26 1
vertex 165 26 1
endloop
endfacet
facet normal 0 -1 0
outer loop
vertex 165 25 0
vertex 175 25 0
vertex 175 25 1
endloop
endfacet
facet normal 0 -1 0
outer loop
vertex 165 25 0
vertex 175 25 1
vertex 165 25 1
endloop
endfacet
facet normal 1 0 0
outer loop
vertex 175 25 0
vertex 175 26 0
vertex 175 26 1
endloop
endfacet
facet normal 1 0 0
outer loop
vertex 175 25 0
vertex 175 26 1
vertex 175 25 1
endloop
endfacet
facet normal 0 1 0
outer loop
vertex 175 26 0
vertex 165 26 0
vertex 165 26 1
endloop
endfacet
facet normal 0 1 0
outer loop
vertex 175 26 0
vertex 165 26 1
vertex 175 26 1
endloop
endfacet
facet normal -1 0 0
outer loop
vertex 165 26 0
vertex 165 25 0
vertex 165 25 1
endloop
endfacet
facet normal -1 0 0
outer loop
vertex 165 26 0
vertex 165 25 1
vertex 165 26 1
endloop
endfacet
facet normal 0 0 -1
outer loop
vertex 184 25 0
vertex 189 26 0
vertex 189 25 0
endloop
endfacet
facet normal 0 0 -1
outer loop
vertex 184 25 0
vertex 184 26 0
vertex 189 26 0
endloop
endfacet
facet normal 0 0 1
outer loop
vertex 184 25 1
vertex 189 25 1
vertex 189 26 1
endloop
endfacet
facet normal 0 0 1
outer loop
vertex 184 25 1
vertex 189 26 1
vertex 184 26 1
endloop
endfacet
facet normal 0 -1 0
outer loop
vertex 184 25 0
vertex 189 25 0
vertex 189 25 1
endloop
endfacet
facet normal 0 -1 0
outer loop
vertex 184 25 0
vertex 189 25 1
vertex 184 25 1
endloop
endfacet
facet normal 1 0 0
outer loop
vertex 189 25 0
vertex 189 26 0
vertex 189 26 1
endloop
endfacet
facet normal 1 0 0
outer loop
vertex 189 25 0
vertex 189 26 1
vertex 189 25 1
endloop
endfacet
facet normal 0 1 0
outer loop
vertex 189 26 0
vertex 184 26 0
vertex 184 26 1
endloop
endfacet
facet normal 0 1 0
outer loop
vertex 189 26 0
vertex 184 26 1
vertex 189 26 1
endloop
endfacet
facet normal -1 0 0
outer loop
vertex 184 26 0
vertex 184 25 0
vertex 184 25 1
endloop
endfacet
facet normal -1 0 0
outer loop
vertex 184 26 0
vertex 184 25 1
vertex 184 26 1
endloop
endfacet
facet normal 0 0 -1
outer loop
vertex 203 25 0
vertex 206 26 0
vertex 206 25 0
endloop
endfacet
facet normal 0 0 -1
outer loop
vertex 203 25 0
vertex 203 26 0
vertex 206 26 0
endloop
endfacet
facet normal 0 0 1
outer loop
vertex 203 25 1
vertex 206 25 1
vertex 206 26 1
endloop
endfacet
facet normal 0 0 1
outer loop
vertex 203 25 1
vertex 206 26 1
vertex 203 26 1
endloop
endfacet
facet normal 0 -1 0
outer loop
vertex 203 25 0
vertex 206 25 0
vertex 206 25 1
endloop
endfacet
facet normal 0 -1 0
outer loop
vertex 203 25 0
vertex 206 25 1
vertex 203 25 1
endloop
endfacet
facet normal 1 0 0
outer loop
vertex 206 25 0
vertex 206 26 0
vertex 206 26 1
endloop
endfacet
facet normal 1 0 0
outer loop
vertex 206 25 0
vertex 206 26 1
vertex 206 25 1
endloop
endfacet
facet normal 0 1 0
outer loop
vertex 206 26 0
vertex 203 26 0
vertex 203 26 1
endloop
endfacet
facet normal 0 1 0
outer loop
vertex 206 26 0
vertex 203 26 1
vertex 206 26 1
endloop
endfacet
facet normal -1 0 0
outer loop
vertex 203 26 0
vertex 203 25 0
vertex 203 25 1
endloop
endfacet
facet normal -1 0 0
outer loop
vertex 203 26 0
vertex 203 25 1
vertex 203 26 1
endloop
endfacet
facet normal 0 0 -1
outer loop
vertex 212 25 0
vertex 216 26 0
vertex 216 25 0
endloop
endfacet
facet normal 0 0 -1
outer loop
vertex 212 25 0
vertex 212 26 0
vertex 216 26 0
endloop
endfacet
facet normal 0 0 1
outer loop
vertex 212 25 1
vertex 216 25 1
vertex 216 26 1
endloop
endfacet
facet normal 0 0 1
outer loop
vertex 212 25 1
vertex 216 26 1
vertex 212 26 1
endloop
endfacet
facet normal 0 -1 0
outer loop
vertex 212 25 0
vertex 216 25 0
vertex 216 25 1
endloop
endfacet
facet normal 0 -1 0
outer loop
vertex 212 25 0
vertex 216 25 1
vertex 212 25 1
endloop
endfacet
facet normal 1 0 0
outer loop
vertex 216 25 0
vertex 216 26 0
vertex 216 26 1
endloop
endfacet
facet normal 1 0 0
outer loop
vertex 216 25 0
vertex 216 26 1
vertex 216 25 1
endloop
endfacet
facet normal 0 1 0
outer loop
vertex 216 26 0
vertex 212 26 0
vertex 212 26 1
endloop
endfacet
facet normal 0 1 0
outer loop
vertex 216 26 0
vertex 212 26 1
vertex 216 26 1
endloop
endfacet
facet normal -1 0 0
outer loop
vertex 212 26 0
vertex 212 25 0
vertex 212 25 1
endloop
endfacet
facet normal -1 0 0
outer loop
vertex 212 26 0
vertex 212 25 1
vertex 212 26 1
endloop
endfacet
facet normal 0 0 -1
outer loop
vertex 225 25 0
vertex 235 26 0
vertex 235 25 0
endloop
endfacet
facet normal 0 0 -1
outer loop
vertex 225 25 0
vertex 225 26 0
vertex 235 26 0
endloop
endfacet
facet normal 0 0 1
outer loop
vertex 225 25 1
vertex 235 25 1
vertex 235 26 1
endloop
endfacet
facet normal 0 0 1
outer loop
vertex 225 25 1
vertex 235 26 1
vertex 225 26 1
endloop
endfacet
facet normal 0 -1 0
outer loop
vertex 225 25 0
vertex 235 25 0
vertex 235 25 1
endloop
endfacet
facet normal 0 -1 0
outer loop
vertex 225 25 0
vertex 235 25 1
vertex 225 25 1
endloop
endfacet
facet normal 1 0 0
outer loop
vertex 235 25 0
vertex 235 26 0
vertex 235 26 1
endloop
endfacet
facet normal 1 0 0
outer loop
vertex 235 25 0
vertex 235 26 1
vertex 235 25 1
endloop
endfacet
facet normal 0 1 0
outer loop
vertex 235 26 0
vertex 225 26 0
vertex 225 26 1
endloop
endfacet
facet normal 0 1 0
outer loop
vertex 235 26 0
vertex 225 26 1
vertex 235 26 1
endloop
endfacet
facet normal -1 0 0
outer loop
vertex 225 26 0
vertex 225 25 0
vertex 225 25 1
endloop
endfacet
facet normal -1 0 0
outer loop
vertex 225 26 0
vertex 225 25 1
vertex 225 26 1
endloop
endfacet
facet normal 0 0 -1
outer loop
vertex 256 25 0
vertex 261 26 0
vertex 261 25 0
endloop
endfacet
facet normal 0 0 -1
outer loop
vertex 256 25 0
vertex 256 26 0
vertex 261 26 0
endloop
endfacet
facet normal 0 0 1
outer loop
vertex 256 25 1
vertex 261 25 1
vertex 261 26 1
endloop
endfacet
facet normal 0 0 1
outer loop
vertex 256 25 1
vertex 261 26 1
vertex 256 26 1
endloop
endfacet
facet normal 0 -1 0
outer loop
vertex 256 25 0
vertex 261 25 0
vertex 261 25 1
endloop
endfacet
facet normal 0 -1 0
outer loop
vertex 256 25 0
vertex 261 25 1
vertex 256 25 1
endloop
endfacet
facet normal 1 0 0
outer loop
vertex 261 25 0
vertex 261 26 0
vertex 261 26 1
endloop
endfacet
facet normal 1 0 0
outer loop
vertex 261 25 0
vertex 261 26 1
vertex 261 25 1
endloop
endfacet
facet normal 0 1 0
outer loop
vertex 261 26 0
vertex 256 26 0
vertex 256 26 1
endloop
endfacet
facet normal 0 1 0
outer loop
vertex 261 26 0
vertex 256 26 1
vertex 261 26 1
endloop
endfacet
facet normal -1 0 0
outer loop
vertex 256 26 0
vertex 256 25 0
vertex 256 25 1
endloop
endfacet
facet normal -1 0 0
outer loop
vertex 256 26 0
vertex 256 25 1
vertex 256 26 1
endloop
endfacet
facet normal 0 0 -1
outer loop
vertex 281 25 0
vertex 283 26 0
vertex 283 25 0
endloop
endfacet
facet normal 0 0 -1
outer loop
vertex 281 25 0
vertex 281 26 0
vertex 283 26 0
endloop
endfacet
facet normal 0 0 1
outer loop
vertex 281 25 1
vertex 283 25 1
vertex 283 26 1
endloop
endfacet
facet normal 0 0 1
outer loop
vertex 281 25 1
vertex 283 26 1
vertex 281 26 1
endloop
endfacet
facet normal 0 -1 0
outer loop
vertex 281 25 0
vertex 283 25 0
vertex 283 25 1
endloop
endfacet
facet normal 0 -1 0
outer loop
vertex 281 25 0
vertex 283 25 1
vertex 281 25 1
endloop
endfacet
facet normal 1 0 0
outer loop
vertex 283 25 0
vertex 283 26 0
vertex 283 26 1
endloop
endfacet
facet normal 1 0 0
outer loop
vertex 283 25 0
vertex 283 26 1
vertex 283 25 1
endloop
endfacet
facet normal 0 1 0
outer loop
vertex 283 26 0
vertex 281 26 0
vertex 281 26 1
endloop
endfacet
facet normal 0 1 0
outer loop
vertex 283 26 0
vertex 281 26 1
vertex 283 26 1
endloop
endfacet
facet normal -1 0 0
outer loop
vertex 281 26 0
vertex 281 25 0
vertex 281 25 1
endloop
endfacet
facet normal -1 0 0
outer loop
vertex 281 26 0
vertex 281 25 1
vertex 281 26 1
endloop
endfacet
facet normal 0 0 -1
outer loop
vertex 289 25 0
vertex 294 26 0
vertex 294 25 0
endloop
endfacet
facet normal 0 0 -1
outer loop
vertex 289 25 0
vertex 289 26 0
vertex 294 26 0
endloop
endfacet
facet normal 0 0 1
outer loop
vertex 289 25 1
vertex 294 25 1
vertex 294 26 1
endloop
endfacet
facet normal 0 0 1
outer loop
vertex 289 25 1
vertex 294 26 1
vertex 289 26 1
endloop
endfacet
facet normal 0 -1 0
outer loop
vertex 289 25 0
vertex 294 25 0
vertex 294 25 1
endloop
endfacet
facet normal 0 -1 0
outer loop
vertex 289 25 0
vertex 294 25 1
vertex 289 25 1
endloop
endfacet
facet normal 1 0 0
outer loop
vertex 294 25 0
vertex 294 26 0
vertex 294 26 1
endloop
endfacet
facet normal 1 0 0
outer loop
vertex 294 25 0
vertex 294 26 1
vertex 294 25 1
endloop
endfacet
facet normal 0 1 0
outer loop
vertex 294 26 0
vertex 289 26 0
vertex 289 26 1
endloop
endfacet
facet normal 0 1 0
outer loop
vertex 294 26 0
vertex 289 26 1
vertex 294 26 1
endloop
endfacet
facet normal -1 0 0
outer loop
vertex 289 26 0
vertex 289 25 0
vertex 289 25 1
endloop
endfacet
facet normal -1 0 0
outer loop
vertex 289 26 0
vertex 289 25 1
vertex 289 26 1
endloop
endfacet
facet normal 0 0 -1
outer loop
vertex 308 25 0
vertex 314 26 0
vertex 314 25 0
endloop
endfacet
facet normal 0 0 -1
outer loop
vertex 308 25 0
vertex 308 26 0
vertex 314 26 0
endloop
endfacet
facet normal 0 0 1
outer loop
vertex 308 25 1
vertex 314 25 1
vertex 314 26 1
endloop
endfacet
facet normal 0 0 1
outer loop
vertex 308 25 1
vertex 314 26 1
vertex 308 26 1
endloop
endfacet
facet normal 0 -1 0
outer loop
vertex 308 25 0
vertex 314 25 0
vertex 314 25 1
endloop
endfacet
facet normal 0 -1 0
outer loop
vertex 308 25 0
vertex 314 25 1
vertex 308 25 1
endloop
endfacet
facet normal 1 0 0
outer loop
vertex 314 25 0
vertex 314 26 0
vertex 314 26 1
endloop
endfacet
facet normal 1 0 0
outer loop
vertex 314 25 0
vertex 314 26 1
vertex 314 25 1
endloop
endfacet
facet normal 0 1 0
outer loop
vertex 314 26 0
vertex 308 26 0
vertex 308 26 1
endloop
endfacet
facet normal 0 1 0
outer loop
vertex 314 26 0
vertex 308 26 1
vertex 314 26 1
endloop
endfacet
facet normal -1 0 0
outer loop
vertex 308 26 0
vertex 308 25 0
vertex 308 25 1
endloop
endfacet
facet normal -1 0 0
outer loop
vertex 308 26 0
vertex 308 25 1
vertex 308 26 1
endloop
endfacet
facet normal 0 0 -1
outer loop
vertex 317 25 0
vertex 321 26 0
vertex 321 25 0
endloop
endfacet
facet normal 0 0 -1
outer loop
vertex 317 25 0
vertex 317 26 0
vertex 321 26 0
endloop
endfacet
facet normal 0 0 1
outer loop
vertex 317 25 1
vertex 321 25 1
vertex 321 26 1
endloop
endfacet
facet normal 0 0 1
outer loop
vertex 317 25 1
vertex 321 26 1
vertex 317 26 1
endloop
endfacet
facet normal 0 -1 0
outer loop
vertex 317 25 0
vertex 321 25 0
vertex 321 25 1
endloop
endfacet
facet normal 0 -1 0
outer loop
vertex 317 25 0
vertex 321 25 1
vertex 317 25 1
endloop
endfacet
facet normal 1 0 0
outer loop
vertex 321 25 0
vertex 321 26 0
vertex 321 26 1
endloop
endfacet
facet normal 1 0 0
outer loop
vertex 321 25 0
vertex 321 26 1
vertex 321 25 1
endloop
endfacet
facet normal 0 1 0
outer loop
vertex 321 26 0
vertex 317 26 0
vertex 317 26 1
endloop
endfacet
facet normal 0 1 0
outer loop
vertex 321 26 0
vertex 317 26 1
vertex 321 26 1
endloop
endfacet
facet normal -1 0 0
outer loop
vertex 317 26 0
vertex 317 25 0
vertex 317 25 1
endloop
endfacet
facet normal -1 0 0
outer loop
vertex 317 26 0
vertex 317 25 1
vertex 317 26 1
endloop
endfacet
facet normal 0 0 -1
outer loop
vertex 113 26 0
vertex 118 27 0
vertex 118 26 0
endloop
endfacet
facet normal 0 0 -1
outer loop
vertex 113 26 0
vertex 113 27 0
vertex 118 27 0
endloop
endfacet
facet normal 0 0 1
outer loop
vertex 113 26 1
vertex 118 26 1
vertex 118 27 1
endloop
endfacet
facet normal 0 0 1
outer loop
vertex 113 26 1
vertex 118 27 1
vertex 113 27 1
endloop
endfacet
facet normal 0 -1 0
outer loop
vertex 113 26 0
vertex 118 26 0
vertex 118 26 1
endloop
endfacet
facet normal 0 -1 0
outer loop
vertex 113 26 0
vertex 118 26 1
vertex 113 26 1
endloop
endfacet
facet normal 1 0 0
outer loop
vertex 118 26 0
vertex 118 27 0
vertex 118 27 1
endloop
endfacet
facet normal 1 0 0
outer loop
vertex 118 26 0
vertex 118 27 1
vertex 118 26 1
endloop
endfacet
facet normal 0 1 0
outer loop
vertex 118 27 0
vertex 113 27 0
vertex 113 27 1
endloop
endfacet
facet normal 0 1 0
outer loop
vertex 118 27 0
vertex 113 27 1
vertex 118 27 1
endloop
endfacet
facet normal -1 0 0
outer loop
vertex 113 27 0
vertex 113 26 0
vertex 113 26 1
endloop
endfacet
facet normal -1 0 0
outer loop
vertex 113 27 0
vertex 113 26 1
vertex 113 27 1
endloop
endfacet
facet normal 0 0 -1
outer loop
vertex 132 26 0
vertex 138 27 0
vertex 138 26 0
endloop
endfacet
facet normal 0 0 -1
outer loop
vertex 132 26 0
vertex 132 27 0
vertex 138 27 0
endloop
endfacet
facet normal 0 0 1
outer loop
vertex 132 26 1
vertex 138 26 1
vertex 138 27 1
endloop
endfacet
facet normal 0 0 1
outer loop
vertex 132 26 1
vertex 138 27 1
vertex 132 27 1
endloop
endfacet
facet normal 0 -1 0
outer loop
vertex 132 26 0
vertex 138 26 0
vertex 138 26 1
endloop
endfacet
facet normal 0 -1 0
outer loop
vertex 132 26 0
vertex 138 26 1
vertex 132 26 1
endloop
endfacet
facet normal 1 0 0
outer loop
vertex 138 26 0
vertex 138 27 0
vertex 138 27 1
endloop
endfacet
facet normal 1 0 0
outer loop
vertex 138 26 0
vertex 138 27 1
vertex 138 26 1
endloop
endfacet
facet normal 0 1 0
outer loop
vertex 138 27 0
vertex 132 27 0
vertex 132 27 1
endloop
endfacet
facet normal 0 1 0
outer loop
vertex 138 27 0
vertex 132 27 1
vertex 138 27 1
endloop
endfacet
facet normal -1 0 0
outer loop
vertex 132 27 0
vertex 132 26 0
vertex 132 26 1
endloop
endfacet
facet normal -1 0 0
outer loop
vertex 132 27 0
vertex 132 26 1
vertex 132 27 1
endloop
endfacet
facet normal 0 0 -1
outer loop
vertex 150 26 0
vertex 156 27 0
vertex 156 26 0
endloop
endfacet
facet normal 0 0 -1
outer loop
vertex 150 26 0
vertex 150 27 0
vertex 156 27 0
endloop
endfacet
facet normal 0 0 1
outer loop
vertex 150 26 1
vertex 156 26 1
vertex 156 27 1
endloop
endfacet
facet normal 0 0 1
outer loop
vertex 150 26 1
vertex 156 27 1
vertex 150 27 1
endloop
endfacet
facet normal 0 -1 0
outer loop
vertex 150 26 0
vertex 156 26 0
vertex 156 26 1
endloop
endfacet
facet normal 0 -1 0
outer loop
vertex 150 26 0
vertex 156 26 1
vertex 150 26 1
endloop
endfacet
facet normal 1 0 0
outer loop
vertex 156 26 0
vertex 156 27 0
vertex 156 27 1
endloop
endfacet
facet normal 1 0 0
outer loop
vertex 156 26 0
vertex 156 27 1
vertex 156 26 1
endloop
endfacet
facet normal 0 1 0
outer loop
vertex 156 27 0
vertex 150 27 0
vertex 150 27 1
endloop
endfacet
facet normal 0 1 0
outer loop
vertex 156 27 0
vertex 150 27 1
vertex 156 27 1
endloop
endfacet
facet normal -1 0 0
outer loop
vertex 150 27 0
vertex 150 26 0
vertex 150 26 1
endloop
endfacet
facet normal -1 0 0
outer loop
vertex 150 27 0
vertex 150 26 1
vertex 150 27 1
endloop
endfacet
facet normal 0 0 -1
outer loop
vertex 166 26 0
vertex 174 27 0
vertex 174 26 0
endloop
endfacet
facet normal 0 0 -1
outer loop
vertex 166 26 0
vertex 166 27 0
vertex 174 27 0
endloop
endfacet
facet normal 0 0 1
outer loop
vertex 166 26 1
vertex 174 26 1
vertex 174 27 1
endloop
endfacet
facet normal 0 0 1
outer loop
vertex 166 26 1
vertex 174 27 1
vertex 166 27 1
endloop
endfacet
facet normal 0 -1 0
outer loop
vertex 166 26 0
vertex 174 26 0
vertex 174 26 1
endloop
endfacet
facet normal 0 -1 0
outer loop
vertex 166 26 0
vertex 174 26 1
vertex 166 26 1
endloop
endfacet
facet normal 1 0 0
outer loop
vertex 174 26 0
vertex 174 27 0
vertex 174 27 1
endloop
endfacet
facet normal 1 0 0
outer loop
vertex 174 26 0
vertex 174 27 1
vertex 174 26 1
endloop
endfacet
facet normal 0 1 0
outer loop
vertex 174 27 0
vertex 166 27 0
vertex 166 27 1
endloop
endfacet
facet normal 0 1 0
outer loop
vertex 174 27 0
vertex 166 27 1
vertex 174 27 1
endloop
endfacet
facet normal -1 0 0
outer loop
vertex 166 27 0
vertex 166 26 0
vertex 166 26 1
endloop
endfacet
facet normal -1 0 0
outer loop
vertex 166 27 0
vertex 166 26 1
vertex 166 27 1
endloop
endfacet
facet normal 0 0 -1
outer loop
vertex 184 26 0
vertex 190 27 0
vertex 190 26 0
endloop
endfacet
facet normal 0 0 -1
outer loop
vertex 184 26 0
vertex 184 27 0
vertex 190 27 0
endloop
endfacet
facet normal 0 0 1
outer loop
vertex 184 26 1
vertex 190 26 1
vertex 190 27 1
endloop
endfacet
facet normal 0 0 1
outer loop
vertex 184 26 1
vertex 190 27 1
vertex 184 27 1
endloop
endfacet
facet normal 0 -1 0
outer loop
vertex 184 26 0
vertex 190 26 0
vertex 190 26 1
endloop
endfacet
facet normal 0 -1 0
outer loop
vertex 184 26 0
vertex 190 26 1
vertex 184 26 1
endloop
endfacet
facet normal 1 0 0
outer loop
vertex 190 26 0
vertex 190 27 0
vertex 190 27 1
endloop
endfacet
facet normal 1 0 0
outer loop
vertex 190 26 0
vertex 190 27 1
vertex 190 26 1
endloop
endfacet
facet normal 0 1 0
outer loop
vertex 190 27 0
vertex 184 27 0
vertex 184 27 1
endloop
endfacet
facet normal 0 1 0
outer loop
vertex 190 27 0
vertex 184 27 1
vertex 190 27 1
endloop
endfacet
facet normal -1 0 0
outer loop
vertex 184 27 0
vertex 184 26 0
vertex 184 26 1
endloop
endfacet
facet normal -1 0 0
outer loop
vertex 184 27 0
vertex 184 26 1
vertex 184 27 1
endloop
endfacet
facet normal 0 0 -1
outer loop
vertex 203 26 0
vertex 208 27 0
vertex 208 26 0
endloop
endfacet
facet normal 0 0 -1
outer loop
vertex 203 26 0
vertex 203 27 0
vertex 208 27 0
endloop
endfacet
facet normal 0 0 1
outer loop
vertex 203 26 1
vertex 208 26 1
vertex 208 27 1
endloop
endfacet
facet normal 0 0 1
outer loop
vertex 203 26 1
vertex 208 27 1
vertex 203 27 1
endloop
endfacet
facet normal 0 -1 0
outer loop
vertex 203 26 0
vertex 208 26 0
vertex 208 26 1
endloop
endfacet
facet normal 0 -1 0
outer loop
vertex 203 26 0
vertex 208 26 1
vertex 203 26 1
endloop
endfacet
facet normal 1 0 0
outer loop
vertex 208 26 0
vertex 208 27 0
vertex 208 27 1
endloop
endfacet
facet normal 1 0 0
outer loop
vertex 208 26 0
vertex 208 27 1
vertex 208 26 1
endloop
endfacet
facet normal 0 1 0
outer loop
vertex 208 27 0
vertex 203 27 0
vertex 203 27 1
endloop
endfacet
facet normal 0 1 0
outer loop
vertex 208 27 0
vertex 203 27 1
vertex 208 27 1
endloop
endfacet
facet normal -1 0 0
outer loop
vertex 203 27 0
vertex 203 26 0
vertex 203 26 1
endloop
endfacet
facet normal -1 0 0
outer loop
vertex 203 27 0
vertex 203 26 1
vertex 203 27 1
endloop
endfacet
facet normal 0 0 -1
outer loop
vertex 212 26 0
vertex 216 27 0
vertex 216 26 0
endloop
endfacet
facet normal 0 0 -1
outer loop
vertex 212 26 0
vertex 212 27 0
vertex 216 27 0
endloop
endfacet
facet normal 0 0 1
outer loop
vertex 212 26 1
vertex 216 26 1
vertex 216 27 1
endloop
endfacet
facet normal 0 0 1
outer loop
vertex 212 26 1
vertex 216 27 1
vertex 212 27 1
endloop
endfacet
facet normal 0 -1 0
outer loop
vertex 212 26 0
vertex 216 26 0
vertex 216 26 1
endloop
endfacet
facet normal 0 -1 0
outer loop
vertex 212 26 0
vertex 216 26 1
vertex 212 26 1
endloop
endfacet
facet normal 1 0 0
outer loop
vertex 216 26 0
vertex 216 27 0
vertex 216 27 1
endloop
endfacet
facet normal 1 0 0
outer loop
vertex 216 26 0
vertex 216 27 1
vertex 216 26 1
endloop
endfacet
facet normal 0 1 0
outer loop
vertex 216 27 0
vertex 212 27 0
vertex 212 27 1
endloop
endfacet
facet normal 0 1 0
outer loop
vertex 216 27 0
vertex 212 27 1
vertex 216 27 1
endloop
endfacet
facet normal -1 0 0
outer loop
vertex 212 27 0
vertex 212 26 0
vertex 212 26 1
endloop
endfacet
facet normal -1 0 0
outer loop
vertex 212 27 0
vertex 212 26 1
vertex 212 27 1
endloop
endfacet
facet normal 0 0 -1
outer loop
vertex 225 26 0
vertex 234 27 0
vertex 234 26 0
endloop
endfacet
facet normal 0 0 -1
outer loop
vertex 225 26 0
vertex 225 27 0
vertex 234 27 0
endloop
endfacet
facet normal 0 0 1
outer loop
vertex 225 26 1
vertex 234 26 1
vertex 234 27 1
endloop
endfacet
facet normal 0 0 1
outer loop
vertex 225 26 1
vertex 234 27 1
vertex 225 27 1
endloop
endfacet
facet normal 0 -1 0
outer loop
vertex 225 26 0
vertex 234 26 0
vertex 234 26 1
endloop
endfacet
facet normal 0 -1 0
outer loop
vertex 225 26 0
vertex 234 26 1
vertex 225 26 1
endloop
endfacet
facet normal 1 0 0
outer loop
vertex 234 26 0
vertex 234 27 0
vertex 234 27 1
endloop
endfacet
facet normal 1 0 0
outer loop
vertex 234 26 0
vertex 234 27 1
vertex 234 26 1
endloop
endfacet
facet normal 0 1 0
outer loop
vertex 234 27 0
vertex 225 27 0
vertex 225 27 1
endloop
endfacet
facet normal 0 1 0
outer loop
vertex 234 27 0
vertex 225 27 1
vertex 234 27 1
endloop
endfacet
facet normal -1 0 0
outer loop
vertex 225 27 0
vertex 225 26 0
vertex 225 26 1
endloop
endfacet
facet normal -1 0 0
outer loop
vertex 225 27 0
vertex 225 26 1
vertex 225 27 1
endloop
endfacet
facet normal 0 0 -1
outer loop
vertex 256 26 0
vertex 262 27 0
vertex 262 26 0
endloop
endfacet
facet normal 0 0 -1
outer loop
vertex 256 26 0
vertex 256 27 0
vertex 262 27 0
endloop
endfacet
facet normal 0 0 1
outer loop
vertex 256 26 1
vertex 262 26 1
vertex 262 27 1
endloop
endfacet
facet normal 0 0 1
outer loop
vertex 256 26 1
vertex 262 27 1
vertex 256 27 1
endloop
endfacet
facet normal 0 -1 0
outer loop
vertex 256 26 0
vertex 262 26 0
vertex 262 26 1
endloop
endfacet
facet normal 0 -1 0
outer loop
vertex 256 26 0
vertex 262 26 1
vertex 256 26 1
endloop
endfacet
facet normal 1 0 0
outer loop
vertex 262 26 0
vertex 262 27 0
vertex 262 27 1
endloop
endfacet
facet normal 1 0 0
outer loop
vertex 262 26 0
vertex 262 27 1
vertex 262 26 1
endloop
endfacet
facet normal 0 1 0
outer loop
vertex 262 27 0
vertex 256 27 0
vertex 256 27 1
endloop
endfacet
facet normal 0 1 0
outer loop
vertex 262 27 0
vertex 256 27 1
vertex 262 27 1
endloop
endfacet
facet normal -1 0 0
outer loop
vertex 256 27 0
vertex 256 26 0
vertex 256 26 1
endloop
endfacet
facet normal -1 0 0
outer loop
vertex 256 27 0
vertex 256 26 1
vertex 256 27 1
endloop
endfacet
facet normal 0 0 -1
outer loop
vertex 280 26 0
vertex 285 27 0
vertex 285 26 0
endloop
endfacet
facet normal 0 0 -1
outer loop
vertex 280 26 0
vertex 280 27 0
vertex 285 27 0
endloop
endfacet
facet normal 0 0 1
outer loop
vertex 280 26 1
vertex 285 26 1
vertex 285 27 1
endloop
endfacet
facet normal 0 0 1
outer loop
vertex 280 26 1
vertex 285 27 1
vertex 280 27 1
endloop
endfacet
facet normal 0 -1 0
outer loop
vertex 280 26 0
vertex 285 26 0
vertex 285 26 1
endloop
endfacet
facet normal 0 -1 0
outer loop
vertex 280 26 0
vertex 285 26 1
vertex 280 26 1
endloop
endfacet
facet normal 1 0 0
outer loop
vertex 285 26 0
vertex 285 27 0
vertex 285 27 1
endloop
endfacet
facet normal 1 0 0
outer loop
vertex 285 26 0
vertex 285 27 1
vertex 285 26 1
endloop
endfacet
facet normal 0 1 0
outer loop
vertex 285 27 0
vertex 280 27 0
vertex 280 27 1
endloop
endfacet
facet normal 0 1 0
outer loop
vertex 285 27 0
vertex 280 27 1
vertex 285 27 1
endloop
endfacet
facet normal -1 0 0
outer loop
vertex 280 27 0
vertex 280 26 0
vertex 280 26 1
endloop
endfacet
facet normal -1 0 0
outer loop
vertex 280 27 0
vertex 280 26 1
vertex 280 27 1
endloop
endfacet
facet normal 0 0 -1
outer loop
vertex 289 26 0
vertex 295 27 0
vertex 295 26 0
endloop
endfacet
facet normal 0 0 -1
outer loop
vertex 289 26 0
vertex 289 27 0
vertex 295 27 0
endloop
endfacet
facet normal 0 0 1
outer loop
vertex 289 26 1
vertex 295 26 1
vertex 295 27 1
endloop
endfacet
facet normal 0 0 1
outer loop
vertex 289 26 1
vertex 295 27 1
vertex 289 27 1
endloop
endfacet
facet normal 0 -1 0
outer loop
vertex 289 26 0
vertex 295 26 0
vertex 295 26 1
endloop
endfacet
facet normal 0 -1 0
outer loop
vertex 289 26 0
vertex 295 26 1
vertex 289 26 1
endloop
endfacet
facet normal 1 0 0
outer loop
vertex 295 26 0
vertex 295 27 0
vertex 295 27 1
endloop
endfacet
facet normal 1 0 0
outer loop
vertex 295 26 0
vertex 295 27 1
vertex 295 26 1
endloop
endfacet
facet normal 0 1 0
outer loop
vertex 295 27 0
vertex 289 27 0
vertex 289 27 1
endloop
endfacet
facet normal 0 1 0
outer loop
vertex 295 27 0
vertex 289 27 1
vertex 295 27 1
endloop
endfacet
facet normal -1 0 0
outer loop
vertex 289 27 0
vertex 289 26 0
vertex 289 26 1
endloop
endfacet
facet normal -1 0 0
outer loop
vertex 289 27 0
vertex 289 26 1
vertex 289 27 1
endloop
endfacet
facet normal 0 0 -1
outer loop
vertex 308 26 0
vertex 314 27 0
vertex 314 26 0
endloop
endfacet
facet normal 0 0 -1
outer loop
vertex 308 26 0
vertex 308 27 0
vertex 314 27 0
endloop
endfacet
facet normal 0 0 1
outer loop
vertex 308 26 1
vertex 314 26 1
vertex 314 27 1
endloop
endfacet
facet normal 0 0 1
outer loop
vertex 308 26 1
vertex 314 27 1
vertex 308 27 1
endloop
endfacet
facet normal 0 -1 0
outer loop
vertex 308 26 0
vertex 314 26 0
vertex 314 26 1
endloop
endfacet
facet normal 0 -1 0
outer loop
vertex 308 26 0
vertex 314 26 1
vertex 308 26 1
endloop
endfacet
facet normal 1 0 0
outer loop
vertex 314 26 0
vertex 314 27 0
vertex 314 27 1
endloop
endfacet
facet normal 1 0 0
outer loop
vertex 314 26 0
vertex 314 27 1
vertex 314 26 1
endloop
endfacet
facet normal 0 1 0
outer loop
vertex 314 27 0
vertex 308 27 0
vertex 308 27 1
endloop
endfacet
facet normal 0 1 0
outer loop
vertex 314 27 0
vertex 308 27 1
vertex 314 27 1
endloop
endfacet
facet normal -1 0 0
outer loop
vertex 308 27 0
vertex 308 26 0
vertex 308 26 1
endloop
endfacet
facet normal -1 0 0
outer loop
vertex 308 27 0
vertex 308 26 1
vertex 308 27 1
endloop
endfacet
facet normal 0 0 -1
outer loop
vertex 317 26 0
vertex 321 27 0
vertex 321 26 0
endloop
endfacet
facet normal 0 0 -1
outer loop
vertex 317 26 0
vertex 317 27 0
vertex 321 27 0
endloop
endfacet
facet normal 0 0 1
outer loop
vertex 317 26 1
vertex 321 26 1
vertex 321 27 1
endloop
endfacet
facet normal 0 0 1
outer loop
vertex 317 26 1
vertex 321 27 1
vertex 317 27 1
endloop
endfacet
facet normal 0 -1 0
outer loop
vertex 317 26 0
vertex 321 26 0
vertex 321 26 1
endloop
endfacet
facet normal 0 -1 0
outer loop
vertex 317 26 0
vertex 321 26 1
vertex 317 26 1
endloop
endfacet
facet normal 1 0 0
outer loop
vertex 321 26 0
vertex 321 27 0
vertex 321 27 1
endloop
endfacet
facet normal 1 0 0
outer loop
vertex 321 26 0
vertex 321 27 1
vertex 321 26 1
endloop
endfacet
facet normal 0 1 0
outer loop
vertex 321 27 0
vertex 317 27 0
vertex 317 27 1
endloop
endfacet
facet normal 0 1 0
outer loop
vertex 321 27 0
vertex 317 27 1
vertex 321 27 1
endloop
endfacet
facet normal -1 0 0
outer loop
vertex 317 27 0
vertex 317 26 0
vertex 317 26 1
endloop
endfacet
facet normal -1 0 0
outer loop
vertex 317 27 0
vertex 317 26 1
vertex 317 27 1
endloop
endfacet
facet normal 0 0 -1
outer loop
vertex 113 27 0
vertex 118 28 0
vertex 118 27 0
endloop
endfacet
facet normal 0 0 -1
outer loop
vertex 113 27 0
vertex 113 28 0
vertex 118 28 0
endloop
endfacet
facet normal 0 0 1
outer loop
vertex 113 27 1
vertex 118 27 1
vertex 118 28 1
endloop
endfacet
facet normal 0 0 1
outer loop
vertex 113 27 1
vertex 118 28 1
vertex 113 28 1
endloop
endfacet
facet normal 0 -1 0
outer loop
vertex 113 27 0
vertex 118 27 0
vertex 118 27 1
endloop
endfacet
facet normal 0 -1 0
outer loop
vertex 113 27 0
vertex 118 27 1
vertex 113 27 1
endloop
endfacet
facet normal 1 0 0
outer loop
vertex 118 27 0
vertex 118 28 0
vertex 118 28 1
endloop
endfacet
facet normal 1 0 0
outer loop
vertex 118 27 0
vertex 118 28 1
vertex 118 27 1
endloop
endfacet
facet normal 0 1 0
outer loop
vertex 118 28 0
vertex 113 28 0
vertex 113 28 1
endloop
endfacet
facet normal 0 1 0
outer loop
vertex 118 28 0
vertex 113 28 1
vertex 118 28 1
endloop
endfacet
facet normal -1 0 0
outer loop
vertex 113 28 0
vertex 113 27 0
vertex 113 27 1
endloop
endfacet
facet normal -1 0 0
outer loop
vertex 113 28 0
vertex 113 27 1
vertex 113 28 1
endloop
endfacet
facet normal 0 0 -1
outer loop
vertex 133 27 0
vertex 138 28 0
vertex 138 27 0
endloop
endfacet
facet normal 0 0 -1
outer loop
vertex 133 27 0
vertex 133 28 0
vertex 138 28 0
endloop
endfacet
facet normal 0 0 1
outer loop
vertex 133 27 1
vertex 138 27 1
vertex 138 28 1
endloop
endfacet
facet normal 0 0 1
outer loop
vertex 133 27 1
vertex 138 28 1
vertex 133 28 1
endloop
endfacet
facet normal 0 -1 0
outer loop
vertex 133 27 0
vertex 138 27 0
vertex 138 27 1
endloop
endfacet
facet normal 0 -1 0
outer loop
vertex 133 27 0
vertex 138 27 1
vertex 133 27 1
endloop
endfacet
facet normal 1 0 0
outer loop
vertex 138 27 0
vertex 138 28 0
vertex 138 28 1
endloop
endfacet
facet normal 1 0 0
outer loop
vertex 138 27 0
vertex 138 28 1
vertex 138 27 1
endloop
endfacet
facet normal 0 1 0
outer loop
vertex 138 28 0
vertex 133 28 0
vertex 133 28 1
endloop
endfacet
facet normal 0 1 0
outer loop
vertex 138 28 0
vertex 133 28 1
vertex 138 28 1
endloop
endfacet
facet normal -1 0 0
outer loop
vertex 133 28 0
vertex 133 27 0
vertex 133 27 1
endloop
endfacet
facet normal -1 0 0
outer loop
vertex 133 28 0
vertex 133 27 1
vertex 133 28 1
endloop
endfacet
facet normal 0 0 -1
outer loop
vertex 150 27 0
vertex 155 28 0
vertex 155 27 0
endloop
endfacet
facet normal 0 0 -1
outer loop
vertex 150 27 0
vertex 150 28 0
vertex 155 28 0
endloop
endfacet
facet normal 0 0 1
outer loop
vertex 150 27 1
vertex 155 27 1
vertex 155 28 1
endloop
endfacet
facet normal 0 0 1
outer loop
vertex 150 27 1
vertex 155 28 1
vertex 150 28 1
endloop
endfacet
facet normal 0 -1 0
outer loop
vertex 150 27 0
vertex 155 27 0
vertex 155 27 1
endloop
endfacet
facet normal 0 -1 0
outer loop
vertex 150 27 0
vertex 155 27 1
vertex 150 27 1
endloop
endfacet
facet normal 1 0 0
outer loop
vertex 155 27 0
vertex 155 28 0
vertex 155 28 1
endloop
endfacet
facet normal 1 0 0
outer loop
vertex 155 27 0
vertex 155 28 1
vertex 155 27 1
endloop
endfacet
facet normal 0 1 0
outer loop
vertex 155 28 0
vertex 150 28 0
vertex 150 28 1
endloop
endfacet
facet normal 0 1 0
outer loop
vertex 155 28 0
vertex 150 28 1
vertex 155 28 1
endloop
endfacet
facet normal -1 0 0
outer loop
vertex 150 28 0
vertex 150 27 0
vertex 150 27 1
endloop
endfacet
facet normal -1 0 0
outer loop
vertex 150 28 0
vertex 150 27 1
vertex 150 28 1
endloop
endfacet
facet normal 0 0 -1
outer loop
vertex 166 27 0
vertex 174 28 0
vertex 174 27 0
endloop
endfacet
facet normal 0 0 -1
outer loop
vertex 166 27 0
vertex 166 28 0
vertex 174 28 0
endloop
endfacet
facet normal 0 0 1
outer loop
vertex 166 27 1
vertex 174 27 1
vertex 174 28 1
endloop
endfacet
facet normal 0 0 1
outer loop
vertex 166 27 1
vertex 174 28 1
vertex 166 28 1
endloop
endfacet
facet normal 0 -1 0
outer loop
vertex 166 27 0
vertex 174 27 0
vertex 174 27 1
endloop
endfacet
facet normal 0 -1 0
outer loop
vertex 166 27 0
vertex 174 27 1
vertex 166 27 1
endloop
endfacet
facet normal 1 0 0
outer loop
vertex 174 27 0
vertex 174 28 0
vertex 174 28 1
endloop
endfacet
facet normal 1 0 0
outer loop
vertex 174 27 0
vertex 174 28 1
vertex 174 27 1
endloop
endfacet
facet normal 0 1 0
outer loop
vertex 174 28 0
vertex 166 28 0
vertex 166 28 1
endloop
endfacet
facet normal 0 1 0
outer loop
vertex 174 28 0
vertex 166 28 1
vertex 174 28 1
endloop
endfacet
facet normal -1 0 0
outer loop
vertex 166 28 0
vertex 166 27 0
vertex 166 27 1
endloop
endfacet
facet normal -1 0 0
outer loop
vertex 166 28 0
vertex 166 27 1
vertex 166 28 1
endloop
endfacet
facet normal 0 0 -1
outer loop
vertex 185 27 0
vertex 190 28 0
vertex 190 27 0
endloop
endfacet
facet normal 0 0 -1
outer loop
vertex 185 27 0
vertex 185 28 0
vertex 190 28 0
endloop
endfacet
facet normal 0 0 1
outer loop
vertex 185 27 1
vertex 190 27 1
vertex 190 28 1
endloop
endfacet
facet normal 0 0 1
outer loop
vertex 185 27 1
vertex 190 28 1
vertex 185 28 1
endloop
endfacet
facet normal 0 -1 0
outer loop
vertex 185 27 0
vertex 190 27 0
vertex 190 27 1
endloop
endfacet
facet normal 0 -1 0
outer loop
vertex 185 27 0
vertex 190 27 1
vertex 185 27 1
endloop
endfacet
facet normal 1 0 0
outer loop
vertex 190 27 0
vertex 190 28 0
vertex 190 28 1
endloop
endfacet
facet normal 1 0 0
outer loop
vertex 190 27 0
vertex 190 28 1
vertex 190 27 1
endloop
endfacet
facet normal 0 1 0
outer loop
vertex 190 28 0
vertex 185 28 0
vertex 185 28 1
endloop
endfacet
facet normal 0 1 0
outer loop
vertex 190 28 0
vertex 185 28 1
vertex 190 28 1
endloop
endfacet
facet normal -1 0 0
outer loop
vertex 185 28 0
vertex 185 27 0
vertex 185 27 1
endloop
endfacet
facet normal -1 0 0
outer loop
vertex 185 28 0
vertex 185 27 1
vertex 185 28 1
endloop
endfacet
facet normal 0 0 -1
outer loop
vertex 202 27 0
vertex 207 28 0
vertex 207 27 0
endloop
endfacet
facet normal 0 0 -1
outer loop
vertex 202 27 0
vertex 202 28 0
vertex 207 28 0
endloop
endfacet
facet normal 0 0 1
outer loop
vertex 202 27 1
vertex 207 27 1
vertex 207 28 1
endloop
endfacet
facet normal 0 0 1
outer loop
vertex 202 27 1
vertex 207 28 1
vertex 202 28 1
endloop
endfacet
facet normal 0 -1 0
outer loop
vertex 202 27 0
vertex 207 27 0
vertex 207 27 1
endloop
endfacet
facet normal 0 -1 0
outer loop
vertex 202 27 0
vertex 207 27 1
vertex 202 27 1
endloop
endfacet
facet normal 1 0 0
outer loop
vertex 207 27 0
vertex 207 28 0
vertex 207 28 1
endloop
endfacet
facet normal 1 0 0
outer loop
vertex 207 27 0
vertex 207 28 1
vertex 207 27 1
endloop
endfacet
facet normal 0 1 0
outer loop
vertex 207 28 0
vertex 202 28 0
vertex 202 28 1
endloop
endfacet
facet normal 0 1 0
outer loop
vertex 207 28 0
vertex 202 28 1
vertex 207 28 1
endloop
endfacet
facet normal -1 0 0
outer loop
vertex 202 28 0
vertex 202 27 0
vertex 202 27 1
endloop
endfacet
facet normal -1 0 0
outer loop
vertex 202 28 0
vertex 202 27 1
vertex 202 28 1
endloop
endfacet
facet normal 0 0 -1
outer loop
vertex 212 27 0
vertex 216 28 0
vertex 216 27 0
endloop
endfacet
facet normal 0 0 -1
outer loop
vertex 212 27 0
vertex 212 28 0
vertex 216 28 0
endloop
endfacet
facet normal 0 0 1
outer loop
vertex 212 27 1
vertex 216 27 1
vertex 216 28 1
endloop
endfacet
facet normal 0 0 1
outer loop
vertex 212 27 1
vertex 216 28 1
vertex 212 28 1
endloop
endfacet
facet normal 0 -1 0
outer loop
vertex 212 27 0
vertex 216 27 0
vertex 216 27 1
endloop
endfacet
facet normal 0 -1 0
outer loop
vertex 212 27 0
vertex 216 27 1
vertex 212 27 1
endloop
endfacet
facet normal 1 0 0
outer loop
vertex 216 27 0
vertex 216 28 0
vertex 216 28 1
endloop
endfacet
facet normal 1 0 0
outer loop
vertex 216 27 0
vertex 216 28 1
vertex 216 27 1
endloop
endfacet
facet normal 0 1 0
outer loop
vertex 216 28 0
vertex 212 28 0
vertex 212 28 1
endloop
endfacet
facet normal 0 1 0
outer loop
vertex 216 28 0
vertex 212 28 1
vertex 216 28 1
endloop
endfacet
facet normal -1 0 0
outer loop
vertex 212 28 0
vertex 212 27 0
vertex 212 27 1
endloop
endfacet
facet normal -1 0 0
outer loop
vertex 212 28 0
vertex 212 27 1
vertex 212 28 1
endloop
endfacet
facet normal 0 0 -1
outer loop
vertex 226 27 0
vertex 234 28 0
vertex 234 27 0
endloop
endfacet
facet normal 0 0 -1
outer loop
vertex 226 27 0
vertex 226 28 0
vertex 234 28 0
endloop
endfacet
facet normal 0 0 1
outer loop
vertex 226 27 1
vertex 234 27 1
vertex 234 28 1
endloop
endfacet
facet normal 0 0 1
outer loop
vertex 226 27 1
vertex 234 28 1
vertex 226 28 1
endloop
endfacet
facet normal 0 -1 0
outer loop
vertex 226 27 0
vertex 234 27 0
vertex 234 27 1
endloop
endfacet
facet normal 0 -1 0
outer loop
vertex 226 27 0
vertex 234 27 1
vertex 226 27 1
endloop
endfacet
facet normal 1 0 0
outer loop
vertex 234 27 0
vertex 234 28 0
vertex 234 28 1
endloop
endfacet
facet normal 1 0 0
outer loop
vertex 234 27 0
vertex 234 28 1
vertex 234 27 1
endloop
endfacet
facet normal 0 1 0
outer loop
vertex 234 28 0
vertex 226 28 0
vertex 226 28 1
endloop
endfacet
facet normal 0 1 0
outer loop
vertex 234 28 0
vertex 226 28 1
vertex 234 28 1
endloop
endfacet
facet normal -1 0 0
outer loop
vertex 226 28 0
vertex 226 27 0
vertex 226 27 1
endloop
endfacet
facet normal -1 0 0
outer loop
vertex 226 28 0
vertex 226 27 1
vertex 226 28 1
endloop
endfacet
facet normal 0 0 -1
outer loop
vertex 257 27 0
vertex 264 28 0
vertex 264 27 0
endloop
endfacet
facet normal 0 0 -1
outer loop
vertex 257 27 0
vertex 257 28 0
vertex 264 28 0
endloop
endfacet
facet normal 0 0 1
outer loop
vertex 257 27 1
vertex 264 27 1
vertex 264 28 1
endloop
endfacet
facet normal 0 0 1
outer loop
vertex 257 27 1
vertex 264 28 1
vertex 257 28 1
endloop
endfacet
facet normal 0 -1 0
outer loop
vertex 257 27 0
vertex 264 27 0
vertex 264 27 1
endloop
endfacet
facet normal 0 -1 0
outer loop
vertex 257 27 0
vertex 264 27 1
vertex 257 27 1
endloop
endfacet
facet normal 1 0 0
outer loop
vertex 264 27 0
vertex 264 28 0
vertex 264 28 1
endloop
endfacet
facet normal 1 0 0
outer loop
vertex 264 27 0
vertex 264 28 1
vertex 264 27 1
endloop
endfacet
facet normal 0 1 0
outer loop
vertex 264 28 0
vertex 257 28 0
vertex 257 28 1
endloop
endfacet
facet normal 0 1 0
outer loop
vertex 264 28 0
vertex 257 28 1
vertex 264 28 1
endloop
endfacet
facet normal -1 0 0
outer loop
vertex 257 28 0
vertex 257 27 0
vertex 257 27 1
endloop
endfacet
facet normal -1 0 0
outer loop
vertex 257 28 0
vertex 257 27 1
vertex 257 28 1
endloop
endfacet
facet normal 0 0 -1
outer loop
vertex 279 27 0
vertex 285 28 0
vertex 285 27 0
endloop
endfacet
facet normal 0 0 -1
outer loop
vertex 279 27 0
vertex 279 28 0
vertex 285 28 0
endloop
endfacet
facet normal 0 0 1
outer loop
vertex 279 27 1
vertex 285 27 1
vertex 285 28 1
endloop
endfacet
facet normal 0 0 1
outer loop
vertex 279 27 1
vertex 285 28 1
vertex 279 28 1
endloop
endfacet
facet normal 0 -1 0
outer loop
vertex 279 27 0
vertex 285 27 0
vertex 285 27 1
endloop
endfacet
facet normal 0 -1 0
outer loop
vertex 279 27 0
vertex 285 27 1
vertex 279 27 1
endloop
endfacet
facet normal 1 0 0
outer loop
vertex 285 27 0
vertex 285 28 0
vertex 285 28 1
endloop
endfacet
facet normal 1 0 0
outer loop
vertex 285 27 0
vertex 285 28 1
vertex 285 27 1
endloop
endfacet
facet normal 0 1 0
outer loop
vertex 285 28 0
vertex 279 28 0
vertex 279 28 1
endloop
endfacet
facet normal 0 1 0
outer loop
vertex 285 28 0
vertex 279 28 1
vertex 285 28 1
endloop
endfacet
facet normal -1 0 0
outer loop
vertex 279 28 0
vertex 279 27 0
vertex 279 27 1
endloop
endfacet
facet normal -1 0 0
outer loop
vertex 279 28 0
vertex 279 27 1
vertex 279 28 1
endloop
endfacet
facet normal 0 0 -1
outer loop
vertex 290 27 0
vertex 296 28 0
vertex 296 27 0
endloop
endfacet
facet normal 0 0 -1
outer loop
vertex 290 27 0
vertex 290 28 0
vertex 296 28 0
endloop
endfacet
facet normal 0 0 1
outer loop
vertex 290 27 1
vertex 296 27 1
vertex 296 28 1
endloop
endfacet
facet normal 0 0 1
outer loop
vertex 290 27 1
vertex 296 28 1
vertex 290 28 1
endloop
endfacet
facet normal 0 -1 0
outer loop
vertex 290 27 0
vertex 296 27 0
vertex 296 27 1
endloop
endfacet
facet normal 0 -1 0
outer loop
vertex 290 27 0
vertex 296 27 1
vertex 290 27 1
endloop
endfacet
facet normal 1 0 0
outer loop
vertex 296 27 0
vertex 296 28 0
vertex 296 28 1
endloop
endfacet
facet normal 1 0 0
outer loop
vertex 296 27 0
vertex 296 28 1
vertex 296 27 1
endloop
endfacet
facet normal 0 1 0
outer loop
vertex 296 28 0
vertex 290 28 0
vertex 290 28 1
endloop
endfacet
facet normal 0 1 0
outer loop
vertex 296 28 0
vertex 290 28 1
vertex 296 28 1
endloop
endfacet
facet normal -1 0 0
outer loop
vertex 290 28 0
vertex 290 27 0
vertex 290 27 1
endloop
endfacet
facet normal -1 0 0
outer loop
vertex 290 28 0
vertex 290 27 1
vertex 290 28 1
endloop
endfacet
facet normal 0 0 -1
outer loop
vertex 307 27 0
vertex 314 28 0
vertex 314 27 0
endloop
endfacet
facet normal 0 0 -1
outer loop
vertex 307 27 0
vertex 307 28 0
vertex 314 28 0
endloop
endfacet
facet normal 0 0 1
outer loop
vertex 307 27 1
vertex 314 27 1
vertex 314 28 1
endloop
endfacet
facet normal 0 0 1
outer loop
vertex 307 27 1
vertex 314 28 1
vertex 307 28 1
endloop
endfacet
facet normal 0 -1 0
outer loop
vertex 307 27 0
vertex 314 27 0
vertex 314 27 1
endloop
endfacet
facet normal 0 -1 0
outer loop
vertex 307 27 0
vertex 314 27 1
vertex 307 27 1
endloop
endfacet
facet normal 1 0 0
outer loop
vertex 314 27 0
vertex 314 28 0
vertex 314 28 1
endloop
endfacet
facet normal 1 0 0
outer loop
vertex 314 27 0
vertex 314 28 1
vertex 314 27 1
endloop
endfacet
facet normal 0 1 0
outer loop
vertex 314 28 0
vertex 307 28 0
vertex 307 28 1
endloop
endfacet
facet normal 0 1 0
outer loop
vertex 314 28 0
vertex 307 28 1
vertex 314 28 1
endloop
endfacet
facet normal -1 0 0
outer loop
vertex 307 28 0
vertex 307 27 0
vertex 307 27 1
endloop
endfacet
facet normal -1 0 0
outer loop
vertex 307 28 0
vertex 307 27 1
vertex 307 28 1
endloop
endfacet
facet normal 0 0 -1
outer loop
vertex 317 27 0
vertex 321 28 0
vertex 321 27 0
endloop
endfacet
facet normal 0 0 -1
outer loop
vertex 317 27 0
vertex 317 28 0
vertex 321 28 0
endloop
endfacet
facet normal 0 0 1
outer loop
vertex 317 27 1
vertex 321 27 1
vertex 321 28 1
endloop
endfacet
facet normal 0 0 1
outer loop
vertex 317 27 1
vertex 321 28 1
vertex 317 28 1
endloop
endfacet
facet normal 0 -1 0
outer loop
vertex 317 27 0
vertex 321 27 0
vertex 321 27 1
endloop
endfacet
facet normal 0 -1 0
outer loop
vertex 317 27 0
vertex 321 27 1
vertex 317 27 1
endloop
endfacet
facet normal 1 0 0
outer loop
vertex 321 27 0
vertex 321 28 0
vertex 321 28 1
endloop
endfacet
facet normal 1 0 0
outer loop
vertex 321 27 0
vertex 321 28 1
vertex 321 27 1
endloop
endfacet
facet normal 0 1 0
outer loop
vertex 321 28 0
vertex 317 28 0
vertex 317 28 1
endloop
endfacet
facet normal 0 1 0
outer loop
vertex 321 28 0
vertex 317 28 1
vertex 321 28 1
endloop
endfacet
facet normal -1 0 0
outer loop
vertex 317 28 0
vertex 317 27 0
vertex 317 27 1
endloop
endfacet
facet normal -1 0 0
outer loop
vertex 317 28 0
vertex 317 27 1
vertex 317 28 1
endloop
endfacet
facet normal 0 0 -1
outer loop
vertex 113 28 0
vertex 118 29 0
vertex 118 28 0
endloop
endfacet
facet normal 0 0 -1
outer loop
vertex 113 28 0
vertex 113 29 0
vertex 118 29 0
endloop
endfacet
facet normal 0 0 1
outer loop
vertex 113 28 1
vertex 118 28 1
vertex 118 29 1
endloop
endfacet
facet normal 0 0 1
outer loop
vertex 113 28 1
vertex 118 29 1
vertex 113 29 1
endloop
endfacet
facet normal 0 -1 0
outer loop
vertex 113 28 0
vertex 118 28 0
vertex 118 28 1
endloop
endfacet
facet normal 0 -1 0
outer loop
vertex 113 28 0
vertex 118 28 1
vertex 113 28 1
endloop
endfacet
facet normal 1 0 0
outer loop
vertex 118 28 0
vertex 118 29 0
vertex 118 29 1
endloop
endfacet
facet normal 1 0 0
outer loop
vertex 118 28 0
vertex 118 29 1
vertex 118 28 1
endloop
endfacet
facet normal 0 1 0
outer loop
vertex 118 29 0
vertex 113 29 0
vertex 113 29 1
endloop
endfacet
facet normal 0 1 0
outer loop
vertex 118 29 0
vertex 113 29 1
vertex 118 29 1
endloop
endfacet
facet normal -1 0 0
outer loop
vertex 113 29 0
vertex 113 28 0
vertex 113 28 1
endloop
endfacet
facet normal -1 0 0
outer loop
vertex 113 29 0
vertex 113 28 1
vertex 113 29 1
endloop
endfacet
facet normal 0 0 -1
outer loop
vertex 133 28 0
vertex 140 29 0
vertex 140 28 0
endloop
endfacet
facet normal 0 0 -1
outer loop
vertex 133 28 0
vertex 133 29 0
vertex 140 29 0
endloop
endfacet
facet normal 0 0 1
outer loop
vertex 133 28 1
vertex 140 28 1
vertex 140 29 1
endloop
endfacet
facet normal 0 0 1
outer loop
vertex 133 28 1
vertex 140 29 1
vertex 133 29 1
endloop
endfacet
facet normal 0 -1 0
outer loop
vertex 133 28 0
vertex 140 28 0
vertex 140 28 1
endloop
endfacet
facet normal 0 -1 0
outer loop
vertex 133 28 0
vertex 140 28 1
vertex 133 28 1
endloop
endfacet
facet normal 1 0 0
outer loop
vertex 140 28 0
vertex 140 29 0
vertex 140 29 1
endloop
endfacet
facet normal 1 0 0
outer loop
vertex 140 28 0
vertex 140 29 1
vertex 140 28 1
endloop
endfacet
facet normal 0 1 0
outer loop
vertex 140 29 0
vertex 133 29 0
vertex 133 29 1
endloop
endfacet
facet normal 0 1 0
outer loop
vertex 140 29 0
vertex 133 29 1
vertex 140 29 1
endloop
endfacet
facet normal -1 0 0
outer loop
vertex 133 29 0
vertex 133 28 0
vertex 133 28 1
endloop
endfacet
facet normal -1 0 0
outer loop
vertex 133 29 0
vertex 133 28 1
vertex 133 29 1
endloop
endfacet
facet normal 0 0 -1
outer loop
vertex 148 28 0
vertex 155 29 0
vertex 155 28 0
endloop
endfacet
facet normal 0 0 -1
outer loop
vertex 148 28 0
vertex 148 29 0
vertex 155 29 0
endloop
endfacet
facet normal 0 0 1
outer loop
vertex 148 28 1
vertex 155 28 1
vertex 155 29 1
endloop
endfacet
facet normal 0 0 1
outer loop
vertex 148 28 1
vertex 155 29 1
vertex 148 29 1
endloop
endfacet
facet normal 0 -1 0
outer loop
vertex 148 28 0
vertex 155 28 0
vertex 155 28 1
endloop
endfacet
facet normal 0 -1 0
outer loop
vertex 148 28 0
vertex 155 28 1
vertex 148 28 1
endloop
endfacet
facet normal 1 0 0
outer loop
vertex 155 28 0
vertex 155 29 0
vertex 155 29 1
endloop
endfacet
facet normal 1 0 0
outer loop
vertex 155 28 0
vertex 155 29 1
vertex 155 28 1
endloop
endfacet
facet normal 0 1 0
outer loop
vertex 155 29 0
vertex 148 29 0
vertex 148 29 1
endloop
endfacet
facet normal 0 1 0
outer loop
vertex 155 29 0
vertex 148 29 1
vertex 155 29 1
endloop
endfacet
facet normal -1 0 0
outer loop
vertex 148 29 0
vertex 148 28 0
vertex 148 28 1
endloop
endfacet
facet normal -1 0 0
outer loop
vertex 148 29 0
vertex 148 28 1
vertex 148 29 1
endloop
endfacet
facet normal 0 0 -1
outer loop
vertex 167 28 0
vertex 173 29 0
vertex 173 28 0
endloop
endfacet
facet normal 0 0 -1
outer loop
vertex 167 28 0
vertex 167 29 0
vertex 173 29 0
endloop
endfacet
facet normal 0 0 1
outer loop
vertex 167 28 1
vertex 173 28 1
vertex 173 29 1
endloop
endfacet
facet normal 0 0 1
outer loop
vertex 167 28 1
vertex 173 29 1
vertex 167 29 1
endloop
endfacet
facet normal 0 -1 0
outer loop
vertex 167 28 0
vertex 173 28 0
vertex 173 28 1
endloop
endfacet
facet normal 0 -1 0
outer loop
vertex 167 28 0
vertex 173 28 1
vertex 167 28 1
endloop
endfacet
facet normal 1 0 0
outer loop
vertex 173 28 0
vertex 173 29 0
vertex 173 29 1
endloop
endfacet
facet normal 1 0 0
outer loop
vertex 173 28 0
vertex 173 29 1
vertex 173 28 1
endloop
endfacet
facet normal 0 1 0
outer loop
vertex 173 29 0
vertex 167 29 0
vertex 167 29 1
endloop
endfacet
facet normal 0 1 0
outer loop
vertex 173 29 0
vertex 167 29 1
vertex 173 29 1
endloop
endfacet
facet normal -1 0 0
outer loop
vertex 167 29 0
vertex 167 28 0
vertex 167 28 1
endloop
endfacet
facet normal -1 0 0
outer loop
vertex 167 29 0
vertex 167 28 1
vertex 167 29 1
endloop
endfacet
facet normal 0 0 -1
outer loop
vertex 185 28 0
vertex 191 29 0
vertex 191 28 0
endloop
endfacet
facet normal 0 0 -1
outer loop
vertex 185 28 0
vertex 185 29 0
vertex 191 29 0
endloop
endfacet
facet normal 0 0 1
outer loop
vertex 185 28 1
vertex 191 28 1
vertex 191 29 1
endloop
endfacet
facet normal 0 0 1
outer loop
vertex 185 28 1
vertex 191 29 1
vertex 185 29 1
endloop
endfacet
facet normal 0 -1 0
outer loop
vertex 185 28 0
vertex 191 28 0
vertex 191 28 1
endloop
endfacet
facet normal 0 -1 0
outer loop
vertex 185 28 0
vertex 191 28 1
vertex 185 28 1
endloop
endfacet
facet normal 1 0 0
outer loop
vertex 191 28 0
vertex 191 29 0
vertex 191 29 1
endloop
endfacet
facet normal 1 0 0
outer loop
vertex 191 28 0
vertex 191 29 1
vertex 191 28 1
endloop
endfacet
facet normal 0 1 0
outer loop
vertex 191 29 0
vertex 185 29 0
vertex 185 29 1
endloop
endfacet
facet normal 0 1 0
outer loop
vertex 191 29 0
vertex 185 29 1
vertex 191 29 1
endloop
endfacet
facet normal -1 0 0
outer loop
vertex 185 29 0
vertex 185 28 0
vertex 185 28 1
endloop
endfacet
facet normal -1 0 0
outer loop
vertex 185 29 0
vertex 185 28 1
vertex 185 29 1
endloop
endfacet
facet normal 0 0 -1
outer loop
vertex 201 28 0
vertex 207 29 0
vertex 207 28 0
endloop
endfacet
facet normal 0 0 -1
outer loop
vertex 201 28 0
vertex 201 29 0
vertex 207 29 0
endloop
endfacet
facet normal 0 0 1
outer loop
vertex 201 28 1
vertex 207 28 1
vertex 207 29 1
endloop
endfacet
facet normal 0 0 1
outer loop
vertex 201 28 1
vertex 207 29 1
vertex 201 29 1
endloop
endfacet
facet normal 0 -1 0
outer loop
vertex 201 28 0
vertex 207 28 0
vertex 207 28 1
endloop
endfacet
facet normal 0 -1 0
outer loop
vertex 201 28 0
vertex 207 28 1
vertex 201 28 1
endloop
endfacet
facet normal 1 0 0
outer loop
vertex 207 28 0
vertex 207 29 0
vertex 207 29 1
endloop
endfacet
facet normal 1 0 0
outer loop
vertex 207 28 0
vertex 207 29 1
vertex 207 28 1
endloop
endfacet
facet normal 0 1 0
outer loop
vertex 207 29 0
vertex 201 29 0
vertex 201 29 1
endloop
endfacet
facet normal 0 1 0
outer loop
vertex 207 29 0
vertex 201 29 1
vertex 207 29 1
endloop
endfacet
facet normal -1 0 0
outer loop
vertex 201 29 0
vertex 201 28 0
vertex 201 28 1
endloop
endfacet
facet normal -1 0 0
outer loop
vertex 201 29 0
vertex 201 28 1
vertex 201 29 1
endloop
endfacet
facet normal 0 0 -1
outer loop
vertex 212 28 0
vertex 216 29 0
vertex 216 28 0
endloop
endfacet
facet normal 0 0 -1
outer loop
vertex 212 28 0
vertex 212 29 0
vertex 216 29 0
endloop
endfacet
facet normal 0 0 1
outer loop
vertex 212 28 1
vertex 216 28 1
vertex 216 29 1
endloop
endfacet
facet normal 0 0 1
outer loop
vertex 212 28 1
vertex 216 29 1
vertex 212 29 1
endloop
endfacet
facet normal 0 -1 0
outer loop
vertex 212 28 0
vertex 216 28 0
vertex 216 28 1
endloop
endfacet
facet normal 0 -1 0
outer loop
vertex 212 28 0
vertex 216 28 1
vertex 212 28 1
endloop
endfacet
facet normal 1 0 0
outer loop
vertex 216 28 0
vertex 216 29 0
vertex 216 29 1
endloop
endfacet
facet normal 1 0 0
outer loop
vertex 216 28 0
vertex 216 29 1
vertex 216 28 1
endloop
endfacet
facet normal 0 1 0
outer loop
vertex 216 29 0
vertex 212 29 0
vertex 212 29 1
endloop
endfacet
facet normal 0 1 0
outer loop
vertex 216 29 0
vertex 212 29 1
vertex 216 29 1
endloop
endfacet
facet normal -1 0 0
outer loop
vertex 212 29 0
vertex 212 28 0
vertex 212 28 1
endloop
endfacet
facet normal -1 0 0
outer loop
vertex 212 29 0
vertex 212 28 1
vertex 212 29 1
endloop
endfacet
facet normal 0 0 -1
outer loop
vertex 226 28 0
vertex 233 29 0
vertex 233 28 0
endloop
endfacet
facet normal 0 0 -1
outer loop
vertex 226 28 0
vertex 226 29 0
vertex 233 29 0
endloop
endfacet
facet normal 0 0 1
outer loop
vertex 226 28 1
vertex 233 28 1
vertex 233 29 1
endloop
endfacet
facet normal 0 0 1
outer loop
vertex 226 28 1
vertex 233 29 1
vertex 226 29 1
endloop
endfacet
facet normal 0 -1 0
outer loop
vertex 226 28 0
vertex 233 28 0
vertex 233 28 1
endloop
endfacet
facet normal 0 -1 0
outer loop
vertex 226 28 0
vertex 233 28 1
vertex 226 28 1
endloop
endfacet
facet normal 1 0 0
outer loop
vertex 233 28 0
vertex 233 29 0
vertex 233 29 1
endloop
endfacet
facet normal 1 0 0
outer loop
vertex 233 28 0
vertex 233 29 1
vertex 233 28 1
endloop
endfacet
facet normal 0 1 0
outer loop
vertex 233 29 0
vertex 226 29 0
vertex 226 29 1
endloop
endfacet
facet normal 0 1 0
outer loop
vertex 233 29 0
vertex 226 29 1
vertex 233 29 1
endloop
endfacet
facet normal -1 0 0
outer loop
vertex 226 29 0
vertex 226 28 0
vertex 226 28 1
endloop
endfacet
facet normal -1 0 0
outer loop
vertex 226 29 0
vertex 226 28 1
vertex 226 29 1
endloop
endfacet
facet normal 0 0 -1
outer loop
vertex 258 28 0
vertex 265 29 0
vertex 265 28 0
endloop
endfacet
facet normal 0 0 -1
outer loop
vertex 258 28 0
vertex 258 29 0
vertex 265 29 0
endloop
endfacet
facet normal 0 0 1
outer loop
vertex 258 28 1
vertex 265 28 1
vertex 265 29 1
endloop
endfacet
facet normal 0 0 1
outer loop
vertex 258 28 1
vertex 265 29 1
vertex 258 29 1
endloop
endfacet
facet normal 0 -1 0
outer loop
vertex 258 28 0
vertex 265 28 0
vertex 265 28 1
endloop
endfacet
facet normal 0 -1 0
outer loop
vertex 258 28 0
vertex 265 28 1
vertex 258 28 1
endloop
endfacet
facet normal 1 0 0
outer loop
vertex 265 28 0
vertex 265 29 0
vertex 265 29 1
endloop
endfacet
facet normal 1 0 0
outer loop
vertex 265 28 0
vertex 265 29 1
vertex 265 28 1
endloop
endfacet
facet normal 0 1 0
outer loop
vertex 265 29 0
vertex 258 29 0
vertex 258 29 1
endloop
endfacet
facet normal 0 1 0
outer loop
vertex 265 29 0
vertex 258 29 1
vertex 265 29 1
endloop
endfacet
facet normal -1 0 0
outer loop
vertex 258 29 0
vertex 258 28 0
vertex 258 28 1
endloop
endfacet
facet normal -1 0 0
outer loop
vertex 258 29 0
vertex 258 28 1
vertex 258 29 1
endloop
endfacet
facet normal 0 0 -1
outer loop
vertex 277 28 0
vertex 285 29 0
vertex 285 28 0
endloop
endfacet
facet normal 0 0 -1
outer loop
vertex 277 28 0
vertex 277 29 0
vertex 285 29 0
endloop
endfacet
facet normal 0 0 1
outer loop
vertex 277 28 1
vertex 285 28 1
vertex 285 29 1
endloop
endfacet
facet normal 0 0 1
outer loop
vertex 277 28 1
vertex 285 29 1
vertex 277 29 1
endloop
endfacet
facet normal 0 -1 0
outer loop
vertex 277 28 0
vertex 285 28 0
vertex 285 28 1
endloop
endfacet
facet normal 0 -1 0
outer loop
vertex 277 28 0
vertex 285 28 1
vertex 277 28 1
endloop
endfacet
facet normal 1 0 0
outer loop
vertex 285 28 0
vertex 285 29 0
vertex 285 29 1
endloop
endfacet
facet normal 1 0 0
outer loop
vertex 285 28 0
vertex 285 29 1
vertex 285 28 1
endloop
endfacet
facet normal 0 1 0
outer loop
vertex 285 29 0
vertex 277 29 0
vertex 277 29 1
endloop
endfacet
facet normal 0 1 0
outer loop
vertex 285 29 0
vertex 277 29 1
vertex 285 29 1
endloop
endfacet
facet normal -1 0 0
outer loop
vertex 277 29 0
vertex 277 28 0
vertex 277 28 1
endloop
endfacet
facet normal -1 0 0
outer loop
vertex 277 29 0
vertex 277 28 1
vertex 277 29 1
endloop
endfacet
facet normal 0 0 -1
outer loop
vertex 290 28 0
vertex 297 29 0
vertex 297 28 0
endloop
endfacet
facet normal 0 0 -1
outer loop
vertex 290 28 0
vertex 290 29 0
vertex 297 29 0
endloop
endfacet
facet normal 0 0 1
outer loop
vertex 290 28 1
vertex 297 28 1
vertex 297 29 1
endloop
endfacet
facet normal 0 0 1
outer loop
vertex 290 28 1
vertex 297 29 1
vertex 290 29 1
endloop
endfacet
facet normal 0 -1 0
outer loop
vertex 290 28 0
vertex 297 28 0
vertex 297 28 1
endloop
endfacet
facet normal 0 -1 0
outer loop
vertex 290 28 0
vertex 297 28 1
vertex 290 28 1
endloop
endfacet
facet normal 1 0 0
outer loop
vertex 297 28 0
vertex 297 29 0
vertex 297 29 1
endloop
endfacet
facet normal 1 0 0
outer loop
vertex 297 28 0
vertex 297 29 1
vertex 297 28 1
endloop
endfacet
facet normal 0 1 0
outer loop
vertex 297 29 0
vertex 290 29 0
vertex 290 29 1
endloop
endfacet
facet normal 0 1 0
outer loop
vertex 297 29 0
vertex 290 29 1
vertex 297 29 1
endloop
endfacet
facet normal -1 0 0
outer loop
vertex 290 29 0
vertex 290 28 0
vertex 290 28 1
endloop
endfacet
facet normal -1 0 0
outer loop
vertex 290 29 0
vertex 290 28 1
vertex 290 29 1
endloop
endfacet
facet normal 0 0 -1
outer loop
vertex 306 28 0
vertex 314 29 0
vertex 314 28 0
endloop
endfacet
facet normal 0 0 -1
outer loop
vertex 306 28 0
vertex 306 29 0
vertex 314 29 0
endloop
endfacet
facet normal 0 0 1
outer loop
vertex 306 28 1
vertex 314 28 1
vertex 314 29 1
endloop
endfacet
facet normal 0 0 1
outer loop
vertex 306 28 1
vertex 314 29 1
vertex 306 29 1
endloop
endfacet
facet normal 0 -1 0
outer loop
vertex 306 28 0
vertex 314 28 0
vertex 314 28 1
endloop
endfacet
facet normal 0 -1 0
outer loop
vertex 306 28 0
vertex 314 28 1
vertex 306 28 1
endloop
endfacet
facet normal 1 0 0
outer loop
vertex 314 28 0
vertex 314 29 0
vertex 314 29 1
endloop
endfacet
facet normal 1 0 0
outer loop
vertex 314 28 0
vertex 314 29 1
vertex 314 28 1
endloop
endfacet
facet normal 0 1 0
outer loop
vertex 314 29 0
vertex 306 29 0
vertex 306 29 1
endloop
endfacet
facet normal 0 1 0
outer loop
vertex 314 29 0
vertex 306 29 1
vertex 314 29 1
endloop
endfacet
facet normal -1 0 0
outer loop
vertex 306 29 0
vertex 306 28 0
vertex 306 28 1
endloop
endfacet
facet normal -1 0 0
outer loop
vertex 306 29 0
vertex 306 28 1
vertex 306 29 1
endloop
endfacet
facet normal 0 0 -1
outer loop
vertex 317 28 0
vertex 321 29 0
vertex 321 28 0
endloop
endfacet
facet normal 0 0 -1
outer loop
vertex 317 28 0
vertex 317 29 0
vertex 321 29 0
endloop
endfacet
facet normal 0 0 1
outer loop
vertex 317 28 1
vertex 321 28 1
vertex 321 29 1
endloop
endfacet
facet normal 0 0 1
outer loop
vertex 317 28 1
vertex 321 29 1
vertex 317 29 1
endloop
endfacet
facet normal 0 -1 0
outer loop
vertex 317 28 0
vertex 321 28 0
vertex 321 28 1
endloop
endfacet
facet normal 0 -1 0
outer loop
vertex 317 28 0
vertex 321 28 1
vertex 317 28 1
endloop
endfacet
facet normal 1 0 0
outer loop
vertex 321 28 0
vertex 321 29 0
vertex 321 29 1
endloop
endfacet
facet normal 1 0 0
outer loop
vertex 321 28 0
vertex 321 29 1
vertex 321 28 1
endloop
endfacet
facet normal 0 1 0
outer loop
vertex 321 29 0
vertex 317 29 0
vertex 317 29 1
endloop
endfacet
facet normal 0 1 0
outer loop
vertex 321 29 0
vertex 317 29 1
vertex 321 29 1
endloop
endfacet
facet normal -1 0 0
outer loop
vertex 317 29 0
vertex 317 28 0
vertex 317 28 1
endloop
endfacet
facet normal -1 0 0
outer loop
vertex 317 29 0
vertex 317 28 1
vertex 317 29 1
endloop
endfacet
facet normal 0 0 -1
outer loop
vertex 113 29 0
vertex 129 30 0
vertex 129 29 0
endloop
endfacet
facet normal 0 0 -1
outer loop
vertex 113 29 0
vertex 113 30 0
vertex 129 30 0
endloop
endfacet
facet normal 0 0 1
outer loop
vertex 113 29 1
vertex 129 29 1
vertex 129 30 1
endloop
endfacet
facet normal 0 0 1
outer loop
vertex 113 29 1
vertex 129 30 1
vertex 113 30 1
endloop
endfacet
facet normal 0 -1 0
outer loop
vertex 113 29 0
vertex 129 29 0
vertex 129 29 1
endloop
endfacet
facet normal 0 -1 0
outer loop
vertex 113 29 0
vertex 129 29 1
vertex 113 29 1
endloop
endfacet
facet normal 1 0 0
outer loop
vertex 129 29 0
vertex 129 30 0
vertex 129 30 1
endloop
endfacet
facet normal 1 0 0
outer loop
vertex 129 29 0
vertex 129 30 1
vertex 129 29 1
endloop
endfacet
facet normal 0 1 0
outer loop
vertex 129 30 0
vertex 113 30 0
vertex 113 30 1
endloop
endfacet
facet normal 0 1 0
outer loop
vertex 129 30 0
vertex 113 30 1
vertex 129 30 1
endloop
endfacet
facet normal -1 0 0
outer loop
vertex 113 30 0
vertex 113 29 0
vertex 113 29 1
endloop
endfacet
facet normal -1 0 0
outer loop
vertex 113 30 0
vertex 113 29 1
vertex 113 30 1
endloop
endfacet
facet normal 0 0 -1
outer loop
vertex 134 29 0
vertex 141 30 0
vertex 141 29 0
endloop
endfacet
facet normal 0 0 -1
outer loop
vertex 134 29 0
vertex 134 30 0
vertex 141 30 0
endloop
endfacet
facet normal 0 0 1
outer loop
vertex 134 29 1
vertex 141 29 1
vertex 141 30 1
endloop
endfacet
facet normal 0 0 1
outer loop
vertex 134 29 1
vertex 141 30 1
vertex 134 30 1
endloop
endfacet
facet normal 0 -1 0
outer loop
vertex 134 29 0
vertex 141 29 0
vertex 141 29 1
endloop
endfacet
facet normal 0 -1 0
outer loop
vertex 134 29 0
vertex 141 29 1
vertex 134 29 1
endloop
endfacet
facet normal 1 0 0
outer loop
vertex 141 29 0
vertex 141 30 0
vertex 141 30 1
endloop
endfacet
facet normal 1 0 0
outer loop
vertex 141 29 0
vertex 141 30 1
vertex 141 29 1
endloop
endfacet
facet normal 0 1 0
outer loop
vertex 141 30 0
vertex 134 30 0
vertex 134 30 1
endloop
endfacet
facet normal 0 1 0
outer loop
vertex 141 30 0
vertex 134 30 1
vertex 141 30 1
endloop
endfacet
facet normal -1 0 0
outer loop
vertex 134 30 0
vertex 134 29 0
vertex 134 29 1
endloop
endfacet
facet normal -1 0 0
outer loop
vertex 134 30 0
vertex 134 29 1
vertex 134 30 1
endloop
endfacet
facet normal 0 0 -1
outer loop
vertex 147 29 0
vertex 154 30 0
vertex 154 29 0
endloop
endfacet
facet normal 0 0 -1
outer loop
vertex 147 29 0
vertex 147 30 0
vertex 154 30 0
endloop
endfacet
facet normal 0 0 1
outer loop
vertex 147 29 1
vertex 154 29 1
vertex 154 30 1
endloop
endfacet
facet normal 0 0 1
outer loop
vertex 147 29 1
vertex 154 30 1
vertex 147 30 1
endloop
endfacet
facet normal 0 -1 0
outer loop
vertex 147 29 0
vertex 154 29 0
vertex 154 29 1
endloop
endfacet
facet normal 0 -1 0
outer loop
vertex 147 29 0
vertex 154 29 1
vertex 147 29 1
endloop
endfacet
facet normal 1 0 0
outer loop
vertex 154 29 0
vertex 154 30 0
vertex 154 30 1
endloop
endfacet
facet normal 1 0 0
outer loop
vertex 154 29 0
vertex 154 30 1
vertex 154 29 1
endloop
endfacet
facet normal 0 1 0
outer loop
vertex 154 30 0
vertex 147 30 0
vertex 147 30 1
endloop
endfacet
facet normal 0 1 0
outer loop
vertex 154 30 0
vertex 147 30 1
vertex 154 30 1
endloop
endfacet
facet normal -1 0 0
outer loop
vertex 147 30 0
vertex 147 29 0
vertex 147 29 1
endloop
endfacet
facet normal -1 0 0
outer loop
vertex 147 30 0
vertex 147 29 1
vertex 147 30 1
endloop
endfacet
facet normal 0 0 -1
outer loop
vertex 167 29 0
vertex 173 30 0
vertex 173 29 0
endloop
endfacet
facet normal 0 0 -1
outer loop
vertex 167 29 0
vertex 167 30 0
vertex 173 30 0
endloop
endfacet
facet normal 0 0 1
outer loop
vertex 167 29 1
vertex 173 29 1
vertex 173 30 1
endloop
endfacet
facet normal 0 0 1
outer loop
vertex 167 29 1
vertex 173 30 1
vertex 167 30 1
endloop
endfacet
facet normal 0 -1 0
outer loop
vertex 167 29 0
vertex 173 29 0
vertex 173 29 1
endloop
endfacet
facet normal 0 -1 0
outer loop
vertex 167 29 0
vertex 173 29 1
vertex 167 29 1
endloop
endfacet
facet normal 1 0 0
outer loop
vertex 173 29 0
vertex 173 30 0
vertex 173 30 1
endloop
endfacet
facet normal 1 0 0
outer loop
vertex 173 29 0
vertex 173 30 1
vertex 173 29 1
endloop
endfacet
facet normal 0 1 0
outer loop
vertex 173 30 0
vertex 167 30 0
vertex 167 30 1
endloop
endfacet
facet normal 0 1 0
outer loop
vertex 173 30 0
vertex 167 30 1
vertex 173 30 1
endloop
endfacet
facet normal -1 0 0
outer loop
vertex 167 30 0
vertex 167 29 0
vertex 167 29 1
endloop
endfacet
facet normal -1 0 0
outer loop
vertex 167 30 0
vertex 167 29 1
vertex 167 30 1
endloop
endfacet
facet normal 0 0 -1
outer loop
vertex 186 29 0
vertex 193 30 0
vertex 193 29 0
endloop
endfacet
facet normal 0 0 -1
outer loop
vertex 186 29 0
vertex 186 30 0
vertex 193 30 0
endloop
endfacet
facet normal 0 0 1
outer loop
vertex 186 29 1
vertex 193 29 1
vertex 193 30 1
endloop
endfacet
facet normal 0 0 1
outer loop
vertex 186 29 1
vertex 193 30 1
vertex 186 30 1
endloop
endfacet
facet normal 0 -1 0
outer loop
vertex 186 29 0
vertex 193 29 0
vertex 193 29 1
endloop
endfacet
facet normal 0 -1 0
outer loop
vertex 186 29 0
vertex 193 29 1
vertex 186 29 1
endloop
endfacet
facet normal 1 0 0
outer loop
vertex 193 29 0
vertex 193 30 0
vertex 193 30 1
endloop
endfacet
facet normal 1 0 0
outer loop
vertex 193 29 0
vertex 193 30 1
vertex 193 29 1
endloop
endfacet
facet normal 0 1 0
outer loop
vertex 193 30 0
vertex 186 30 0
vertex 186 30 1
endloop
endfacet
facet normal 0 1 0
outer loop
vertex 193 30 0
vertex 186 30 1
vertex 193 30 1
endloop
endfacet
facet normal -1 0 0
outer loop
vertex 186 30 0
vertex 186 29 0
vertex 186 29 1
endloop
endfacet
facet normal -1 0 0
outer loop
vertex 186 30 0
vertex 186 29 1
vertex 186 30 1
endloop
endfacet
facet normal 0 0 -1
outer loop
vertex 199 29 0
vertex 206 30 0
vertex 206 29 0
endloop
endfacet
facet normal 0 0 -1
outer loop
vertex 199 29 0
vertex 199 30 0
vertex 206 30 0
endloop
endfacet
facet normal 0 0 1
outer loop
vertex 199 29 1
vertex 206 29 1
vertex 206 30 1
endloop
endfacet
facet normal 0 0 1
outer loop
vertex 199 29 1
vertex 206 30 1
vertex 199 30 1
endloop
endfacet
facet normal 0 -1 0
outer loop
vertex 199 29 0
vertex 206 29 0
vertex 206 29 1
endloop
endfacet
facet normal 0 -1 0
outer loop
vertex 199 29 0
vertex 206 29 1
vertex 199 29 1
endloop
endfacet
facet normal 1 0 0
outer loop
vertex 206 29 0
vertex 206 30 0
vertex 206 30 1
endloop
endfacet
facet normal 1 0 0
outer loop
vertex 206 29 0
vertex 206 30 1
vertex 206 29 1
endloop
endfacet
facet normal 0 1 0
outer loop
vertex 206 30 0
vertex 199 30 0
vertex 199 30 1
endloop
endfacet
facet normal 0 1 0
outer loop
vertex 206 30 0
vertex 199 30 1
vertex 206 30 1
endloop
endfacet
facet normal -1 0 0
outer loop
vertex 199 30 0
vertex 199 29 0
vertex 199 29 1
endloop
endfacet
facet normal -1 0 0
outer loop
vertex 199 30 0
vertex 199 29 1
vertex 199 30 1
endloop
endfacet
facet normal 0 0 -1
outer loop
vertex 212 29 0
vertex 216 30 0
vertex 216 29 0
endloop
endfacet
facet normal 0 0 -1
outer loop
vertex 212 29 0
vertex 212 30 0
vertex 216 30 0
endloop
endfacet
facet normal 0 0 1
outer loop
vertex 212 29 1
vertex 216 29 1
vertex 216 30 1
endloop
endfacet
facet normal 0 0 1
outer loop
vertex 212 29 1
vertex 216 30 1
vertex 212 30 1
endloop
endfacet
facet normal 0 -1 0
outer loop
vertex 212 29 0
vertex 216 29 0
vertex 216 29 1
endloop
endfacet
facet normal 0 -1 0
outer loop
vertex 212 29 0
vertex 216 29 1
vertex 212 29 1
endloop
endfacet
facet normal 1 0 0
outer loop
vertex 216 29 0
vertex 216 30 0
vertex 216 30 1
endloop
endfacet
facet normal 1 0 0
outer loop
vertex 216 29 0
vertex 216 30 1
vertex 216 29 1
endloop
endfacet
facet normal 0 1 0
outer loop
vertex 216 30 0
vertex 212 30 0
vertex 212 30 1
endloop
endfacet
facet normal 0 1 0
outer loop
vertex 216 30 0
vertex 212 30 1
vertex 216 30 1
endloop
endfacet
facet normal -1 0 0
outer loop
vertex 212 30 0
vertex 212 29 0
vertex 212 29 1
endloop
endfacet
facet normal -1 0 0
outer loop
vertex 212 30 0
vertex 212 29 1
vertex 212 30 1
endloop
endfacet
facet normal 0 0 -1
outer loop
vertex 227 29 0
vertex 233 30 0
vertex 233 29 0
endloop
endfacet
facet normal 0 0 -1
outer loop
vertex 227 29 0
vertex 227 30 0
vertex 233 30 0
endloop
endfacet
facet normal 0 0 1
outer loop
vertex 227 29 1
vertex 233 29 1
vertex 233 30 1
endloop
endfacet
facet normal 0 0 1
outer loop
vertex 227 29 1
vertex 233 30 1
vertex 227 30 1
endloop
endfacet
facet normal 0 -1 0
outer loop
vertex 227 29 0
vertex 233 29 0
vertex 233 29 1
endloop
endfacet
facet normal 0 -1 0
outer loop
vertex 227 29 0
vertex 233 29 1
vertex 227 29 1
endloop
endfacet
facet normal 1 0 0
outer loop
vertex 233 29 0
vertex 233 30 0
vertex 233 30 1
endloop
endfacet
facet normal 1 0 0
outer loop
vertex 233 29 0
vertex 233 30 1
vertex 233 29 1
endloop
endfacet
facet normal 0 1 0
outer loop
vertex 233 30 0
vertex 227 30 0
vertex 227 30 1
endloop
endfacet
facet normal 0 1 0
outer loop
vertex 233 30 0
vertex 227 30 1
vertex 233 30 1
endloop
endfacet
facet normal -1 0 0
outer loop
vertex 227 30 0
vertex 227 29 0
vertex 227 29 1
endloop
endfacet
facet normal -1 0 0
outer loop
vertex 227 30 0
vertex 227 29 1
vertex 227 30 1
endloop
endfacet
facet normal 0 0 -1
outer loop
vertex 258 29 0
vertex 268 30 0
vertex 268 29 0
endloop
endfacet
facet normal 0 0 -1
outer loop
vertex 258 29 0
vertex 258 30 0
vertex 268 30 0
endloop
endfacet
facet normal 0 0 1
outer loop
vertex 258 29 1
vertex 268 29 1
vertex 268 30 1
endloop
endfacet
facet normal 0 0 1
outer loop
vertex 258 29 1
vertex 268 30 1
vertex 258 30 1
endloop
endfacet
facet normal 0 -1 0
outer loop
vertex 258 29 0
vertex 268 29 0
vertex 268 29 1
endloop
endfacet
facet normal 0 -1 0
outer loop
vertex 258 29 0
vertex 268 29 1
vertex 258 29 1
endloop
endfacet
facet normal 1 0 0
outer loop
vertex 268 29 0
vertex 268 30 0
vertex 268 30 1
endloop
endfacet
facet normal 1 0 0
outer loop
vertex 268 29 0
vertex 268 30 1
vertex 268 29 1
endloop
endfacet
facet normal 0 1 0
outer loop
vertex 268 30 0
vertex 258 30 0
vertex 258 30 1
endloop
endfacet
facet normal 0 1 0
outer loop
vertex 268 30 0
vertex 258 30 1
vertex 268 30 1
endloop
endfacet
facet normal -1 0 0
outer loop
vertex 258 30 0
vertex 258 29 0
vertex 258 29 1
endloop
endfacet
facet normal -1 0 0
outer loop
vertex 258 30 0
vertex 258 29 1
vertex 258 30 1
endloop
endfacet
facet normal 0 0 -1
outer loop
vertex 275 29 0
vertex 284 30 0
vertex 284 29 0
endloop
endfacet
facet normal 0 0 -1
outer loop
vertex 275 29 0
vertex 275 30 0
vertex 284 30 0
endloop
endfacet
facet normal 0 0 1
outer loop
vertex 275 29 1
vertex 284 29 1
vertex 284 30 1
endloop
endfacet
facet normal 0 0 1
outer loop
vertex 275 29 1
vertex 284 30 1
vertex 275 30 1
endloop
endfacet
facet normal 0 -1 0
outer loop
vertex 275 29 0
vertex 284 29 0
vertex 284 29 1
endloop
endfacet
facet normal 0 -1 0
outer loop
vertex 275 29 0
vertex 284 29 1
vertex 275 29 1
endloop
endfacet
facet normal 1 0 0
outer loop
vertex 284 29 0
vertex 284 30 0
vertex 284 30 1
endloop
endfacet
facet normal 1 0 0
outer loop
vertex 284 29 0
vertex 284 30 1
vertex 284 29 1
endloop
endfacet
facet normal 0 1 0
outer loop
vertex 284 30 0
vertex 275 30 0
vertex 275 30 1
endloop
endfacet
facet normal 0 1 0
outer loop
vertex 284 30 0
vertex 275 30 1
vertex 284 30 1
endloop
endfacet
facet normal -1 0 0
outer loop
vertex 275 30 0
vertex 275 29 0
vertex 275 29 1
endloop
endfacet
facet normal -1 0 0
outer loop
vertex 275 30 0
vertex 275 29 1
vertex 275 30 1
endloop
endfacet
facet normal 0 0 -1
outer loop
vertex 291 29 0
vertex 298 30 0
vertex 298 29 0
endloop
endfacet
facet normal 0 0 -1
outer loop
vertex 291 29 0
vertex 291 30 0
vertex 298 30 0
endloop
endfacet
facet normal 0 0 1
outer loop
vertex 291 29 1
vertex 298 29 1
vertex 298 30 1
endloop
endfacet
facet normal 0 0 1
outer loop
vertex 291 29 1
vertex 298 30 1
vertex 291 30 1
endloop
endfacet
facet normal 0 -1 0
outer loop
vertex 291 29 0
vertex 298 29 0
vertex 298 29 1
endloop
endfacet
facet normal 0 -1 0
outer loop
vertex 291 29 0
vertex 298 29 1
vertex 291 29 1
endloop
endfacet
facet normal 1 0 0
outer loop
vertex 298 29 0
vertex 298 30 0
vertex 298 30 1
endloop
endfacet
facet normal 1 0 0
outer loop
vertex 298 29 0
vertex 298 30 1
vertex 298 29 1
endloop
endfacet
facet normal 0 1 0
outer loop
vertex 298 30 0
vertex 291 30 0
vertex 291 30 1
endloop
endfacet
facet normal 0 1 0
outer loop
vertex 298 30 0
vertex 291 30 1
vertex 298 30 1
endloop
endfacet
facet normal -1 0 0
outer loop
vertex 291 30 0
vertex 291 29 0
vertex 291 29 1
endloop
endfacet
facet normal -1 0 0
outer loop
vertex 291 30 0
vertex 291 29 1
vertex 291 30 1
endloop
endfacet
facet normal 0 0 -1
outer loop
vertex 304 29 0
vertex 314 30 0
vertex 314 29 0
endloop
endfacet
facet normal 0 0 -1
outer loop
vertex 304 29 0
vertex 304 30 0
vertex 314 30 0
endloop
endfacet
facet normal 0 0 1
outer loop
vertex 304 29 1
vertex 314 29 1
vertex 314 30 1
endloop
endfacet
facet normal 0 0 1
outer loop
vertex 304 29 1
vertex 314 30 1
vertex 304 30 1
endloop
endfacet
facet normal 0 -1 0
outer loop
vertex 304 29 0
vertex 314 29 0
vertex 314 29 1
endloop
endfacet
facet normal 0 -1 0
outer loop
vertex 304 29 0
vertex 314 29 1
vertex 304 29 1
endloop
endfacet
facet normal 1 0 0
outer loop
vertex 314 29 0
vertex 314 30 0
vertex 314 30 1
endloop
endfacet
facet normal 1 0 0
outer loop
vertex 314 29 0
vertex 314 30 1
vertex 314 29 1
endloop
endfacet
facet normal 0 1 0
outer loop
vertex 314 30 0
vertex 304 30 0
vertex 304 30 1
endloop
endfacet
facet normal 0 1 0
outer loop
vertex 314 30 0
vertex 304 30 1
vertex 314 30 1
endloop
endfacet
facet normal -1 0 0
outer loop
vertex 304 30 0
vertex 304 29 0
vertex 304 29 1
endloop
endfacet
facet normal -1 0 0
outer loop
vertex 304 30 0
vertex 304 29 1
vertex 304 30 1
endloop
endfacet
facet normal 0 0 -1
outer loop
vertex 317 29 0
vertex 321 30 0
vertex 321 29 0
endloop
endfacet
facet normal 0 0 -1
outer loop
vertex 317 29 0
vertex 317 30 0
vertex 321 30 0
endloop
endfacet
facet normal 0 0 1
outer loop
vertex 317 29 1
vertex 321 29 1
vertex 321 30 1
endloop
endfacet
facet normal 0 0 1
outer loop
vertex 317 29 1
vertex 321 30 1
vertex 317 30 1
endloop
endfacet
facet normal 0 -1 0
outer loop
vertex 317 29 0
vertex 321 29 0
vertex 321 29 1
endloop
endfacet
facet normal 0 -1 0
outer loop
vertex 317 29 0
vertex 321 29 1
vertex 317 29 1
endloop
endfacet
facet normal 1 0 0
outer loop
vertex 321 29 0
vertex 321 30 0
vertex 321 30 1
endloop
endfacet
facet normal 1 0 0
outer loop
vertex 321 29 0
vertex 321 30 1
vertex 321 29 1
endloop
endfacet
facet normal 0 1 0
outer loop
vertex 321 30 0
vertex 317 30 0
vertex 317 30 1
endloop
endfacet
facet normal 0 1 0
outer loop
vertex 321 30 0
vertex 317 30 1
vertex 321 30 1
endloop
endfacet
facet normal -1 0 0
outer loop
vertex 317 30 0
vertex 317 29 0
vertex 317 29 1
endloop
endfacet
facet normal -1 0 0
outer loop
vertex 317 30 0
vertex 317 29 1
vertex 317 30 1
endloop
endfacet
facet normal 0 0 -1
outer loop
vertex 113 30 0
vertex 129 31 0
vertex 129 30 0
endloop
endfacet
facet normal 0 0 -1
outer loop
vertex 113 30 0
vertex 113 31 0
vertex 129 31 0
endloop
endfacet
facet normal 0 0 1
outer loop
vertex 113 30 1
vertex 129 30 1
vertex 129 31 1
endloop
endfacet
facet normal 0 0 1
outer loop
vertex 113 30 1
vertex 129 31 1
vertex 113 31 1
endloop
endfacet
facet normal 0 -1 0
outer loop
vertex 113 30 0
vertex 129 30 0
vertex 129 30 1
endloop
endfacet
facet normal 0 -1 0
outer loop
vertex 113 30 0
vertex 129 30 1
vertex 113 30 1
endloop
endfacet
facet normal 1 0 0
outer loop
vertex 129 30 0
vertex 129 31 0
vertex 129 31 1
endloop
endfacet
facet normal 1 0 0
outer loop
vertex 129 30 0
vertex 129 31 1
vertex 129 30 1
endloop
endfacet
facet normal 0 1 0
outer loop
vertex 129 31 0
vertex 113 31 0
vertex 113 31 1
endloop
endfacet
facet normal 0 1 0
outer loop
vertex 129 31 0
vertex 113 31 1
vertex 129 31 1
endloop
endfacet
facet normal -1 0 0
outer loop
vertex 113 31 0
vertex 113 30 0
vertex 113 30 1
endloop
endfacet
facet normal -1 0 0
outer loop
vertex 113 31 0
vertex 113 30 1
vertex 113 31 1
endloop
endfacet
facet normal 0 0 -1
outer loop
vertex 135 30 0
vertex 153 31 0
vertex 153 30 0
endloop
endfacet
facet normal 0 0 -1
outer loop
vertex 135 30 0
vertex 135 31 0
vertex 153 31 0
endloop
endfacet
facet normal 0 0 1
outer loop
vertex 135 30 1
vertex 153 30 1
vertex 153 31 1
endloop
endfacet
facet normal 0 0 1
outer loop
vertex 135 30 1
vertex 153 31 1
vertex 135 31 1
endloop
endfacet
facet normal 0 -1 0
outer loop
vertex 135 30 0
vertex 153 30 0
vertex 153 30 1
endloop
endfacet
facet normal 0 -1 0
outer loop
vertex 135 30 0
vertex 153 30 1
vertex 135 30 1
endloop
endfacet
facet normal 1 0 0
outer loop
vertex 153 30 0
vertex 153 31 0
vertex 153 31 1
endloop
endfacet
facet normal 1 0 0
outer loop
vertex 153 30 0
vertex 153 31 1
vertex 153 30 1
endloop
endfacet
facet normal 0 1 0
outer loop
vertex 153 31 0
vertex 135 31 0
vertex 135 31 1
endloop
endfacet
facet normal 0 1 0
outer loop
vertex 153 31 0
vertex 135 31 1
vertex 153 31 1
endloop
endfacet
facet normal -1 0 0
outer loop
vertex 135 31 0
vertex 135 30 0
vertex 135 30 1
endloop
endfacet
facet normal -1 0 0
outer loop
vertex 135 31 0
vertex 135 30 1
vertex 135 31 1
endloop
endfacet
facet normal 0 0 -1
outer loop
vertex 167 30 0
vertex 172 31 0
vertex 172 30 0
endloop
endfacet
facet normal 0 0 -1
outer loop
vertex 167 30 0
vertex 167 31 0
vertex 172 31 0
endloop
endfacet
facet normal 0 0 1
outer loop
vertex 167 30 1
vertex 172 30 1
vertex 172 31 1
endloop
endfacet
facet normal 0 0 1
outer loop
vertex 167 30 1
vertex 172 31 1
vertex 167 31 1
endloop
endfacet
facet normal 0 -1 0
outer loop
vertex 167 30 0
vertex 172 30 0
vertex 172 30 1
endloop
endfacet
facet normal 0 -1 0
outer loop
vertex 167 30 0
vertex 172 30 1
vertex 167 30 1
endloop
endfacet
facet normal 1 0 0
outer loop
vertex 172 30 0
vertex 172 31 0
vertex 172 31 1
endloop
endfacet
facet normal 1 0 0
outer loop
vertex 172 30 0
vertex 172 31 1
vertex 172 30 1
endloop
endfacet
facet normal 0 1 0
outer loop
vertex 172 31 0
vertex 167 31 0
vertex 167 31 1
endloop
endfacet
facet normal 0 1 0
outer loop
vertex 172 31 0
vertex 167 31 1
vertex 172 31 1
endloop
endfacet
facet normal -1 0 0
outer loop
vertex 167 31 0
vertex 167 30 0
vertex 167 30 1
endloop
endfacet
facet normal -1 0 0
outer loop
vertex 167 31 0
vertex 167 30 1
vertex 167 31 1
endloop
endfacet
facet normal 0 0 -1
outer loop
vertex 187 30 0
vertex 205 31 0
vertex 205 30 0
endloop
endfacet
facet normal 0 0 -1
outer loop
vertex 187 30 0
vertex 187 31 0
vertex 205 31 0
endloop
endfacet
facet normal 0 0 1
outer loop
vertex 187 30 1
vertex 205 30 1
vertex 205 31 1
endloop
endfacet
facet normal 0 0 1
outer loop
vertex 187 30 1
vertex 205 31 1
vertex 187 31 1
endloop
endfacet
facet normal 0 -1 0
outer loop
vertex 187 30 0
vertex 205 30 0
vertex 205 30 1
endloop
endfacet
facet normal 0 -1 0
outer loop
vertex 187 30 0
vertex 205 30 1
vertex 187 30 1
endloop
endfacet
facet normal 1 0 0
outer loop
vertex 205 30 0
vertex 205 31 0
vertex 205 31 1
endloop
endfacet
facet normal 1 0 0
outer loop
vertex 205 30 0
vertex 205 31 1
vertex 205 30 1
endloop
endfacet
facet normal 0 1 0
outer loop
vertex 205 31 0
vertex 187 31 0
vertex 187 31 1
endloop
endfacet
facet normal 0 1 0
outer loop
vertex 205 31 0
vertex 187 31 1
vertex 205 31 1
endloop
endfacet
facet normal -1 0 0
outer loop
vertex 187 31 0
vertex 187 30 0
vertex 187 30 1
endloop
endfacet
facet normal -1 0 0
outer loop
vertex 187 31 0
vertex 187 30 1
vertex 187 31 1
endloop
endfacet
facet normal 0 0 -1
outer loop
vertex 212 30 0
vertex 216 31 0
vertex 216 30 0
endloop
endfacet
facet normal 0 0 -1
outer loop
vertex 212 30 0
vertex 212 31 0
vertex 216 31 0
endloop
endfacet
facet normal 0 0 1
outer loop
vertex 212 30 1
vertex 216 30 1
vertex 216 31 1
endloop
endfacet
facet normal 0 0 1
outer loop
vertex 212 30 1
vertex 216 31 1
vertex 212 31 1
endloop
endfacet
facet normal 0 -1 0
outer loop
vertex 212 30 0
vertex 216 30 0
vertex 216 30 1
endloop
endfacet
facet normal 0 -1 0
outer loop
vertex 212 30 0
vertex 216 30 1
vertex 212 30 1
endloop
endfacet
facet normal 1 0 0
outer loop
vertex 216 30 0
vertex 216 31 0
vertex 216 31 1
endloop
endfacet
facet normal 1 0 0
outer loop
vertex 216 30 0
vertex 216 31 1
vertex 216 30 1
endloop
endfacet
facet normal 0 1 0
outer loop
vertex 216 31 0
vertex 212 31 0
vertex 212 31 1
endloop
endfacet
facet normal 0 1 0
outer loop
vertex 216 31 0
vertex 212 31 1
vertex 216 31 1
endloop
endfacet
facet normal -1 0 0
outer loop
vertex 212 31 0
vertex 212 30 0
vertex 212 30 1
endloop
endfacet
facet normal -1 0 0
outer loop
vertex 212 31 0
vertex 212 30 1
vertex 212 31 1
endloop
endfacet
facet normal 0 0 -1
outer loop
vertex 227 30 0
vertex 232 31 0
vertex 232 30 0
endloop
endfacet
facet normal 0 0 -1
outer loop
vertex 227 30 0
vertex 227 31 0
vertex 232 31 0
endloop
endfacet
facet normal 0 0 1
outer loop
vertex 227 30 1
vertex 232 30 1
vertex 232 31 1
endloop
endfacet
facet normal 0 0 1
outer loop
vertex 227 30 1
vertex 232 31 1
vertex 227 31 1
endloop
endfacet
facet normal 0 -1 0
outer loop
vertex 227 30 0
vertex 232 30 0
vertex 232 30 1
endloop
endfacet
facet normal 0 -1 0
outer loop
vertex 227 30 0
vertex 232 30 1
vertex 227 30 1
endloop
endfacet
facet normal 1 0 0
outer loop
vertex 232 30 0
vertex 232 31 0
vertex 232 31 1
endloop
endfacet
facet normal 1 0 0
outer loop
vertex 232 30 0
vertex 232 31 1
vertex 232 30 1
endloop
endfacet
facet normal 0 1 0
outer loop
vertex 232 31 0
vertex 227 31 0
vertex 227 31 1
endloop
endfacet
facet normal 0 1 0
outer loop
vertex 232 31 0
vertex 227 31 1
vertex 232 31 1
endloop
endfacet
facet normal -1 0 0
outer loop
vertex 227 31 0
vertex 227 30 0
vertex 227 30 1
endloop
endfacet
facet normal -1 0 0
outer loop
vertex 227 31 0
vertex 227 30 1
vertex 227 31 1
endloop
endfacet
facet normal 0 0 -1
outer loop
vertex 260 30 0
vertex 283 31 0
vertex 283 30 0
endloop
endfacet
facet normal 0 0 -1
outer loop
vertex 260 30 0
vertex 260 31 0
vertex 283 31 0
endloop
endfacet
facet normal 0 0 1
outer loop
vertex 260 30 1
vertex 283 30 1
vertex 283 31 1
endloop
endfacet
facet normal 0 0 1
outer loop
vertex 260 30 1
vertex 283 31 1
vertex 260 31 1
endloop
endfacet
facet normal 0 -1 0
outer loop
vertex 260 30 0
vertex 283 30 0
vertex 283 30 1
endloop
endfacet
facet normal 0 -1 0
outer loop
vertex 260 30 0
vertex 283 30 1
vertex 260 30 1
endloop
endfacet
facet normal 1 0 0
outer loop
vertex 283 30 0
vertex 283 31 0
vertex 283 31 1
endloop
endfacet
facet normal 1 0 0
outer loop
vertex 283 30 0
vertex 283 31 1
vertex 283 30 1
endloop
endfacet
facet normal 0 1 0
outer loop
vertex 283 31 0
vertex 260 31 0
vertex 260 31 1
endloop
endfacet
facet normal 0 1 0
outer loop
vertex 283 31 0
vertex 260 31 1
vertex 283 31 1
endloop
endfacet
facet normal -1 0 0
outer loop
vertex 260 31 0
vertex 260 30 0
vertex 260 30 1
endloop
endfacet
facet normal -1 0 0
outer loop
vertex 260 31 0
vertex 260 30 1
vertex 260 31 1
endloop
endfacet
facet normal 0 0 -1
outer loop
vertex 292 30 0
vertex 314 31 0
vertex 314 30 0
endloop
endfacet
facet normal 0 0 -1
outer loop
vertex 292 30 0
vertex 292 31 0
vertex 314 31 0
endloop
endfacet
facet normal 0 0 1
outer loop
vertex 292 30 1
vertex 314 30 1
vertex 314 31 1
endloop
endfacet
facet normal 0 0 1
outer loop
vertex 292 30 1
vertex 314 31 1
vertex 292 31 1
endloop
endfacet
facet normal 0 -1 0
outer loop
vertex 292 30 0
vertex 314 30 0
vertex 314 30 1
endloop
endfacet
facet normal 0 -1 0
outer loop
vertex 292 30 0
vertex 314 30 1
vertex 292 30 1
endloop
endfacet
facet normal 1 0 0
outer loop
vertex 314 30 0
vertex 314 31 0
vertex 314 31 1
endloop
endfacet
facet normal 1 0 0
outer loop
vertex 314 30 0
vertex 314 31 1
vertex 314 30 1
endloop
endfacet
facet normal 0 1 0
outer loop
vertex 314 31 0
vertex 292 31 0
vertex 292 31 1
endloop
endfacet
facet normal 0 1 0
outer loop
vertex 314 31 0
vertex 292 31 1
vertex 314 31 1
endloop
endfacet
facet normal -1 0 0
outer loop
vertex 292 31 0
vertex 292 30 0
vertex 292 30 1
endloop
endfacet
facet normal -1 0 0
outer loop
vertex 292 31 0
vertex 292 30 1
vertex 292 31 1
endloop
endfacet
facet normal 0 0 -1
outer loop
vertex 317 30 0
vertex 321 31 0
vertex 321 30 0
endloop
endfacet
facet normal 0 0 -1
outer loop
vertex 317 30 0
vertex 317 31 0
vertex 321 31 0
endloop
endfacet
facet normal 0 0 1
outer loop
vertex 317 30 1
vertex 321 30 1
vertex 321 31 1
endloop
endfacet
facet normal 0 0 1
outer loop
vertex 317 30 1
vertex 321 31 1
vertex 317 31 1
endloop
endfacet
facet normal 0 -1 0
outer loop
vertex 317 30 0
vertex 321 30 0
vertex 321 30 1
endloop
endfacet
facet normal 0 -1 0
outer loop
vertex 317 30 0
vertex 321 30 1
vertex 317 30 1
endloop
endfacet
facet normal 1 0 0
outer loop
vertex 321 30 0
vertex 321 31 0
vertex 321 31 1
endloop
endfacet
facet normal 1 0 0
outer loop
vertex 321 30 0
vertex 321 31 1
vertex 321 30 1
endloop
endfacet
facet normal 0 1 0
outer loop
vertex 321 31 0
vertex 317 31 0
vertex 317 31 1
endloop
endfacet
facet normal 0 1 0
outer loop
vertex 321 31 0
vertex 317 31 1
vertex 321 31 1
endloop
endfacet
facet normal -1 0 0
outer loop
vertex 317 31 0
vertex 317 30 0
vertex 317 30 1
endloop
endfacet
facet normal -1 0 0
outer loop
vertex 317 31 0
vertex 317 30 1
vertex 317 31 1
endloop
endfacet
facet normal 0 0 -1
outer loop
vertex 113 31 0
vertex 129 32 0
vertex 129 31 0
endloop
endfacet
facet normal 0 0 -1
outer loop
vertex 113 31 0
vertex 113 32 0
vertex 129 32 0
endloop
endfacet
facet normal 0 0 1
outer loop
vertex 113 31 1
vertex 129 31 1
vertex 129 32 1
endloop
endfacet
facet normal 0 0 1
outer loop
vertex 113 31 1
vertex 129 32 1
vertex 113 32 1
endloop
endfacet
facet normal 0 -1 0
outer loop
vertex 113 31 0
vertex 129 31 0
vertex 129 31 1
endloop
endfacet
facet normal 0 -1 0
outer loop
vertex 113 31 0
vertex 129 31 1
vertex 113 31 1
endloop
endfacet
facet normal 1 0 0
outer loop
vertex 129 31 0
vertex 129 32 0
vertex 129 32 1
endloop
endfacet
facet normal 1 0 0
outer loop
vertex 129 31 0
vertex 129 32 1
vertex 129 31 1
endloop
endfacet
facet normal 0 1 0
outer loop
vertex 129 32 0
vertex 113 32 0
vertex 113 32 1
endloop
endfacet
facet normal 0 1 0
outer loop
vertex 129 32 0
vertex 113 32 1
vertex 129 32 1
endloop
endfacet
facet normal -1 0 0
outer loop
vertex 113 32 0
vertex 113 31 0
vertex 113 31 1
endloop
endfacet
facet normal -1 0 0
outer loop
vertex 113 32 0
vertex 113 31 1
vertex 113 32 1
endloop
endfacet
facet normal 0 0 -1
outer loop
vertex 136 31 0
vertex 152 32 0
vertex 152 31 0
endloop
endfacet
facet normal 0 0 -1
outer loop
vertex 136 31 0
vertex 136 32 0
vertex 152 32 0
endloop
endfacet
facet normal 0 0 1
outer loop
vertex 136 31 1
vertex 152 31 1
vertex 152 32 1
endloop
endfacet
facet normal 0 0 1
outer loop
vertex 136 31 1
vertex 152 32 1
vertex 136 32 1
endloop
endfacet
facet normal 0 -1 0
outer loop
vertex 136 31 0
vertex 152 31 0
vertex 152 31 1
endloop
endfacet
facet normal 0 -1 0
outer loop
vertex 136 31 0
vertex 152 31 1
vertex 136 31 1
endloop
endfacet
facet normal 1 0 0
outer loop
vertex 152 31 0
vertex 152 32 0
vertex 152 32 1
endloop
endfacet
facet normal 1 0 0
outer loop
vertex 152 31 0
vertex 152 32 1
vertex 152 31 1
endloop
endfacet
facet normal 0 1 0
outer loop
vertex 152 32 0
vertex 136 32 0
vertex 136 32 1
endloop
endfacet
facet normal 0 1 0
outer loop
vertex 152 32 0
vertex 136 32 1
vertex 152 32 1
endloop
endfacet
facet normal -1 0 0
outer loop
vertex 136 32 0
vertex 136 31 0
vertex 136 31 1
endloop
endfacet
facet normal -1 0 0
outer loop
vertex 136 32 0
vertex 136 31 1
vertex 136 32 1
endloop
endfacet
facet normal 0 0 -1
outer loop
vertex 168 31 0
vertex 172 32 0
vertex 172 31 0
endloop
endfacet
facet normal 0 0 -1
outer loop
vertex 168 31 0
vertex 168 32 0
vertex 172 32 0
endloop
endfacet
facet normal 0 0 1
outer loop
vertex 168 31 1
vertex 172 31 1
vertex 172 32 1
endloop
endfacet
facet normal 0 0 1
outer loop
vertex 168 31 1
vertex 172 32 1
vertex 168 32 1
endloop
endfacet
facet normal 0 -1 0
outer loop
vertex 168 31 0
vertex 172 31 0
vertex 172 31 1
endloop
endfacet
facet normal 0 -1 0
outer loop
vertex 168 31 0
vertex 172 31 1
vertex 168 31 1
endloop
endfacet
facet normal 1 0 0
outer loop
vertex 172 31 0
vertex 172 32 0
vertex 172 32 1
endloop
endfacet
facet normal 1 0 0
outer loop
vertex 172 31 0
vertex 172 32 1
vertex 172 31 1
endloop
endfacet
facet normal 0 1 0
outer loop
vertex 172 32 0
vertex 168 32 0
vertex 168 32 1
endloop
endfacet
facet normal 0 1 0
outer loop
vertex 172 32 0
vertex 168 32 1
vertex 172 32 1
endloop
endfacet
facet normal -1 0 0
outer loop
vertex 168 32 0
vertex 168 31 0
vertex 168 31 1
endloop
endfacet
facet normal -1 0 0
outer loop
vertex 168 32 0
vertex 168 31 1
vertex 168 32 1
endloop
endfacet
facet normal 0 0 -1
outer loop
vertex 188 31 0
vertex 204 32 0
vertex 204 31 0
endloop
endfacet
facet normal 0 0 -1
outer loop
vertex 188 31 0
vertex 188 32 0
vertex 204 32 0
endloop
endfacet
facet normal 0 0 1
outer loop
vertex 188 31 1
vertex 204 31 1
vertex 204 32 1
endloop
endfacet
facet normal 0 0 1
outer loop
vertex 188 31 1
vertex 204 32 1
vertex 188 32 1
endloop
endfacet
facet normal 0 -1 0
outer loop
vertex 188 31 0
vertex 204 31 0
vertex 204 31 1
endloop
endfacet
facet normal 0 -1 0
outer loop
vertex 188 31 0
vertex 204 31 1
vertex 188 31 1
endloop
endfacet
facet normal 1 0 0
outer loop
vertex 204 31 0
vertex 204 32 0
vertex 204 32 1
endloop
endfacet
facet normal 1 0 0
outer loop
vertex 204 31 0
vertex 204 32 1
vertex 204 31 1
endloop
endfacet
facet normal 0 1 0
outer loop
vertex 204 32 0
vertex 188 32 0
vertex 188 32 1
endloop
endfacet
facet normal 0 1 0
outer loop
vertex 204 32 0
vertex 188 32 1
vertex 204 32 1
endloop
endfacet
facet normal -1 0 0
outer loop
vertex 188 32 0
vertex 188 31 0
vertex 188 31 1
endloop
endfacet
facet normal -1 0 0
outer loop
vertex 188 32 0
vertex 188 31 1
vertex 188 32 1
endloop
endfacet
facet normal 0 0 -1
outer loop
vertex 212 31 0
vertex 216 32 0
vertex 216 31 0
endloop
endfacet
facet normal 0 0 -1
outer loop
vertex 212 31 0
vertex 212 32 0
vertex 216 32 0
endloop
endfacet
facet normal 0 0 1
outer loop
vertex 212 31 1
vertex 216 31 1
vertex 216 32 1
endloop
endfacet
facet normal 0 0 1
outer loop
vertex 212 31 1
vertex 216 32 1
vertex 212 32 1
endloop
endfacet
facet normal 0 -1 0
outer loop
vertex 212 31 0
vertex 216 31 0
vertex 216 31 1
endloop
endfacet
facet normal 0 -1 0
outer loop
vertex 212 31 0
vertex 216 31 1
vertex 212 31 1
endloop
endfacet
facet normal 1 0 0
outer loop
vertex 216 31 0
vertex 216 32 0
vertex 216 32 1
endloop
endfacet
facet normal 1 0 0
outer loop
vertex 216 31 0
vertex 216 32 1
vertex 216 31 1
endloop
endfacet
facet normal 0 1 0
outer loop
vertex 216 32 0
vertex 212 32 0
vertex 212 32 1
endloop
endfacet
facet normal 0 1 0
outer loop
vertex 216 32 0
vertex 212 32 1
vertex 216 32 1
endloop
endfacet
facet normal -1 0 0
outer loop
vertex 212 32 0
vertex 212 31 0
vertex 212 31 1
endloop
endfacet
facet normal -1 0 0
outer loop
vertex 212 32 0
vertex 212 31 1
vertex 212 32 1
endloop
endfacet
facet normal 0 0 -1
outer loop
vertex 227 31 0
vertex 232 32 0
vertex 232 31 0
endloop
endfacet
facet normal 0 0 -1
outer loop
vertex 227 31 0
vertex 227 32 0
vertex 232 32 0
endloop
endfacet
facet normal 0 0 1
outer loop
vertex 227 31 1
vertex 232 31 1
vertex 232 32 1
endloop
endfacet
facet normal 0 0 1
outer loop
vertex 227 31 1
vertex 232 32 1
vertex 227 32 1
endloop
endfacet
facet normal 0 -1 0
outer loop
vertex 227 31 0
vertex 232 31 0
vertex 232 31 1
endloop
endfacet
facet normal 0 -1 0
outer loop
vertex 227 31 0
vertex 232 31 1
vertex 227 31 1
endloop
endfacet
facet normal 1 0 0
outer loop
vertex 232 31 0
vertex 232 32 0
vertex 232 32 1
endloop
endfacet
facet normal 1 0 0
outer loop
vertex 232 31 0
vertex 232 32 1
vertex 232 31 1
endloop
endfacet
facet normal 0 1 0
outer loop
vertex 232 32 0
vertex 227 32 0
vertex 227 32 1
endloop
endfacet
facet normal 0 1 0
outer loop
vertex 232 32 0
vertex 227 32 1
vertex 232 32 1
endloop
endfacet
facet normal -1 0 0
outer loop
vertex 227 32 0
vertex 227 31 0
vertex 227 31 1
endloop
endfacet
facet normal -1 0 0
outer loop
vertex 227 32 0
vertex 227 31 1
vertex 227 32 1
endloop
endfacet
facet normal 0 0 -1
outer loop
vertex 261 31 0
vertex 281 32 0
vertex 281 31 0
endloop
endfacet
facet normal 0 0 -1
outer loop
vertex 261 31 0
vertex 261 32 0
vertex 281 32 0
endloop
endfacet
facet normal 0 0 1
outer loop
vertex 261 31 1
vertex 281 31 1
vertex 281 32 1
endloop
endfacet
facet normal 0 0 1
outer loop
vertex 261 31 1
vertex 281 32 1
vertex 261 32 1
endloop
endfacet
facet normal 0 -1 0
outer loop
vertex 261 31 0
vertex 281 31 0
vertex 281 31 1
endloop
endfacet
facet normal 0 -1 0
outer loop
vertex 261 31 0
vertex 281 31 1
vertex 261 31 1
endloop
endfacet
facet normal 1 0 0
outer loop
vertex 281 31 0
vertex 281 32 0
vertex 281 32 1
endloop
endfacet
facet normal 1 0 0
outer loop
vertex 281 31 0
vertex 281 32 1
vertex 281 31 1
endloop
endfacet
facet normal 0 1 0
outer loop
vertex 281 32 0
vertex 261 32 0
vertex 261 32 1
endloop
endfacet
facet normal 0 1 0
outer loop
vertex 281 32 0
vertex 261 32 1
vertex 281 32 1
endloop
endfacet
facet normal -1 0 0
outer loop
vertex 261 32 0
vertex 261 31 0
vertex 261 31 1
endloop
endfacet
facet normal -1 0 0
outer loop
vertex 261 32 0
vertex 261 31 1
vertex 261 32 1
endloop
endfacet
facet normal 0 0 -1
outer loop
vertex 293 31 0
vertex 314 32 0
vertex 314 31 0
endloop
endfacet
facet normal 0 0 -1
outer loop
vertex 293 31 0
vertex 293 32 0
vertex 314 32 0
endloop
endfacet
facet normal 0 0 1
outer loop
vertex 293 31 1
vertex 314 31 1
vertex 314 32 1
endloop
endfacet
facet normal 0 0 1
outer loop
vertex 293 31 1
vertex 314 32 1
vertex 293 32 1
endloop
endfacet
facet normal 0 -1 0
outer loop
vertex 293 31 0
vertex 314 31 0
vertex 314 31 1
endloop
endfacet
facet normal 0 -1 0
outer loop
vertex 293 31 0
vertex 314 31 1
vertex 293 31 1
endloop
endfacet
facet normal 1 0 0
outer loop
vertex 314 31 0
vertex 314 32 0
vertex 314 32 1
endloop
endfacet
facet normal 1 0 0
outer loop
vertex 314 31 0
vertex 314 32 1
vertex 314 31 1
endloop
endfacet
facet normal 0 1 0
outer loop
vertex 314 32 0
vertex 293 32 0
vertex 293 32 1
endloop
endfacet
facet normal 0 1 0
outer loop
vertex 314 32 0
vertex 293 32 1
vertex 314 32 1
endloop
endfacet
facet normal -1 0 0
outer loop
vertex 293 32 0
vertex 293 31 0
vertex 293 31 1
endloop
endfacet
facet normal -1 0 0
outer loop
vertex 293 32 0
vertex 293 31 1
vertex 293 32 1
endloop
endfacet
facet normal 0 0 -1
outer loop
vertex 317 31 0
vertex 321 32 0
vertex 321 31 0
endloop
endfacet
facet normal 0 0 -1
outer loop
vertex 317 31 0
vertex 317 32 0
vertex 321 32 0
endloop
endfacet
facet normal 0 0 1
outer loop
vertex 317 31 1
vertex 321 31 1
vertex 321 32 1
endloop
endfacet
facet normal 0 0 1
outer loop
vertex 317 31 1
vertex 321 32 1
vertex 317 32 1
endloop
endfacet
facet normal 0 -1 0
outer loop
vertex 317 31 0
vertex 321 31 0
vertex 321 31 1
endloop
endfacet
facet normal 0 -1 0
outer loop
vertex 317 31 0
vertex 321 31 1
vertex 317 31 1
endloop
endfacet
facet normal 1 0 0
outer loop
vertex 321 31 0
vertex 321 32 0
vertex 321 32 1
endloop
endfacet
facet normal 1 0 0
outer loop
vertex 321 31 0
vertex 321 32 1
vertex 321 31 1
endloop
endfacet
facet normal 0 1 0
outer loop
vertex 321 32 0
vertex 317 32 0
vertex 317 32 1
endloop
endfacet
facet normal 0 1 0
outer loop
vertex 321 32 0
vertex 317 32 1
vertex 321 32 1
endloop
endfacet
facet normal -1 0 0
outer loop
vertex 317 32 0
vertex 317 31 0
vertex 317 31 1
endloop
endfacet
facet normal -1 0 0
outer loop
vertex 317 32 0
vertex 317 31 1
vertex 317 32 1
endloop
endfacet
facet normal 0 0 -1
outer loop
vertex 113 32 0
vertex 129 33 0
vertex 129 32 0
endloop
endfacet
facet normal 0 0 -1
outer loop
vertex 113 32 0
vertex 113 33 0
vertex 129 33 0
endloop
endfacet
facet normal 0 0 1
outer loop
vertex 113 32 1
vertex 129 32 1
vertex 129 33 1
endloop
endfacet
facet normal 0 0 1
outer loop
vertex 113 32 1
vertex 129 33 1
vertex 113 33 1
endloop
endfacet
facet normal 0 -1 0
outer loop
vertex 113 32 0
vertex 129 32 0
vertex 129 32 1
endloop
endfacet
facet normal 0 -1 0
outer loop
vertex 113 32 0
vertex 129 32 1
vertex 113 32 1
endloop
endfacet
facet normal 1 0 0
outer loop
vertex 129 32 0
vertex 129 33 0
vertex 129 33 1
endloop
endfacet
facet normal 1 0 0
outer loop
vertex 129 32 0
vertex 129 33 1
vertex 129 32 1
endloop
endfacet
facet normal 0 1 0
outer loop
vertex 129 33 0
vertex 113 33 0
vertex 113 33 1
endloop
endfacet
facet normal 0 1 0
outer loop
vertex 129 33 0
vertex 113 33 1
vertex 129 33 1
endloop
endfacet
facet normal -1 0 0
outer loop
vertex 113 33 0
vertex 113 32 0
vertex 113 32 1
endloop
endfacet
facet normal -1 0 0
outer loop
vertex 113 33 0
vertex 113 32 1
vertex 113 33 1
endloop
endfacet
facet normal 0 0 -1
outer loop
vertex 137 32 0
vertex 151 33 0
vertex 151 32 0
endloop
endfacet
facet normal 0 0 -1
outer loop
vertex 137 32 0
vertex 137 33 0
vertex 151 33 0
endloop
endfacet
facet normal 0 0 1
outer loop
vertex 137 32 1
vertex 151 32 1
vertex 151 33 1
endloop
endfacet
facet normal 0 0 1
outer loop
vertex 137 32 1
vertex 151 33 1
vertex 137 33 1
endloop
endfacet
facet normal 0 -1 0
outer loop
vertex 137 32 0
vertex 151 32 0
vertex 151 32 1
endloop
endfacet
facet normal 0 -1 0
outer loop
vertex 137 32 0
vertex 151 32 1
vertex 137 32 1
endloop
endfacet
facet normal 1 0 0
outer loop
vertex 151 32 0
vertex 151 33 0
vertex 151 33 1
endloop
endfacet
facet normal 1 0 0
outer loop
vertex 151 32 0
vertex 151 33 1
vertex 151 32 1
endloop
endfacet
facet normal 0 1 0
outer loop
vertex 151 33 0
vertex 137 33 0
vertex 137 33 1
endloop
endfacet
facet normal 0 1 0
outer loop
vertex 151 33 0
vertex 137 33 1
vertex 151 33 1
endloop
endfacet
facet normal -1 0 0
outer loop
vertex 137 33 0
vertex 137 32 0
vertex 137 32 1
endloop
endfacet
facet normal -1 0 0
outer loop
vertex 137 33 0
vertex 137 32 1
vertex 137 33 1
endloop
endfacet
facet normal 0 0 -1
outer loop
vertex 168 32 0
vertex 172 33 0
vertex 172 32 0
endloop
endfacet
facet normal 0 0 -1
outer loop
vertex 168 32 0
vertex 168 33 0
vertex 172 33 0
endloop
endfacet
facet normal 0 0 1
outer loop
vertex 168 32 1
vertex 172 32 1
vertex 172 33 1
endloop
endfacet
facet normal 0 0 1
outer loop
vertex 168 32 1
vertex 172 33 1
vertex 168 33 1
endloop
endfacet
facet normal 0 -1 0
outer loop
vertex 168 32 0
vertex 172 32 0
vertex 172 32 1
endloop
endfacet
facet normal 0 -1 0
outer loop
vertex 168 32 0
vertex 172 32 1
vertex 168 32 1
endloop
endfacet
facet normal 1 0 0
outer loop
vertex 172 32 0
vertex 172 33 0
vertex 172 33 1
endloop
endfacet
facet normal 1 0 0
outer loop
vertex 172 32 0
vertex 172 33 1
vertex 172 32 1
endloop
endfacet
facet normal 0 1 0
outer loop
vertex 172 33 0
vertex 168 33 0
vertex 168 33 1
endloop
endfacet
facet normal 0 1 0
outer loop
vertex 172 33 0
vertex 168 33 1
vertex 172 33 1
endloop
endfacet
facet normal -1 0 0
outer loop
vertex 168 33 0
vertex 168 32 0
vertex 168 32 1
endloop
endfacet
facet normal -1 0 0
outer loop
vertex 168 33 0
vertex 168 32 1
vertex 168 33 1
endloop
endfacet
facet normal 0 0 -1
outer loop
vertex 189 32 0
vertex 203 33 0
vertex 203 32 0
endloop
endfacet
facet normal 0 0 -1
outer loop
vertex 189 32 0
vertex 189 33 0
vertex 203 33 0
endloop
endfacet
facet normal 0 0 1
outer loop
vertex 189 32 1
vertex 203 32 1
vertex 203 33 1
endloop
endfacet
facet normal 0 0 1
outer loop
vertex 189 32 1
vertex 203 33 1
vertex 189 33 1
endloop
endfacet
facet normal 0 -1 0
outer loop
vertex 189 32 0
vertex 203 32 0
vertex 203 32 1
endloop
endfacet
facet normal 0 -1 0
outer loop
vertex 189 32 0
vertex 203 32 1
vertex 189 32 1
endloop
endfacet
facet normal 1 0 0
outer loop
vertex 203 32 0
vertex 203 33 0
vertex 203 33 1
endloop
endfacet
facet normal 1 0 0
outer loop
vertex 203 32 0
vertex 203 33 1
vertex 203 32 1
endloop
endfacet
facet normal 0 1 0
outer loop
vertex 203 33 0
vertex 189 33 0
vertex 189 33 1
endloop
endfacet
facet normal 0 1 0
outer loop
vertex 203 33 0
vertex 189 33 1
vertex 203 33 1
endloop
endfacet
facet normal -1 0 0
outer loop
vertex 189 33 0
vertex 189 32 0
vertex 189 32 1
endloop
endfacet
facet normal -1 0 0
outer loop
vertex 189 33 0
vertex 189 32 1
vertex 189 33 1
endloop
endfacet
facet normal 0 0 -1
outer loop
vertex 212 32 0
vertex 216 33 0
vertex 216 32 0
endloop
endfacet
facet normal 0 0 -1
outer loop
vertex 212 32 0
vertex 212 33 0
vertex 216 33 0
endloop
endfacet
facet normal 0 0 1
outer loop
vertex 212 32 1
vertex 216 32 1
vertex 216 33 1
endloop
endfacet
facet normal 0 0 1
outer loop
vertex 212 32 1
vertex 216 33 1
vertex 212 33 1
endloop
endfacet
facet normal 0 -1 0
outer loop
vertex 212 32 0
vertex 216 32 0
vertex 216 32 1
endloop
endfacet
facet normal 0 -1 0
outer loop
vertex 212 32 0
vertex 216 32 1
vertex 212 32 1
endloop
endfacet
facet normal 1 0 0
outer loop
vertex 216 32 0
vertex 216 33 0
vertex 216 33 1
endloop
endfacet
facet normal 1 0 0
outer loop
vertex 216 32 0
vertex 216 33 1
vertex 216 32 1
endloop
endfacet
facet normal 0 1 0
outer loop
vertex 216 33 0
vertex 212 33 0
vertex 212 33 1
endloop
endfacet
facet normal 0 1 0
outer loop
vertex 216 33 0
vertex 212 33 1
vertex 216 33 1
endloop
endfacet
facet normal -1 0 0
outer loop
vertex 212 33 0
vertex 212 32 0
vertex 212 32 1
endloop
endfacet
facet normal -1 0 0
outer loop
vertex 212 33 0
vertex 212 32 1
vertex 212 33 1
endloop
endfacet
facet normal 0 0 -1
outer loop
vertex 227 32 0
vertex 232 33 0
vertex 232 32 0
endloop
endfacet
facet normal 0 0 -1
outer loop
vertex 227 32 0
vertex 227 33 0
vertex 232 33 0
endloop
endfacet
facet normal 0 0 1
outer loop
vertex 227 32 1
vertex 232 32 1
vertex 232 33 1
endloop
endfacet
facet normal 0 0 1
outer loop
vertex 227 32 1
vertex 232 33 1
vertex 227 33 1
endloop
endfacet
facet normal 0 -1 0
outer loop
vertex 227 32 0
vertex 232 32 0
vertex 232 32 1
endloop
endfacet
facet normal 0 -1 0
outer loop
vertex 227 32 0
vertex 232 32 1
vertex 227 32 1
endloop
endfacet
facet normal 1 0 0
outer loop
vertex 232 32 0
vertex 232 33 0
vertex 232 33 1
endloop
endfacet
facet normal 1 0 0
outer loop
vertex 232 32 0
vertex 232 33 1
vertex 232 32 1
endloop
endfacet
facet normal 0 1 0
outer loop
vertex 232 33 0
vertex 227 33 0
vertex 227 33 1
endloop
endfacet
facet normal 0 1 0
outer loop
vertex 232 33 0
vertex 227 33 1
vertex 232 33 1
endloop
endfacet
facet normal -1 0 0
outer loop
vertex 227 33 0
vertex 227 32 0
vertex 227 32 1
endloop
endfacet
facet normal -1 0 0
outer loop
vertex 227 33 0
vertex 227 32 1
vertex 227 33 1
endloop
endfacet
facet normal 0 0 -1
outer loop
vertex 263 32 0
vertex 280 33 0
vertex 280 32 0
endloop
endfacet
facet normal 0 0 -1
outer loop
vertex 263 32 0
vertex 263 33 0
vertex 280 33 0
endloop
endfacet
facet normal 0 0 1
outer loop
vertex 263 32 1
vertex 280 32 1
vertex 280 33 1
endloop
endfacet
facet normal 0 0 1
outer loop
vertex 263 32 1
vertex 280 33 1
vertex 263 33 1
endloop
endfacet
facet normal 0 -1 0
outer loop
vertex 263 32 0
vertex 280 32 0
vertex 280 32 1
endloop
endfacet
facet normal 0 -1 0
outer loop
vertex 263 32 0
vertex 280 32 1
vertex 263 32 1
endloop
endfacet
facet normal 1 0 0
outer loop
vertex 280 32 0
vertex 280 33 0
vertex 280 33 1
endloop
endfacet
facet normal 1 0 0
outer loop
vertex 280 32 0
vertex 280 33 1
vertex 280 32 1
endloop
endfacet
facet normal 0 1 0
outer loop
vertex 280 33 0
vertex 263 33 0
vertex 263 33 1
endloop
endfacet
facet normal 0 1 0
outer loop
vertex 280 33 0
vertex 263 33 1
vertex 280 33 1
endloop
endfacet
facet normal -1 0 0
outer loop
vertex 263 33 0
vertex 263 32 0
vertex 263 32 1
endloop
endfacet
facet normal -1 0 0
outer loop
vertex 263 33 0
vertex 263 32 1
vertex 263 33 1
endloop
endfacet
facet normal 0 0 -1
outer loop
vertex 294 32 0
vertex 307 33 0
vertex 307 32 0
endloop
endfacet
facet normal 0 0 -1
outer loop
vertex 294 32 0
vertex 294 33 0
vertex 307 33 0
endloop
endfacet
facet normal 0 0 1
outer loop
vertex 294 32 1
vertex 307 32 1
vertex 307 33 1
endloop
endfacet
facet normal 0 0 1
outer loop
vertex 294 32 1
vertex 307 33 1
vertex 294 33 1
endloop
endfacet
facet normal 0 -1 0
outer loop
vertex 294 32 0
vertex 307 32 0
vertex 307 32 1
endloop
endfacet
facet normal 0 -1 0
outer loop
vertex 294 32 0
vertex 307 32 1
vertex 294 32 1
endloop
endfacet
facet normal 1 0 0
outer loop
vertex 307 32 0
vertex 307 33 0
vertex 307 33 1
endloop
endfacet
facet normal 1 0 0
outer loop
vertex 307 32 0
vertex 307 33 1
vertex 307 32 1
endloop
endfacet
facet normal 0 1 0
outer loop
vertex 307 33 0
vertex 294 33 0
vertex 294 33 1
endloop
endfacet
facet normal 0 1 0
outer loop
vertex 307 33 0
vertex 294 33 1
vertex 307 33 1
endloop
endfacet
facet normal -1 0 0
outer loop
vertex 294 33 0
vertex 294 32 0
vertex 294 32 1
endloop
endfacet
facet normal -1 0 0
outer loop
vertex 294 33 0
vertex 294 32 1
vertex 294 33 1
endloop
endfacet
facet normal 0 0 -1
outer loop
vertex 309 32 0
vertex 314 33 0
vertex 314 32 0
endloop
endfacet
facet normal 0 0 -1
outer loop
vertex 309 32 0
vertex 309 33 0
vertex 314 33 0
endloop
endfacet
facet normal 0 0 1
outer loop
vertex 309 32 1
vertex 314 32 1
vertex 314 33 1
endloop
endfacet
facet normal 0 0 1
outer loop
vertex 309 32 1
vertex 314 33 1
vertex 309 33 1
endloop
endfacet
facet normal 0 -1 0
outer loop
vertex 309 32 0
vertex 314 32 0
vertex 314 32 1
endloop
endfacet
facet normal 0 -1 0
outer loop
vertex 309 32 0
vertex 314 32 1
vertex 309 32 1
endloop
endfacet
facet normal 1 0 0
outer loop
vertex 314 32 0
vertex 314 33 0
vertex 314 33 1
endloop
endfacet
facet normal 1 0 0
outer loop
vertex 314 32 0
vertex 314 33 1
vertex 314 32 1
endloop
endfacet
facet normal 0 1 0
outer loop
vertex 314 33 0
vertex 309 33 0
vertex 309 33 1
endloop
endfacet
facet normal 0 1 0
outer loop
vertex 314 33 0
vertex 309 33 1
vertex 314 33 1
endloop
endfacet
facet normal -1 0 0
outer loop
vertex 309 33 0
vertex 309 32 0
vertex 309 32 1
endloop
endfacet
facet normal -1 0 0
outer loop
vertex 309 33 0
vertex 309 32 1
vertex 309 33 1
endloop
endfacet
facet normal 0 0 -1
outer loop
vertex 317 32 0
vertex 321 33 0
vertex 321 32 0
endloop
endfacet
facet normal 0 0 -1
outer loop
vertex 317 32 0
vertex 317 33 0
vertex 321 33 0
endloop
endfacet
facet normal 0 0 1
outer loop
vertex 317 32 1
vertex 321 32 1
vertex 321 33 1
endloop
endfacet
facet normal 0 0 1
outer loop
vertex 317 32 1
vertex 321 33 1
vertex 317 33 1
endloop
endfacet
facet normal 0 -1 0
outer loop
vertex 317 32 0
vertex 321 32 0
vertex 321 32 1
endloop
endfacet
facet normal 0 -1 0
outer loop
vertex 317 32 0
vertex 321 32 1
vertex 317 32 1
endloop
endfacet
facet normal 1 0 0
outer loop
vertex 321 32 0
vertex 321 33 0
vertex 321 33 1
endloop
endfacet
facet normal 1 0 0
outer loop
vertex 321 32 0
vertex 321 33 1
vertex 321 32 1
endloop
endfacet
facet normal 0 1 0
outer loop
vertex 321 33 0
vertex 317 33 0
vertex 317 33 1
endloop
endfacet
facet normal 0 1 0
outer loop
vertex 321 33 0
vertex 317 33 1
vertex 321 33 1
endloop
endfacet
facet normal -1 0 0
outer loop
vertex 317 33 0
vertex 317 32 0
vertex 317 32 1
endloop
endfacet
facet normal -1 0 0
outer loop
vertex 317 33 0
vertex 317 32 1
vertex 317 33 1
endloop
endfacet
facet normal 0 0 -1
outer loop
vertex 114 33 0
vertex 129 34 0
vertex 129 33 0
endloop
endfacet
facet normal 0 0 -1
outer loop
vertex 114 33 0
vertex 114 34 0
vertex 129 34 0
endloop
endfacet
facet normal 0 0 1
outer loop
vertex 114 33 1
vertex 129 33 1
vertex 129 34 1
endloop
endfacet
facet normal 0 0 1
outer loop
vertex 114 33 1
vertex 129 34 1
vertex 114 34 1
endloop
endfacet
facet normal 0 -1 0
outer loop
vertex 114 33 0
vertex 129 33 0
vertex 129 33 1
endloop
endfacet
facet normal 0 -1 0
outer loop
vertex 114 33 0
vertex 129 33 1
vertex 114 33 1
endloop
endfacet
facet normal 1 0 0
outer loop
vertex 129 33 0
vertex 129 34 0
vertex 129 34 1
endloop
endfacet
facet normal 1 0 0
outer loop
vertex 129 33 0
vertex 129 34 1
vertex 129 33 1
endloop
endfacet
facet normal 0 1 0
outer loop
vertex 129 34 0
vertex 114 34 0
vertex 114 34 1
endloop
endfacet
facet normal 0 1 0
outer loop
vertex 129 34 0
vertex 114 34 1
vertex 129 34 1
endloop
endfacet
facet normal -1 0 0
outer loop
vertex 114 34 0
vertex 114 33 0
vertex 114 33 1
endloop
endfacet
facet normal -1 0 0
outer loop
vertex 114 34 0
vertex 114 33 1
vertex 114 34 1
endloop
endfacet
facet normal 0 0 -1
outer loop
vertex 139 33 0
vertex 149 34 0
vertex 149 33 0
endloop
endfacet
facet normal 0 0 -1
outer loop
vertex 139 33 0
vertex 139 34 0
vertex 149 34 0
endloop
endfacet
facet normal 0 0 1
outer loop
vertex 139 33 1
vertex 149 33 1
vertex 149 34 1
endloop
endfacet
facet normal 0 0 1
outer loop
vertex 139 33 1
vertex 149 34 1
vertex 139 34 1
endloop
endfacet
facet normal 0 -1 0
outer loop
vertex 139 33 0
vertex 149 33 0
vertex 149 33 1
endloop
endfacet
facet normal 0 -1 0
outer loop
vertex 139 33 0
vertex 149 33 1
vertex 139 33 1
endloop
endfacet
facet normal 1 0 0
outer loop
vertex 149 33 0
vertex 149 34 0
vertex 149 34 1
endloop
endfacet
facet normal 1 0 0
outer loop
vertex 149 33 0
vertex 149 34 1
vertex 149 33 1
endloop
endfacet
facet normal 0 1 0
outer loop
vertex 149 34 0
vertex 139 34 0
vertex 139 34 1
endloop
endfacet
facet normal 0 1 0
outer loop
vertex 149 34 0
vertex 139 34 1
vertex 149 34 1
endloop
endfacet
facet normal -1 0 0
outer loop
vertex 139 34 0
vertex 139 33 0
vertex 139 33 1
endloop
endfacet
facet normal -1 0 0
outer loop
vertex 139 34 0
vertex 139 33 1
vertex 139 34 1
endloop
endfacet
facet normal 0 0 -1
outer loop
vertex 169 33 0
vertex 171 34 0
vertex 171 33 0
endloop
endfacet
facet normal 0 0 -1
outer loop
vertex 169 33 0
vertex 169 34 0
vertex 171 34 0
endloop
endfacet
facet normal 0 0 1
outer loop
vertex 169 33 1
vertex 171 33 1
vertex 171 34 1
endloop
endfacet
facet normal 0 0 1
outer loop
vertex 169 33 1
vertex 171 34 1
vertex 169 34 1
endloop
endfacet
facet normal 0 -1 0
outer loop
vertex 169 33 0
vertex 171 33 0
vertex 171 33 1
endloop
endfacet
facet normal 0 -1 0
outer loop
vertex 169 33 0
vertex 171 33 1
vertex 169 33 1
endloop
endfacet
facet normal 1 0 0
outer loop
vertex 171 33 0
vertex 171 34 0
vertex 171 34 1
endloop
endfacet
facet normal 1 0 0
outer loop
vertex 171 33 0
vertex 171 34 1
vertex 171 33 1
endloop
endfacet
facet normal 0 1 0
outer loop
vertex 171 34 0
vertex 169 34 0
vertex 169 34 1
endloop
endfacet
facet normal 0 1 0
outer loop
vertex 171 34 0
vertex 169 34 1
vertex 171 34 1
endloop
endfacet
facet normal -1 0 0
outer loop
vertex 169 34 0
vertex 169 33 0
vertex 169 33 1
endloop
endfacet
facet normal -1 0 0
outer loop
vertex 169 34 0
vertex 169 33 1
vertex 169 34 1
endloop
endfacet
facet normal 0 0 -1
outer loop
vertex 191 33 0
vertex 201 34 0
vertex 201 33 0
endloop
endfacet
facet normal 0 0 -1
outer loop
vertex 191 33 0
vertex 191 34 0
vertex 201 34 0
endloop
endfacet
facet normal 0 0 1
outer loop
vertex 191 33 1
vertex 201 33 1
vertex 201 34 1
endloop
endfacet
facet normal 0 0 1
outer loop
vertex 191 33 1
vertex 201 34 1
vertex 191 34 1
endloop
endfacet
facet normal 0 -1 0
outer loop
vertex 191 33 0
vertex 201 33 0
vertex 201 33 1
endloop
endfacet
facet normal 0 -1 0
outer loop
vertex 191 33 0
vertex 201 33 1
vertex 191 33 1
endloop
endfacet
facet normal 1 0 0
outer loop
vertex 201 33 0
vertex 201 34 0
vertex 201 34 1
endloop
endfacet
facet normal 1 0 0
outer loop
vertex 201 33 0
vertex 201 34 1
vertex 201 33 1
endloop
endfacet
facet normal 0 1 0
outer loop
vertex 201 34 0
vertex 191 34 0
vertex 191 34 1
endloop
endfacet
facet normal 0 1 0
outer loop
vertex 201 34 0
vertex 191 34 1
vertex 201 34 1
endloop
endfacet
facet normal -1 0 0
outer loop
vertex 191 34 0
vertex 191 33 0
vertex 191 33 1
endloop
endfacet
facet normal -1 0 0
outer loop
vertex 191 34 0
vertex 191 33 1
vertex 191 34 1
endloop
endfacet
facet normal 0 0 -1
outer loop
vertex 213 33 0
vertex 216 34 0
vertex 216 33 0
endloop
endfacet
facet normal 0 0 -1
outer loop
vertex 213 33 0
vertex 213 34 0
vertex 216 34 0
endloop
endfacet
facet normal 0 0 1
outer loop
vertex 213 33 1
vertex 216 33 1
vertex 216 34 1
endloop
endfacet
facet normal 0 0 1
outer loop
vertex 213 33 1
vertex 216 34 1
vertex 213 34 1
endloop
endfacet
facet normal 0 -1 0
outer loop
vertex 213 33 0
vertex 216 33 0
vertex 216 33 1
endloop
endfacet
facet normal 0 -1 0
outer loop
vertex 213 33 0
vertex 216 33 1
vertex 213 33 1
endloop
endfacet
facet normal 1 0 0
outer loop
vertex 216 33 0
vertex 216 34 0
vertex 216 34 1
endloop
endfacet
facet normal 1 0 0
outer loop
vertex 216 33 0
vertex 216 34 1
vertex 216 33 1
endloop
endfacet
facet normal 0 1 0
outer loop
vertex 216 34 0
vertex 213 34 0
vertex 213 34 1
endloop
endfacet
facet normal 0 1 0
outer loop
vertex 216 34 0
vertex 213 34 1
vertex 216 34 1
endloop
endfacet
facet normal -1 0 0
outer loop
vertex 213 34 0
vertex 213 33 0
vertex 213 33 1
endloop
endfacet
facet normal -1 0 0
outer loop
vertex 213 34 0
vertex 213 33 1
vertex 213 34 1
endloop
endfacet
facet normal 0 0 -1
outer loop
vertex 226 33 0
vertex 231 34 0
vertex 231 33 0
endloop
endfacet
facet normal 0 0 -1
outer loop
vertex 226 33 0
vertex 226 34 0
vertex 231 34 0
endloop
endfacet
facet normal 0 0 1
outer loop
vertex 226 33 1
vertex 231 33 1
vertex 231 34 1
endloop
endfacet
facet normal 0 0 1
outer loop
vertex 226 33 1
vertex 231 34 1
vertex 226 34 1
endloop
endfacet
facet normal 0 -1 0
outer loop
vertex 226 33 0
vertex 231 33 0
vertex 231 33 1
endloop
endfacet
facet normal 0 -1 0
outer loop
vertex 226 33 0
vertex 231 33 1
vertex 226 33 1
endloop
endfacet
facet normal 1 0 0
outer loop
vertex 231 33 0
vertex 231 34 0
vertex 231 34 1
endloop
endfacet
facet normal 1 0 0
outer loop
vertex 231 33 0
vertex 231 34 1
vertex 231 33 1
endloop
endfacet
facet normal 0 1 0
outer loop
vertex 231 34 0
vertex 226 34 0
vertex 226 34 1
endloop
endfacet
facet normal 0 1 0
outer loop
vertex 231 34 0
vertex 226 34 1
vertex 231 34 1
endloop
endfacet
facet normal -1 0 0
outer loop
vertex 226 34 0
vertex 226 33 0
vertex 226 33 1
endloop
endfacet
facet normal -1 0 0
outer loop
vertex 226 34 0
vertex 226 33 1
vertex 226 34 1
endloop
endfacet
facet normal 0 0 -1
outer loop
vertex 265 33 0
vertex 277 34 0
vertex 277 33 0
endloop
endfacet
facet normal 0 0 -1
outer loop
vertex 265 33 0
vertex 265 34 0
vertex 277 34 0
endloop
endfacet
facet normal 0 0 1
outer loop
vertex 265 33 1
vertex 277 33 1
vertex 277 34 1
endloop
endfacet
facet normal 0 0 1
outer loop
vertex 265 33 1
vertex 277 34 1
vertex 265 34 1
endloop
endfacet
facet normal 0 -1 0
outer loop
vertex 265 33 0
vertex 277 33 0
vertex 277 33 1
endloop
endfacet
facet normal 0 -1 0
outer loop
vertex 265 33 0
vertex 277 33 1
vertex 265 33 1
endloop
endfacet
facet normal 1 0 0
outer loop
vertex 277 33 0
vertex 277 34 0
vertex 277 34 1
endloop
endfacet
facet normal 1 0 0
outer loop
vertex 277 33 0
vertex 277 34 1
vertex 277 33 1
endloop
endfacet
facet normal 0 1 0
outer loop
vertex 277 34 0
vertex 265 34 0
vertex 265 34 1
endloop
endfacet
facet normal 0 1 0
outer loop
vertex 277 34 0
vertex 265 34 1
vertex 277 34 1
endloop
endfacet
facet normal -1 0 0
outer loop
vertex 265 34 0
vertex 265 33 0
vertex 265 33 1
endloop
endfacet
facet normal -1 0 0
outer loop
vertex 265 34 0
vertex 265 33 1
vertex 265 34 1
endloop
endfacet
facet normal 0 0 -1
outer loop
vertex 296 33 0
vertex 305 34 0
vertex 305 33 0
endloop
endfacet
facet normal 0 0 -1
outer loop
vertex 296 33 0
vertex 296 34 0
vertex 305 34 0
endloop
endfacet
facet normal 0 0 1
outer loop
vertex 296 33 1
vertex 305 33 1
vertex 305 34 1
endloop
endfacet
facet normal 0 0 1
outer loop
vertex 296 33 1
vertex 305 34 1
vertex 296 34 1
endloop
endfacet
facet normal 0 -1 0
outer loop
vertex 296 33 0
vertex 305 33 0
vertex 305 33 1
endloop
endfacet
facet normal 0 -1 0
outer loop
vertex 296 33 0
vertex 305 33 1
vertex 296 33 1
endloop
endfacet
facet normal 1 0 0
outer loop
vertex 305 33 0
vertex 305 34 0
vertex 305 34 1
endloop
endfacet
facet normal 1 0 0
outer loop
vertex 305 33 0
vertex 305 34 1
vertex 305 33 1
endloop
endfacet
facet normal 0 1 0
outer loop
vertex 305 34 0
vertex 296 34 0
vertex 296 34 1
endloop
endfacet
facet normal 0 1 0
outer loop
vertex 305 34 0
vertex 296 34 1
vertex 305 34 1
endloop
endfacet
facet normal -1 0 0
outer loop
vertex 296 34 0
vertex 296 33 0
vertex 296 33 1
endloop
endfacet
facet normal -1 0 0
outer loop
vertex 296 34 0
vertex 296 33 1
vertex 296 34 1
endloop
endfacet
facet normal 0 0 -1
outer loop
vertex 310 33 0
vertex 313 34 0
vertex 313 33 0
endloop
endfacet
facet normal 0 0 -1
outer loop
vertex 310 33 0
vertex 310 34 0
vertex 313 34 0
endloop
endfacet
facet normal 0 0 1
outer loop
vertex 310 33 1
vertex 313 33 1
vertex 313 34 1
endloop
endfacet
facet normal 0 0 1
outer loop
vertex 310 33 1
vertex 313 34 1
vertex 310 34 1
endloop
endfacet
facet normal 0 -1 0
outer loop
vertex 310 33 0
vertex 313 33 0
vertex 313 33 1
endloop
endfacet
facet normal 0 -1 0
outer loop
vertex 310 33 0
vertex 313 33 1
vertex 310 33 1
endloop
endfacet
facet normal 1 0 0
outer loop
vertex 313 33 0
vertex 313 34 0
vertex 313 34 1
endloop
endfacet
facet normal 1 0 0
outer loop
vertex 313 33 0
vertex 313 34 1
vertex 313 33 1
endloop
endfacet
facet normal 0 1 0
outer loop
vertex 313 34 0
vertex 310 34 0
vertex 310 34 1
endloop
endfacet
facet normal 0 1 0
outer loop
vertex 313 34 0
vertex 310 34 1
vertex 313 34 1
endloop
endfacet
facet normal -1 0 0
outer loop
vertex 310 34 0
vertex 310 33 0
vertex 310 33 1
endloop
endfacet
facet normal -1 0 0
outer loop
vertex 310 34 0
vertex 310 33 1
vertex 310 34 1
endloop
endfacet
facet normal 0 0 -1
outer loop
vertex 318 33 0
vertex 321 34 0
vertex 321 33 0
endloop
endfacet
facet normal 0 0 -1
outer loop
vertex 318 33 0
vertex 318 34 0
vertex 321 34 0
endloop
endfacet
facet normal 0 0 1
outer loop
vertex 318 33 1
vertex 321 33 1
vertex 321 34 1
endloop
endfacet
facet normal 0 0 1
outer loop
vertex 318 33 1
vertex 321 34 1
vertex 318 34 1
endloop
endfacet
facet normal 0 -1 0
outer loop
vertex 318 33 0
vertex 321 33 0
vertex 321 33 1
endloop
endfacet
facet normal 0 -1 0
outer loop
vertex 318 33 0
vertex 321 33 1
vertex 318 33 1
endloop
endfacet
facet normal 1 0 0
outer loop
vertex 321 33 0
vertex 321 34 0
vertex 321 34 1
endloop
endfacet
facet normal 1 0 0
outer loop
vertex 321 33 0
vertex 321 34 1
vertex 321 33 1
endloop
endfacet
facet normal 0 1 0
outer loop
vertex 321 34 0
vertex 318 34 0
vertex 318 34 1
endloop
endfacet
facet normal 0 1 0
outer loop
vertex 321 34 0
vertex 318 34 1
vertex 321 34 1
endloop
endfacet
facet normal -1 0 0
outer loop
vertex 318 34 0
vertex 318 33 0
vertex 318 33 1
endloop
endfacet
facet normal -1 0 0
outer loop
vertex 318 34 0
vertex 318 33 1
vertex 318 34 1
endloop
endfacet
facet normal 0 0 -1
outer loop
vertex 226 34 0
vertex 231 35 0
vertex 231 34 0
endloop
endfacet
facet normal 0 0 -1
outer loop
vertex 226 34 0
vertex 226 35 0
vertex 231 35 0
endloop
endfacet
facet normal 0 0 1
outer loop
vertex 226 34 1
vertex 231 34 1
vertex 231 35 1
endloop
endfacet
facet normal 0 0 1
outer loop
vertex 226 34 1
vertex 231 35 1
vertex 226 35 1
endloop
endfacet
facet normal 0 -1 0
outer loop
vertex 226 34 0
vertex 231 34 0
vertex 231 34 1
endloop
endfacet
facet normal 0 -1 0
outer loop
vertex 226 34 0
vertex 231 34 1
vertex 226 34 1
endloop
endfacet
facet normal 1 0 0
outer loop
vertex 231 34 0
vertex 231 35 0
vertex 231 35 1
endloop
endfacet
facet normal 1 0 0
outer loop
vertex 231 34 0
vertex 231 35 1
vertex 231 34 1
endloop
endfacet
facet normal 0 1 0
outer loop
vertex 231 35 0
vertex 226 35 0
vertex 226 35 1
endloop
endfacet
facet normal 0 1 0
outer loop
vertex 231 35 0
vertex 226 35 1
vertex 231 35 1
endloop
endfacet
facet normal -1 0 0
outer loop
vertex 226 35 0
vertex 226 34 0
vertex 226 34 1
endloop
endfacet
facet normal -1 0 0
outer loop
vertex 226 35 0
vertex 226 34 1
vertex 226 35 1
endloop
endfacet
facet normal 0 0 -1
outer loop
vertex 225 35 0
vertex 230 36 0
vertex 230 35 0
endloop
endfacet
facet normal 0 0 -1
outer loop
vertex 225 35 0
vertex 225 36 0
vertex 230 36 0
endloop
endfacet
facet normal 0 0 1
outer loop
vertex 225 35 1
vertex 230 35 1
vertex 230 36 1
endloop
endfacet
facet normal 0 0 1
outer loop
vertex 225 35 1
vertex 230 36 1
vertex 225 36 1
endloop
endfacet
facet normal 0 -1 0
outer loop
vertex 225 35 0
vertex 230 35 0
vertex 230 35 1
endloop
endfacet
facet normal 0 -1 0
outer loop
vertex 225 35 0
vertex 230 35 1
vertex 225 35 1
endloop
endfacet
facet normal 1 0 0
outer loop
vertex 230 35 0
vertex 230 36 0
vertex 230 36 1
endloop
endfacet
facet normal 1 0 0
outer loop
vertex 230 35 0
vertex 230 36 1
vertex 230 35 1
endloop
endfacet
facet normal 0 1 0
outer loop
vertex 230 36 0
vertex 225 36 0
vertex 225 36 1
endloop
endfacet
facet normal 0 1 0
outer loop
vertex 230 36 0
vertex 225 36 1
vertex 230 36 1
endloop
endfacet
facet normal -1 0 0
outer loop
vertex 225 36 0
vertex 225 35 0
vertex 225 35 1
endloop
endfacet
facet normal -1 0 0
outer loop
vertex 225 36 0
vertex 225 35 1
vertex 225 36 1
endloop
endfacet
facet normal 0 0 -1
outer loop
vertex 225 36 0
vertex 230 37 0
vertex 230 36 0
endloop
endfacet
facet normal 0 0 -1
outer loop
vertex 225 36 0
vertex 225 37 0
vertex 230 37 0
endloop
endfacet
facet normal 0 0 1
outer loop
vertex 225 36 1
vertex 230 36 1
vertex 230 37 1
endloop
endfacet
facet normal 0 0 1
outer loop
vertex 225 36 1
vertex 230 37 1
vertex 225 37 1
endloop
endfacet
facet normal 0 -1 0
outer loop
vertex 225 36 0
vertex 230 36 0
vertex 230 36 1
endloop
endfacet
facet normal 0 -1 0
outer loop
vertex 225 36 0
vertex 230 36 1
vertex 225 36 1
endloop
endfacet
facet normal 1 0 0
outer loop
vertex 230 36 0
vertex 230 37 0
vertex 230 37 1
endloop
endfacet
facet normal 1 0 0
outer loop
vertex 230 36 0
vertex 230 37 1
vertex 230 36 1
endloop
endfacet
facet normal 0 1 0
outer loop
vertex 230 37 0
vertex 225 37 0
vertex 225 37 1
endloop
endfacet
facet normal 0 1 0
outer loop
vertex 230 37 0
vertex 225 37 1
vertex 230 37 1
endloop
endfacet
facet normal -1 0 0
outer loop
vertex 225 37 0
vertex 225 36 0
vertex 225 36 1
endloop
endfacet
facet normal -1 0 0
outer loop
vertex 225 37 0
vertex 225 36 1
vertex 225 37 1
endloop
endfacet
facet normal 0 0 -1
outer loop
vertex 225 37 0
vertex 229 38 0
vertex 229 37 0
endloop
endfacet
facet normal 0 0 -1
outer loop
vertex 225 37 0
vertex 225 38 0
vertex 229 38 0
endloop
endfacet
facet normal 0 0 1
outer loop
vertex 225 37 1
vertex 229 37 1
vertex 229 38 1
endloop
endfacet
facet normal 0 0 1
outer loop
vertex 225 37 1
vertex 229 38 1
vertex 225 38 1
endloop
endfacet
facet normal 0 -1 0
outer loop
vertex 225 37 0
vertex 229 37 0
vertex 229 37 1
endloop
endfacet
facet normal 0 -1 0
outer loop
vertex 225 37 0
vertex 229 37 1
vertex 225 37 1
endloop
endfacet
facet normal 1 0 0
outer loop
vertex 229 37 0
vertex 229 38 0
vertex 229 38 1
endloop
endfacet
facet normal 1 0 0
outer loop
vertex 229 37 0
vertex 229 38 1
vertex 229 37 1
endloop
endfacet
facet normal 0 1 0
outer loop
vertex 229 38 0
vertex 225 38 0
vertex 225 38 1
endloop
endfacet
facet normal 0 1 0
outer loop
vertex 229 38 0
vertex 225 38 1
vertex 229 38 1
endloop
endfacet
facet normal -1 0 0
outer loop
vertex 225 38 0
vertex 225 37 0
vertex 225 37 1
endloop
endfacet
facet normal -1 0 0
outer loop
vertex 225 38 0
vertex 225 37 1
vertex 225 38 1
endloop
endfacet
facet normal 0 0 -1
outer loop
vertex 224 38 0
vertex 229 39 0
vertex 229 38 0
endloop
endfacet
facet normal 0 0 -1
outer loop
vertex 224 38 0
vertex 224 39 0
vertex 229 39 0
endloop
endfacet
facet normal 0 0 1
outer loop
vertex 224 38 1
vertex 229 38 1
vertex 229 39 1
endloop
endfacet
facet normal 0 0 1
outer loop
vertex 224 38 1
vertex 229 39 1
vertex 224 39 1
endloop
endfacet
facet normal 0 -1 0
outer loop
vertex 224 38 0
vertex 229 38 0
vertex 229 38 1
endloop
endfacet
facet normal 0 -1 0
outer loop
vertex 224 38 0
vertex 229 38 1
vertex 224 38 1
endloop
endfacet
facet normal 1 0 0
outer loop
vertex 229 38 0
vertex 229 39 0
vertex 229 39 1
endloop
endfacet
facet normal 1 0 0
outer loop
vertex 229 38 0
vertex 229 39 1
vertex 229 38 1
endloop
endfacet
facet normal 0 1 0
outer loop
vertex 229 39 0
vertex 224 39 0
vertex 224 39 1
endloop
endfacet
facet normal 0 1 0
outer loop
vertex 229 39 0
vertex 224 39 1
vertex 229 39 1
endloop
endfacet
facet normal -1 0 0
outer loop
vertex 224 39 0
vertex 224 38 0
vertex 224 38 1
endloop
endfacet
facet normal -1 0 0
outer loop
vertex 224 39 0
vertex 224 38 1
vertex 224 39 1
endloop
endfacet
facet normal 0 0 -1
outer loop
vertex 224 39 0
vertex 228 40 0
vertex 228 39 0
endloop
endfacet
facet normal 0 0 -1
outer loop
vertex 224 39 0
vertex 224 40 0
vertex 228 40 0
endloop
endfacet
facet normal 0 0 1
outer loop
vertex 224 39 1
vertex 228 39 1
vertex 228 40 1
endloop
endfacet
facet normal 0 0 1
outer loop
vertex 224 39 1
vertex 228 40 1
vertex 224 40 1
endloop
endfacet
facet normal 0 -1 0
outer loop
vertex 224 39 0
vertex 228 39 0
vertex 228 39 1
endloop
endfacet
facet normal 0 -1 0
outer loop
vertex 224 39 0
vertex 228 39 1
vertex 224 39 1
endloop
endfacet
facet normal 1 0 0
outer loop
vertex 228 39 0
vertex 228 40 0
vertex 228 40 1
endloop
endfacet
facet normal 1 0 0
outer loop
vertex 228 39 0
vertex 228 40 1
vertex 228 39 1
endloop
endfacet
facet normal 0 1 0
outer loop
vertex 228 40 0
vertex 224 40 0
vertex 224 40 1
endloop
endfacet
facet normal 0 1 0
outer loop
vertex 228 40 0
vertex 224 40 1
vertex 228 40 1
endloop
endfacet
facet normal -1 0 0
outer loop
vertex 224 40 0
vertex 224 39 0
vertex 224 39 1
endloop
endfacet
facet normal -1 0 0
outer loop
vertex 224 40 0
vertex 224 39 1
vertex 224 40 1
endloop
endfacet
facet normal 0 0 -1
outer loop
vertex 223 40 0
vertex 228 41 0
vertex 228 40 0
endloop
endfacet
facet normal 0 0 -1
outer loop
vertex 223 40 0
vertex 223 41 0
vertex 228 41 0
endloop
endfacet
facet normal 0 0 1
outer loop
vertex 223 40 1
vertex 228 40 1
vertex 228 41 1
endloop
endfacet
facet normal 0 0 1
outer loop
vertex 223 40 1
vertex 228 41 1
vertex 223 41 1
endloop
endfacet
facet normal 0 -1 0
outer loop
vertex 223 40 0
vertex 228 40 0
vertex 228 40 1
endloop
endfacet
facet normal 0 -1 0
outer loop
vertex 223 40 0
vertex 228 40 1
vertex 223 40 1
endloop
endfacet
facet normal 1 0 0
outer loop
vertex 228 40 0
vertex 228 41 0
vertex 228 41 1
endloop
endfacet
facet normal 1 0 0
outer loop
vertex 228 40 0
vertex 228 41 1
vertex 228 40 1
endloop
endfacet
facet normal 0 1 0
outer loop
vertex 228 41 0
vertex 223 41 0
vertex 223 41 1
endloop
endfacet
facet normal 0 1 0
outer loop
vertex 228 41 0
vertex 223 41 1
vertex 228 41 1
endloop
endfacet
facet normal -1 0 0
outer loop
vertex 223 41 0
vertex 223 40 0
vertex 223 40 1
endloop
endfacet
facet normal -1 0 0
outer loop
vertex 223 41 0
vertex 223 40 1
vertex 223 41 1
endloop
endfacet
facet normal 0 0 -1
outer loop
vertex 125 41 0
vertex 129 42 0
vertex 129 41 0
endloop
endfacet
facet normal 0 0 -1
outer loop
vertex 125 41 0
vertex 125 42 0
vertex 129 42 0
endloop
endfacet
facet normal 0 0 1
outer loop
vertex 125 41 1
vertex 129 41 1
vertex 129 42 1
endloop
endfacet
facet normal 0 0 1
outer loop
vertex 125 41 1
vertex 129 42 1
vertex 125 42 1
endloop
endfacet
facet normal 0 -1 0
outer loop
vertex 125 41 0
vertex 129 41 0
vertex 129 41 1
endloop
endfacet
facet normal 0 -1 0
outer loop
vertex 125 41 0
vertex 129 41 1
vertex 125 41 1
endloop
endfacet
facet normal 1 0 0
outer loop
vertex 129 41 0
vertex 129 42 0
vertex 129 42 1
endloop
endfacet
facet normal 1 0 0
outer loop
vertex 129 41 0
vertex 129 42 1
vertex 129 41 1
endloop
endfacet
facet normal 0 1 0
outer loop
vertex 129 42 0
vertex 125 42 0
vertex 125 42 1
endloop
endfacet
facet normal 0 1 0
outer loop
vertex 129 42 0
vertex 125 42 1
vertex 129 42 1
endloop
endfacet
facet normal -1 0 0
outer loop
vertex 125 42 0
vertex 125 41 0
vertex 125 41 1
endloop
endfacet
facet normal -1 0 0
outer loop
vertex 125 42 0
vertex 125 41 1
vertex 125 42 1
endloop
endfacet
facet normal 0 0 -1
outer loop
vertex 223 41 0
vertex 228 42 0
vertex 228 41 0
endloop
endfacet
facet normal 0 0 -1
outer loop
vertex 223 41 0
vertex 223 42 0
vertex 228 42 0
endloop
endfacet
facet normal 0 0 1
outer loop
vertex 223 41 1
vertex 228 41 1
vertex 228 42 1
endloop
endfacet
facet normal 0 0 1
outer loop
vertex 223 41 1
vertex 228 42 1
vertex 223 42 1
endloop
endfacet
facet normal 0 -1 0
outer loop
vertex 223 41 0
vertex 228 41 0
vertex 228 41 1
endloop
endfacet
facet normal 0 -1 0
outer loop
vertex 223 41 0
vertex 228 41 1
vertex 223 41 1
endloop
endfacet
facet normal 1 0 0
outer loop
vertex 228 41 0
vertex 228 42 0
vertex 228 42 1
endloop
endfacet
facet normal 1 0 0
outer loop
vertex 228 41 0
vertex 228 42 1
vertex 228 41 1
endloop
endfacet
facet normal 0 1 0
outer loop
vertex 228 42 0
vertex 223 42 0
vertex 223 42 1
endloop
endfacet
facet normal 0 1 0
outer loop
vertex 228 42 0
vertex 223 42 1
vertex 228 42 1
endloop
endfacet
facet normal -1 0 0
outer loop
vertex 223 42 0
vertex 223 41 0
vertex 223 41 1
endloop
endfacet
facet normal -1 0 0
outer loop
vertex 223 42 0
vertex 223 41 1
vertex 223 42 1
endloop
endfacet
facet normal 0 0 -1
outer loop
vertex 125 42 0
vertex 130 43 0
vertex 130 42 0
endloop
endfacet
facet normal 0 0 -1
outer loop
vertex 125 42 0
vertex 125 43 0
vertex 130 43 0
endloop
endfacet
facet normal 0 0 1
outer loop
vertex 125 42 1
vertex 130 42 1
vertex 130 43 1
endloop
endfacet
facet normal 0 0 1
outer loop
vertex 125 42 1
vertex 130 43 1
vertex 125 43 1
endloop
endfacet
facet normal 0 -1 0
outer loop
vertex 125 42 0
vertex 130 42 0
vertex 130 42 1
endloop
endfacet
facet normal 0 -1 0
outer loop
vertex 125 42 0
vertex 130 42 1
vertex 125 42 1
endloop
endfacet
facet normal 1 0 0
outer loop
vertex 130 42 0
vertex 130 43 0
vertex 130 43 1
endloop
endfacet
facet normal 1 0 0
outer loop
vertex 130 42 0
vertex 130 43 1
vertex 130 42 1
endloop
endfacet
facet normal 0 1 0
outer loop
vertex 130 43 0
vertex 125 43 0
vertex 125 43 1
endloop
endfacet
facet normal 0 1 0
outer loop
vertex 130 43 0
vertex 125 43 1
vertex 130 43 1
endloop
endfacet
facet normal -1 0 0
outer loop
vertex 125 43 0
vertex 125 42 0
vertex 125 42 1
endloop
endfacet
facet normal -1 0 0
outer loop
vertex 125 43 0
vertex 125 42 1
vertex 125 43 1
endloop
endfacet
facet normal 0 0 -1
outer loop
vertex 125 43 0
vertex 129 44 0
vertex 129 43 0
endloop
endfacet
facet normal 0 0 -1
outer loop
vertex 125 43 0
vertex 125 44 0
vertex 129 44 0
endloop
endfacet
facet normal 0 0 1
outer loop
vertex 125 43 1
vertex 129 43 1
vertex 129 44 1
endloop
endfacet
facet normal 0 0 1
outer loop
vertex 125 43 1
vertex 129 44 1
vertex 125 44 1
endloop
endfacet
facet normal 0 -1 0
outer loop
vertex 125 43 0
vertex 129 43 0
vertex 129 43 1
endloop
endfacet
facet normal 0 -1 0
outer loop
vertex 125 43 0
vertex 129 43 1
vertex 125 43 1
endloop
endfacet
facet normal 1 0 0
outer loop
vertex 129 43 0
vertex 129 44 0
vertex 129 44 1
endloop
endfacet
facet normal 1 0 0
outer loop
vertex 129 43 0
vertex 129 44 1
vertex 129 43 1
endloop
endfacet
facet normal 0 1 0
outer loop
vertex 129 44 0
vertex 125 44 0
vertex 125 44 1
endloop
endfacet
facet normal 0 1 0
outer loop
vertex 129 44 0
vertex 125 44 1
vertex 129 44 1
endloop
endfacet
facet normal -1 0 0
outer loop
vertex 125 44 0
vertex 125 43 0
vertex 125 43 1
endloop
endfacet
facet normal -1 0 0
outer loop
vertex 125 44 0
vertex 125 43 1
vertex 125 44 1
endloop
endfacet
facet normal 0 0 -1
outer loop
vertex 116 44 0
vertex 120 45 0
vertex 120 44 0
endloop
endfacet
facet normal 0 0 -1
outer loop
vertex 116 44 0
vertex 116 45 0
vertex 120 45 0
endloop
endfacet
facet normal 0 0 1
outer loop
vertex 116 44 1
vertex 120 44 1
vertex 120 45 1
endloop
endfacet
facet normal 0 0 1
outer loop
vertex 116 44 1
vertex 120 45 1
vertex 116 45 1
endloop
endfacet
facet normal 0 -1 0
outer loop
vertex 116 44 0
vertex 120 44 0
vertex 120 44 1
endloop
endfacet
facet normal 0 -1 0
outer loop
vertex 116 44 0
vertex 120 44 1
vertex 116 44 1
endloop
endfacet
facet normal 1 0 0
outer loop
vertex 120 44 0
vertex 120 45 0
vertex 120 45 1
endloop
endfacet
facet normal 1 0 0
outer loop
vertex 120 44 0
vertex 120 45 1
vertex 120 44 1
endloop
endfacet
facet normal 0 1 0
outer loop
vertex 120 45 0
vertex 116 45 0
vertex 116 45 1
endloop
endfacet
facet normal 0 1 0
outer loop
vertex 120 45 0
vertex 116 45 1
vertex 120 45 1
endloop
endfacet
facet normal -1 0 0
outer loop
vertex 116 45 0
vertex 116 44 0
vertex 116 44 1
endloop
endfacet
facet normal -1 0 0
outer loop
vertex 116 45 0
vertex 116 44 1
vertex 116 45 1
endloop
endfacet
facet normal 0 0 -1
outer loop
vertex 125 44 0
vertex 129 45 0
vertex 129 44 0
endloop
endfacet
facet normal 0 0 -1
outer loop
vertex 125 44 0
vertex 125 45 0
vertex 129 45 0
endloop
endfacet
facet normal 0 0 1
outer loop
vertex 125 44 1
vertex 129 44 1
vertex 129 45 1
endloop
endfacet
facet normal 0 0 1
outer loop
vertex 125 44 1
vertex 129 45 1
vertex 125 45 1
endloop
endfacet
facet normal 0 -1 0
outer loop
vertex 125 44 0
vertex 129 44 0
vertex 129 44 1
endloop
endfacet
facet normal 0 -1 0
outer loop
vertex 125 44 0
vertex 129 44 1
vertex 125 44 1
endloop
endfacet
facet normal 1 0 0
outer loop
vertex 129 44 0
vertex 129 45 0
vertex 129 45 1
endloop
endfacet
facet normal 1 0 0
outer loop
vertex 129 44 0
vertex 129 45 1
vertex 129 44 1
endloop
endfacet
facet normal 0 1 0
outer loop
vertex 129 45 0
vertex 125 45 0
vertex 125 45 1
endloop
endfacet
facet normal 0 1 0
outer loop
vertex 129 45 0
vertex 125 45 1
vertex 129 45 1
endloop
endfacet
facet normal -1 0 0
outer loop
vertex 125 45 0
vertex 125 44 0
vertex 125 44 1
endloop
endfacet
facet normal -1 0 0
outer loop
vertex 125 45 0
vertex 125 44 1
vertex 125 45 1
endloop
endfacet
facet normal 0 0 -1
outer loop
vertex 197 44 0
vertex 210 45 0
vertex 210 44 0
endloop
endfacet
facet normal 0 0 -1
outer loop
vertex 197 44 0
vertex 197 45 0
vertex 210 45 0
endloop
endfacet
facet normal 0 0 1
outer loop
vertex 197 44 1
vertex 210 44 1
vertex 210 45 1
endloop
endfacet
facet normal 0 0 1
outer loop
vertex 197 44 1
vertex 210 45 1
vertex 197 45 1
endloop
endfacet
facet normal 0 -1 0
outer loop
vertex 197 44 0
vertex 210 44 0
vertex 210 44 1
endloop
endfacet
facet normal 0 -1 0
outer loop
vertex 197 44 0
vertex 210 44 1
vertex 197 44 1
endloop
endfacet
facet normal 1 0 0
outer loop
vertex 210 44 0
vertex 210 45 0
vertex 210 45 1
endloop
endfacet
facet normal 1 0 0
outer loop
vertex 210 44 0
vertex 210 45 1
vertex 210 44 1
endloop
endfacet
facet normal 0 1 0
outer loop
vertex 210 45 0
vertex 197 45 0
vertex 197 45 1
endloop
endfacet
facet normal 0 1 0
outer loop
vertex 210 45 0
vertex 197 45 1
vertex 210 45 1
endloop
endfacet
facet normal -1 0 0
outer loop
vertex 197 45 0
vertex 197 44 0
vertex 197 44 1
endloop
endfacet
facet normal -1 0 0
outer loop
vertex 197 45 0
vertex 197 44 1
vertex 197 45 1
endloop
endfacet
facet normal 0 0 -1
outer loop
vertex 241 44 0
vertex 246 45 0
vertex 246 44 0
endloop
endfacet
facet normal 0 0 -1
outer loop
vertex 241 44 0
vertex 241 45 0
vertex 246 45 0
endloop
endfacet
facet normal 0 0 1
outer loop
vertex 241 44 1
vertex 246 44 1
vertex 246 45 1
endloop
endfacet
facet normal 0 0 1
outer loop
vertex 241 44 1
vertex 246 45 1
vertex 241 45 1
endloop
endfacet
facet normal 0 -1 0
outer loop
vertex 241 44 0
vertex 246 44 0
vertex 246 44 1
endloop
endfacet
facet normal 0 -1 0
outer loop
vertex 241 44 0
vertex 246 44 1
vertex 241 44 1
endloop
endfacet
facet normal 1 0 0
outer loop
vertex 246 44 0
vertex 246 45 0
vertex 246 45 1
endloop
endfacet
facet normal 1 0 0
outer loop
vertex 246 44 0
vertex 246 45 1
vertex 246 44 1
endloop
endfacet
facet normal 0 1 0
outer loop
vertex 246 45 0
vertex 241 45 0
vertex 241 45 1
endloop
endfacet
facet normal 0 1 0
outer loop
vertex 246 45 0
vertex 241 45 1
vertex 246 45 1
endloop
endfacet
facet normal -1 0 0
outer loop
vertex 241 45 0
vertex 241 44 0
vertex 241 44 1
endloop
endfacet
facet normal -1 0 0
outer loop
vertex 241 45 0
vertex 241 44 1
vertex 241 45 1
endloop
endfacet
facet normal 0 0 -1
outer loop
vertex 116 45 0
vertex 120 46 0
vertex 120 45 0
endloop
endfacet
facet normal 0 0 -1
outer loop
vertex 116 45 0
vertex 116 46 0
vertex 120 46 0
endloop
endfacet
facet normal 0 0 1
outer loop
vertex 116 45 1
vertex 120 45 1
vertex 120 46 1
endloop
endfacet
facet normal 0 0 1
outer loop
vertex 116 45 1
vertex 120 46 1
vertex 116 46 1
endloop
endfacet
facet normal 0 -1 0
outer loop
vertex 116 45 0
vertex 120 45 0
vertex 120 45 1
endloop
endfacet
facet normal 0 -1 0
outer loop
vertex 116 45 0
vertex 120 45 1
vertex 116 45 1
endloop
endfacet
facet normal 1 0 0
outer loop
vertex 120 45 0
vertex 120 46 0
vertex 120 46 1
endloop
endfacet
facet normal 1 0 0
outer loop
vertex 120 45 0
vertex 120 46 1
vertex 120 45 1
endloop
endfacet
facet normal 0 1 0
outer loop
vertex 120 46 0
vertex 116 46 0
vertex 116 46 1
endloop
endfacet
facet normal 0 1 0
outer loop
vertex 120 46 0
vertex 116 46 1
vertex 120 46 1
endloop
endfacet
facet normal -1 0 0
outer loop
vertex 116 46 0
vertex 116 45 0
vertex 116 45 1
endloop
endfacet
facet normal -1 0 0
outer loop
vertex 116 46 0
vertex 116 45 1
vertex 116 46 1
endloop
endfacet
facet normal 0 0 -1
outer loop
vertex 125 45 0
vertex 129 46 0
vertex 129 45 0
endloop
endfacet
facet normal 0 0 -1
outer loop
vertex 125 45 0
vertex 125 46 0
vertex 129 46 0
endloop
endfacet
facet normal 0 0 1
outer loop
vertex 125 45 1
vertex 129 45 1
vertex 129 46 1
endloop
endfacet
facet normal 0 0 1
outer loop
vertex 125 45 1
vertex 129 46 1
vertex 125 46 1
endloop
endfacet
facet normal 0 -1 0
outer loop
vertex 125 45 0
vertex 129 45 0
vertex 129 45 1
endloop
endfacet
facet normal 0 -1 0
outer loop
vertex 125 45 0
vertex 129 45 1
vertex 125 45 1
endloop
endfacet
facet normal 1 0 0
outer loop
vertex 129 45 0
vertex 129 46 0
vertex 129 46 1
endloop
endfacet
facet normal 1 0 0
outer loop
vertex 129 45 0
vertex 129 46 1
vertex 129 45 1
endloop
endfacet
facet normal 0 1 0
outer loop
vertex 129 46 0
vertex 125 46 0
vertex 125 46 1
endloop
endfacet
facet normal 0 1 0
outer loop
vertex 129 46 0
vertex 125 46 1
vertex 129 46 1
endloop
endfacet
facet normal -1 0 0
outer loop
vertex 125 46 0
vertex 125 45 0
vertex 125 45 1
endloop
endfacet
facet normal -1 0 0
outer loop
vertex 125 46 0
vertex 125 45 1
vertex 125 46 1
endloop
endfacet
facet normal 0 0 -1
outer loop
vertex 197 45 0
vertex 215 46 0
vertex 215 45 0
endloop
endfacet
facet normal 0 0 -1
outer loop
vertex 197 45 0
vertex 197 46 0
vertex 215 46 0
endloop
endfacet
facet normal 0 0 1
outer loop
vertex 197 45 1
vertex 215 45 1
vertex 215 46 1
endloop
endfacet
facet normal 0 0 1
outer loop
vertex 197 45 1
vertex 215 46 1
vertex 197 46 1
endloop
endfacet
facet normal 0 -1 0
outer loop
vertex 197 45 0
vertex 215 45 0
vertex 215 45 1
endloop
endfacet
facet normal 0 -1 0
outer loop
vertex 197 45 0
vertex 215 45 1
vertex 197 45 1
endloop
endfacet
facet normal 1 0 0
outer loop
vertex 215 45 0
vertex 215 46 0
vertex 215 46 1
endloop
endfacet
facet normal 1 0 0
outer loop
vertex 215 45 0
vertex 215 46 1
vertex 215 45 1
endloop
endfacet
facet normal 0 1 0
outer loop
vertex 215 46 0
vertex 197 46 0
vertex 197 46 1
endloop
endfacet
facet normal 0 1 0
outer loop
vertex 215 46 0
vertex 197 46 1
vertex 215 46 1
endloop
endfacet
facet normal -1 0 0
outer loop
vertex 197 46 0
vertex 197 45 0
vertex 197 45 1
endloop
endfacet
facet normal -1 0 0
outer loop
vertex 197 46 0
vertex 197 45 1
vertex 197 46 1
endloop
endfacet
facet normal 0 0 -1
outer loop
vertex 240 45 0
vertex 246 46 0
vertex 246 45 0
endloop
endfacet
facet normal 0 0 -1
outer loop
vertex 240 45 0
vertex 240 46 0
vertex 246 46 0
endloop
endfacet
facet normal 0 0 1
outer loop
vertex 240 45 1
vertex 246 45 1
vertex 246 46 1
endloop
endfacet
facet normal 0 0 1
outer loop
vertex 240 45 1
vertex 246 46 1
vertex 240 46 1
endloop
endfacet
facet normal 0 -1 0
outer loop
vertex 240 45 0
vertex 246 45 0
vertex 246 45 1
endloop
endfacet
facet normal 0 -1 0
outer loop
vertex 240 45 0
vertex 246 45 1
vertex 240 45 1
endloop
endfacet
facet normal 1 0 0
outer loop
vertex 246 45 0
vertex 246 46 0
vertex 246 46 1
endloop
endfacet
facet normal 1 0 0
outer loop
vertex 246 45 0
vertex 246 46 1
vertex 246 45 1
endloop
endfacet
facet normal 0 1 0
outer loop
vertex 246 46 0
vertex 240 46 0
vertex 240 46 1
endloop
endfacet
facet normal 0 1 0
outer loop
vertex 246 46 0
vertex 240 46 1
vertex 246 46 1
endloop
endfacet
facet normal -1 0 0
outer loop
vertex 240 46 0
vertex 240 45 0
vertex 240 45 1
endloop
endfacet
facet normal -1 0 0
outer loop
vertex 240 46 0
vertex 240 45 1
vertex 240 46 1
endloop
endfacet
facet normal 0 0 -1
outer loop
vertex 116 46 0
vertex 120 47 0
vertex 120 46 0
endloop
endfacet
facet normal 0 0 -1
outer loop
vertex 116 46 0
vertex 116 47 0
vertex 120 47 0
endloop
endfacet
facet normal 0 0 1
outer loop
vertex 116 46 1
vertex 120 46 1
vertex 120 47 1
endloop
endfacet
facet normal 0 0 1
outer loop
vertex 116 46 1
vertex 120 47 1
vertex 116 47 1
endloop
endfacet
facet normal 0 -1 0
outer loop
vertex 116 46 0
vertex 120 46 0
vertex 120 46 1
endloop
endfacet
facet normal 0 -1 0
outer loop
vertex 116 46 0
vertex 120 46 1
vertex 116 46 1
endloop
endfacet
facet normal 1 0 0
outer loop
vertex 120 46 0
vertex 120 47 0
vertex 120 47 1
endloop
endfacet
facet normal 1 0 0
outer loop
vertex 120 46 0
vertex 120 47 1
vertex 120 46 1
endloop
endfacet
facet normal 0 1 0
outer loop
vertex 120 47 0
vertex 116 47 0
vertex 116 47 1
endloop
endfacet
facet normal 0 1 0
outer loop
vertex 120 47 0
vertex 116 47 1
vertex 120 47 1
endloop
endfacet
facet normal -1 0 0
outer loop
vertex 116 47 0
vertex 116 46 0
vertex 116 46 1
endloop
endfacet
facet normal -1 0 0
outer loop
vertex 116 47 0
vertex 116 46 1
vertex 116 47 1
endloop
endfacet
facet normal 0 0 -1
outer loop
vertex 125 46 0
vertex 129 47 0
vertex 129 46 0
endloop
endfacet
facet normal 0 0 -1
outer loop
vertex 125 46 0
vertex 125 47 0
vertex 129 47 0
endloop
endfacet
facet normal 0 0 1
outer loop
vertex 125 46 1
vertex 129 46 1
vertex 129 47 1
endloop
endfacet
facet normal 0 0 1
outer loop
vertex 125 46 1
vertex 129 47 1
vertex 125 47 1
endloop
endfacet
facet normal 0 -1 0
outer loop
vertex 125 46 0
vertex 129 46 0
vertex 129 46 1
endloop
endfacet
facet normal 0 -1 0
outer loop
vertex 125 46 0
vertex 129 46 1
vertex 125 46 1
endloop
endfacet
facet normal 1 0 0
outer loop
vertex 129 46 0
vertex 129 47 0
vertex 129 47 1
endloop
endfacet
facet normal 1 0 0
outer loop
vertex 129 46 0
vertex 129 47 1
vertex 129 46 1
endloop
endfacet
facet normal 0 1 0
outer loop
vertex 129 47 0
vertex 125 47 0
vertex 125 47 1
endloop
endfacet
facet normal 0 1 0
outer loop
vertex 129 47 0
vertex 125 47 1
vertex 129 47 1
endloop
endfacet
facet normal -1 0 0
outer loop
vertex 125 47 0
vertex 125 46 0
vertex 125 46 1
endloop
endfacet
facet normal -1 0 0
outer loop
vertex 125 47 0
vertex 125 46 1
vertex 125 47 1
endloop
endfacet
facet normal 0 0 -1
outer loop
vertex 197 46 0
vertex 217 47 0
vertex 217 46 0
endloop
endfacet
facet normal 0 0 -1
outer loop
vertex 197 46 0
vertex 197 47 0
vertex 217 47 0
endloop
endfacet
facet normal 0 0 1
outer loop
vertex 197 46 1
vertex 217 46 1
vertex 217 47 1
endloop
endfacet
facet normal 0 0 1
outer loop
vertex 197 46 1
vertex 217 47 1
vertex 197 47 1
endloop
endfacet
facet normal 0 -1 0
outer loop
vertex 197 46 0
vertex 217 46 0
vertex 217 46 1
endloop
endfacet
facet normal 0 -1 0
outer loop
vertex 197 46 0
vertex 217 46 1
vertex 197 46 1
endloop
endfacet
facet normal 1 0 0
outer loop
vertex 217 46 0
vertex 217 47 0
vertex 217 47 1
endloop
endfacet
facet normal 1 0 0
outer loop
vertex 217 46 0
vertex 217 47 1
vertex 217 46 1
endloop
endfacet
facet normal 0 1 0
outer loop
vertex 217 47 0
vertex 197 47 0
vertex 197 47 1
endloop
endfacet
facet normal 0 1 0
outer loop
vertex 217 47 0
vertex 197 47 1
vertex 217 47 1
endloop
endfacet
facet normal -1 0 0
outer loop
vertex 197 47 0
vertex 197 46 0
vertex 197 46 1
endloop
endfacet
facet normal -1 0 0
outer loop
vertex 197 47 0
vertex 197 46 1
vertex 197 47 1
endloop
endfacet
facet normal 0 0 -1
outer loop
vertex 240 46 0
vertex 246 47 0
vertex 246 46 0
endloop
endfacet
facet normal 0 0 -1
outer loop
vertex 240 46 0
vertex 240 47 0
vertex 246 47 0
endloop
endfacet
facet normal 0 0 1
outer loop
vertex 240 46 1
vertex 246 46 1
vertex 246 47 1
endloop
endfacet
facet normal 0 0 1
outer loop
vertex 240 46 1
vertex 246 47 1
vertex 240 47 1
endloop
endfacet
facet normal 0 -1 0
outer loop
vertex 240 46 0
vertex 246 46 0
vertex 246 46 1
endloop
endfacet
facet normal 0 -1 0
outer loop
vertex 240 46 0
vertex 246 46 1
vertex 240 46 1
endloop
endfacet
facet normal 1 0 0
outer loop
vertex 246 46 0
vertex 246 47 0
vertex 246 47 1
endloop
endfacet
facet normal 1 0 0
outer loop
vertex 246 46 0
vertex 246 47 1
vertex 246 46 1
endloop
endfacet
facet normal 0 1 0
outer loop
vertex 246 47 0
vertex 240 47 0
vertex 240 47 1
endloop
endfacet
facet normal 0 1 0
outer loop
vertex 246 47 0
vertex 240 47 1
vertex 246 47 1
endloop
endfacet
facet normal -1 0 0
outer loop
vertex 240 47 0
vertex 240 46 0
vertex 240 46 1
endloop
endfacet
facet normal -1 0 0
outer loop
vertex 240 47 0
vertex 240 46 1
vertex 240 47 1
endloop
endfacet
facet normal 0 0 -1
outer loop
vertex 116 47 0
vertex 120 48 0
vertex 120 47 0
endloop
endfacet
facet normal 0 0 -1
outer loop
vertex 116 47 0
vertex 116 48 0
vertex 120 48 0
endloop
endfacet
facet normal 0 0 1
outer loop
vertex 116 47 1
vertex 120 47 1
vertex 120 48 1
endloop
endfacet
facet normal 0 0 1
outer loop
vertex 116 47 1
vertex 120 48 1
vertex 116 48 1
endloop
endfacet
facet normal 0 -1 0
outer loop
vertex 116 47 0
vertex 120 47 0
vertex 120 47 1
endloop
endfacet
facet normal 0 -1 0
outer loop
vertex 116 47 0
vertex 120 47 1
vertex 116 47 1
endloop
endfacet
facet normal 1 0 0
outer loop
vertex 120 47 0
vertex 120 48 0
vertex 120 48 1
endloop
endfacet
facet normal 1 0 0
outer loop
vertex 120 47 0
vertex 120 48 1
vertex 120 47 1
endloop
endfacet
facet normal 0 1 0
outer loop
vertex 120 48 0
vertex 116 48 0
vertex 116 48 1
endloop
endfacet
facet normal 0 1 0
outer loop
vertex 120 48 0
vertex 116 48 1
vertex 120 48 1
endloop
endfacet
facet normal -1 0 0
outer loop
vertex 116 48 0
vertex 116 47 0
vertex 116 47 1
endloop
endfacet
facet normal -1 0 0
outer loop
vertex 116 48 0
vertex 116 47 1
vertex 116 48 1
endloop
endfacet
facet normal 0 0 -1
outer loop
vertex 125 47 0
vertex 129 48 0
vertex 129 47 0
endloop
endfacet
facet normal 0 0 -1
outer loop
vertex 125 47 0
vertex 125 48 0
vertex 129 48 0
endloop
endfacet
facet normal 0 0 1
outer loop
vertex 125 47 1
vertex 129 47 1
vertex 129 48 1
endloop
endfacet
facet normal 0 0 1
outer loop
vertex 125 47 1
vertex 129 48 1
vertex 125 48 1
endloop
endfacet
facet normal 0 -1 0
outer loop
vertex 125 47 0
vertex 129 47 0
vertex 129 47 1
endloop
endfacet
facet normal 0 -1 0
outer loop
vertex 125 47 0
vertex 129 47 1
vertex 125 47 1
endloop
endfacet
facet normal 1 0 0
outer loop
vertex 129 47 0
vertex 129 48 0
vertex 129 48 1
endloop
endfacet
facet normal 1 0 0
outer loop
vertex 129 47 0
vertex 129 48 1
vertex 129 47 1
endloop
endfacet
facet normal 0 1 0
outer loop
vertex 129 48 0
vertex 125 48 0
vertex 125 48 1
endloop
endfacet
facet normal 0 1 0
outer loop
vertex 129 48 0
vertex 125 48 1
vertex 129 48 1
endloop
endfacet
facet normal -1 0 0
outer loop
vertex 125 48 0
vertex 125 47 0
vertex 125 47 1
endloop
endfacet
facet normal -1 0 0
outer loop
vertex 125 48 0
vertex 125 47 1
vertex 125 48 1
endloop
endfacet
facet normal 0 0 -1
outer loop
vertex 197 47 0
vertex 219 48 0
vertex 219 47 0
endloop
endfacet
facet normal 0 0 -1
outer loop
vertex 197 47 0
vertex 197 48 0
vertex 219 48 0
endloop
endfacet
facet normal 0 0 1
outer loop
vertex 197 47 1
vertex 219 47 1
vertex 219 48 1
endloop
endfacet
facet normal 0 0 1
outer loop
vertex 197 47 1
vertex 219 48 1
vertex 197 48 1
endloop
endfacet
facet normal 0 -1 0
outer loop
vertex 197 47 0
vertex 219 47 0
vertex 219 47 1
endloop
endfacet
facet normal 0 -1 0
outer loop
vertex 197 47 0
vertex 219 47 1
vertex 197 47 1
endloop
endfacet
facet normal 1 0 0
outer loop
vertex 219 47 0
vertex 219 48 0
vertex 219 48 1
endloop
endfacet
facet normal 1 0 0
outer loop
vertex 219 47 0
vertex 219 48 1
vertex 219 47 1
endloop
endfacet
facet normal 0 1 0
outer loop
vertex 219 48 0
vertex 197 48 0
vertex 197 48 1
endloop
endfacet
facet normal 0 1 0
outer loop
vertex 219 48 0
vertex 197 48 1
vertex 219 48 1
endloop
endfacet
facet normal -1 0 0
outer loop
vertex 197 48 0
vertex 197 47 0
vertex 197 47 1
endloop
endfacet
facet normal -1 0 0
outer loop
vertex 197 48 0
vertex 197 47 1
vertex 197 48 1
endloop
endfacet
facet normal 0 0 -1
outer loop
vertex 240 47 0
vertex 246 48 0
vertex 246 47 0
endloop
endfacet
facet normal 0 0 -1
outer loop
vertex 240 47 0
vertex 240 48 0
vertex 246 48 0
endloop
endfacet
facet normal 0 0 1
outer loop
vertex 240 47 1
vertex 246 47 1
vertex 246 48 1
endloop
endfacet
facet normal 0 0 1
outer loop
vertex 240 47 1
vertex 246 48 1
vertex 240 48 1
endloop
endfacet
facet normal 0 -1 0
outer loop
vertex 240 47 0
vertex 246 47 0
vertex 246 47 1
endloop
endfacet
facet normal 0 -1 0
outer loop
vertex 240 47 0
vertex 246 47 1
vertex 240 47 1
endloop
endfacet
facet normal 1 0 0
outer loop
vertex 246 47 0
vertex 246 48 0
vertex 246 48 1
endloop
endfacet
facet normal 1 0 0
outer loop
vertex 246 47 0
vertex 246 48 1
vertex 246 47 1
endloop
endfacet
facet normal 0 1 0
outer loop
vertex 246 48 0
vertex 240 48 0
vertex 240 48 1
endloop
endfacet
facet normal 0 1 0
outer loop
vertex 246 48 0
vertex 240 48 1
vertex 246 48 1
endloop
endfacet
facet normal -1 0 0
outer loop
vertex 240 48 0
vertex 240 47 0
vertex 240 47 1
endloop
endfacet
facet normal -1 0 0
outer loop
vertex 240 48 0
vertex 240 47 1
vertex 240 48 1
endloop
endfacet
facet normal 0 0 -1
outer loop
vertex 116 48 0
vertex 120 49 0
vertex 120 48 0
endloop
endfacet
facet normal 0 0 -1
outer loop
vertex 116 48 0
vertex 116 49 0
vertex 120 49 0
endloop
endfacet
facet normal 0 0 1
outer loop
vertex 116 48 1
vertex 120 48 1
vertex 120 49 1
endloop
endfacet
facet normal 0 0 1
outer loop
vertex 116 48 1
vertex 120 49 1
vertex 116 49 1
endloop
endfacet
facet normal 0 -1 0
outer loop
vertex 116 48 0
vertex 120 48 0
vertex 120 48 1
endloop
endfacet
facet normal 0 -1 0
outer loop
vertex 116 48 0
vertex 120 48 1
vertex 116 48 1
endloop
endfacet
facet normal 1 0 0
outer loop
vertex 120 48 0
vertex 120 49 0
vertex 120 49 1
endloop
endfacet
facet normal 1 0 0
outer loop
vertex 120 48 0
vertex 120 49 1
vertex 120 48 1
endloop
endfacet
facet normal 0 1 0
outer loop
vertex 120 49 0
vertex 116 49 0
vertex 116 49 1
endloop
endfacet
facet normal 0 1 0
outer loop
vertex 120 49 0
vertex 116 49 1
vertex 120 49 1
endloop
endfacet
facet normal -1 0 0
outer loop
vertex 116 49 0
vertex 116 48 0
vertex 116 48 1
endloop
endfacet
facet normal -1 0 0
outer loop
vertex 116 49 0
vertex 116 48 1
vertex 116 49 1
endloop
endfacet
facet normal 0 0 -1
outer loop
vertex 125 48 0
vertex 129 49 0
vertex 129 48 0
endloop
endfacet
facet normal 0 0 -1
outer loop
vertex 125 48 0
vertex 125 49 0
vertex 129 49 0
endloop
endfacet
facet normal 0 0 1
outer loop
vertex 125 48 1
vertex 129 48 1
vertex 129 49 1
endloop
endfacet
facet normal 0 0 1
outer loop
vertex 125 48 1
vertex 129 49 1
vertex 125 49 1
endloop
endfacet
facet normal 0 -1 0
outer loop
vertex 125 48 0
vertex 129 48 0
vertex 129 48 1
endloop
endfacet
facet normal 0 -1 0
outer loop
vertex 125 48 0
vertex 129 48 1
vertex 125 48 1
endloop
endfacet
facet normal 1 0 0
outer loop
vertex 129 48 0
vertex 129 49 0
vertex 129 49 1
endloop
endfacet
facet normal 1 0 0
outer loop
vertex 129 48 0
vertex 129 49 1
vertex 129 48 1
endloop
endfacet
facet normal 0 1 0
outer loop
vertex 129 49 0
vertex 125 49 0
vertex 125 49 1
endloop
endfacet
facet normal 0 1 0
outer loop
vertex 129 49 0
vertex 125 49 1
vertex 129 49 1
endloop
endfacet
facet normal -1 0 0
outer loop
vertex 125 49 0
vertex 125 48 0
vertex 125 48 1
endloop
endfacet
facet normal -1 0 0
outer loop
vertex 125 49 0
vertex 125 48 1
vertex 125 49 1
endloop
endfacet
facet normal 0 0 -1
outer loop
vertex 197 48 0
vertex 220 49 0
vertex 220 48 0
endloop
endfacet
facet normal 0 0 -1
outer loop
vertex 197 48 0
vertex 197 49 0
vertex 220 49 0
endloop
endfacet
facet normal 0 0 1
outer loop
vertex 197 48 1
vertex 220 48 1
vertex 220 49 1
endloop
endfacet
facet normal 0 0 1
outer loop
vertex 197 48 1
vertex 220 49 1
vertex 197 49 1
endloop
endfacet
facet normal 0 -1 0
outer loop
vertex 197 48 0
vertex 220 48 0
vertex 220 48 1
endloop
endfacet
facet normal 0 -1 0
outer loop
vertex 197 48 0
vertex 220 48 1
vertex 197 48 1
endloop
endfacet
facet normal 1 0 0
outer loop
vertex 220 48 0
vertex 220 49 0
vertex 220 49 1
endloop
endfacet
facet normal 1 0 0
outer loop
vertex 220 48 0
vertex 220 49 1
vertex 220 48 1
endloop
endfacet
facet normal 0 1 0
outer loop
vertex 220 49 0
vertex 197 49 0
vertex 197 49 1
endloop
endfacet
facet normal 0 1 0
outer loop
vertex 220 49 0
vertex 197 49 1
vertex 220 49 1
endloop
endfacet
facet normal -1 0 0
outer loop
vertex 197 49 0
vertex 197 48 0
vertex 197 48 1
endloop
endfacet
facet normal -1 0 0
outer loop
vertex 197 49 0
vertex 197 48 1
vertex 197 49 1
endloop
endfacet
facet normal 0 0 -1
outer loop
vertex 241 48 0
vertex 246 49 0
vertex 246 48 0
endloop
endfacet
facet normal 0 0 -1
outer loop
vertex 241 48 0
vertex 241 49 0
vertex 246 49 0
endloop
endfacet
facet normal 0 0 1
outer loop
vertex 241 48 1
vertex 246 48 1
vertex 246 49 1
endloop
endfacet
facet normal 0 0 1
outer loop
vertex 241 48 1
vertex 246 49 1
vertex 241 49 1
endloop
endfacet
facet normal 0 -1 0
outer loop
vertex 241 48 0
vertex 246 48 0
vertex 246 48 1
endloop
endfacet
facet normal 0 -1 0
outer loop
vertex 241 48 0
vertex 246 48 1
vertex 241 48 1
endloop
endfacet
facet normal 1 0 0
outer loop
vertex 246 48 0
vertex 246 49 0
vertex 246 49 1
endloop
endfacet
facet normal 1 0 0
outer loop
vertex 246 48 0
vertex 246 49 1
vertex 246 48 1
endloop
endfacet
facet normal 0 1 0
outer loop
vertex 246 49 0
vertex 241 49 0
vertex 241 49 1
endloop
endfacet
facet normal 0 1 0
outer loop
vertex 246 49 0
vertex 241 49 1
vertex 246 49 1
endloop
endfacet
facet normal -1 0 0
outer loop
vertex 241 49 0
vertex 241 48 0
vertex 241 48 1
endloop
endfacet
facet normal -1 0 0
outer loop
vertex 241 49 0
vertex 241 48 1
vertex 241 49 1
endloop
endfacet
facet normal 0 0 -1
outer loop
vertex 116 49 0
vertex 120 50 0
vertex 120 49 0
endloop
endfacet
facet normal 0 0 -1
outer loop
vertex 116 49 0
vertex 116 50 0
vertex 120 50 0
endloop
endfacet
facet normal 0 0 1
outer loop
vertex 116 49 1
vertex 120 49 1
vertex 120 50 1
endloop
endfacet
facet normal 0 0 1
outer loop
vertex 116 49 1
vertex 120 50 1
vertex 116 50 1
endloop
endfacet
facet normal 0 -1 0
outer loop
vertex 116 49 0
vertex 120 49 0
vertex 120 49 1
endloop
endfacet
facet normal 0 -1 0
outer loop
vertex 116 49 0
vertex 120 49 1
vertex 116 49 1
endloop
endfacet
facet normal 1 0 0
outer loop
vertex 120 49 0
vertex 120 50 0
vertex 120 50 1
endloop
endfacet
facet normal 1 0 0
outer loop
vertex 120 49 0
vertex 120 50 1
vertex 120 49 1
endloop
endfacet
facet normal 0 1 0
outer loop
vertex 120 50 0
vertex 116 50 0
vertex 116 50 1
endloop
endfacet
facet normal 0 1 0
outer loop
vertex 120 50 0
vertex 116 50 1
vertex 120 50 1
endloop
endfacet
facet normal -1 0 0
outer loop
vertex 116 50 0
vertex 116 49 0
vertex 116 49 1
endloop
endfacet
facet normal -1 0 0
outer loop
vertex 116 50 0
vertex 116 49 1
vertex 116 50 1
endloop
endfacet
facet normal 0 0 -1
outer loop
vertex 125 49 0
vertex 129 50 0
vertex 129 49 0
endloop
endfacet
facet normal 0 0 -1
outer loop
vertex 125 49 0
vertex 125 50 0
vertex 129 50 0
endloop
endfacet
facet normal 0 0 1
outer loop
vertex 125 49 1
vertex 129 49 1
vertex 129 50 1
endloop
endfacet
facet normal 0 0 1
outer loop
vertex 125 49 1
vertex 129 50 1
vertex 125 50 1
endloop
endfacet
facet normal 0 -1 0
outer loop
vertex 125 49 0
vertex 129 49 0
vertex 129 49 1
endloop
endfacet
facet normal 0 -1 0
outer loop
vertex 125 49 0
vertex 129 49 1
vertex 125 49 1
endloop
endfacet
facet normal 1 0 0
outer loop
vertex 129 49 0
vertex 129 50 0
vertex 129 50 1
endloop
endfacet
facet normal 1 0 0
outer loop
vertex 129 49 0
vertex 129 50 1
vertex 129 49 1
endloop
endfacet
facet normal 0 1 0
outer loop
vertex 129 50 0
vertex 125 50 0
vertex 125 50 1
endloop
endfacet
facet normal 0 1 0
outer loop
vertex 129 50 0
vertex 125 50 1
vertex 129 50 1
endloop
endfacet
facet normal -1 0 0
outer loop
vertex 125 50 0
vertex 125 49 0
vertex 125 49 1
endloop
endfacet
facet normal -1 0 0
outer loop
vertex 125 50 0
vertex 125 49 1
vertex 125 50 1
endloop
endfacet
facet normal 0 0 -1
outer loop
vertex 197 49 0
vertex 201 50 0
vertex 201 49 0
endloop
endfacet
facet normal 0 0 -1
outer loop
vertex 197 49 0
vertex 197 50 0
vertex 201 50 0
endloop
endfacet
facet normal 0 0 1
outer loop
vertex 197 49 1
vertex 201 49 1
vertex 201 50 1
endloop
endfacet
facet normal 0 0 1
outer loop
vertex 197 49 1
vertex 201 50 1
vertex 197 50 1
endloop
endfacet
facet normal 0 -1 0
outer loop
vertex 197 49 0
vertex 201 49 0
vertex 201 49 1
endloop
endfacet
facet normal 0 -1 0
outer loop
vertex 197 49 0
vertex 201 49 1
vertex 197 49 1
endloop
endfacet
facet normal 1 0 0
outer loop
vertex 201 49 0
vertex 201 50 0
vertex 201 50 1
endloop
endfacet
facet normal 1 0 0
outer loop
vertex 201 49 0
vertex 201 50 1
vertex 201 49 1
endloop
endfacet
facet normal 0 1 0
outer loop
vertex 201 50 0
vertex 197 50 0
vertex 197 50 1
endloop
endfacet
facet normal 0 1 0
outer loop
vertex 201 50 0
vertex 197 50 1
vertex 201 50 1
endloop
endfacet
facet normal -1 0 0
outer loop
vertex 197 50 0
vertex 197 49 0
vertex 197 49 1
endloop
endfacet
facet normal -1 0 0
outer loop
vertex 197 50 0
vertex 197 49 1
vertex 197 50 1
endloop
endfacet
facet normal 0 0 -1
outer loop
vertex 212 49 0
vertex 221 50 0
vertex 221 49 0
endloop
endfacet
facet normal 0 0 -1
outer loop
vertex 212 49 0
vertex 212 50 0
vertex 221 50 0
endloop
endfacet
facet normal 0 0 1
outer loop
vertex 212 49 1
vertex 221 49 1
vertex 221 50 1
endloop
endfacet
facet normal 0 0 1
outer loop
vertex 212 49 1
vertex 221 50 1
vertex 212 50 1
endloop
endfacet
facet normal 0 -1 0
outer loop
vertex 212 49 0
vertex 221 49 0
vertex 221 49 1
endloop
endfacet
facet normal 0 -1 0
outer loop
vertex 212 49 0
vertex 221 49 1
vertex 212 49 1
endloop
endfacet
facet normal 1 0 0
outer loop
vertex 221 49 0
vertex 221 50 0
vertex 221 50 1
endloop
endfacet
facet normal 1 0 0
outer loop
vertex 221 49 0
vertex 221 50 1
vertex 221 49 1
endloop
endfacet
facet normal 0 1 0
outer loop
vertex 221 50 0
vertex 212 50 0
vertex 212 50 1
endloop
endfacet
facet normal 0 1 0
outer loop
vertex 221 50 0
vertex 212 50 1
vertex 221 50 1
endloop
endfacet
facet normal -1 0 0
outer loop
vertex 212 50 0
vertex 212 49 0
vertex 212 49 1
endloop
endfacet
facet normal -1 0 0
outer loop
vertex 212 50 0
vertex 212 49 1
vertex 212 50 1
endloop
endfacet
facet normal 0 0 -1
outer loop
vertex 242 49 0
vertex 244 50 0
vertex 244 49 0
endloop
endfacet
facet normal 0 0 -1
outer loop
vertex 242 49 0
vertex 242 50 0
vertex 244 50 0
endloop
endfacet
facet normal 0 0 1
outer loop
vertex 242 49 1
vertex 244 49 1
vertex 244 50 1
endloop
endfacet
facet normal 0 0 1
outer loop
vertex 242 49 1
vertex 244 50 1
vertex 242 50 1
endloop
endfacet
facet normal 0 -1 0
outer loop
vertex 242 49 0
vertex 244 49 0
vertex 244 49 1
endloop
endfacet
facet normal 0 -1 0
outer loop
vertex 242 49 0
vertex 244 49 1
vertex 242 49 1
endloop
endfacet
facet normal 1 0 0
outer loop
vertex 244 49 0
vertex 244 50 0
vertex 244 50 1
endloop
endfacet
facet normal 1 0 0
outer loop
vertex 244 49 0
vertex 244 50 1
vertex 244 49 1
endloop
endfacet
facet normal 0 1 0
outer loop
vertex 244 50 0
vertex 242 50 0
vertex 242 50 1
endloop
endfacet
facet normal 0 1 0
outer loop
vertex 244 50 0
vertex 242 50 1
vertex 244 50 1
endloop
endfacet
facet normal -1 0 0
outer loop
vertex 242 50 0
vertex 242 49 0
vertex 242 49 1
endloop
endfacet
facet normal -1 0 0
outer loop
vertex 242 50 0
vertex 242 49 1
vertex 242 50 1
endloop
endfacet
facet normal 0 0 -1
outer loop
vertex 116 50 0
vertex 120 51 0
vertex 120 50 0
endloop
endfacet
facet normal 0 0 -1
outer loop
vertex 116 50 0
vertex 116 51 0
vertex 120 51 0
endloop
endfacet
facet normal 0 0 1
outer loop
vertex 116 50 1
vertex 120 50 1
vertex 120 51 1
endloop
endfacet
facet normal 0 0 1
outer loop
vertex 116 50 1
vertex 120 51 1
vertex 116 51 1
endloop
endfacet
facet normal 0 -1 0
outer loop
vertex 116 50 0
vertex 120 50 0
vertex 120 50 1
endloop
endfacet
facet normal 0 -1 0
outer loop
vertex 116 50 0
vertex 120 50 1
vertex 116 50 1
endloop
endfacet
facet normal 1 0 0
outer loop
vertex 120 50 0
vertex 120 51 0
vertex 120 51 1
endloop
endfacet
facet normal 1 0 0
outer loop
vertex 120 50 0
vertex 120 51 1
vertex 120 50 1
endloop
endfacet
facet normal 0 1 0
outer loop
vertex 120 51 0
vertex 116 51 0
vertex 116 51 1
endloop
endfacet
facet normal 0 1 0
outer loop
vertex 120 51 0
vertex 116 51 1
vertex 120 51 1
endloop
endfacet
facet normal -1 0 0
outer loop
vertex 116 51 0
vertex 116 50 0
vertex 116 50 1
endloop
endfacet
facet normal -1 0 0
outer loop
vertex 116 51 0
vertex 116 50 1
vertex 116 51 1
endloop
endfacet
facet normal 0 0 -1
outer loop
vertex 125 50 0
vertex 129 51 0
vertex 129 50 0
endloop
endfacet
facet normal 0 0 -1
outer loop
vertex 125 50 0
vertex 125 51 0
vertex 129 51 0
endloop
endfacet
facet normal 0 0 1
outer loop
vertex 125 50 1
vertex 129 50 1
vertex 129 51 1
endloop
endfacet
facet normal 0 0 1
outer loop
vertex 125 50 1
vertex 129 51 1
vertex 125 51 1
endloop
endfacet
facet normal 0 -1 0
outer loop
vertex 125 50 0
vertex 129 50 0
vertex 129 50 1
endloop
endfacet
facet normal 0 -1 0
outer loop
vertex 125 50 0
vertex 129 50 1
vertex 125 50 1
endloop
endfacet
facet normal 1 0 0
outer loop
vertex 129 50 0
vertex 129 51 0
vertex 129 51 1
endloop
endfacet
facet normal 1 0 0
outer loop
vertex 129 50 0
vertex 129 51 1
vertex 129 50 1
endloop
endfacet
facet normal 0 1 0
outer loop
vertex 129 51 0
vertex 125 51 0
vertex 125 51 1
endloop
endfacet
facet normal 0 1 0
outer loop
vertex 129 51 0
vertex 125 51 1
vertex 129 51 1
endloop
endfacet
facet normal -1 0 0
outer loop
vertex 125 51 0
vertex 125 50 0
vertex 125 50 1
endloop
endfacet
facet normal -1 0 0
outer loop
vertex 125 51 0
vertex 125 50 1
vertex 125 51 1
endloop
endfacet
facet normal 0 0 -1
outer loop
vertex 197 50 0
vertex 201 51 0
vertex 201 50 0
endloop
endfacet
facet normal 0 0 -1
outer loop
vertex 197 50 0
vertex 197 51 0
vertex 201 51 0
endloop
endfacet
facet normal 0 0 1
outer loop
vertex 197 50 1
vertex 201 50 1
vertex 201 51 1
endloop
endfacet
facet normal 0 0 1
outer loop
vertex 197 50 1
vertex 201 51 1
vertex 197 51 1
endloop
endfacet
facet normal 0 -1 0
outer loop
vertex 197 50 0
vertex 201 50 0
vertex 201 50 1
endloop
endfacet
facet normal 0 -1 0
outer loop
vertex 197 50 0
vertex 201 50 1
vertex 197 50 1
endloop
endfacet
facet normal 1 0 0
outer loop
vertex 201 50 0
vertex 201 51 0
vertex 201 51 1
endloop
endfacet
facet normal 1 0 0
outer loop
vertex 201 50 0
vertex 201 51 1
vertex 201 50 1
endloop
endfacet
facet normal 0 1 0
outer loop
vertex 201 51 0
vertex 197 51 0
vertex 197 51 1
endloop
endfacet
facet normal 0 1 0
outer loop
vertex 201 51 0
vertex 197 51 1
vertex 201 51 1
endloop
endfacet
facet normal -1 0 0
outer loop
vertex 197 51 0
vertex 197 50 0
vertex 197 50 1
endloop
endfacet
facet normal -1 0 0
outer loop
vertex 197 51 0
vertex 197 50 1
vertex 197 51 1
endloop
endfacet
facet normal 0 0 -1
outer loop
vertex 214 50 0
vertex 222 51 0
vertex 222 50 0
endloop
endfacet
facet normal 0 0 -1
outer loop
vertex 214 50 0
vertex 214 51 0
vertex 222 51 0
endloop
endfacet
facet normal 0 0 1
outer loop
vertex 214 50 1
vertex 222 50 1
vertex 222 51 1
endloop
endfacet
facet normal 0 0 1
outer loop
vertex 214 50 1
vertex 222 51 1
vertex 214 51 1
endloop
endfacet
facet normal 0 -1 0
outer loop
vertex 214 50 0
vertex 222 50 0
vertex 222 50 1
endloop
endfacet
facet normal 0 -1 0
outer loop
vertex 214 50 0
vertex 222 50 1
vertex 214 50 1
endloop
endfacet
facet normal 1 0 0
outer loop
vertex 222 50 0
vertex 222 51 0
vertex 222 51 1
endloop
endfacet
facet normal 1 0 0
outer loop
vertex 222 50 0
vertex 222 51 1
vertex 222 50 1
endloop
endfacet
facet normal 0 1 0
outer loop
vertex 222 51 0
vertex 214 51 0
vertex 214 51 1
endloop
endfacet
facet normal 0 1 0
outer loop
vertex 222 51 0
vertex 214 51 1
vertex 222 51 1
endloop
endfacet
facet normal -1 0 0
outer loop
vertex 214 51 0
vertex 214 50 0
vertex 214 50 1
endloop
endfacet
facet normal -1 0 0
outer loop
vertex 214 51 0
vertex 214 50 1
vertex 214 51 1
endloop
endfacet
facet normal 0 0 -1
outer loop
vertex 116 51 0
vertex 120 52 0
vertex 120 51 0
endloop
endfacet
facet normal 0 0 -1
outer loop
vertex 116 51 0
vertex 116 52 0
vertex 120 52 0
endloop
endfacet
facet normal 0 0 1
outer loop
vertex 116 51 1
vertex 120 51 1
vertex 120 52 1
endloop
endfacet
facet normal 0 0 1
outer loop
vertex 116 51 1
vertex 120 52 1
vertex 116 52 1
endloop
endfacet
facet normal 0 -1 0
outer loop
vertex 116 51 0
vertex 120 51 0
vertex 120 51 1
endloop
endfacet
facet normal 0 -1 0
outer loop
vertex 116 51 0
vertex 120 51 1
vertex 116 51 1
endloop
endfacet
facet normal 1 0 0
outer loop
vertex 120 51 0
vertex 120 52 0
vertex 120 52 1
endloop
endfacet
facet normal 1 0 0
outer loop
vertex 120 51 0
vertex 120 52 1
vertex 120 51 1
endloop
endfacet
facet normal 0 1 0
outer loop
vertex 120 52 0
vertex 116 52 0
vertex 116 52 1
endloop
endfacet
facet normal 0 1 0
outer loop
vertex 120 52 0
vertex 116 52 1
vertex 120 52 1
endloop
endfacet
facet normal -1 0 0
outer loop
vertex 116 52 0
vertex 116 51 0
vertex 116 51 1
endloop
endfacet
facet normal -1 0 0
outer loop
vertex 116 52 0
vertex 116 51 1
vertex 116 52 1
endloop
endfacet
facet normal 0 0 -1
outer loop
vertex 125 51 0
vertex 129 52 0
vertex 129 51 0
endloop
endfacet
facet normal 0 0 -1
outer loop
vertex 125 51 0
vertex 125 52 0
vertex 129 52 0
endloop
endfacet
facet normal 0 0 1
outer loop
vertex 125 51 1
vertex 129 51 1
vertex 129 52 1
endloop
endfacet
facet normal 0 0 1
outer loop
vertex 125 51 1
vertex 129 52 1
vertex 125 52 1
endloop
endfacet
facet normal 0 -1 0
outer loop
vertex 125 51 0
vertex 129 51 0
vertex 129 51 1
endloop
endfacet
facet normal 0 -1 0
outer loop
vertex 125 51 0
vertex 129 51 1
vertex 125 51 1
endloop
endfacet
facet normal 1 0 0
outer loop
vertex 129 51 0
vertex 129 52 0
vertex 129 52 1
endloop
endfacet
facet normal 1 0 0
outer loop
vertex 129 51 0
vertex 129 52 1
vertex 129 51 1
endloop
endfacet
facet normal 0 1 0
outer loop
vertex 129 52 0
vertex 125 52 0
vertex 125 52 1
endloop
endfacet
facet normal 0 1 0
outer loop
vertex 129 52 0
vertex 125 52 1
vertex 129 52 1
endloop
endfacet
facet normal -1 0 0
outer loop
vertex 125 52 0
vertex 125 51 0
vertex 125 51 1
endloop
endfacet
facet normal -1 0 0
outer loop
vertex 125 52 0
vertex 125 51 1
vertex 125 52 1
endloop
endfacet
facet normal 0 0 -1
outer loop
vertex 197 51 0
vertex 201 52 0
vertex 201 51 0
endloop
endfacet
facet normal 0 0 -1
outer loop
vertex 197 51 0
vertex 197 52 0
vertex 201 52 0
endloop
endfacet
facet normal 0 0 1
outer loop
vertex 197 51 1
vertex 201 51 1
vertex 201 52 1
endloop
endfacet
facet normal 0 0 1
outer loop
vertex 197 51 1
vertex 201 52 1
vertex 197 52 1
endloop
endfacet
facet normal 0 -1 0
outer loop
vertex 197 51 0
vertex 201 51 0
vertex 201 51 1
endloop
endfacet
facet normal 0 -1 0
outer loop
vertex 197 51 0
vertex 201 51 1
vertex 197 51 1
endloop
endfacet
facet normal 1 0 0
outer loop
vertex 201 51 0
vertex 201 52 0
vertex 201 52 1
endloop
endfacet
facet normal 1 0 0
outer loop
vertex 201 51 0
vertex 201 52 1
vertex 201 51 1
endloop
endfacet
facet normal 0 1 0
outer loop
vertex 201 52 0
vertex 197 52 0
vertex 197 52 1
endloop
endfacet
facet normal 0 1 0
outer loop
vertex 201 52 0
vertex 197 52 1
vertex 201 52 1
endloop
endfacet
facet normal -1 0 0
outer loop
vertex 197 52 0
vertex 197 51 0
vertex 197 51 1
endloop
endfacet
facet normal -1 0 0
outer loop
vertex 197 52 0
vertex 197 51 1
vertex 197 52 1
endloop
endfacet
facet normal 0 0 -1
outer loop
vertex 216 51 0
vertex 222 52 0
vertex 222 51 0
endloop
endfacet
facet normal 0 0 -1
outer loop
vertex 216 51 0
vertex 216 52 0
vertex 222 52 0
endloop
endfacet
facet normal 0 0 1
outer loop
vertex 216 51 1
vertex 222 51 1
vertex 222 52 1
endloop
endfacet
facet normal 0 0 1
outer loop
vertex 216 51 1
vertex 222 52 1
vertex 216 52 1
endloop
endfacet
facet normal 0 -1 0
outer loop
vertex 216 51 0
vertex 222 51 0
vertex 222 51 1
endloop
endfacet
facet normal 0 -1 0
outer loop
vertex 216 51 0
vertex 222 51 1
vertex 216 51 1
endloop
endfacet
facet normal 1 0 0
outer loop
vertex 222 51 0
vertex 222 52 0
vertex 222 52 1
endloop
endfacet
facet normal 1 0 0
outer loop
vertex 222 51 0
vertex 222 52 1
vertex 222 51 1
endloop
endfacet
facet normal 0 1 0
outer loop
vertex 222 52 0
vertex 216 52 0
vertex 216 52 1
endloop
endfacet
facet normal 0 1 0
outer loop
vertex 222 52 0
vertex 216 52 1
vertex 222 52 1
endloop
endfacet
facet normal -1 0 0
outer loop
vertex 216 52 0
vertex 216 51 0
vertex 216 51 1
endloop
endfacet
facet normal -1 0 0
outer loop
vertex 216 52 0
vertex 216 51 1
vertex 216 52 1
endloop
endfacet
facet normal 0 0 -1
outer loop
vertex 116 52 0
vertex 120 53 0
vertex 120 52 0
endloop
endfacet
facet normal 0 0 -1
outer loop
vertex 116 52 0
vertex 116 53 0
vertex 120 53 0
endloop
endfacet
facet normal 0 0 1
outer loop
vertex 116 52 1
vertex 120 52 1
vertex 120 53 1
endloop
endfacet
facet normal 0 0 1
outer loop
vertex 116 52 1
vertex 120 53 1
vertex 116 53 1
endloop
endfacet
facet normal 0 -1 0
outer loop
vertex 116 52 0
vertex 120 52 0
vertex 120 52 1
endloop
endfacet
facet normal 0 -1 0
outer loop
vertex 116 52 0
vertex 120 52 1
vertex 116 52 1
endloop
endfacet
facet normal 1 0 0
outer loop
vertex 120 52 0
vertex 120 53 0
vertex 120 53 1
endloop
endfacet
facet normal 1 0 0
outer loop
vertex 120 52 0
vertex 120 53 1
vertex 120 52 1
endloop
endfacet
facet normal 0 1 0
outer loop
vertex 120 53 0
vertex 116 53 0
vertex 116 53 1
endloop
endfacet
facet normal 0 1 0
outer loop
vertex 120 53 0
vertex 116 53 1
vertex 120 53 1
endloop
endfacet
facet normal -1 0 0
outer loop
vertex 116 53 0
vertex 116 52 0
vertex 116 52 1
endloop
endfacet
facet normal -1 0 0
outer loop
vertex 116 53 0
vertex 116 52 1
vertex 116 53 1
endloop
endfacet
facet normal 0 0 -1
outer loop
vertex 133 52 0
vertex 137 53 0
vertex 137 52 0
endloop
endfacet
facet normal 0 0 -1
outer loop
vertex 133 52 0
vertex 133 53 0
vertex 137 53 0
endloop
endfacet
facet normal 0 0 1
outer loop
vertex 133 52 1
vertex 137 52 1
vertex 137 53 1
endloop
endfacet
facet normal 0 0 1
outer loop
vertex 133 52 1
vertex 137 53 1
vertex 133 53 1
endloop
endfacet
facet normal 0 -1 0
outer loop
vertex 133 52 0
vertex 137 52 0
vertex 137 52 1
endloop
endfacet
facet normal 0 -1 0
outer loop
vertex 133 52 0
vertex 137 52 1
vertex 133 52 1
endloop
endfacet
facet normal 1 0 0
outer loop
vertex 137 52 0
vertex 137 53 0
vertex 137 53 1
endloop
endfacet
facet normal 1 0 0
outer loop
vertex 137 52 0
vertex 137 53 1
vertex 137 52 1
endloop
endfacet
facet normal 0 1 0
outer loop
vertex 137 53 0
vertex 133 53 0
vertex 133 53 1
endloop
endfacet
facet normal 0 1 0
outer loop
vertex 137 53 0
vertex 133 53 1
vertex 137 53 1
endloop
endfacet
facet normal -1 0 0
outer loop
vertex 133 53 0
vertex 133 52 0
vertex 133 52 1
endloop
endfacet
facet normal -1 0 0
outer loop
vertex 133 53 0
vertex 133 52 1
vertex 133 53 1
endloop
endfacet
facet normal 0 0 -1
outer loop
vertex 151 52 0
vertex 155 53 0
vertex 155 52 0
endloop
endfacet
facet normal 0 0 -1
outer loop
vertex 151 52 0
vertex 151 53 0
vertex 155 53 0
endloop
endfacet
facet normal 0 0 1
outer loop
vertex 151 52 1
vertex 155 52 1
vertex 155 53 1
endloop
endfacet
facet normal 0 0 1
outer loop
vertex 151 52 1
vertex 155 53 1
vertex 151 53 1
endloop
endfacet
facet normal 0 -1 0
outer loop
vertex 151 52 0
vertex 155 52 0
vertex 155 52 1
endloop
endfacet
facet normal 0 -1 0
outer loop
vertex 151 52 0
vertex 155 52 1
vertex 151 52 1
endloop
endfacet
facet normal 1 0 0
outer loop
vertex 155 52 0
vertex 155 53 0
vertex 155 53 1
endloop
endfacet
facet normal 1 0 0
outer loop
vertex 155 52 0
vertex 155 53 1
vertex 155 52 1
endloop
endfacet
facet normal 0 1 0
outer loop
vertex 155 53 0
vertex 151 53 0
vertex 151 53 1
endloop
endfacet
facet normal 0 1 0
outer loop
vertex 155 53 0
vertex 151 53 1
vertex 155 53 1
endloop
endfacet
facet normal -1 0 0
outer loop
vertex 151 53 0
vertex 151 52 0
vertex 151 52 1
endloop
endfacet
facet normal -1 0 0
outer loop
vertex 151 53 0
vertex 151 52 1
vertex 151 53 1
endloop
endfacet
facet normal 0 0 -1
outer loop
vertex 164 52 0
vertex 174 53 0
vertex 174 52 0
endloop
endfacet
facet normal 0 0 -1
outer loop
vertex 164 52 0
vertex 164 53 0
vertex 174 53 0
endloop
endfacet
facet normal 0 0 1
outer loop
vertex 164 52 1
vertex 174 52 1
vertex 174 53 1
endloop
endfacet
facet normal 0 0 1
outer loop
vertex 164 52 1
vertex 174 53 1
vertex 164 53 1
endloop
endfacet
facet normal 0 -1 0
outer loop
vertex 164 52 0
vertex 174 52 0
vertex 174 52 1
endloop
endfacet
facet normal 0 -1 0
outer loop
vertex 164 52 0
vertex 174 52 1
vertex 164 52 1
endloop
endfacet
facet normal 1 0 0
outer loop
vertex 174 52 0
vertex 174 53 0
vertex 174 53 1
endloop
endfacet
facet normal 1 0 0
outer loop
vertex 174 52 0
vertex 174 53 1
vertex 174 52 1
endloop
endfacet
facet normal 0 1 0
outer loop
vertex 174 53 0
vertex 164 53 0
vertex 164 53 1
endloop
endfacet
facet normal 0 1 0
outer loop
vertex 174 53 0
vertex 164 53 1
vertex 174 53 1
endloop
endfacet
facet normal -1 0 0
outer loop
vertex 164 53 0
vertex 164 52 0
vertex 164 52 1
endloop
endfacet
facet normal -1 0 0
outer loop
vertex 164 53 0
vertex 164 52 1
vertex 164 53 1
endloop
endfacet
facet normal 0 0 -1
outer loop
vertex 197 52 0
vertex 201 53 0
vertex 201 52 0
endloop
endfacet
facet normal 0 0 -1
outer loop
vertex 197 52 0
vertex 197 53 0
vertex 201 53 0
endloop
endfacet
facet normal 0 0 1
outer loop
vertex 197 52 1
vertex 201 52 1
vertex 201 53 1
endloop
endfacet
facet normal 0 0 1
outer loop
vertex 197 52 1
vertex 201 53 1
vertex 197 53 1
endloop
endfacet
facet normal 0 -1 0
outer loop
vertex 197 52 0
vertex 201 52 0
vertex 201 52 1
endloop
endfacet
facet normal 0 -1 0
outer loop
vertex 197 52 0
vertex 201 52 1
vertex 197 52 1
endloop
endfacet
facet normal 1 0 0
outer loop
vertex 201 52 0
vertex 201 53 0
vertex 201 53 1
endloop
endfacet
facet normal 1 0 0
outer loop
vertex 201 52 0
vertex 201 53 1
vertex 201 52 1
endloop
endfacet
facet normal 0 1 0
outer loop
vertex 201 53 0
vertex 197 53 0
vertex 197 53 1
endloop
endfacet
facet normal 0 1 0
outer loop
vertex 201 53 0
vertex 197 53 1
vertex 201 53 1
endloop
endfacet
facet normal -1 0 0
outer loop
vertex 197 53 0
vertex 197 52 0
vertex 197 52 1
endloop
endfacet
facet normal -1 0 0
outer loop
vertex 197 53 0
vertex 197 52 1
vertex 197 53 1
endloop
endfacet
facet normal 0 0 -1
outer loop
vertex 217 52 0
vertex 223 53 0
vertex 223 52 0
endloop
endfacet
facet normal 0 0 -1
outer loop
vertex 217 52 0
vertex 217 53 0
vertex 223 53 0
endloop
endfacet
facet normal 0 0 1
outer loop
vertex 217 52 1
vertex 223 52 1
vertex 223 53 1
endloop
endfacet
facet normal 0 0 1
outer loop
vertex 217 52 1
vertex 223 53 1
vertex 217 53 1
endloop
endfacet
facet normal 0 -1 0
outer loop
vertex 217 52 0
vertex 223 52 0
vertex 223 52 1
endloop
endfacet
facet normal 0 -1 0
outer loop
vertex 217 52 0
vertex 223 52 1
vertex 217 52 1
endloop
endfacet
facet normal 1 0 0
outer loop
vertex 223 52 0
vertex 223 53 0
vertex 223 53 1
endloop
endfacet
facet normal 1 0 0
outer loop
vertex 223 52 0
vertex 223 53 1
vertex 223 52 1
endloop
endfacet
facet normal 0 1 0
outer loop
vertex 223 53 0
vertex 217 53 0
vertex 217 53 1
endloop
endfacet
facet normal 0 1 0
outer loop
vertex 223 53 0
vertex 217 53 1
vertex 223 53 1
endloop
endfacet
facet normal -1 0 0
outer loop
vertex 217 53 0
vertex 217 52 0
vertex 217 52 1
endloop
endfacet
facet normal -1 0 0
outer loop
vertex 217 53 0
vertex 217 52 1
vertex 217 53 1
endloop
endfacet
facet normal 0 0 -1
outer loop
vertex 227 52 0
vertex 231 53 0
vertex 231 52 0
endloop
endfacet
facet normal 0 0 -1
outer loop
vertex 227 52 0
vertex 227 53 0
vertex 231 53 0
endloop
endfacet
facet normal 0 0 1
outer loop
vertex 227 52 1
vertex 231 52 1
vertex 231 53 1
endloop
endfacet
facet normal 0 0 1
outer loop
vertex 227 52 1
vertex 231 53 1
vertex 227 53 1
endloop
endfacet
facet normal 0 -1 0
outer loop
vertex 227 52 0
vertex 231 52 0
vertex 231 52 1
endloop
endfacet
facet normal 0 -1 0
outer loop
vertex 227 52 0
vertex 231 52 1
vertex 227 52 1
endloop
endfacet
facet normal 1 0 0
outer loop
vertex 231 52 0
vertex 231 53 0
vertex 231 53 1
endloop
endfacet
facet normal 1 0 0
outer loop
vertex 231 52 0
vertex 231 53 1
vertex 231 52 1
endloop
endfacet
facet normal 0 1 0
outer loop
vertex 231 53 0
vertex 227 53 0
vertex 227 53 1
endloop
endfacet
facet normal 0 1 0
outer loop
vertex 231 53 0
vertex 227 53 1
vertex 231 53 1
endloop
endfacet
facet normal -1 0 0
outer loop
vertex 227 53 0
vertex 227 52 0
vertex 227 52 1
endloop
endfacet
facet normal -1 0 0
outer loop
vertex 227 53 0
vertex 227 52 1
vertex 227 53 1
endloop
endfacet
facet normal 0 0 -1
outer loop
vertex 233 52 0
vertex 239 53 0
vertex 239 52 0
endloop
endfacet
facet normal 0 0 -1
outer loop
vertex 233 52 0
vertex 233 53 0
vertex 239 53 0
endloop
endfacet
facet normal 0 0 1
outer loop
vertex 233 52 1
vertex 239 52 1
vertex 239 53 1
endloop
endfacet
facet normal 0 0 1
outer loop
vertex 233 52 1
vertex 239 53 1
vertex 233 53 1
endloop
endfacet
facet normal 0 -1 0
outer loop
vertex 233 52 0
vertex 239 52 0
vertex 239 52 1
endloop
endfacet
facet normal 0 -1 0
outer loop
vertex 233 52 0
vertex 239 52 1
vertex 233 52 1
endloop
endfacet
facet normal 1 0 0
outer loop
vertex 239 52 0
vertex 239 53 0
vertex 239 53 1
endloop
endfacet
facet normal 1 0 0
outer loop
vertex 239 52 0
vertex 239 53 1
vertex 239 52 1
endloop
endfacet
facet normal 0 1 0
outer loop
vertex 239 53 0
vertex 233 53 0
vertex 233 53 1
endloop
endfacet
facet normal 0 1 0
outer loop
vertex 239 53 0
vertex 233 53 1
vertex 239 53 1
endloop
endfacet
facet normal -1 0 0
outer loop
vertex 233 53 0
vertex 233 52 0
vertex 233 52 1
endloop
endfacet
facet normal -1 0 0
outer loop
vertex 233 53 0
vertex 233 52 1
vertex 233 53 1
endloop
endfacet
facet normal 0 0 -1
outer loop
vertex 242 52 0
vertex 245 53 0
vertex 245 52 0
endloop
endfacet
facet normal 0 0 -1
outer loop
vertex 242 52 0
vertex 242 53 0
vertex 245 53 0
endloop
endfacet
facet normal 0 0 1
outer loop
vertex 242 52 1
vertex 245 52 1
vertex 245 53 1
endloop
endfacet
facet normal 0 0 1
outer loop
vertex 242 52 1
vertex 245 53 1
vertex 242 53 1
endloop
endfacet
facet normal 0 -1 0
outer loop
vertex 242 52 0
vertex 245 52 0
vertex 245 52 1
endloop
endfacet
facet normal 0 -1 0
outer loop
vertex 242 52 0
vertex 245 52 1
vertex 242 52 1
endloop
endfacet
facet normal 1 0 0
outer loop
vertex 245 52 0
vertex 245 53 0
vertex 245 53 1
endloop
endfacet
facet normal 1 0 0
outer loop
vertex 245 52 0
vertex 245 53 1
vertex 245 52 1
endloop
endfacet
facet normal 0 1 0
outer loop
vertex 245 53 0
vertex 242 53 0
vertex 242 53 1
endloop
endfacet
facet normal 0 1 0
outer loop
vertex 245 53 0
vertex 242 53 1
vertex 245 53 1
endloop
endfacet
facet normal -1 0 0
outer loop
vertex 242 53 0
vertex 242 52 0
vertex 242 52 1
endloop
endfacet
facet normal -1 0 0
outer loop
vertex 242 53 0
vertex 242 52 1
vertex 242 53 1
endloop
endfacet
facet normal 0 0 -1
outer loop
vertex 249 52 0
vertex 253 53 0
vertex 253 52 0
endloop
endfacet
facet normal 0 0 -1
outer loop
vertex 249 52 0
vertex 249 53 0
vertex 253 53 0
endloop
endfacet
facet normal 0 0 1
outer loop
vertex 249 52 1
vertex 253 52 1
vertex 253 53 1
endloop
endfacet
facet normal 0 0 1
outer loop
vertex 249 52 1
vertex 253 53 1
vertex 249 53 1
endloop
endfacet
facet normal 0 -1 0
outer loop
vertex 249 52 0
vertex 253 52 0
vertex 253 52 1
endloop
endfacet
facet normal 0 -1 0
outer loop
vertex 249 52 0
vertex 253 52 1
vertex 249 52 1
endloop
endfacet
facet normal 1 0 0
outer loop
vertex 253 52 0
vertex 253 53 0
vertex 253 53 1
endloop
endfacet
facet normal 1 0 0
outer loop
vertex 253 52 0
vertex 253 53 1
vertex 253 52 1
endloop
endfacet
facet normal 0 1 0
outer loop
vertex 253 53 0
vertex 249 53 0
vertex 249 53 1
endloop
endfacet
facet normal 0 1 0
outer loop
vertex 253 53 0
vertex 249 53 1
vertex 253 53 1
endloop
endfacet
facet normal -1 0 0
outer loop
vertex 249 53 0
vertex 249 52 0
vertex 249 52 1
endloop
endfacet
facet normal -1 0 0
outer loop
vertex 249 53 0
vertex 249 52 1
vertex 249 53 1
endloop
endfacet
facet normal 0 0 -1
outer loop
vertex 267 52 0
vertex 271 53 0
vertex 271 52 0
endloop
endfacet
facet normal 0 0 -1
outer loop
vertex 267 52 0
vertex 267 53 0
vertex 271 53 0
endloop
endfacet
facet normal 0 0 1
outer loop
vertex 267 52 1
vertex 271 52 1
vertex 271 53 1
endloop
endfacet
facet normal 0 0 1
outer loop
vertex 267 52 1
vertex 271 53 1
vertex 267 53 1
endloop
endfacet
facet normal 0 -1 0
outer loop
vertex 267 52 0
vertex 271 52 0
vertex 271 52 1
endloop
endfacet
facet normal 0 -1 0
outer loop
vertex 267 52 0
vertex 271 52 1
vertex 267 52 1
endloop
endfacet
facet normal 1 0 0
outer loop
vertex 271 52 0
vertex 271 53 0
vertex 271 53 1
endloop
endfacet
facet normal 1 0 0
outer loop
vertex 271 52 0
vertex 271 53 1
vertex 271 52 1
endloop
endfacet
facet normal 0 1 0
outer loop
vertex 271 53 0
vertex 267 53 0
vertex 267 53 1
endloop
endfacet
facet normal 0 1 0
outer loop
vertex 271 53 0
vertex 267 53 1
vertex 271 53 1
endloop
endfacet
facet normal -1 0 0
outer loop
vertex 267 53 0
vertex 267 52 0
vertex 267 52 1
endloop
endfacet
facet normal -1 0 0
outer loop
vertex 267 53 0
vertex 267 52 1
vertex 267 53 1
endloop
endfacet
facet normal 0 0 -1
outer loop
vertex 280 52 0
vertex 290 53 0
vertex 290 52 0
endloop
endfacet
facet normal 0 0 -1
outer loop
vertex 280 52 0
vertex 280 53 0
vertex 290 53 0
endloop
endfacet
facet normal 0 0 1
outer loop
vertex 280 52 1
vertex 290 52 1
vertex 290 53 1
endloop
endfacet
facet normal 0 0 1
outer loop
vertex 280 52 1
vertex 290 53 1
vertex 280 53 1
endloop
endfacet
facet normal 0 -1 0
outer loop
vertex 280 52 0
vertex 290 52 0
vertex 290 52 1
endloop
endfacet
facet normal 0 -1 0
outer loop
vertex 280 52 0
vertex 290 52 1
vertex 280 52 1
endloop
endfacet
facet normal 1 0 0
outer loop
vertex 290 52 0
vertex 290 53 0
vertex 290 53 1
endloop
endfacet
facet normal 1 0 0
outer loop
vertex 290 52 0
vertex 290 53 1
vertex 290 52 1
endloop
endfacet
facet normal 0 1 0
outer loop
vertex 290 53 0
vertex 280 53 0
vertex 280 53 1
endloop
endfacet
facet normal 0 1 0
outer loop
vertex 290 53 0
vertex 280 53 1
vertex 290 53 1
endloop
endfacet
facet normal -1 0 0
outer loop
vertex 280 53 0
vertex 280 52 0
vertex 280 52 1
endloop
endfacet
facet normal -1 0 0
outer loop
vertex 280 53 0
vertex 280 52 1
vertex 280 53 1
endloop
endfacet
facet normal 0 0 -1
outer loop
vertex 302 52 0
vertex 306 53 0
vertex 306 52 0
endloop
endfacet
facet normal 0 0 -1
outer loop
vertex 302 52 0
vertex 302 53 0
vertex 306 53 0
endloop
endfacet
facet normal 0 0 1
outer loop
vertex 302 52 1
vertex 306 52 1
vertex 306 53 1
endloop
endfacet
facet normal 0 0 1
outer loop
vertex 302 52 1
vertex 306 53 1
vertex 302 53 1
endloop
endfacet
facet normal 0 -1 0
outer loop
vertex 302 52 0
vertex 306 52 0
vertex 306 52 1
endloop
endfacet
facet normal 0 -1 0
outer loop
vertex 302 52 0
vertex 306 52 1
vertex 302 52 1
endloop
endfacet
facet normal 1 0 0
outer loop
vertex 306 52 0
vertex 306 53 0
vertex 306 53 1
endloop
endfacet
facet normal 1 0 0
outer loop
vertex 306 52 0
vertex 306 53 1
vertex 306 52 1
endloop
endfacet
facet normal 0 1 0
outer loop
vertex 306 53 0
vertex 302 53 0
vertex 302 53 1
endloop
endfacet
facet normal 0 1 0
outer loop
vertex 306 53 0
vertex 302 53 1
vertex 306 53 1
endloop
endfacet
facet normal -1 0 0
outer loop
vertex 302 53 0
vertex 302 52 0
vertex 302 52 1
endloop
endfacet
facet normal -1 0 0
outer loop
vertex 302 53 0
vertex 302 52 1
vertex 302 53 1
endloop
endfacet
facet normal 0 0 -1
outer loop
vertex 310 52 0
vertex 318 53 0
vertex 318 52 0
endloop
endfacet
facet normal 0 0 -1
outer loop
vertex 310 52 0
vertex 310 53 0
vertex 318 53 0
endloop
endfacet
facet normal 0 0 1
outer loop
vertex 310 52 1
vertex 318 52 1
vertex 318 53 1
endloop
endfacet
facet normal 0 0 1
outer loop
vertex 310 52 1
vertex 318 53 1
vertex 310 53 1
endloop
endfacet
facet normal 0 -1 0
outer loop
vertex 310 52 0
vertex 318 52 0
vertex 318 52 1
endloop
endfacet
facet normal 0 -1 0
outer loop
vertex 310 52 0
vertex 318 52 1
vertex 310 52 1
endloop
endfacet
facet normal 1 0 0
outer loop
vertex 318 52 0
vertex 318 53 0
vertex 318 53 1
endloop
endfacet
facet normal 1 0 0
outer loop
vertex 318 52 0
vertex 318 53 1
vertex 318 52 1
endloop
endfacet
facet normal 0 1 0
outer loop
vertex 318 53 0
vertex 310 53 0
vertex 310 53 1
endloop
endfacet
facet normal 0 1 0
outer loop
vertex 318 53 0
vertex 310 53 1
vertex 318 53 1
endloop
endfacet
facet normal -1 0 0
outer loop
vertex 310 53 0
vertex 310 52 0
vertex 310 52 1
endloop
endfacet
facet normal -1 0 0
outer loop
vertex 310 53 0
vertex 310 52 1
vertex 310 53 1
endloop
endfacet
facet normal 0 0 -1
outer loop
vertex 116 53 0
vertex 120 54 0
vertex 120 53 0
endloop
endfacet
facet normal 0 0 -1
outer loop
vertex 116 53 0
vertex 116 54 0
vertex 120 54 0
endloop
endfacet
facet normal 0 0 1
outer loop
vertex 116 53 1
vertex 120 53 1
vertex 120 54 1
endloop
endfacet
facet normal 0 0 1
outer loop
vertex 116 53 1
vertex 120 54 1
vertex 116 54 1
endloop
endfacet
facet normal 0 -1 0
outer loop
vertex 116 53 0
vertex 120 53 0
vertex 120 53 1
endloop
endfacet
facet normal 0 -1 0
outer loop
vertex 116 53 0
vertex 120 53 1
vertex 116 53 1
endloop
endfacet
facet normal 1 0 0
outer loop
vertex 120 53 0
vertex 120 54 0
vertex 120 54 1
endloop
endfacet
facet normal 1 0 0
outer loop
vertex 120 53 0
vertex 120 54 1
vertex 120 53 1
endloop
endfacet
facet normal 0 1 0
outer loop
vertex 120 54 0
vertex 116 54 0
vertex 116 54 1
endloop
endfacet
facet normal 0 1 0
outer loop
vertex 120 54 0
vertex 116 54 1
vertex 120 54 1
endloop
endfacet
facet normal -1 0 0
outer loop
vertex 116 54 0
vertex 116 53 0
vertex 116 53 1
endloop
endfacet
facet normal -1 0 0
outer loop
vertex 116 54 0
vertex 116 53 1
vertex 116 54 1
endloop
endfacet
facet normal 0 0 -1
outer loop
vertex 132 53 0
vertex 137 54 0
vertex 137 53 0
endloop
endfacet
facet normal 0 0 -1
outer loop
vertex 132 53 0
vertex 132 54 0
vertex 137 54 0
endloop
endfacet
facet normal 0 0 1
outer loop
vertex 132 53 1
vertex 137 53 1
vertex 137 54 1
endloop
endfacet
facet normal 0 0 1
outer loop
vertex 132 53 1
vertex 137 54 1
vertex 132 54 1
endloop
endfacet
facet normal 0 -1 0
outer loop
vertex 132 53 0
vertex 137 53 0
vertex 137 53 1
endloop
endfacet
facet normal 0 -1 0
outer loop
vertex 132 53 0
vertex 137 53 1
vertex 132 53 1
endloop
endfacet
facet normal 1 0 0
outer loop
vertex 137 53 0
vertex 137 54 0
vertex 137 54 1
endloop
endfacet
facet normal 1 0 0
outer loop
vertex 137 53 0
vertex 137 54 1
vertex 137 53 1
endloop
endfacet
facet normal 0 1 0
outer loop
vertex 137 54 0
vertex 132 54 0
vertex 132 54 1
endloop
endfacet
facet normal 0 1 0
outer loop
vertex 137 54 0
vertex 132 54 1
vertex 137 54 1
endloop
endfacet
facet normal -1 0 0
outer loop
vertex 132 54 0
vertex 132 53 0
vertex 132 53 1
endloop
endfacet
facet normal -1 0 0
outer loop
vertex 132 54 0
vertex 132 53 1
vertex 132 54 1
endloop
endfacet
facet normal 0 0 -1
outer loop
vertex 150 53 0
vertex 155 54 0
vertex 155 53 0
endloop
endfacet
facet normal 0 0 -1
outer loop
vertex 150 53 0
vertex 150 54 0
vertex 155 54 0
endloop
endfacet
facet normal 0 0 1
outer loop
vertex 150 53 1
vertex 155 53 1
vertex 155 54 1
endloop
endfacet
facet normal 0 0 1
outer loop
vertex 150 53 1
vertex 155 54 1
vertex 150 54 1
endloop
endfacet
facet normal 0 -1 0
outer loop
vertex 150 53 0
vertex 155 53 0
vertex 155 53 1
endloop
endfacet
facet normal 0 -1 0
outer loop
vertex 150 53 0
vertex 155 53 1
vertex 150 53 1
endloop
endfacet
facet normal 1 0 0
outer loop
vertex 155 53 0
vertex 155 54 0
vertex 155 54 1
endloop
endfacet
facet normal 1 0 0
outer loop
vertex 155 53 0
vertex 155 54 1
vertex 155 53 1
endloop
endfacet
facet normal 0 1 0
outer loop
vertex 155 54 0
vertex 150 54 0
vertex 150 54 1
endloop
endfacet
facet normal 0 1 0
outer loop
vertex 155 54 0
vertex 150 54 1
vertex 155 54 1
endloop
endfacet
facet normal -1 0 0
outer loop
vertex 150 54 0
vertex 150 53 0
vertex 150 53 1
endloop
endfacet
facet normal -1 0 0
outer loop
vertex 150 54 0
vertex 150 53 1
vertex 150 54 1
endloop
endfacet
facet normal 0 0 -1
outer loop
vertex 162 53 0
vertex 176 54 0
vertex 176 53 0
endloop
endfacet
facet normal 0 0 -1
outer loop
vertex 162 53 0
vertex 162 54 0
vertex 176 54 0
endloop
endfacet
facet normal 0 0 1
outer loop
vertex 162 53 1
vertex 176 53 1
vertex 176 54 1
endloop
endfacet
facet normal 0 0 1
outer loop
vertex 162 53 1
vertex 176 54 1
vertex 162 54 1
endloop
endfacet
facet normal 0 -1 0
outer loop
vertex 162 53 0
vertex 176 53 0
vertex 176 53 1
endloop
endfacet
facet normal 0 -1 0
outer loop
vertex 162 53 0
vertex 176 53 1
vertex 162 53 1
endloop
endfacet
facet normal 1 0 0
outer loop
vertex 176 53 0
vertex 176 54 0
vertex 176 54 1
endloop
endfacet
facet normal 1 0 0
outer loop
vertex 176 53 0
vertex 176 54 1
vertex 176 53 1
endloop
endfacet
facet normal 0 1 0
outer loop
vertex 176 54 0
vertex 162 54 0
vertex 162 54 1
endloop
endfacet
facet normal 0 1 0
outer loop
vertex 176 54 0
vertex 162 54 1
vertex 176 54 1
endloop
endfacet
facet normal -1 0 0
outer loop
vertex 162 54 0
vertex 162 53 0
vertex 162 53 1
endloop
endfacet
facet normal -1 0 0
outer loop
vertex 162 54 0
vertex 162 53 1
vertex 162 54 1
endloop
endfacet
facet normal 0 0 -1
outer loop
vertex 197 53 0
vertex 201 54 0
vertex 201 53 0
endloop
endfacet
facet normal 0 0 -1
outer loop
vertex 197 53 0
vertex 197 54 0
vertex 201 54 0
endloop
endfacet
facet normal 0 0 1
outer loop
vertex 197 53 1
vertex 201 53 1
vertex 201 54 1
endloop
endfacet
facet normal 0 0 1
outer loop
vertex 197 53 1
vertex 201 54 1
vertex 197 54 1
endloop
endfacet
facet normal 0 -1 0
outer loop
vertex 197 53 0
vertex 201 53 0
vertex 201 53 1
endloop
endfacet
facet normal 0 -1 0
outer loop
vertex 197 53 0
vertex 201 53 1
vertex 197 53 1
endloop
endfacet
facet normal 1 0 0
outer loop
vertex 201 53 0
vertex 201 54 0
vertex 201 54 1
endloop
endfacet
facet normal 1 0 0
outer loop
vertex 201 53 0
vertex 201 54 1
vertex 201 53 1
endloop
endfacet
facet normal 0 1 0
outer loop
vertex 201 54 0
vertex 197 54 0
vertex 197 54 1
endloop
endfacet
facet normal 0 1 0
outer loop
vertex 201 54 0
vertex 197 54 1
vertex 201 54 1
endloop
endfacet
facet normal -1 0 0
outer loop
vertex 197 54 0
vertex 197 53 0
vertex 197 53 1
endloop
endfacet
facet normal -1 0 0
outer loop
vertex 197 54 0
vertex 197 53 1
vertex 197 54 1
endloop
endfacet
facet normal 0 0 -1
outer loop
vertex 218 53 0
vertex 223 54 0
vertex 223 53 0
endloop
endfacet
facet normal 0 0 -1
outer loop
vertex 218 53 0
vertex 218 54 0
vertex 223 54 0
endloop
endfacet
facet normal 0 0 1
outer loop
vertex 218 53 1
vertex 223 53 1
vertex 223 54 1
endloop
endfacet
facet normal 0 0 1
outer loop
vertex 218 53 1
vertex 223 54 1
vertex 218 54 1
endloop
endfacet
facet normal 0 -1 0
outer loop
vertex 218 53 0
vertex 223 53 0
vertex 223 53 1
endloop
endfacet
facet normal 0 -1 0
outer loop
vertex 218 53 0
vertex 223 53 1
vertex 218 53 1
endloop
endfacet
facet normal 1 0 0
outer loop
vertex 223 53 0
vertex 223 54 0
vertex 223 54 1
endloop
endfacet
facet normal 1 0 0
outer loop
vertex 223 53 0
vertex 223 54 1
vertex 223 53 1
endloop
endfacet
facet normal 0 1 0
outer loop
vertex 223 54 0
vertex 218 54 0
vertex 218 54 1
endloop
endfacet
facet normal 0 1 0
outer loop
vertex 223 54 0
vertex 218 54 1
vertex 223 54 1
endloop
endfacet
facet normal -1 0 0
outer loop
vertex 218 54 0
vertex 218 53 0
vertex 218 53 1
endloop
endfacet
facet normal -1 0 0
outer loop
vertex 218 54 0
vertex 218 53 1
vertex 218 54 1
endloop
endfacet
facet normal 0 0 -1
outer loop
vertex 227 53 0
vertex 239 54 0
vertex 239 53 0
endloop
endfacet
facet normal 0 0 -1
outer loop
vertex 227 53 0
vertex 227 54 0
vertex 239 54 0
endloop
endfacet
facet normal 0 0 1
outer loop
vertex 227 53 1
vertex 239 53 1
vertex 239 54 1
endloop
endfacet
facet normal 0 0 1
outer loop
vertex 227 53 1
vertex 239 54 1
vertex 227 54 1
endloop
endfacet
facet normal 0 -1 0
outer loop
vertex 227 53 0
vertex 239 53 0
vertex 239 53 1
endloop
endfacet
facet normal 0 -1 0
outer loop
vertex 227 53 0
vertex 239 53 1
vertex 227 53 1
endloop
endfacet
facet normal 1 0 0
outer loop
vertex 239 53 0
vertex 239 54 0
vertex 239 54 1
endloop
endfacet
facet normal 1 0 0
outer loop
vertex 239 53 0
vertex 239 54 1
vertex 239 53 1
endloop
endfacet
facet normal 0 1 0
outer loop
vertex 239 54 0
vertex 227 54 0
vertex 227 54 1
endloop
endfacet
facet normal 0 1 0
outer loop
vertex 239 54 0
vertex 227 54 1
vertex 239 54 1
endloop
endfacet
facet normal -1 0 0
outer loop
vertex 227 54 0
vertex 227 53 0
vertex 227 53 1
endloop
endfacet
facet normal -1 0 0
outer loop
vertex 227 54 0
vertex 227 53 1
vertex 227 54 1
endloop
endfacet
facet normal 0 0 -1
outer loop
vertex 241 53 0
vertex 246 54 0
vertex 246 53 0
endloop
endfacet
facet normal 0 0 -1
outer loop
vertex 241 53 0
vertex 241 54 0
vertex 246 54 0
endloop
endfacet
facet normal 0 0 1
outer loop
vertex 241 53 1
vertex 246 53 1
vertex 246 54 1
endloop
endfacet
facet normal 0 0 1
outer loop
vertex 241 53 1
vertex 246 54 1
vertex 241 54 1
endloop
endfacet
facet normal 0 -1 0
outer loop
vertex 241 53 0
vertex 246 53 0
vertex 246 53 1
endloop
endfacet
facet normal 0 -1 0
outer loop
vertex 241 53 0
vertex 246 53 1
vertex 241 53 1
endloop
endfacet
facet normal 1 0 0
outer loop
vertex 246 53 0
vertex 246 54 0
vertex 246 54 1
endloop
endfacet
facet normal 1 0 0
outer loop
vertex 246 53 0
vertex 246 54 1
vertex 246 53 1
endloop
endfacet
facet normal 0 1 0
outer loop
vertex 246 54 0
vertex 241 54 0
vertex 241 54 1
endloop
endfacet
facet normal 0 1 0
outer loop
vertex 246 54 0
vertex 241 54 1
vertex 246 54 1
endloop
endfacet
facet normal -1 0 0
outer loop
vertex 241 54 0
vertex 241 53 0
vertex 241 53 1
endloop
endfacet
facet normal -1 0 0
outer loop
vertex 241 54 0
vertex 241 53 1
vertex 241 54 1
endloop
endfacet
facet normal 0 0 -1
outer loop
vertex 248 53 0
vertex 253 54 0
vertex 253 53 0
endloop
endfacet
facet normal 0 0 -1
outer loop
vertex 248 53 0
vertex 248 54 0
vertex 253 54 0
endloop
endfacet
facet normal 0 0 1
outer loop
vertex 248 53 1
vertex 253 53 1
vertex 253 54 1
endloop
endfacet
facet normal 0 0 1
outer loop
vertex 248 53 1
vertex 253 54 1
vertex 248 54 1
endloop
endfacet
facet normal 0 -1 0
outer loop
vertex 248 53 0
vertex 253 53 0
vertex 253 53 1
endloop
endfacet
facet normal 0 -1 0
outer loop
vertex 248 53 0
vertex 253 53 1
vertex 248 53 1
endloop
endfacet
facet normal 1 0 0
outer loop
vertex 253 53 0
vertex 253 54 0
vertex 253 54 1
endloop
endfacet
facet normal 1 0 0
outer loop
vertex 253 53 0
vertex 253 54 1
vertex 253 53 1
endloop
endfacet
facet normal 0 1 0
outer loop
vertex 253 54 0
vertex 248 54 0
vertex 248 54 1
endloop
endfacet
facet normal 0 1 0
outer loop
vertex 253 54 0
vertex 248 54 1
vertex 253 54 1
endloop
endfacet
facet normal -1 0 0
outer loop
vertex 248 54 0
vertex 248 53 0
vertex 248 53 1
endloop
endfacet
facet normal -1 0 0
outer loop
vertex 248 54 0
vertex 248 53 1
vertex 248 54 1
endloop
endfacet
facet normal 0 0 -1
outer loop
vertex 266 53 0
vertex 271 54 0
vertex 271 53 0
endloop
endfacet
facet normal 0 0 -1
outer loop
vertex 266 53 0
vertex 266 54 0
vertex 271 54 0
endloop
endfacet
facet normal 0 0 1
outer loop
vertex 266 53 1
vertex 271 53 1
vertex 271 54 1
endloop
endfacet
facet normal 0 0 1
outer loop
vertex 266 53 1
vertex 271 54 1
vertex 266 54 1
endloop
endfacet
facet normal 0 -1 0
outer loop
vertex 266 53 0
vertex 271 53 0
vertex 271 53 1
endloop
endfacet
facet normal 0 -1 0
outer loop
vertex 266 53 0
vertex 271 53 1
vertex 266 53 1
endloop
endfacet
facet normal 1 0 0
outer loop
vertex 271 53 0
vertex 271 54 0
vertex 271 54 1
endloop
endfacet
facet normal 1 0 0
outer loop
vertex 271 53 0
vertex 271 54 1
vertex 271 53 1
endloop
endfacet
facet normal 0 1 0
outer loop
vertex 271 54 0
vertex 266 54 0
vertex 266 54 1
endloop
endfacet
facet normal 0 1 0
outer loop
vertex 271 54 0
vertex 266 54 1
vertex 271 54 1
endloop
endfacet
facet normal -1 0 0
outer loop
vertex 266 54 0
vertex 266 53 0
vertex 266 53 1
endloop
endfacet
facet normal -1 0 0
outer loop
vertex 266 54 0
vertex 266 53 1
vertex 266 54 1
endloop
endfacet
facet normal 0 0 -1
outer loop
vertex 278 53 0
vertex 292 54 0
vertex 292 53 0
endloop
endfacet
facet normal 0 0 -1
outer loop
vertex 278 53 0
vertex 278 54 0
vertex 292 54 0
endloop
endfacet
facet normal 0 0 1
outer loop
vertex 278 53 1
vertex 292 53 1
vertex 292 54 1
endloop
endfacet
facet normal 0 0 1
outer loop
vertex 278 53 1
vertex 292 54 1
vertex 278 54 1
endloop
endfacet
facet normal 0 -1 0
outer loop
vertex 278 53 0
vertex 292 53 0
vertex 292 53 1
endloop
endfacet
facet normal 0 -1 0
outer loop
vertex 278 53 0
vertex 292 53 1
vertex 278 53 1
endloop
endfacet
facet normal 1 0 0
outer loop
vertex 292 53 0
vertex 292 54 0
vertex 292 54 1
endloop
endfacet
facet normal 1 0 0
outer loop
vertex 292 53 0
vertex 292 54 1
vertex 292 53 1
endloop
endfacet
facet normal 0 1 0
outer loop
vertex 292 54 0
vertex 278 54 0
vertex 278 54 1
endloop
endfacet
facet normal 0 1 0
outer loop
vertex 292 54 0
vertex 278 54 1
vertex 292 54 1
endloop
endfacet
facet normal -1 0 0
outer loop
vertex 278 54 0
vertex 278 53 0
vertex 278 53 1
endloop
endfacet
facet normal -1 0 0
outer loop
vertex 278 54 0
vertex 278 53 1
vertex 278 54 1
endloop
endfacet
facet normal 0 0 -1
outer loop
vertex 302 53 0
vertex 306 54 0
vertex 306 53 0
endloop
endfacet
facet normal 0 0 -1
outer loop
vertex 302 53 0
vertex 302 54 0
vertex 306 54 0
endloop
endfacet
facet normal 0 0 1
outer loop
vertex 302 53 1
vertex 306 53 1
vertex 306 54 1
endloop
endfacet
facet normal 0 0 1
outer loop
vertex 302 53 1
vertex 306 54 1
vertex 302 54 1
endloop
endfacet
facet normal 0 -1 0
outer loop
vertex 302 53 0
vertex 306 53 0
vertex 306 53 1
endloop
endfacet
facet normal 0 -1 0
outer loop
vertex 302 53 0
vertex 306 53 1
vertex 302 53 1
endloop
endfacet
facet normal 1 0 0
outer loop
vertex 306 53 0
vertex 306 54 0
vertex 306 54 1
endloop
endfacet
facet normal 1 0 0
outer loop
vertex 306 53 0
vertex 306 54 1
vertex 306 53 1
endloop
endfacet
facet normal 0 1 0
outer loop
vertex 306 54 0
vertex 302 54 0
vertex 302 54 1
endloop
endfacet
facet normal 0 1 0
outer loop
vertex 306 54 0
vertex 302 54 1
vertex 306 54 1
endloop
endfacet
facet normal -1 0 0
outer loop
vertex 302 54 0
vertex 302 53 0
vertex 302 53 1
endloop
endfacet
facet normal -1 0 0
outer loop
vertex 302 54 0
vertex 302 53 1
vertex 302 54 1
endloop
endfacet
facet normal 0 0 -1
outer loop
vertex 308 53 0
vertex 319 54 0
vertex 319 53 0
endloop
endfacet
facet normal 0 0 -1
outer loop
vertex 308 53 0
vertex 308 54 0
vertex 319 54 0
endloop
endfacet
facet normal 0 0 1
outer loop
vertex 308 53 1
vertex 319 53 1
vertex 319 54 1
endloop
endfacet
facet normal 0 0 1
outer loop
vertex 308 53 1
vertex 319 54 1
vertex 308 54 1
endloop
endfacet
facet normal 0 -1 0
outer loop
vertex 308 53 0
vertex 319 53 0
vertex 319 53 1
endloop
endfacet
facet normal 0 -1 0
outer loop
vertex 308 53 0
vertex 319 53 1
vertex 308 53 1
endloop
endfacet
facet normal 1 0 0
outer loop
vertex 319 53 0
vertex 319 54 0
vertex 319 54 1
endloop
endfacet
facet normal 1 0 0
outer loop
vertex 319 53 0
vertex 319 54 1
vertex 319 53 1
endloop
endfacet
facet normal 0 1 0
outer loop
vertex 319 54 0
vertex 308 54 0
vertex 308 54 1
endloop
endfacet
facet normal 0 1 0
outer loop
vertex 319 54 0
vertex 308 54 1
vertex 319 54 1
endloop
endfacet
facet normal -1 0 0
outer loop
vertex 308 54 0
vertex 308 53 0
vertex 308 53 1
endloop
endfacet
facet normal -1 0 0
outer loop
vertex 308 54 0
vertex 308 53 1
vertex 308 54 1
endloop
endfacet
facet normal 0 0 -1
outer loop
vertex 116 54 0
vertex 120 55 0
vertex 120 54 0
endloop
endfacet
facet normal 0 0 -1
outer loop
vertex 116 54 0
vertex 116 55 0
vertex 120 55 0
endloop
endfacet
facet normal 0 0 1
outer loop
vertex 116 54 1
vertex 120 54 1
vertex 120 55 1
endloop
endfacet
facet normal 0 0 1
outer loop
vertex 116 54 1
vertex 120 55 1
vertex 116 55 1
endloop
endfacet
facet normal 0 -1 0
outer loop
vertex 116 54 0
vertex 120 54 0
vertex 120 54 1
endloop
endfacet
facet normal 0 -1 0
outer loop
vertex 116 54 0
vertex 120 54 1
vertex 116 54 1
endloop
endfacet
facet normal 1 0 0
outer loop
vertex 120 54 0
vertex 120 55 0
vertex 120 55 1
endloop
endfacet
facet normal 1 0 0
outer loop
vertex 120 54 0
vertex 120 55 1
vertex 120 54 1
endloop
endfacet
facet normal 0 1 0
outer loop
vertex 120 55 0
vertex 116 55 0
vertex 116 55 1
endloop
endfacet
facet normal 0 1 0
outer loop
vertex 120 55 0
vertex 116 55 1
vertex 120 55 1
endloop
endfacet
facet normal -1 0 0
outer loop
vertex 116 55 0
vertex 116 54 0
vertex 116 54 1
endloop
endfacet
facet normal -1 0 0
outer loop
vertex 116 55 0
vertex 116 54 1
vertex 116 55 1
endloop
endfacet
facet normal 0 0 -1
outer loop
vertex 133 54 0
vertex 138 55 0
vertex 138 54 0
endloop
endfacet
facet normal 0 0 -1
outer loop
vertex 133 54 0
vertex 133 55 0
vertex 138 55 0
endloop
endfacet
facet normal 0 0 1
outer loop
vertex 133 54 1
vertex 138 54 1
vertex 138 55 1
endloop
endfacet
facet normal 0 0 1
outer loop
vertex 133 54 1
vertex 138 55 1
vertex 133 55 1
endloop
endfacet
facet normal 0 -1 0
outer loop
vertex 133 54 0
vertex 138 54 0
vertex 138 54 1
endloop
endfacet
facet normal 0 -1 0
outer loop
vertex 133 54 0
vertex 138 54 1
vertex 133 54 1
endloop
endfacet
facet normal 1 0 0
outer loop
vertex 138 54 0
vertex 138 55 0
vertex 138 55 1
endloop
endfacet
facet normal 1 0 0
outer loop
vertex 138 54 0
vertex 138 55 1
vertex 138 54 1
endloop
endfacet
facet normal 0 1 0
outer loop
vertex 138 55 0
vertex 133 55 0
vertex 133 55 1
endloop
endfacet
facet normal 0 1 0
outer loop
vertex 138 55 0
vertex 133 55 1
vertex 138 55 1
endloop
endfacet
facet normal -1 0 0
outer loop
vertex 133 55 0
vertex 133 54 0
vertex 133 54 1
endloop
endfacet
facet normal -1 0 0
outer loop
vertex 133 55 0
vertex 133 54 1
vertex 133 55 1
endloop
endfacet
facet normal 0 0 -1
outer loop
vertex 150 54 0
vertex 155 55 0
vertex 155 54 0
endloop
endfacet
facet normal 0 0 -1
outer loop
vertex 150 54 0
vertex 150 55 0
vertex 155 55 0
endloop
endfacet
facet normal 0 0 1
outer loop
vertex 150 54 1
vertex 155 54 1
vertex 155 55 1
endloop
endfacet
facet normal 0 0 1
outer loop
vertex 150 54 1
vertex 155 55 1
vertex 150 55 1
endloop
endfacet
facet normal 0 -1 0
outer loop
vertex 150 54 0
vertex 155 54 0
vertex 155 54 1
endloop
endfacet
facet normal 0 -1 0
outer loop
vertex 150 54 0
vertex 155 54 1
vertex 150 54 1
endloop
endfacet
facet normal 1 0 0
outer loop
vertex 155 54 0
vertex 155 55 0
vertex 155 55 1
endloop
endfacet
facet normal 1 0 0
outer loop
vertex 155 54 0
vertex 155 55 1
vertex 155 54 1
endloop
endfacet
facet normal 0 1 0
outer loop
vertex 155 55 0
vertex 150 55 0
vertex 150 55 1
endloop
endfacet
facet normal 0 1 0
outer loop
vertex 155 55 0
vertex 150 55 1
vertex 155 55 1
endloop
endfacet
facet normal -1 0 0
outer loop
vertex 150 55 0
vertex 150 54 0
vertex 150 54 1
endloop
endfacet
facet normal -1 0 0
outer loop
vertex 150 55 0
vertex 150 54 1
vertex 150 55 1
endloop
endfacet
facet normal 0 0 -1
outer loop
vertex 161 54 0
vertex 177 55 0
vertex 177 54 0
endloop
endfacet
facet normal 0 0 -1
outer loop
vertex 161 54 0
vertex 161 55 0
vertex 177 55 0
endloop
endfacet
facet normal 0 0 1
outer loop
vertex 161 54 1
vertex 177 54 1
vertex 177 55 1
endloop
endfacet
facet normal 0 0 1
outer loop
vertex 161 54 1
vertex 177 55 1
vertex 161 55 1
endloop
endfacet
facet normal 0 -1 0
outer loop
vertex 161 54 0
vertex 177 54 0
vertex 177 54 1
endloop
endfacet
facet normal 0 -1 0
outer loop
vertex 161 54 0
vertex 177 54 1
vertex 161 54 1
endloop
endfacet
facet normal 1 0 0
outer loop
vertex 177 54 0
vertex 177 55 0
vertex 177 55 1
endloop
endfacet
facet normal 1 0 0
outer loop
vertex 177 54 0
vertex 177 55 1
vertex 177 54 1
endloop
endfacet
facet normal 0 1 0
outer loop
vertex 177 55 0
vertex 161 55 0
vertex 161 55 1
endloop
endfacet
facet normal 0 1 0
outer loop
vertex 177 55 0
vertex 161 55 1
vertex 177 55 1
endloop
endfacet
facet normal -1 0 0
outer loop
vertex 161 55 0
vertex 161 54 0
vertex 161 54 1
endloop
endfacet
facet normal -1 0 0
outer loop
vertex 161 55 0
vertex 161 54 1
vertex 161 55 1
endloop
endfacet
facet normal 0 0 -1
outer loop
vertex 197 54 0
vertex 201 55 0
vertex 201 54 0
endloop
endfacet
facet normal 0 0 -1
outer loop
vertex 197 54 0
vertex 197 55 0
vertex 201 55 0
endloop
endfacet
facet normal 0 0 1
outer loop
vertex 197 54 1
vertex 201 54 1
vertex 201 55 1
endloop
endfacet
facet normal 0 0 1
outer loop
vertex 197 54 1
vertex 201 55 1
vertex 197 55 1
endloop
endfacet
facet normal 0 -1 0
outer loop
vertex 197 54 0
vertex 201 54 0
vertex 201 54 1
endloop
endfacet
facet normal 0 -1 0
outer loop
vertex 197 54 0
vertex 201 54 1
vertex 197 54 1
endloop
endfacet
facet normal 1 0 0
outer loop
vertex 201 54 0
vertex 201 55 0
vertex 201 55 1
endloop
endfacet
facet normal 1 0 0
outer loop
vertex 201 54 0
vertex 201 55 1
vertex 201 54 1
endloop
endfacet
facet normal 0 1 0
outer loop
vertex 201 55 0
vertex 197 55 0
vertex 197 55 1
endloop
endfacet
facet normal 0 1 0
outer loop
vertex 201 55 0
vertex 197 55 1
vertex 201 55 1
endloop
endfacet
facet normal -1 0 0
outer loop
vertex 197 55 0
vertex 197 54 0
vertex 197 54 1
endloop
endfacet
facet normal -1 0 0
outer loop
vertex 197 55 0
vertex 197 54 1
vertex 197 55 1
endloop
endfacet
facet normal 0 0 -1
outer loop
vertex 218 54 0
vertex 224 55 0
vertex 224 54 0
endloop
endfacet
facet normal 0 0 -1
outer loop
vertex 218 54 0
vertex 218 55 0
vertex 224 55 0
endloop
endfacet
facet normal 0 0 1
outer loop
vertex 218 54 1
vertex 224 54 1
vertex 224 55 1
endloop
endfacet
facet normal 0 0 1
outer loop
vertex 218 54 1
vertex 224 55 1
vertex 218 55 1
endloop
endfacet
facet normal 0 -1 0
outer loop
vertex 218 54 0
vertex 224 54 0
vertex 224 54 1
endloop
endfacet
facet normal 0 -1 0
outer loop
vertex 218 54 0
vertex 224 54 1
vertex 218 54 1
endloop
endfacet
facet normal 1 0 0
outer loop
vertex 224 54 0
vertex 224 55 0
vertex 224 55 1
endloop
endfacet
facet normal 1 0 0
outer loop
vertex 224 54 0
vertex 224 55 1
vertex 224 54 1
endloop
endfacet
facet normal 0 1 0
outer loop
vertex 224 55 0
vertex 218 55 0
vertex 218 55 1
endloop
endfacet
facet normal 0 1 0
outer loop
vertex 224 55 0
vertex 218 55 1
vertex 224 55 1
endloop
endfacet
facet normal -1 0 0
outer loop
vertex 218 55 0
vertex 218 54 0
vertex 218 54 1
endloop
endfacet
facet normal -1 0 0
outer loop
vertex 218 55 0
vertex 218 54 1
vertex 218 55 1
endloop
endfacet
facet normal 0 0 -1
outer loop
vertex 227 54 0
vertex 239 55 0
vertex 239 54 0
endloop
endfacet
facet normal 0 0 -1
outer loop
vertex 227 54 0
vertex 227 55 0
vertex 239 55 0
endloop
endfacet
facet normal 0 0 1
outer loop
vertex 227 54 1
vertex 239 54 1
vertex 239 55 1
endloop
endfacet
facet normal 0 0 1
outer loop
vertex 227 54 1
vertex 239 55 1
vertex 227 55 1
endloop
endfacet
facet normal 0 -1 0
outer loop
vertex 227 54 0
vertex 239 54 0
vertex 239 54 1
endloop
endfacet
facet normal 0 -1 0
outer loop
vertex 227 54 0
vertex 239 54 1
vertex 227 54 1
endloop
endfacet
facet normal 1 0 0
outer loop
vertex 239 54 0
vertex 239 55 0
vertex 239 55 1
endloop
endfacet
facet normal 1 0 0
outer loop
vertex 239 54 0
vertex 239 55 1
vertex 239 54 1
endloop
endfacet
facet normal 0 1 0
outer loop
vertex 239 55 0
vertex 227 55 0
vertex 227 55 1
endloop
endfacet
facet normal 0 1 0
outer loop
vertex 239 55 0
vertex 227 55 1
vertex 239 55 1
endloop
endfacet
facet normal -1 0 0
outer loop
vertex 227 55 0
vertex 227 54 0
vertex 227 54 1
endloop
endfacet
facet normal -1 0 0
outer loop
vertex 227 55 0
vertex 227 54 1
vertex 227 55 1
endloop
endfacet
facet normal 0 0 -1
outer loop
vertex 241 54 0
vertex 246 55 0
vertex 246 54 0
endloop
endfacet
facet normal 0 0 -1
outer loop
vertex 241 54 0
vertex 241 55 0
vertex 246 55 0
endloop
endfacet
facet normal 0 0 1
outer loop
vertex 241 54 1
vertex 246 54 1
vertex 246 55 1
endloop
endfacet
facet normal 0 0 1
outer loop
vertex 241 54 1
vertex 246 55 1
vertex 241 55 1
endloop
endfacet
facet normal 0 -1 0
outer loop
vertex 241 54 0
vertex 246 54 0
vertex 246 54 1
endloop
endfacet
facet normal 0 -1 0
outer loop
vertex 241 54 0
vertex 246 54 1
vertex 241 54 1
endloop
endfacet
facet normal 1 0 0
outer loop
vertex 246 54 0
vertex 246 55 0
vertex 246 55 1
endloop
endfacet
facet normal 1 0 0
outer loop
vertex 246 54 0
vertex 246 55 1
vertex 246 54 1
endloop
endfacet
facet normal 0 1 0
outer loop
vertex 246 55 0
vertex 241 55 0
vertex 241 55 1
endloop
endfacet
facet normal 0 1 0
outer loop
vertex 246 55 0
vertex 241 55 1
vertex 246 55 1
endloop
endfacet
facet normal -1 0 0
outer loop
vertex 241 55 0
vertex 241 54 0
vertex 241 54 1
endloop
endfacet
facet normal -1 0 0
outer loop
vertex 241 55 0
vertex 241 54 1
vertex 241 55 1
endloop
endfacet
facet normal 0 0 -1
outer loop
vertex 249 54 0
vertex 254 55 0
vertex 254 54 0
endloop
endfacet
facet normal 0 0 -1
outer loop
vertex 249 54 0
vertex 249 55 0
vertex 254 55 0
endloop
endfacet
facet normal 0 0 1
outer loop
vertex 249 54 1
vertex 254 54 1
vertex 254 55 1
endloop
endfacet
facet normal 0 0 1
outer loop
vertex 249 54 1
vertex 254 55 1
vertex 249 55 1
endloop
endfacet
facet normal 0 -1 0
outer loop
vertex 249 54 0
vertex 254 54 0
vertex 254 54 1
endloop
endfacet
facet normal 0 -1 0
outer loop
vertex 249 54 0
vertex 254 54 1
vertex 249 54 1
endloop
endfacet
facet normal 1 0 0
outer loop
vertex 254 54 0
vertex 254 55 0
vertex 254 55 1
endloop
endfacet
facet normal 1 0 0
outer loop
vertex 254 54 0
vertex 254 55 1
vertex 254 54 1
endloop
endfacet
facet normal 0 1 0
outer loop
vertex 254 55 0
vertex 249 55 0
vertex 249 55 1
endloop
endfacet
facet normal 0 1 0
outer loop
vertex 254 55 0
vertex 249 55 1
vertex 254 55 1
endloop
endfacet
facet normal -1 0 0
outer loop
vertex 249 55 0
vertex 249 54 0
vertex 249 54 1
endloop
endfacet
facet normal -1 0 0
outer loop
vertex 249 55 0
vertex 249 54 1
vertex 249 55 1
endloop
endfacet
facet normal 0 0 -1
outer loop
vertex 266 54 0
vertex 271 55 0
vertex 271 54 0
endloop
endfacet
facet normal 0 0 -1
outer loop
vertex 266 54 0
vertex 266 55 0
vertex 271 55 0
endloop
endfacet
facet normal 0 0 1
outer loop
vertex 266 54 1
vertex 271 54 1
vertex 271 55 1
endloop
endfacet
facet normal 0 0 1
outer loop
vertex 266 54 1
vertex 271 55 1
vertex 266 55 1
endloop
endfacet
facet normal 0 -1 0
outer loop
vertex 266 54 0
vertex 271 54 0
vertex 271 54 1
endloop
endfacet
facet normal 0 -1 0
outer loop
vertex 266 54 0
vertex 271 54 1
vertex 266 54 1
endloop
endfacet
facet normal 1 0 0
outer loop
vertex 271 54 0
vertex 271 55 0
vertex 271 55 1
endloop
endfacet
facet normal 1 0 0
outer loop
vertex 271 54 0
vertex 271 55 1
vertex 271 54 1
endloop
endfacet
facet normal 0 1 0
outer loop
vertex 271 55 0
vertex 266 55 0
vertex 266 55 1
endloop
endfacet
facet normal 0 1 0
outer loop
vertex 271 55 0
vertex 266 55 1
vertex 271 55 1
endloop
endfacet
facet normal -1 0 0
outer loop
vertex 266 55 0
vertex 266 54 0
vertex 266 54 1
endloop
endfacet
facet normal -1 0 0
outer loop
vertex 266 55 0
vertex 266 54 1
vertex 266 55 1
endloop
endfacet
facet normal 0 0 -1
outer loop
vertex 277 54 0
vertex 293 55 0
vertex 293 54 0
endloop
endfacet
facet normal 0 0 -1
outer loop
vertex 277 54 0
vertex 277 55 0
vertex 293 55 0
endloop
endfacet
facet normal 0 0 1
outer loop
vertex 277 54 1
vertex 293 54 1
vertex 293 55 1
endloop
endfacet
facet normal 0 0 1
outer loop
vertex 277 54 1
vertex 293 55 1
vertex 277 55 1
endloop
endfacet
facet normal 0 -1 0
outer loop
vertex 277 54 0
vertex 293 54 0
vertex 293 54 1
endloop
endfacet
facet normal 0 -1 0
outer loop
vertex 277 54 0
vertex 293 54 1
vertex 277 54 1
endloop
endfacet
facet normal 1 0 0
outer loop
vertex 293 54 0
vertex 293 55 0
vertex 293 55 1
endloop
endfacet
facet normal 1 0 0
outer loop
vertex 293 54 0
vertex 293 55 1
vertex 293 54 1
endloop
endfacet
facet normal 0 1 0
outer loop
vertex 293 55 0
vertex 277 55 0
vertex 277 55 1
endloop
endfacet
facet normal 0 1 0
outer loop
vertex 293 55 0
vertex 277 55 1
vertex 293 55 1
endloop
endfacet
facet normal -1 0 0
outer loop
vertex 277 55 0
vertex 277 54 0
vertex 277 54 1
endloop
endfacet
facet normal -1 0 0
outer loop
vertex 277 55 0
vertex 277 54 1
vertex 277 55 1
endloop
endfacet
facet normal 0 0 -1
outer loop
vertex 302 54 0
vertex 306 55 0
vertex 306 54 0
endloop
endfacet
facet normal 0 0 -1
outer loop
vertex 302 54 0
vertex 302 55 0
vertex 306 55 0
endloop
endfacet
facet normal 0 0 1
outer loop
vertex 302 54 1
vertex 306 54 1
vertex 306 55 1
endloop
endfacet
facet normal 0 0 1
outer loop
vertex 302 54 1
vertex 306 55 1
vertex 302 55 1
endloop
endfacet
facet normal 0 -1 0
outer loop
vertex 302 54 0
vertex 306 54 0
vertex 306 54 1
endloop
endfacet
facet normal 0 -1 0
outer loop
vertex 302 54 0
vertex 306 54 1
vertex 302 54 1
endloop
endfacet
facet normal 1 0 0
outer loop
vertex 306 54 0
vertex 306 55 0
vertex 306 55 1
endloop
endfacet
facet normal 1 0 0
outer loop
vertex 306 54 0
vertex 306 55 1
vertex 306 54 1
endloop
endfacet
facet normal 0 1 0
outer loop
vertex 306 55 0
vertex 302 55 0
vertex 302 55 1
endloop
endfacet
facet normal 0 1 0
outer loop
vertex 306 55 0
vertex 302 55 1
vertex 306 55 1
endloop
endfacet
facet normal -1 0 0
outer loop
vertex 302 55 0
vertex 302 54 0
vertex 302 54 1
endloop
endfacet
facet normal -1 0 0
outer loop
vertex 302 55 0
vertex 302 54 1
vertex 302 55 1
endloop
endfacet
facet normal 0 0 -1
outer loop
vertex 307 54 0
vertex 320 55 0
vertex 320 54 0
endloop
endfacet
facet normal 0 0 -1
outer loop
vertex 307 54 0
vertex 307 55 0
vertex 320 55 0
endloop
endfacet
facet normal 0 0 1
outer loop
vertex 307 54 1
vertex 320 54 1
vertex 320 55 1
endloop
endfacet
facet normal 0 0 1
outer loop
vertex 307 54 1
vertex 320 55 1
vertex 307 55 1
endloop
endfacet
facet normal 0 -1 0
outer loop
vertex 307 54 0
vertex 320 54 0
vertex 320 54 1
endloop
endfacet
facet normal 0 -1 0
outer loop
vertex 307 54 0
vertex 320 54 1
vertex 307 54 1
endloop
endfacet
facet normal 1 0 0
outer loop
vertex 320 54 0
vertex 320 55 0
vertex 320 55 1
endloop
endfacet
facet normal 1 0 0
outer loop
vertex 320 54 0
vertex 320 55 1
vertex 320 54 1
endloop
endfacet
facet normal 0 1 0
outer loop
vertex 320 55 0
vertex 307 55 0
vertex 307 55 1
endloop
endfacet
facet normal 0 1 0
outer loop
vertex 320 55 0
vertex 307 55 1
vertex 320 55 1
endloop
endfacet
facet normal -1 0 0
outer loop
vertex 307 55 0
vertex 307 54 0
vertex 307 54 1
endloop
endfacet
facet normal -1 0 0
outer loop
vertex 307 55 0
vertex 307 54 1
vertex 307 55 1
endloop
endfacet
facet normal 0 0 -1
outer loop
vertex 116 55 0
vertex 120 56 0
vertex 120 55 0
endloop
endfacet
facet normal 0 0 -1
outer loop
vertex 116 55 0
vertex 116 56 0
vertex 120 56 0
endloop
endfacet
facet normal 0 0 1
outer loop
vertex 116 55 1
vertex 120 55 1
vertex 120 56 1
endloop
endfacet
facet normal 0 0 1
outer loop
vertex 116 55 1
vertex 120 56 1
vertex 116 56 1
endloop
endfacet
facet normal 0 -1 0
outer loop
vertex 116 55 0
vertex 120 55 0
vertex 120 55 1
endloop
endfacet
facet normal 0 -1 0
outer loop
vertex 116 55 0
vertex 120 55 1
vertex 116 55 1
endloop
endfacet
facet normal 1 0 0
outer loop
vertex 120 55 0
vertex 120 56 0
vertex 120 56 1
endloop
endfacet
facet normal 1 0 0
outer loop
vertex 120 55 0
vertex 120 56 1
vertex 120 55 1
endloop
endfacet
facet normal 0 1 0
outer loop
vertex 120 56 0
vertex 116 56 0
vertex 116 56 1
endloop
endfacet
facet normal 0 1 0
outer loop
vertex 120 56 0
vertex 116 56 1
vertex 120 56 1
endloop
endfacet
facet normal -1 0 0
outer loop
vertex 116 56 0
vertex 116 55 0
vertex 116 55 1
endloop
endfacet
facet normal -1 0 0
outer loop
vertex 116 56 0
vertex 116 55 1
vertex 116 56 1
endloop
endfacet
facet normal 0 0 -1
outer loop
vertex 133 55 0
vertex 138 56 0
vertex 138 55 0
endloop
endfacet
facet normal 0 0 -1
outer loop
vertex 133 55 0
vertex 133 56 0
vertex 138 56 0
endloop
endfacet
facet normal 0 0 1
outer loop
vertex 133 55 1
vertex 138 55 1
vertex 138 56 1
endloop
endfacet
facet normal 0 0 1
outer loop
vertex 133 55 1
vertex 138 56 1
vertex 133 56 1
endloop
endfacet
facet normal 0 -1 0
outer loop
vertex 133 55 0
vertex 138 55 0
vertex 138 55 1
endloop
endfacet
facet normal 0 -1 0
outer loop
vertex 133 55 0
vertex 138 55 1
vertex 133 55 1
endloop
endfacet
facet normal 1 0 0
outer loop
vertex 138 55 0
vertex 138 56 0
vertex 138 56 1
endloop
endfacet
facet normal 1 0 0
outer loop
vertex 138 55 0
vertex 138 56 1
vertex 138 55 1
endloop
endfacet
facet normal 0 1 0
outer loop
vertex 138 56 0
vertex 133 56 0
vertex 133 56 1
endloop
endfacet
facet normal 0 1 0
outer loop
vertex 138 56 0
vertex 133 56 1
vertex 138 56 1
endloop
endfacet
facet normal -1 0 0
outer loop
vertex 133 56 0
vertex 133 55 0
vertex 133 55 1
endloop
endfacet
facet normal -1 0 0
outer loop
vertex 133 56 0
vertex 133 55 1
vertex 133 56 1
endloop
endfacet
facet normal 0 0 -1
outer loop
vertex 150 55 0
vertex 154 56 0
vertex 154 55 0
endloop
endfacet
facet normal 0 0 -1
outer loop
vertex 150 55 0
vertex 150 56 0
vertex 154 56 0
endloop
endfacet
facet normal 0 0 1
outer loop
vertex 150 55 1
vertex 154 55 1
vertex 154 56 1
endloop
endfacet
facet normal 0 0 1
outer loop
vertex 150 55 1
vertex 154 56 1
vertex 150 56 1
endloop
endfacet
facet normal 0 -1 0
outer loop
vertex 150 55 0
vertex 154 55 0
vertex 154 55 1
endloop
endfacet
facet normal 0 -1 0
outer loop
vertex 150 55 0
vertex 154 55 1
vertex 150 55 1
endloop
endfacet
facet normal 1 0 0
outer loop
vertex 154 55 0
vertex 154 56 0
vertex 154 56 1
endloop
endfacet
facet normal 1 0 0
outer loop
vertex 154 55 0
vertex 154 56 1
vertex 154 55 1
endloop
endfacet
facet normal 0 1 0
outer loop
vertex 154 56 0
vertex 150 56 0
vertex 150 56 1
endloop
endfacet
facet normal 0 1 0
outer loop
vertex 154 56 0
vertex 150 56 1
vertex 154 56 1
endloop
endfacet
facet normal -1 0 0
outer loop
vertex 150 56 0
vertex 150 55 0
vertex 150 55 1
endloop
endfacet
facet normal -1 0 0
outer loop
vertex 150 56 0
vertex 150 55 1
vertex 150 56 1
endloop
endfacet
facet normal 0 0 -1
outer loop
vertex 160 55 0
vertex 178 56 0
vertex 178 55 0
endloop
endfacet
facet normal 0 0 -1
outer loop
vertex 160 55 0
vertex 160 56 0
vertex 178 56 0
endloop
endfacet
facet normal 0 0 1
outer loop
vertex 160 55 1
vertex 178 55 1
vertex 178 56 1
endloop
endfacet
facet normal 0 0 1
outer loop
vertex 160 55 1
vertex 178 56 1
vertex 160 56 1
endloop
endfacet
facet normal 0 -1 0
outer loop
vertex 160 55 0
vertex 178 55 0
vertex 178 55 1
endloop
endfacet
facet normal 0 -1 0
outer loop
vertex 160 55 0
vertex 178 55 1
vertex 160 55 1
endloop
endfacet
facet normal 1 0 0
outer loop
vertex 178 55 0
vertex 178 56 0
vertex 178 56 1
endloop
endfacet
facet normal 1 0 0
outer loop
vertex 178 55 0
vertex 178 56 1
vertex 178 55 1
endloop
endfacet
facet normal 0 1 0
outer loop
vertex 178 56 0
vertex 160 56 0
vertex 160 56 1
endloop
endfacet
facet normal 0 1 0
outer loop
vertex 178 56 0
vertex 160 56 1
vertex 178 56 1
endloop
endfacet
facet normal -1 0 0
outer loop
vertex 160 56 0
vertex 160 55 0
vertex 160 55 1
endloop
endfacet
facet normal -1 0 0
outer loop
vertex 160 56 0
vertex 160 55 1
vertex 160 56 1
endloop
endfacet
facet normal 0 0 -1
outer loop
vertex 197 55 0
vertex 201 56 0
vertex 201 55 0
endloop
endfacet
facet normal 0 0 -1
outer loop
vertex 197 55 0
vertex 197 56 0
vertex 201 56 0
endloop
endfacet
facet normal 0 0 1
outer loop
vertex 197 55 1
vertex 201 55 1
vertex 201 56 1
endloop
endfacet
facet normal 0 0 1
outer loop
vertex 197 55 1
vertex 201 56 1
vertex 197 56 1
endloop
endfacet
facet normal 0 -1 0
outer loop
vertex 197 55 0
vertex 201 55 0
vertex 201 55 1
endloop
endfacet
facet normal 0 -1 0
outer loop
vertex 197 55 0
vertex 201 55 1
vertex 197 55 1
endloop
endfacet
facet normal 1 0 0
outer loop
vertex 201 55 0
vertex 201 56 0
vertex 201 56 1
endloop
endfacet
facet normal 1 0 0
outer loop
vertex 201 55 0
vertex 201 56 1
vertex 201 55 1
endloop
endfacet
facet normal 0 1 0
outer loop
vertex 201 56 0
vertex 197 56 0
vertex 197 56 1
endloop
endfacet
facet normal 0 1 0
outer loop
vertex 201 56 0
vertex 197 56 1
vertex 201 56 1
endloop
endfacet
facet normal -1 0 0
outer loop
vertex 197 56 0
vertex 197 55 0
vertex 197 55 1
endloop
endfacet
facet normal -1 0 0
outer loop
vertex 197 56 0
vertex 197 55 1
vertex 197 56 1
endloop
endfacet
facet normal 0 0 -1
outer loop
vertex 219 55 0
vertex 224 56 0
vertex 224 55 0
endloop
endfacet
facet normal 0 0 -1
outer loop
vertex 219 55 0
vertex 219 56 0
vertex 224 56 0
endloop
endfacet
facet normal 0 0 1
outer loop
vertex 219 55 1
vertex 224 55 1
vertex 224 56 1
endloop
endfacet
facet normal 0 0 1
outer loop
vertex 219 55 1
vertex 224 56 1
vertex 219 56 1
endloop
endfacet
facet normal 0 -1 0
outer loop
vertex 219 55 0
vertex 224 55 0
vertex 224 55 1
endloop
endfacet
facet normal 0 -1 0
outer loop
vertex 219 55 0
vertex 224 55 1
vertex 219 55 1
endloop
endfacet
facet normal 1 0 0
outer loop
vertex 224 55 0
vertex 224 56 0
vertex 224 56 1
endloop
endfacet
facet normal 1 0 0
outer loop
vertex 224 55 0
vertex 224 56 1
vertex 224 55 1
endloop
endfacet
facet normal 0 1 0
outer loop
vertex 224 56 0
vertex 219 56 0
vertex 219 56 1
endloop
endfacet
facet normal 0 1 0
outer loop
vertex 224 56 0
vertex 219 56 1
vertex 224 56 1
endloop
endfacet
facet normal -1 0 0
outer loop
vertex 219 56 0
vertex 219 55 0
vertex 219 55 1
endloop
endfacet
facet normal -1 0 0
outer loop
vertex 219 56 0
vertex 219 55 1
vertex 219 56 1
endloop
endfacet
facet normal 0 0 -1
outer loop
vertex 227 55 0
vertex 238 56 0
vertex 238 55 0
endloop
endfacet
facet normal 0 0 -1
outer loop
vertex 227 55 0
vertex 227 56 0
vertex 238 56 0
endloop
endfacet
facet normal 0 0 1
outer loop
vertex 227 55 1
vertex 238 55 1
vertex 238 56 1
endloop
endfacet
facet normal 0 0 1
outer loop
vertex 227 55 1
vertex 238 56 1
vertex 227 56 1
endloop
endfacet
facet normal 0 -1 0
outer loop
vertex 227 55 0
vertex 238 55 0
vertex 238 55 1
endloop
endfacet
facet normal 0 -1 0
outer loop
vertex 227 55 0
vertex 238 55 1
vertex 227 55 1
endloop
endfacet
facet normal 1 0 0
outer loop
vertex 238 55 0
vertex 238 56 0
vertex 238 56 1
endloop
endfacet
facet normal 1 0 0
outer loop
vertex 238 55 0
vertex 238 56 1
vertex 238 55 1
endloop
endfacet
facet normal 0 1 0
outer loop
vertex 238 56 0
vertex 227 56 0
vertex 227 56 1
endloop
endfacet
facet normal 0 1 0
outer loop
vertex 238 56 0
vertex 227 56 1
vertex 238 56 1
endloop
endfacet
facet normal -1 0 0
outer loop
vertex 227 56 0
vertex 227 55 0
vertex 227 55 1
endloop
endfacet
facet normal -1 0 0
outer loop
vertex 227 56 0
vertex 227 55 1
vertex 227 56 1
endloop
endfacet
facet normal 0 0 -1
outer loop
vertex 241 55 0
vertex 246 56 0
vertex 246 55 0
endloop
endfacet
facet normal 0 0 -1
outer loop
vertex 241 55 0
vertex 241 56 0
vertex 246 56 0
endloop
endfacet
facet normal 0 0 1
outer loop
vertex 241 55 1
vertex 246 55 1
vertex 246 56 1
endloop
endfacet
facet normal 0 0 1
outer loop
vertex 241 55 1
vertex 246 56 1
vertex 241 56 1
endloop
endfacet
facet normal 0 -1 0
outer loop
vertex 241 55 0
vertex 246 55 0
vertex 246 55 1
endloop
endfacet
facet normal 0 -1 0
outer loop
vertex 241 55 0
vertex 246 55 1
vertex 241 55 1
endloop
endfacet
facet normal 1 0 0
outer loop
vertex 246 55 0
vertex 246 56 0
vertex 246 56 1
endloop
endfacet
facet normal 1 0 0
outer loop
vertex 246 55 0
vertex 246 56 1
vertex 246 55 1
endloop
endfacet
facet normal 0 1 0
outer loop
vertex 246 56 0
vertex 241 56 0
vertex 241 56 1
endloop
endfacet
facet normal 0 1 0
outer loop
vertex 246 56 0
vertex 241 56 1
vertex 246 56 1
endloop
endfacet
facet normal -1 0 0
outer loop
vertex 241 56 0
vertex 241 55 0
vertex 241 55 1
endloop
endfacet
facet normal -1 0 0
outer loop
vertex 241 56 0
vertex 241 55 1
vertex 241 56 1
endloop
endfacet
facet normal 0 0 -1
outer loop
vertex 249 55 0
vertex 254 56 0
vertex 254 55 0
endloop
endfacet
facet normal 0 0 -1
outer loop
vertex 249 55 0
vertex 249 56 0
vertex 254 56 0
endloop
endfacet
facet normal 0 0 1
outer loop
vertex 249 55 1
vertex 254 55 1
vertex 254 56 1
endloop
endfacet
facet normal 0 0 1
outer loop
vertex 249 55 1
vertex 254 56 1
vertex 249 56 1
endloop
endfacet
facet normal 0 -1 0
outer loop
vertex 249 55 0
vertex 254 55 0
vertex 254 55 1
endloop
endfacet
facet normal 0 -1 0
outer loop
vertex 249 55 0
vertex 254 55 1
vertex 249 55 1
endloop
endfacet
facet normal 1 0 0
outer loop
vertex 254 55 0
vertex 254 56 0
vertex 254 56 1
endloop
endfacet
facet normal 1 0 0
outer loop
vertex 254 55 0
vertex 254 56 1
vertex 254 55 1
endloop
endfacet
facet normal 0 1 0
outer loop
vertex 254 56 0
vertex 249 56 0
vertex 249 56 1
endloop
endfacet
facet normal 0 1 0
outer loop
vertex 254 56 0
vertex 249 56 1
vertex 254 56 1
endloop
endfacet
facet normal -1 0 0
outer loop
vertex 249 56 0
vertex 249 55 0
vertex 249 55 1
endloop
endfacet
facet normal -1 0 0
outer loop
vertex 249 56 0
vertex 249 55 1
vertex 249 56 1
endloop
endfacet
facet normal 0 0 -1
outer loop
vertex 266 55 0
vertex 270 56 0
vertex 270 55 0
endloop
endfacet
facet normal 0 0 -1
outer loop
vertex 266 55 0
vertex 266 56 0
vertex 270 56 0
endloop
endfacet
facet normal 0 0 1
outer loop
vertex 266 55 1
vertex 270 55 1
vertex 270 56 1
endloop
endfacet
facet normal 0 0 1
outer loop
vertex 266 55 1
vertex 270 56 1
vertex 266 56 1
endloop
endfacet
facet normal 0 -1 0
outer loop
vertex 266 55 0
vertex 270 55 0
vertex 270 55 1
endloop
endfacet
facet normal 0 -1 0
outer loop
vertex 266 55 0
vertex 270 55 1
vertex 266 55 1
endloop
endfacet
facet normal 1 0 0
outer loop
vertex 270 55 0
vertex 270 56 0
vertex 270 56 1
endloop
endfacet
facet normal 1 0 0
outer loop
vertex 270 55 0
vertex 270 56 1
vertex 270 55 1
endloop
endfacet
facet normal 0 1 0
outer loop
vertex 270 56 0
vertex 266 56 0
vertex 266 56 1
endloop
endfacet
facet normal 0 1 0
outer loop
vertex 270 56 0
vertex 266 56 1
vertex 270 56 1
endloop
endfacet
facet normal -1 0 0
outer loop
vertex 266 56 0
vertex 266 55 0
vertex 266 55 1
endloop
endfacet
facet normal -1 0 0
outer loop
vertex 266 56 0
vertex 266 55 1
vertex 266 56 1
endloop
endfacet
facet normal 0 0 -1
outer loop
vertex 276 55 0
vertex 294 56 0
vertex 294 55 0
endloop
endfacet
facet normal 0 0 -1
outer loop
vertex 276 55 0
vertex 276 56 0
vertex 294 56 0
endloop
endfacet
facet normal 0 0 1
outer loop
vertex 276 55 1
vertex 294 55 1
vertex 294 56 1
endloop
endfacet
facet normal 0 0 1
outer loop
vertex 276 55 1
vertex 294 56 1
vertex 276 56 1
endloop
endfacet
facet normal 0 -1 0
outer loop
vertex 276 55 0
vertex 294 55 0
vertex 294 55 1
endloop
endfacet
facet normal 0 -1 0
outer loop
vertex 276 55 0
vertex 294 55 1
vertex 276 55 1
endloop
endfacet
facet normal 1 0 0
outer loop
vertex 294 55 0
vertex 294 56 0
vertex 294 56 1
endloop
endfacet
facet normal 1 0 0
outer loop
vertex 294 55 0
vertex 294 56 1
vertex 294 55 1
endloop
endfacet
facet normal 0 1 0
outer loop
vertex 294 56 0
vertex 276 56 0
vertex 276 56 1
endloop
endfacet
facet normal 0 1 0
outer loop
vertex 294 56 0
vertex 276 56 1
vertex 294 56 1
endloop
endfacet
facet normal -1 0 0
outer loop
vertex 276 56 0
vertex 276 55 0
vertex 276 55 1
endloop
endfacet
facet normal -1 0 0
outer loop
vertex 276 56 0
vertex 276 55 1
vertex 276 56 1
endloop
endfacet
facet normal 0 0 -1
outer loop
vertex 302 55 0
vertex 321 56 0
vertex 321 55 0
endloop
endfacet
facet normal 0 0 -1
outer loop
vertex 302 55 0
vertex 302 56 0
vertex 321 56 0
endloop
endfacet
facet normal 0 0 1
outer loop
vertex 302 55 1
vertex 321 55 1
vertex 321 56 1
endloop
endfacet
facet normal 0 0 1
outer loop
vertex 302 55 1
vertex 321 56 1
vertex 302 56 1
endloop
endfacet
facet normal 0 -1 0
outer loop
vertex 302 55 0
vertex 321 55 0
vertex 321 55 1
endloop
endfacet
facet normal 0 -1 0
outer loop
vertex 302 55 0
vertex 321 55 1
vertex 302 55 1
endloop
endfacet
facet normal 1 0 0
outer loop
vertex 321 55 0
vertex 321 56 0
vertex 321 56 1
endloop
endfacet
facet normal 1 0 0
outer loop
vertex 321 55 0
vertex 321 56 1
vertex 321 55 1
endloop
endfacet
facet normal 0 1 0
outer loop
vertex 321 56 0
vertex 302 56 0
vertex 302 56 1
endloop
endfacet
facet normal 0 1 0
outer loop
vertex 321 56 0
vertex 302 56 1
vertex 321 56 1
endloop
endfacet
facet normal -1 0 0
outer loop
vertex 302 56 0
vertex 302 55 0
vertex 302 55 1
endloop
endfacet
facet normal -1 0 0
outer loop
vertex 302 56 0
vertex 302 55 1
vertex 302 56 1
endloop
endfacet
facet normal 0 0 -1
outer loop
vertex 116 56 0
vertex 120 57 0
vertex 120 56 0
endloop
endfacet
facet normal 0 0 -1
outer loop
vertex 116 56 0
vertex 116 57 0
vertex 120 57 0
endloop
endfacet
facet normal 0 0 1
outer loop
vertex 116 56 1
vertex 120 56 1
vertex 120 57 1
endloop
endfacet
facet normal 0 0 1
outer loop
vertex 116 56 1
vertex 120 57 1
vertex 116 57 1
endloop
endfacet
facet normal 0 -1 0
outer loop
vertex 116 56 0
vertex 120 56 0
vertex 120 56 1
endloop
endfacet
facet normal 0 -1 0
outer loop
vertex 116 56 0
vertex 120 56 1
vertex 116 56 1
endloop
endfacet
facet normal 1 0 0
outer loop
vertex 120 56 0
vertex 120 57 0
vertex 120 57 1
endloop
endfacet
facet normal 1 0 0
outer loop
vertex 120 56 0
vertex 120 57 1
vertex 120 56 1
endloop
endfacet
facet normal 0 1 0
outer loop
vertex 120 57 0
vertex 116 57 0
vertex 116 57 1
endloop
endfacet
facet normal 0 1 0
outer loop
vertex 120 57 0
vertex 116 57 1
vertex 120 57 1
endloop
endfacet
facet normal -1 0 0
outer loop
vertex 116 57 0
vertex 116 56 0
vertex 116 56 1
endloop
endfacet
facet normal -1 0 0
outer loop
vertex 116 57 0
vertex 116 56 1
vertex 116 57 1
endloop
endfacet
facet normal 0 0 -1
outer loop
vertex 134 56 0
vertex 139 57 0
vertex 139 56 0
endloop
endfacet
facet normal 0 0 -1
outer loop
vertex 134 56 0
vertex 134 57 0
vertex 139 57 0
endloop
endfacet
facet normal 0 0 1
outer loop
vertex 134 56 1
vertex 139 56 1
vertex 139 57 1
endloop
endfacet
facet normal 0 0 1
outer loop
vertex 134 56 1
vertex 139 57 1
vertex 134 57 1
endloop
endfacet
facet normal 0 -1 0
outer loop
vertex 134 56 0
vertex 139 56 0
vertex 139 56 1
endloop
endfacet
facet normal 0 -1 0
outer loop
vertex 134 56 0
vertex 139 56 1
vertex 134 56 1
endloop
endfacet
facet normal 1 0 0
outer loop
vertex 139 56 0
vertex 139 57 0
vertex 139 57 1
endloop
endfacet
facet normal 1 0 0
outer loop
vertex 139 56 0
vertex 139 57 1
vertex 139 56 1
endloop
endfacet
facet normal 0 1 0
outer loop
vertex 139 57 0
vertex 134 57 0
vertex 134 57 1
endloop
endfacet
facet normal 0 1 0
outer loop
vertex 139 57 0
vertex 134 57 1
vertex 139 57 1
endloop
endfacet
facet normal -1 0 0
outer loop
vertex 134 57 0
vertex 134 56 0
vertex 134 56 1
endloop
endfacet
facet normal -1 0 0
outer loop
vertex 134 57 0
vertex 134 56 1
vertex 134 57 1
endloop
endfacet
facet normal 0 0 -1
outer loop
vertex 149 56 0
vertex 154 57 0
vertex 154 56 0
endloop
endfacet
facet normal 0 0 -1
outer loop
vertex 149 56 0
vertex 149 57 0
vertex 154 57 0
endloop
endfacet
facet normal 0 0 1
outer loop
vertex 149 56 1
vertex 154 56 1
vertex 154 57 1
endloop
endfacet
facet normal 0 0 1
outer loop
vertex 149 56 1
vertex 154 57 1
vertex 149 57 1
endloop
endfacet
facet normal 0 -1 0
outer loop
vertex 149 56 0
vertex 154 56 0
vertex 154 56 1
endloop
endfacet
facet normal 0 -1 0
outer loop
vertex 149 56 0
vertex 154 56 1
vertex 149 56 1
endloop
endfacet
facet normal 1 0 0
outer loop
vertex 154 56 0
vertex 154 57 0
vertex 154 57 1
endloop
endfacet
facet normal 1 0 0
outer loop
vertex 154 56 0
vertex 154 57 1
vertex 154 56 1
endloop
endfacet
facet normal 0 1 0
outer loop
vertex 154 57 0
vertex 149 57 0
vertex 149 57 1
endloop
endfacet
facet normal 0 1 0
outer loop
vertex 154 57 0
vertex 149 57 1
vertex 154 57 1
endloop
endfacet
facet normal -1 0 0
outer loop
vertex 149 57 0
vertex 149 56 0
vertex 149 56 1
endloop
endfacet
facet normal -1 0 0
outer loop
vertex 149 57 0
vertex 149 56 1
vertex 149 57 1
endloop
endfacet
facet normal 0 0 -1
outer loop
vertex 159 56 0
vertex 166 57 0
vertex 166 56 0
endloop
endfacet
facet normal 0 0 -1
outer loop
vertex 159 56 0
vertex 159 57 0
vertex 166 57 0
endloop
endfacet
facet normal 0 0 1
outer loop
vertex 159 56 1
vertex 166 56 1
vertex 166 57 1
endloop
endfacet
facet normal 0 0 1
outer loop
vertex 159 56 1
vertex 166 57 1
vertex 159 57 1
endloop
endfacet
facet normal 0 -1 0
outer loop
vertex 159 56 0
vertex 166 56 0
vertex 166 56 1
endloop
endfacet
facet normal 0 -1 0
outer loop
vertex 159 56 0
vertex 166 56 1
vertex 159 56 1
endloop
endfacet
facet normal 1 0 0
outer loop
vertex 166 56 0
vertex 166 57 0
vertex 166 57 1
endloop
endfacet
facet normal 1 0 0
outer loop
vertex 166 56 0
vertex 166 57 1
vertex 166 56 1
endloop
endfacet
facet normal 0 1 0
outer loop
vertex 166 57 0
vertex 159 57 0
vertex 159 57 1
endloop
endfacet
facet normal 0 1 0
outer loop
vertex 166 57 0
vertex 159 57 1
vertex 166 57 1
endloop
endfacet
facet normal -1 0 0
outer loop
vertex 159 57 0
vertex 159 56 0
vertex 159 56 1
endloop
endfacet
facet normal -1 0 0
outer loop
vertex 159 57 0
vertex 159 56 1
vertex 159 57 1
endloop
endfacet
facet normal 0 0 -1
outer loop
vertex 172 56 0
vertex 179 57 0
vertex 179 56 0
endloop
endfacet
facet normal 0 0 -1
outer loop
vertex 172 56 0
vertex 172 57 0
vertex 179 57 0
endloop
endfacet
facet normal 0 0 1
outer loop
vertex 172 56 1
vertex 179 56 1
vertex 179 57 1
endloop
endfacet
facet normal 0 0 1
outer loop
vertex 172 56 1
vertex 179 57 1
vertex 172 57 1
endloop
endfacet
facet normal 0 -1 0
outer loop
vertex 172 56 0
vertex 179 56 0
vertex 179 56 1
endloop
endfacet
facet normal 0 -1 0
outer loop
vertex 172 56 0
vertex 179 56 1
vertex 172 56 1
endloop
endfacet
facet normal 1 0 0
outer loop
vertex 179 56 0
vertex 179 57 0
vertex 179 57 1
endloop
endfacet
facet normal 1 0 0
outer loop
vertex 179 56 0
vertex 179 57 1
vertex 179 56 1
endloop
endfacet
facet normal 0 1 0
outer loop
vertex 179 57 0
vertex 172 57 0
vertex 172 57 1
endloop
endfacet
facet normal 0 1 0
outer loop
vertex 179 57 0
vertex 172 57 1
vertex 179 57 1
endloop
endfacet
facet normal -1 0 0
outer loop
vertex 172 57 0
vertex 172 56 0
vertex 172 56 1
endloop
endfacet
facet normal -1 0 0
outer loop
vertex 172 57 0
vertex 172 56 1
vertex 172 57 1
endloop
endfacet
facet normal 0 0 -1
outer loop
vertex 197 56 0
vertex 201 57 0
vertex 201 56 0
endloop
endfacet
facet normal 0 0 -1
outer loop
vertex 197 56 0
vertex 197 57 0
vertex 201 57 0
endloop
endfacet
facet normal 0 0 1
outer loop
vertex 197 56 1
vertex 201 56 1
vertex 201 57 1
endloop
endfacet
facet normal 0 0 1
outer loop
vertex 197 56 1
vertex 201 57 1
vertex 197 57 1
endloop
endfacet
facet normal 0 -1 0
outer loop
vertex 197 56 0
vertex 201 56 0
vertex 201 56 1
endloop
endfacet
facet normal 0 -1 0
outer loop
vertex 197 56 0
vertex 201 56 1
vertex 197 56 1
endloop
endfacet
facet normal 1 0 0
outer loop
vertex 201 56 0
vertex 201 57 0
vertex 201 57 1
endloop
endfacet
facet normal 1 0 0
outer loop
vertex 201 56 0
vertex 201 57 1
vertex 201 56 1
endloop
endfacet
facet normal 0 1 0
outer loop
vertex 201 57 0
vertex 197 57 0
vertex 197 57 1
endloop
endfacet
facet normal 0 1 0
outer loop
vertex 201 57 0
vertex 197 57 1
vertex 201 57 1
endloop
endfacet
facet normal -1 0 0
outer loop
vertex 197 57 0
vertex 197 56 0
vertex 197 56 1
endloop
endfacet
facet normal -1 0 0
outer loop
vertex 197 57 0
vertex 197 56 1
vertex 197 57 1
endloop
endfacet
facet normal 0 0 -1
outer loop
vertex 219 56 0
vertex 224 57 0
vertex 224 56 0
endloop
endfacet
facet normal 0 0 -1
outer loop
vertex 219 56 0
vertex 219 57 0
vertex 224 57 0
endloop
endfacet
facet normal 0 0 1
outer loop
vertex 219 56 1
vertex 224 56 1
vertex 224 57 1
endloop
endfacet
facet normal 0 0 1
outer loop
vertex 219 56 1
vertex 224 57 1
vertex 219 57 1
endloop
endfacet
facet normal 0 -1 0
outer loop
vertex 219 56 0
vertex 224 56 0
vertex 224 56 1
endloop
endfacet
facet normal 0 -1 0
outer loop
vertex 219 56 0
vertex 224 56 1
vertex 219 56 1
endloop
endfacet
facet normal 1 0 0
outer loop
vertex 224 56 0
vertex 224 57 0
vertex 224 57 1
endloop
endfacet
facet normal 1 0 0
outer loop
vertex 224 56 0
vertex 224 57 1
vertex 224 56 1
endloop
endfacet
facet normal 0 1 0
outer loop
vertex 224 57 0
vertex 219 57 0
vertex 219 57 1
endloop
endfacet
facet normal 0 1 0
outer loop
vertex 224 57 0
vertex 219 57 1
vertex 224 57 1
endloop
endfacet
facet normal -1 0 0
outer loop
vertex 219 57 0
vertex 219 56 0
vertex 219 56 1
endloop
endfacet
facet normal -1 0 0
outer loop
vertex 219 57 0
vertex 219 56 1
vertex 219 57 1
endloop
endfacet
facet normal 0 0 -1
outer loop
vertex 227 56 0
vertex 235 57 0
vertex 235 56 0
endloop
endfacet
facet normal 0 0 -1
outer loop
vertex 227 56 0
vertex 227 57 0
vertex 235 57 0
endloop
endfacet
facet normal 0 0 1
outer loop
vertex 227 56 1
vertex 235 56 1
vertex 235 57 1
endloop
endfacet
facet normal 0 0 1
outer loop
vertex 227 56 1
vertex 235 57 1
vertex 227 57 1
endloop
endfacet
facet normal 0 -1 0
outer loop
vertex 227 56 0
vertex 235 56 0
vertex 235 56 1
endloop
endfacet
facet normal 0 -1 0
outer loop
vertex 227 56 0
vertex 235 56 1
vertex 227 56 1
endloop
endfacet
facet normal 1 0 0
outer loop
vertex 235 56 0
vertex 235 57 0
vertex 235 57 1
endloop
endfacet
facet normal 1 0 0
outer loop
vertex 235 56 0
vertex 235 57 1
vertex 235 56 1
endloop
endfacet
facet normal 0 1 0
outer loop
vertex 235 57 0
vertex 227 57 0
vertex 227 57 1
endloop
endfacet
facet normal 0 1 0
outer loop
vertex 235 57 0
vertex 227 57 1
vertex 235 57 1
endloop
endfacet
facet normal -1 0 0
outer loop
vertex 227 57 0
vertex 227 56 0
vertex 227 56 1
endloop
endfacet
facet normal -1 0 0
outer loop
vertex 227 57 0
vertex 227 56 1
vertex 227 57 1
endloop
endfacet
facet normal 0 0 -1
outer loop
vertex 241 56 0
vertex 246 57 0
vertex 246 56 0
endloop
endfacet
facet normal 0 0 -1
outer loop
vertex 241 56 0
vertex 241 57 0
vertex 246 57 0
endloop
endfacet
facet normal 0 0 1
outer loop
vertex 241 56 1
vertex 246 56 1
vertex 246 57 1
endloop
endfacet
facet normal 0 0 1
outer loop
vertex 241 56 1
vertex 246 57 1
vertex 241 57 1
endloop
endfacet
facet normal 0 -1 0
outer loop
vertex 241 56 0
vertex 246 56 0
vertex 246 56 1
endloop
endfacet
facet normal 0 -1 0
outer loop
vertex 241 56 0
vertex 246 56 1
vertex 241 56 1
endloop
endfacet
facet normal 1 0 0
outer loop
vertex 246 56 0
vertex 246 57 0
vertex 246 57 1
endloop
endfacet
facet normal 1 0 0
outer loop
vertex 246 56 0
vertex 246 57 1
vertex 246 56 1
endloop
endfacet
facet normal 0 1 0
outer loop
vertex 246 57 0
vertex 241 57 0
vertex 241 57 1
endloop
endfacet
facet normal 0 1 0
outer loop
vertex 246 57 0
vertex 241 57 1
vertex 246 57 1
endloop
endfacet
facet normal -1 0 0
outer loop
vertex 241 57 0
vertex 241 56 0
vertex 241 56 1
endloop
endfacet
facet normal -1 0 0
outer loop
vertex 241 57 0
vertex 241 56 1
vertex 241 57 1
endloop
endfacet
facet normal 0 0 -1
outer loop
vertex 250 56 0
vertex 255 57 0
vertex 255 56 0
endloop
endfacet
facet normal 0 0 -1
outer loop
vertex 250 56 0
vertex 250 57 0
vertex 255 57 0
endloop
endfacet
facet normal 0 0 1
outer loop
vertex 250 56 1
vertex 255 56 1
vertex 255 57 1
endloop
endfacet
facet normal 0 0 1
outer loop
vertex 250 56 1
vertex 255 57 1
vertex 250 57 1
endloop
endfacet
facet normal 0 -1 0
outer loop
vertex 250 56 0
vertex 255 56 0
vertex 255 56 1
endloop
endfacet
facet normal 0 -1 0
outer loop
vertex 250 56 0
vertex 255 56 1
vertex 250 56 1
endloop
endfacet
facet normal 1 0 0
outer loop
vertex 255 56 0
vertex 255 57 0
vertex 255 57 1
endloop
endfacet
facet normal 1 0 0
outer loop
vertex 255 56 0
vertex 255 57 1
vertex 255 56 1
endloop
endfacet
facet normal 0 1 0
outer loop
vertex 255 57 0
vertex 250 57 0
vertex 250 57 1
endloop
endfacet
facet normal 0 1 0
outer loop
vertex 255 57 0
vertex 250 57 1
vertex 255 57 1
endloop
endfacet
facet normal -1 0 0
outer loop
vertex 250 57 0
vertex 250 56 0
vertex 250 56 1
endloop
endfacet
facet normal -1 0 0
outer loop
vertex 250 57 0
vertex 250 56 1
vertex 250 57 1
endloop
endfacet
facet normal 0 0 -1
outer loop
vertex 265 56 0
vertex 270 57 0
vertex 270 56 0
endloop
endfacet
facet normal 0 0 -1
outer loop
vertex 265 56 0
vertex 265 57 0
vertex 270 57 0
endloop
endfacet
facet normal 0 0 1
outer loop
vertex 265 56 1
vertex 270 56 1
vertex 270 57 1
endloop
endfacet
facet normal 0 0 1
outer loop
vertex 265 56 1
vertex 270 57 1
vertex 265 57 1
endloop
endfacet
facet normal 0 -1 0
outer loop
vertex 265 56 0
vertex 270 56 0
vertex 270 56 1
endloop
endfacet
facet normal 0 -1 0
outer loop
vertex 265 56 0
vertex 270 56 1
vertex 265 56 1
endloop
endfacet
facet normal 1 0 0
outer loop
vertex 270 56 0
vertex 270 57 0
vertex 270 57 1
endloop
endfacet
facet normal 1 0 0
outer loop
vertex 270 56 0
vertex 270 57 1
vertex 270 56 1
endloop
endfacet
facet normal 0 1 0
outer loop
vertex 270 57 0
vertex 265 57 0
vertex 265 57 1
endloop
endfacet
facet normal 0 1 0
outer loop
vertex 270 57 0
vertex 265 57 1
vertex 270 57 1
endloop
endfacet
facet normal -1 0 0
outer loop
vertex 265 57 0
vertex 265 56 0
vertex 265 56 1
endloop
endfacet
facet normal -1 0 0
outer loop
vertex 265 57 0
vertex 265 56 1
vertex 265 57 1
endloop
endfacet
facet normal 0 0 -1
outer loop
vertex 275 56 0
vertex 282 57 0
vertex 282 56 0
endloop
endfacet
facet normal 0 0 -1
outer loop
vertex 275 56 0
vertex 275 57 0
vertex 282 57 0
endloop
endfacet
facet normal 0 0 1
outer loop
vertex 275 56 1
vertex 282 56 1
vertex 282 57 1
endloop
endfacet
facet normal 0 0 1
outer loop
vertex 275 56 1
vertex 282 57 1
vertex 275 57 1
endloop
endfacet
facet normal 0 -1 0
outer loop
vertex 275 56 0
vertex 282 56 0
vertex 282 56 1
endloop
endfacet
facet normal 0 -1 0
outer loop
vertex 275 56 0
vertex 282 56 1
vertex 275 56 1
endloop
endfacet
facet normal 1 0 0
outer loop
vertex 282 56 0
vertex 282 57 0
vertex 282 57 1
endloop
endfacet
facet normal 1 0 0
outer loop
vertex 282 56 0
vertex 282 57 1
vertex 282 56 1
endloop
endfacet
facet normal 0 1 0
outer loop
vertex 282 57 0
vertex 275 57 0
vertex 275 57 1
endloop
endfacet
facet normal 0 1 0
outer loop
vertex 282 57 0
vertex 275 57 1
vertex 282 57 1
endloop
endfacet
facet normal -1 0 0
outer loop
vertex 275 57 0
vertex 275 56 0
vertex 275 56 1
endloop
endfacet
facet normal -1 0 0
outer loop
vertex 275 57 0
vertex 275 56 1
vertex 275 57 1
endloop
endfacet
facet normal 0 0 -1
outer loop
vertex 288 56 0
vertex 295 57 0
vertex 295 56 0
endloop
endfacet
facet normal 0 0 -1
outer loop
vertex 288 56 0
vertex 288 57 0
vertex 295 57 0
endloop
endfacet
facet normal 0 0 1
outer loop
vertex 288 56 1
vertex 295 56 1
vertex 295 57 1
endloop
endfacet
facet normal 0 0 1
outer loop
vertex 288 56 1
vertex 295 57 1
vertex 288 57 1
endloop
endfacet
facet normal 0 -1 0
outer loop
vertex 288 56 0
vertex 295 56 0
vertex 295 56 1
endloop
endfacet
facet normal 0 -1 0
outer loop
vertex 288 56 0
vertex 295 56 1
vertex 288 56 1
endloop
endfacet
facet normal 1 0 0
outer loop
vertex 295 56 0
vertex 295 57 0
vertex 295 57 1
endloop
endfacet
facet normal 1 0 0
outer loop
vertex 295 56 0
vertex 295 57 1
vertex 295 56 1
endloop
endfacet
facet normal 0 1 0
outer loop
vertex 295 57 0
vertex 288 57 0
vertex 288 57 1
endloop
endfacet
facet normal 0 1 0
outer loop
vertex 295 57 0
vertex 288 57 1
vertex 295 57 1
endloop
endfacet
facet normal -1 0 0
outer loop
vertex 288 57 0
vertex 288 56 0
vertex 288 56 1
endloop
endfacet
facet normal -1 0 0
outer loop
vertex 288 57 0
vertex 288 56 1
vertex 288 57 1
endloop
endfacet
facet normal 0 0 -1
outer loop
vertex 302 56 0
vertex 311 57 0
vertex 311 56 0
endloop
endfacet
facet normal 0 0 -1
outer loop
vertex 302 56 0
vertex 302 57 0
vertex 311 57 0
endloop
endfacet
facet normal 0 0 1
outer loop
vertex 302 56 1
vertex 311 56 1
vertex 311 57 1
endloop
endfacet
facet normal 0 0 1
outer loop
vertex 302 56 1
vertex 311 57 1
vertex 302 57 1
endloop
endfacet
facet normal 0 -1 0
outer loop
vertex 302 56 0
vertex 311 56 0
vertex 311 56 1
endloop
endfacet
facet normal 0 -1 0
outer loop
vertex 302 56 0
vertex 311 56 1
vertex 302 56 1
endloop
endfacet
facet normal 1 0 0
outer loop
vertex 311 56 0
vertex 311 57 0
vertex 311 57 1
endloop
endfacet
facet normal 1 0 0
outer loop
vertex 311 56 0
vertex 311 57 1
vertex 311 56 1
endloop
endfacet
facet normal 0 1 0
outer loop
vertex 311 57 0
vertex 302 57 0
vertex 302 57 1
endloop
endfacet
facet normal 0 1 0
outer loop
vertex 311 57 0
vertex 302 57 1
vertex 311 57 1
endloop
endfacet
facet normal -1 0 0
outer loop
vertex 302 57 0
vertex 302 56 0
vertex 302 56 1
endloop
endfacet
facet normal -1 0 0
outer loop
vertex 302 57 0
vertex 302 56 1
vertex 302 57 1
endloop
endfacet
facet normal 0 0 -1
outer loop
vertex 316 56 0
vertex 322 57 0
vertex 322 56 0
endloop
endfacet
facet normal 0 0 -1
outer loop
vertex 316 56 0
vertex 316 57 0
vertex 322 57 0
endloop
endfacet
facet normal 0 0 1
outer loop
vertex 316 56 1
vertex 322 56 1
vertex 322 57 1
endloop
endfacet
facet normal 0 0 1
outer loop
vertex 316 56 1
vertex 322 57 1
vertex 316 57 1
endloop
endfacet
facet normal 0 -1 0
outer loop
vertex 316 56 0
vertex 322 56 0
vertex 322 56 1
endloop
endfacet
facet normal 0 -1 0
outer loop
vertex 316 56 0
vertex 322 56 1
vertex 316 56 1
endloop
endfacet
facet normal 1 0 0
outer loop
vertex 322 56 0
vertex 322 57 0
vertex 322 57 1
endloop
endfacet
facet normal 1 0 0
outer loop
vertex 322 56 0
vertex 322 57 1
vertex 322 56 1
endloop
endfacet
facet normal 0 1 0
outer loop
vertex 322 57 0
vertex 316 57 0
vertex 316 57 1
endloop
endfacet
facet normal 0 1 0
outer loop
vertex 322 57 0
vertex 316 57 1
vertex 322 57 1
endloop
endfacet
facet normal -1 0 0
outer loop
vertex 316 57 0
vertex 316 56 0
vertex 316 56 1
endloop
endfacet
facet normal -1 0 0
outer loop
vertex 316 57 0
vertex 316 56 1
vertex 316 57 1
endloop
endfacet
facet normal 0 0 -1
outer loop
vertex 116 57 0
vertex 120 58 0
vertex 120 57 0
endloop
endfacet
facet normal 0 0 -1
outer loop
vertex 116 57 0
vertex 116 58 0
vertex 120 58 0
endloop
endfacet
facet normal 0 0 1
outer loop
vertex 116 57 1
vertex 120 57 1
vertex 120 58 1
endloop
endfacet
facet normal 0 0 1
outer loop
vertex 116 57 1
vertex 120 58 1
vertex 116 58 1
endloop
endfacet
facet normal 0 -1 0
outer loop
vertex 116 57 0
vertex 120 57 0
vertex 120 57 1
endloop
endfacet
facet normal 0 -1 0
outer loop
vertex 116 57 0
vertex 120 57 1
vertex 116 57 1
endloop
endfacet
facet normal 1 0 0
outer loop
vertex 120 57 0
vertex 120 58 0
vertex 120 58 1
endloop
endfacet
facet normal 1 0 0
outer loop
vertex 120 57 0
vertex 120 58 1
vertex 120 57 1
endloop
endfacet
facet normal 0 1 0
outer loop
vertex 120 58 0
vertex 116 58 0
vertex 116 58 1
endloop
endfacet
facet normal 0 1 0
outer loop
vertex 120 58 0
vertex 116 58 1
vertex 120 58 1
endloop
endfacet
facet normal -1 0 0
outer loop
vertex 116 58 0
vertex 116 57 0
vertex 116 57 1
endloop
endfacet
facet normal -1 0 0
outer loop
vertex 116 58 0
vertex 116 57 1
vertex 116 58 1
endloop
endfacet
facet normal 0 0 -1
outer loop
vertex 134 57 0
vertex 139 58 0
vertex 139 57 0
endloop
endfacet
facet normal 0 0 -1
outer loop
vertex 134 57 0
vertex 134 58 0
vertex 139 58 0
endloop
endfacet
facet normal 0 0 1
outer loop
vertex 134 57 1
vertex 139 57 1
vertex 139 58 1
endloop
endfacet
facet normal 0 0 1
outer loop
vertex 134 57 1
vertex 139 58 1
vertex 134 58 1
endloop
endfacet
facet normal 0 -1 0
outer loop
vertex 134 57 0
vertex 139 57 0
vertex 139 57 1
endloop
endfacet
facet normal 0 -1 0
outer loop
vertex 134 57 0
vertex 139 57 1
vertex 134 57 1
endloop
endfacet
facet normal 1 0 0
outer loop
vertex 139 57 0
vertex 139 58 0
vertex 139 58 1
endloop
endfacet
facet normal 1 0 0
outer loop
vertex 139 57 0
vertex 139 58 1
vertex 139 57 1
endloop
endfacet
facet normal 0 1 0
outer loop
vertex 139 58 0
vertex 134 58 0
vertex 134 58 1
endloop
endfacet
facet normal 0 1 0
outer loop
vertex 139 58 0
vertex 134 58 1
vertex 139 58 1
endloop
endfacet
facet normal -1 0 0
outer loop
vertex 134 58 0
vertex 134 57 0
vertex 134 57 1
endloop
endfacet
facet normal -1 0 0
outer loop
vertex 134 58 0
vertex 134 57 1
vertex 134 58 1
endloop
endfacet
facet normal 0 0 -1
outer loop
vertex 149 57 0
vertex 153 58 0
vertex 153 57 0
endloop
endfacet
facet normal 0 0 -1
outer loop
vertex 149 57 0
vertex 149 58 0
vertex 153 58 0
endloop
endfacet
facet normal 0 0 1
outer loop
vertex 149 57 1
vertex 153 57 1
vertex 153 58 1
endloop
endfacet
facet normal 0 0 1
outer loop
vertex 149 57 1
vertex 153 58 1
vertex 149 58 1
endloop
endfacet
facet normal 0 -1 0
outer loop
vertex 149 57 0
vertex 153 57 0
vertex 153 57 1
endloop
endfacet
facet normal 0 -1 0
outer loop
vertex 149 57 0
vertex 153 57 1
vertex 149 57 1
endloop
endfacet
facet normal 1 0 0
outer loop
vertex 153 57 0
vertex 153 58 0
vertex 153 58 1
endloop
endfacet
facet normal 1 0 0
outer loop
vertex 153 57 0
vertex 153 58 1
vertex 153 57 1
endloop
endfacet
facet normal 0 1 0
outer loop
vertex 153 58 0
vertex 149 58 0
vertex 149 58 1
endloop
endfacet
facet normal 0 1 0
outer loop
vertex 153 58 0
vertex 149 58 1
vertex 153 58 1
endloop
endfacet
facet normal -1 0 0
outer loop
vertex 149 58 0
vertex 149 57 0
vertex 149 57 1
endloop
endfacet
facet normal -1 0 0
outer loop
vertex 149 58 0
vertex 149 57 1
vertex 149 58 1
endloop
endfacet
facet normal 0 0 -1
outer loop
vertex 158 57 0
vertex 164 58 0
vertex 164 57 0
endloop
endfacet
facet normal 0 0 -1
outer loop
vertex 158 57 0
vertex 158 58 0
vertex 164 58 0
endloop
endfacet
facet normal 0 0 1
outer loop
vertex 158 57 1
vertex 164 57 1
vertex 164 58 1
endloop
endfacet
facet normal 0 0 1
outer loop
vertex 158 57 1
vertex 164 58 1
vertex 158 58 1
endloop
endfacet
facet normal 0 -1 0
outer loop
vertex 158 57 0
vertex 164 57 0
vertex 164 57 1
endloop
endfacet
facet normal 0 -1 0
outer loop
vertex 158 57 0
vertex 164 57 1
vertex 158 57 1
endloop
endfacet
facet normal 1 0 0
outer loop
vertex 164 57 0
vertex 164 58 0
vertex 164 58 1
endloop
endfacet
facet normal 1 0 0
outer loop
vertex 164 57 0
vertex 164 58 1
vertex 164 57 1
endloop
endfacet
facet normal 0 1 0
outer loop
vertex 164 58 0
vertex 158 58 0
vertex 158 58 1
endloop
endfacet
facet normal 0 1 0
outer loop
vertex 164 58 0
vertex 158 58 1
vertex 164 58 1
endloop
endfacet
facet normal -1 0 0
outer loop
vertex 158 58 0
vertex 158 57 0
vertex 158 57 1
endloop
endfacet
facet normal -1 0 0
outer loop
vertex 158 58 0
vertex 158 57 1
vertex 158 58 1
endloop
endfacet
facet normal 0 0 -1
outer loop
vertex 174 57 0
vertex 180 58 0
vertex 180 57 0
endloop
endfacet
facet normal 0 0 -1
outer loop
vertex 174 57 0
vertex 174 58 0
vertex 180 58 0
endloop
endfacet
facet normal 0 0 1
outer loop
vertex 174 57 1
vertex 180 57 1
vertex 180 58 1
endloop
endfacet
facet normal 0 0 1
outer loop
vertex 174 57 1
vertex 180 58 1
vertex 174 58 1
endloop
endfacet
facet normal 0 -1 0
outer loop
vertex 174 57 0
vertex 180 57 0
vertex 180 57 1
endloop
endfacet
facet normal 0 -1 0
outer loop
vertex 174 57 0
vertex 180 57 1
vertex 174 57 1
endloop
endfacet
facet normal 1 0 0
outer loop
vertex 180 57 0
vertex 180 58 0
vertex 180 58 1
endloop
endfacet
facet normal 1 0 0
outer loop
vertex 180 57 0
vertex 180 58 1
vertex 180 57 1
endloop
endfacet
facet normal 0 1 0
outer loop
vertex 180 58 0
vertex 174 58 0
vertex 174 58 1
endloop
endfacet
facet normal 0 1 0
outer loop
vertex 180 58 0
vertex 174 58 1
vertex 180 58 1
endloop
endfacet
facet normal -1 0 0
outer loop
vertex 174 58 0
vertex 174 57 0
vertex 174 57 1
endloop
endfacet
facet normal -1 0 0
outer loop
vertex 174 58 0
vertex 174 57 1
vertex 174 58 1
endloop
endfacet
facet normal 0 0 -1
outer loop
vertex 197 57 0
vertex 201 58 0
vertex 201 57 0
endloop
endfacet
facet normal 0 0 -1
outer loop
vertex 197 57 0
vertex 197 58 0
vertex 201 58 0
endloop
endfacet
facet normal 0 0 1
outer loop
vertex 197 57 1
vertex 201 57 1
vertex 201 58 1
endloop
endfacet
facet normal 0 0 1
outer loop
vertex 197 57 1
vertex 201 58 1
vertex 197 58 1
endloop
endfacet
facet normal 0 -1 0
outer loop
vertex 197 57 0
vertex 201 57 0
vertex 201 57 1
endloop
endfacet
facet normal 0 -1 0
outer loop
vertex 197 57 0
vertex 201 57 1
vertex 197 57 1
endloop
endfacet
facet normal 1 0 0
outer loop
vertex 201 57 0
vertex 201 58 0
vertex 201 58 1
endloop
endfacet
facet normal 1 0 0
outer loop
vertex 201 57 0
vertex 201 58 1
vertex 201 57 1
endloop
endfacet
facet normal 0 1 0
outer loop
vertex 201 58 0
vertex 197 58 0
vertex 197 58 1
endloop
endfacet
facet normal 0 1 0
outer loop
vertex 201 58 0
vertex 197 58 1
vertex 201 58 1
endloop
endfacet
facet normal -1 0 0
outer loop
vertex 197 58 0
vertex 197 57 0
vertex 197 57 1
endloop
endfacet
facet normal -1 0 0
outer loop
vertex 197 58 0
vertex 197 57 1
vertex 197 58 1
endloop
endfacet
facet normal 0 0 -1
outer loop
vertex 219 57 0
vertex 224 58 0
vertex 224 57 0
endloop
endfacet
facet normal 0 0 -1
outer loop
vertex 219 57 0
vertex 219 58 0
vertex 224 58 0
endloop
endfacet
facet normal 0 0 1
outer loop
vertex 219 57 1
vertex 224 57 1
vertex 224 58 1
endloop
endfacet
facet normal 0 0 1
outer loop
vertex 219 57 1
vertex 224 58 1
vertex 219 58 1
endloop
endfacet
facet normal 0 -1 0
outer loop
vertex 219 57 0
vertex 224 57 0
vertex 224 57 1
endloop
endfacet
facet normal 0 -1 0
outer loop
vertex 219 57 0
vertex 224 57 1
vertex 219 57 1
endloop
endfacet
facet normal 1 0 0
outer loop
vertex 224 57 0
vertex 224 58 0
vertex 224 58 1
endloop
endfacet
facet normal 1 0 0
outer loop
vertex 224 57 0
vertex 224 58 1
vertex 224 57 1
endloop
endfacet
facet normal 0 1 0
outer loop
vertex 224 58 0
vertex 219 58 0
vertex 219 58 1
endloop
endfacet
facet normal 0 1 0
outer loop
vertex 224 58 0
vertex 219 58 1
vertex 224 58 1
endloop
endfacet
facet normal -1 0 0
outer loop
vertex 219 58 0
vertex 219 57 0
vertex 219 57 1
endloop
endfacet
facet normal -1 0 0
outer loop
vertex 219 58 0
vertex 219 57 1
vertex 219 58 1
endloop
endfacet
facet normal 0 0 -1
outer loop
vertex 227 57 0
vertex 233 58 0
vertex 233 57 0
endloop
endfacet
facet normal 0 0 -1
outer loop
vertex 227 57 0
vertex 227 58 0
vertex 233 58 0
endloop
endfacet
facet normal 0 0 1
outer loop
vertex 227 57 1
vertex 233 57 1
vertex 233 58 1
endloop
endfacet
facet normal 0 0 1
outer loop
vertex 227 57 1
vertex 233 58 1
vertex 227 58 1
endloop
endfacet
facet normal 0 -1 0
outer loop
vertex 227 57 0
vertex 233 57 0
vertex 233 57 1
endloop
endfacet
facet normal 0 -1 0
outer loop
vertex 227 57 0
vertex 233 57 1
vertex 227 57 1
endloop
endfacet
facet normal 1 0 0
outer loop
vertex 233 57 0
vertex 233 58 0
vertex 233 58 1
endloop
endfacet
facet normal 1 0 0
outer loop
vertex 233 57 0
vertex 233 58 1
vertex 233 57 1
endloop
endfacet
facet normal 0 1 0
outer loop
vertex 233 58 0
vertex 227 58 0
vertex 227 58 1
endloop
endfacet
facet normal 0 1 0
outer loop
vertex 233 58 0
vertex 227 58 1
vertex 233 58 1
endloop
endfacet
facet normal -1 0 0
outer loop
vertex 227 58 0
vertex 227 57 0
vertex 227 57 1
endloop
endfacet
facet normal -1 0 0
outer loop
vertex 227 58 0
vertex 227 57 1
vertex 227 58 1
endloop
endfacet
facet normal 0 0 -1
outer loop
vertex 241 57 0
vertex 246 58 0
vertex 246 57 0
endloop
endfacet
facet normal 0 0 -1
outer loop
vertex 241 57 0
vertex 241 58 0
vertex 246 58 0
endloop
endfacet
facet normal 0 0 1
outer loop
vertex 241 57 1
vertex 246 57 1
vertex 246 58 1
endloop
endfacet
facet normal 0 0 1
outer loop
vertex 241 57 1
vertex 246 58 1
vertex 241 58 1
endloop
endfacet
facet normal 0 -1 0
outer loop
vertex 241 57 0
vertex 246 57 0
vertex 246 57 1
endloop
endfacet
facet normal 0 -1 0
outer loop
vertex 241 57 0
vertex 246 57 1
vertex 241 57 1
endloop
endfacet
facet normal 1 0 0
outer loop
vertex 246 57 0
vertex 246 58 0
vertex 246 58 1
endloop
endfacet
facet normal 1 0 0
outer loop
vertex 246 57 0
vertex 246 58 1
vertex 246 57 1
endloop
endfacet
facet normal 0 1 0
outer loop
vertex 246 58 0
vertex 241 58 0
vertex 241 58 1
endloop
endfacet
facet normal 0 1 0
outer loop
vertex 246 58 0
vertex 241 58 1
vertex 246 58 1
endloop
endfacet
facet normal -1 0 0
outer loop
vertex 241 58 0
vertex 241 57 0
vertex 241 57 1
endloop
endfacet
facet normal -1 0 0
outer loop
vertex 241 58 0
vertex 241 57 1
vertex 241 58 1
endloop
endfacet
facet normal 0 0 -1
outer loop
vertex 250 57 0
vertex 255 58 0
vertex 255 57 0
endloop
endfacet
facet normal 0 0 -1
outer loop
vertex 250 57 0
vertex 250 58 0
vertex 255 58 0
endloop
endfacet
facet normal 0 0 1
outer loop
vertex 250 57 1
vertex 255 57 1
vertex 255 58 1
endloop
endfacet
facet normal 0 0 1
outer loop
vertex 250 57 1
vertex 255 58 1
vertex 250 58 1
endloop
endfacet
facet normal 0 -1 0
outer loop
vertex 250 57 0
vertex 255 57 0
vertex 255 57 1
endloop
endfacet
facet normal 0 -1 0
outer loop
vertex 250 57 0
vertex 255 57 1
vertex 250 57 1
endloop
endfacet
facet normal 1 0 0
outer loop
vertex 255 57 0
vertex 255 58 0
vertex 255 58 1
endloop
endfacet
facet normal 1 0 0
outer loop
vertex 255 57 0
vertex 255 58 1
vertex 255 57 1
endloop
endfacet
facet normal 0 1 0
outer loop
vertex 255 58 0
vertex 250 58 0
vertex 250 58 1
endloop
endfacet
facet normal 0 1 0
outer loop
vertex 255 58 0
vertex 250 58 1
vertex 255 58 1
endloop
endfacet
facet normal -1 0 0
outer loop
vertex 250 58 0
vertex 250 57 0
vertex 250 57 1
endloop
endfacet
facet normal -1 0 0
outer loop
vertex 250 58 0
vertex 250 57 1
vertex 250 58 1
endloop
endfacet
facet normal 0 0 -1
outer loop
vertex 265 57 0
vertex 269 58 0
vertex 269 57 0
endloop
endfacet
facet normal 0 0 -1
outer loop
vertex 265 57 0
vertex 265 58 0
vertex 269 58 0
endloop
endfacet
facet normal 0 0 1
outer loop
vertex 265 57 1
vertex 269 57 1
vertex 269 58 1
endloop
endfacet
facet normal 0 0 1
outer loop
vertex 265 57 1
vertex 269 58 1
vertex 265 58 1
endloop
endfacet
facet normal 0 -1 0
outer loop
vertex 265 57 0
vertex 269 57 0
vertex 269 57 1
endloop
endfacet
facet normal 0 -1 0
outer loop
vertex 265 57 0
vertex 269 57 1
vertex 265 57 1
endloop
endfacet
facet normal 1 0 0
outer loop
vertex 269 57 0
vertex 269 58 0
vertex 269 58 1
endloop
endfacet
facet normal 1 0 0
outer loop
vertex 269 57 0
vertex 269 58 1
vertex 269 57 1
endloop
endfacet
facet normal 0 1 0
outer loop
vertex 269 58 0
vertex 265 58 0
vertex 265 58 1
endloop
endfacet
facet normal 0 1 0
outer loop
vertex 269 58 0
vertex 265 58 1
vertex 269 58 1
endloop
endfacet
facet normal -1 0 0
outer loop
vertex 265 58 0
vertex 265 57 0
vertex 265 57 1
endloop
endfacet
facet normal -1 0 0
outer loop
vertex 265 58 0
vertex 265 57 1
vertex 265 58 1
endloop
endfacet
facet normal 0 0 -1
outer loop
vertex 274 57 0
vertex 280 58 0
vertex 280 57 0
endloop
endfacet
facet normal 0 0 -1
outer loop
vertex 274 57 0
vertex 274 58 0
vertex 280 58 0
endloop
endfacet
facet normal 0 0 1
outer loop
vertex 274 57 1
vertex 280 57 1
vertex 280 58 1
endloop
endfacet
facet normal 0 0 1
outer loop
vertex 274 57 1
vertex 280 58 1
vertex 274 58 1
endloop
endfacet
facet normal 0 -1 0
outer loop
vertex 274 57 0
vertex 280 57 0
vertex 280 57 1
endloop
endfacet
facet normal 0 -1 0
outer loop
vertex 274 57 0
vertex 280 57 1
vertex 274 57 1
endloop
endfacet
facet normal 1 0 0
outer loop
vertex 280 57 0
vertex 280 58 0
vertex 280 58 1
endloop
endfacet
facet normal 1 0 0
outer loop
vertex 280 57 0
vertex 280 58 1
vertex 280 57 1
endloop
endfacet
facet normal 0 1 0
outer loop
vertex 280 58 0
vertex 274 58 0
vertex 274 58 1
endloop
endfacet
facet normal 0 1 0
outer loop
vertex 280 58 0
vertex 274 58 1
vertex 280 58 1
endloop
endfacet
facet normal -1 0 0
outer loop
vertex 274 58 0
vertex 274 57 0
vertex 274 57 1
endloop
endfacet
facet normal -1 0 0
outer loop
vertex 274 58 0
vertex 274 57 1
vertex 274 58 1
endloop
endfacet
facet normal 0 0 -1
outer loop
vertex 290 57 0
vertex 296 58 0
vertex 296 57 0
endloop
endfacet
facet normal 0 0 -1
outer loop
vertex 290 57 0
vertex 290 58 0
vertex 296 58 0
endloop
endfacet
facet normal 0 0 1
outer loop
vertex 290 57 1
vertex 296 57 1
vertex 296 58 1
endloop
endfacet
facet normal 0 0 1
outer loop
vertex 290 57 1
vertex 296 58 1
vertex 290 58 1
endloop
endfacet
facet normal 0 -1 0
outer loop
vertex 290 57 0
vertex 296 57 0
vertex 296 57 1
endloop
endfacet
facet normal 0 -1 0
outer loop
vertex 290 57 0
vertex 296 57 1
vertex 290 57 1
endloop
endfacet
facet normal 1 0 0
outer loop
vertex 296 57 0
vertex 296 58 0
vertex 296 58 1
endloop
endfacet
facet normal 1 0 0
outer loop
vertex 296 57 0
vertex 296 58 1
vertex 296 57 1
endloop
endfacet
facet normal 0 1 0
outer loop
vertex 296 58 0
vertex 290 58 0
vertex 290 58 1
endloop
endfacet
facet normal 0 1 0
outer loop
vertex 296 58 0
vertex 290 58 1
vertex 296 58 1
endloop
endfacet
facet normal -1 0 0
outer loop
vertex 290 58 0
vertex 290 57 0
vertex 290 57 1
endloop
endfacet
facet normal -1 0 0
outer loop
vertex 290 58 0
vertex 290 57 1
vertex 290 58 1
endloop
endfacet
facet normal 0 0 -1
outer loop
vertex 302 57 0
vertex 309 58 0
vertex 309 57 0
endloop
endfacet
facet normal 0 0 -1
outer loop
vertex 302 57 0
vertex 302 58 0
vertex 309 58 0
endloop
endfacet
facet normal 0 0 1
outer loop
vertex 302 57 1
vertex 309 57 1
vertex 309 58 1
endloop
endfacet
facet normal 0 0 1
outer loop
vertex 302 57 1
vertex 309 58 1
vertex 302 58 1
endloop
endfacet
facet normal 0 -1 0
outer loop
vertex 302 57 0
vertex 309 57 0
vertex 309 57 1
endloop
endfacet
facet normal 0 -1 0
outer loop
vertex 302 57 0
vertex 309 57 1
vertex 302 57 1
endloop
endfacet
facet normal 1 0 0
outer loop
vertex 309 57 0
vertex 309 58 0
vertex 309 58 1
endloop
endfacet
facet normal 1 0 0
outer loop
vertex 309 57 0
vertex 309 58 1
vertex 309 57 1
endloop
endfacet
facet normal 0 1 0
outer loop
vertex 309 58 0
vertex 302 58 0
vertex 302 58 1
endloop
endfacet
facet normal 0 1 0
outer loop
vertex 309 58 0
vertex 302 58 1
vertex 309 58 1
endloop
endfacet
facet normal -1 0 0
outer loop
vertex 302 58 0
vertex 302 57 0
vertex 302 57 1
endloop
endfacet
facet normal -1 0 0
outer loop
vertex 302 58 0
vertex 302 57 1
vertex 302 58 1
endloop
endfacet
facet normal 0 0 -1
outer loop
vertex 317 57 0
vertex 322 58 0
vertex 322 57 0
endloop
endfacet
facet normal 0 0 -1
outer loop
vertex 317 57 0
vertex 317 58 0
vertex 322 58 0
endloop
endfacet
facet normal 0 0 1
outer loop
vertex 317 57 1
vertex 322 57 1
vertex 322 58 1
endloop
endfacet
facet normal 0 0 1
outer loop
vertex 317 57 1
vertex 322 58 1
vertex 317 58 1
endloop
endfacet
facet normal 0 -1 0
outer loop
vertex 317 57 0
vertex 322 57 0
vertex 322 57 1
endloop
endfacet
facet normal 0 -1 0
outer loop
vertex 317 57 0
vertex 322 57 1
vertex 317 57 1
endloop
endfacet
facet normal 1 0 0
outer loop
vertex 322 57 0
vertex 322 58 0
vertex 322 58 1
endloop
endfacet
facet normal 1 0 0
outer loop
vertex 322 57 0
vertex 322 58 1
vertex 322 57 1
endloop
endfacet
facet normal 0 1 0
outer loop
vertex 322 58 0
vertex 317 58 0
vertex 317 58 1
endloop
endfacet
facet normal 0 1 0
outer loop
vertex 322 58 0
vertex 317 58 1
vertex 322 58 1
endloop
endfacet
facet normal -1 0 0
outer loop
vertex 317 58 0
vertex 317 57 0
vertex 317 57 1
endloop
endfacet
facet normal -1 0 0
outer loop
vertex 317 58 0
vertex 317 57 1
vertex 317 58 1
endloop
endfacet
facet normal 0 0 -1
outer loop
vertex 116 58 0
vertex 120 59 0
vertex 120 58 0
endloop
endfacet
facet normal 0 0 -1
outer loop
vertex 116 58 0
vertex 116 59 0
vertex 120 59 0
endloop
endfacet
facet normal 0 0 1
outer loop
vertex 116 58 1
vertex 120 58 1
vertex 120 59 1
endloop
endfacet
facet normal 0 0 1
outer loop
vertex 116 58 1
vertex 120 59 1
vertex 116 59 1
endloop
endfacet
facet normal 0 -1 0
outer loop
vertex 116 58 0
vertex 120 58 0
vertex 120 58 1
endloop
endfacet
facet normal 0 -1 0
outer loop
vertex 116 58 0
vertex 120 58 1
vertex 116 58 1
endloop
endfacet
facet normal 1 0 0
outer loop
vertex 120 58 0
vertex 120 59 0
vertex 120 59 1
endloop
endfacet
facet normal 1 0 0
outer loop
vertex 120 58 0
vertex 120 59 1
vertex 120 58 1
endloop
endfacet
facet normal 0 1 0
outer loop
vertex 120 59 0
vertex 116 59 0
vertex 116 59 1
endloop
endfacet
facet normal 0 1 0
outer loop
vertex 120 59 0
vertex 116 59 1
vertex 120 59 1
endloop
endfacet
facet normal -1 0 0
outer loop
vertex 116 59 0
vertex 116 58 0
vertex 116 58 1
endloop
endfacet
facet normal -1 0 0
outer loop
vertex 116 59 0
vertex 116 58 1
vertex 116 59 1
endloop
endfacet
facet normal 0 0 -1
outer loop
vertex 135 58 0
vertex 140 59 0
vertex 140 58 0
endloop
endfacet
facet normal 0 0 -1
outer loop
vertex 135 58 0
vertex 135 59 0
vertex 140 59 0
endloop
endfacet
facet normal 0 0 1
outer loop
vertex 135 58 1
vertex 140 58 1
vertex 140 59 1
endloop
endfacet
facet normal 0 0 1
outer loop
vertex 135 58 1
vertex 140 59 1
vertex 135 59 1
endloop
endfacet
facet normal 0 -1 0
outer loop
vertex 135 58 0
vertex 140 58 0
vertex 140 58 1
endloop
endfacet
facet normal 0 -1 0
outer loop
vertex 135 58 0
vertex 140 58 1
vertex 135 58 1
endloop
endfacet
facet normal 1 0 0
outer loop
vertex 140 58 0
vertex 140 59 0
vertex 140 59 1
endloop
endfacet
facet normal 1 0 0
outer loop
vertex 140 58 0
vertex 140 59 1
vertex 140 58 1
endloop
endfacet
facet normal 0 1 0
outer loop
vertex 140 59 0
vertex 135 59 0
vertex 135 59 1
endloop
endfacet
facet normal 0 1 0
outer loop
vertex 140 59 0
vertex 135 59 1
vertex 140 59 1
endloop
endfacet
facet normal -1 0 0
outer loop
vertex 135 59 0
vertex 135 58 0
vertex 135 58 1
endloop
endfacet
facet normal -1 0 0
outer loop
vertex 135 59 0
vertex 135 58 1
vertex 135 59 1
endloop
endfacet
facet normal 0 0 -1
outer loop
vertex 148 58 0
vertex 153 59 0
vertex 153 58 0
endloop
endfacet
facet normal 0 0 -1
outer loop
vertex 148 58 0
vertex 148 59 0
vertex 153 59 0
endloop
endfacet
facet normal 0 0 1
outer loop
vertex 148 58 1
vertex 153 58 1
vertex 153 59 1
endloop
endfacet
facet normal 0 0 1
outer loop
vertex 148 58 1
vertex 153 59 1
vertex 148 59 1
endloop
endfacet
facet normal 0 -1 0
outer loop
vertex 148 58 0
vertex 153 58 0
vertex 153 58 1
endloop
endfacet
facet normal 0 -1 0
outer loop
vertex 148 58 0
vertex 153 58 1
vertex 148 58 1
endloop
endfacet
facet normal 1 0 0
outer loop
vertex 153 58 0
vertex 153 59 0
vertex 153 59 1
endloop
endfacet
facet normal 1 0 0
outer loop
vertex 153 58 0
vertex 153 59 1
vertex 153 58 1
endloop
endfacet
facet normal 0 1 0
outer loop
vertex 153 59 0
vertex 148 59 0
vertex 148 59 1
endloop
endfacet
facet normal 0 1 0
outer loop
vertex 153 59 0
vertex 148 59 1
vertex 153 59 1
endloop
endfacet
facet normal -1 0 0
outer loop
vertex 148 59 0
vertex 148 58 0
vertex 148 58 1
endloop
endfacet
facet normal -1 0 0
outer loop
vertex 148 59 0
vertex 148 58 1
vertex 148 59 1
endloop
endfacet
facet normal 0 0 -1
outer loop
vertex 158 58 0
vertex 163 59 0
vertex 163 58 0
endloop
endfacet
facet normal 0 0 -1
outer loop
vertex 158 58 0
vertex 158 59 0
vertex 163 59 0
endloop
endfacet
facet normal 0 0 1
outer loop
vertex 158 58 1
vertex 163 58 1
vertex 163 59 1
endloop
endfacet
facet normal 0 0 1
outer loop
vertex 158 58 1
vertex 163 59 1
vertex 158 59 1
endloop
endfacet
facet normal 0 -1 0
outer loop
vertex 158 58 0
vertex 163 58 0
vertex 163 58 1
endloop
endfacet
facet normal 0 -1 0
outer loop
vertex 158 58 0
vertex 163 58 1
vertex 158 58 1
endloop
endfacet
facet normal 1 0 0
outer loop
vertex 163 58 0
vertex 163 59 0
vertex 163 59 1
endloop
endfacet
facet normal 1 0 0
outer loop
vertex 163 58 0
vertex 163 59 1
vertex 163 58 1
endloop
endfacet
facet normal 0 1 0
outer loop
vertex 163 59 0
vertex 158 59 0
vertex 158 59 1
endloop
endfacet
facet normal 0 1 0
outer loop
vertex 163 59 0
vertex 158 59 1
vertex 163 59 1
endloop
endfacet
facet normal -1 0 0
outer loop
vertex 158 59 0
vertex 158 58 0
vertex 158 58 1
endloop
endfacet
facet normal -1 0 0
outer loop
vertex 158 59 0
vertex 158 58 1
vertex 158 59 1
endloop
endfacet
facet normal 0 0 -1
outer loop
vertex 175 58 0
vertex 180 59 0
vertex 180 58 0
endloop
endfacet
facet normal 0 0 -1
outer loop
vertex 175 58 0
vertex 175 59 0
vertex 180 59 0
endloop
endfacet
facet normal 0 0 1
outer loop
vertex 175 58 1
vertex 180 58 1
vertex 180 59 1
endloop
endfacet
facet normal 0 0 1
outer loop
vertex 175 58 1
vertex 180 59 1
vertex 175 59 1
endloop
endfacet
facet normal 0 -1 0
outer loop
vertex 175 58 0
vertex 180 58 0
vertex 180 58 1
endloop
endfacet
facet normal 0 -1 0
outer loop
vertex 175 58 0
vertex 180 58 1
vertex 175 58 1
endloop
endfacet
facet normal 1 0 0
outer loop
vertex 180 58 0
vertex 180 59 0
vertex 180 59 1
endloop
endfacet
facet normal 1 0 0
outer loop
vertex 180 58 0
vertex 180 59 1
vertex 180 58 1
endloop
endfacet
facet normal 0 1 0
outer loop
vertex 180 59 0
vertex 175 59 0
vertex 175 59 1
endloop
endfacet
facet normal 0 1 0
outer loop
vertex 180 59 0
vertex 175 59 1
vertex 180 59 1
endloop
endfacet
facet normal -1 0 0
outer loop
vertex 175 59 0
vertex 175 58 0
vertex 175 58 1
endloop
endfacet
facet normal -1 0 0
outer loop
vertex 175 59 0
vertex 175 58 1
vertex 175 59 1
endloop
endfacet
facet normal 0 0 -1
outer loop
vertex 197 58 0
vertex 201 59 0
vertex 201 58 0
endloop
endfacet
facet normal 0 0 -1
outer loop
vertex 197 58 0
vertex 197 59 0
vertex 201 59 0
endloop
endfacet
facet normal 0 0 1
outer loop
vertex 197 58 1
vertex 201 58 1
vertex 201 59 1
endloop
endfacet
facet normal 0 0 1
outer loop
vertex 197 58 1
vertex 201 59 1
vertex 197 59 1
endloop
endfacet
facet normal 0 -1 0
outer loop
vertex 197 58 0
vertex 201 58 0
vertex 201 58 1
endloop
endfacet
facet normal 0 -1 0
outer loop
vertex 197 58 0
vertex 201 58 1
vertex 197 58 1
endloop
endfacet
facet normal 1 0 0
outer loop
vertex 201 58 0
vertex 201 59 0
vertex 201 59 1
endloop
endfacet
facet normal 1 0 0
outer loop
vertex 201 58 0
vertex 201 59 1
vertex 201 58 1
endloop
endfacet
facet normal 0 1 0
outer loop
vertex 201 59 0
vertex 197 59 0
vertex 197 59 1
endloop
endfacet
facet normal 0 1 0
outer loop
vertex 201 59 0
vertex 197 59 1
vertex 201 59 1
endloop
endfacet
facet normal -1 0 0
outer loop
vertex 197 59 0
vertex 197 58 0
vertex 197 58 1
endloop
endfacet
facet normal -1 0 0
outer loop
vertex 197 59 0
vertex 197 58 1
vertex 197 59 1
endloop
endfacet
facet normal 0 0 -1
outer loop
vertex 220 58 0
vertex 224 59 0
vertex 224 58 0
endloop
endfacet
facet normal 0 0 -1
outer loop
vertex 220 58 0
vertex 220 59 0
vertex 224 59 0
endloop
endfacet
facet normal 0 0 1
outer loop
vertex 220 58 1
vertex 224 58 1
vertex 224 59 1
endloop
endfacet
facet normal 0 0 1
outer loop
vertex 220 58 1
vertex 224 59 1
vertex 220 59 1
endloop
endfacet
facet normal 0 -1 0
outer loop
vertex 220 58 0
vertex 224 58 0
vertex 224 58 1
endloop
endfacet
facet normal 0 -1 0
outer loop
vertex 220 58 0
vertex 224 58 1
vertex 220 58 1
endloop
endfacet
facet normal 1 0 0
outer loop
vertex 224 58 0
vertex 224 59 0
vertex 224 59 1
endloop
endfacet
facet normal 1 0 0
outer loop
vertex 224 58 0
vertex 224 59 1
vertex 224 58 1
endloop
endfacet
facet normal 0 1 0
outer loop
vertex 224 59 0
vertex 220 59 0
vertex 220 59 1
endloop
endfacet
facet normal 0 1 0
outer loop
vertex 224 59 0
vertex 220 59 1
vertex 224 59 1
endloop
endfacet
facet normal -1 0 0
outer loop
vertex 220 59 0
vertex 220 58 0
vertex 220 58 1
endloop
endfacet
facet normal -1 0 0
outer loop
vertex 220 59 0
vertex 220 58 1
vertex 220 59 1
endloop
endfacet
facet normal 0 0 -1
outer loop
vertex 227 58 0
vertex 233 59 0
vertex 233 58 0
endloop
endfacet
facet normal 0 0 -1
outer loop
vertex 227 58 0
vertex 227 59 0
vertex 233 59 0
endloop
endfacet
facet normal 0 0 1
outer loop
vertex 227 58 1
vertex 233 58 1
vertex 233 59 1
endloop
endfacet
facet normal 0 0 1
outer loop
vertex 227 58 1
vertex 233 59 1
vertex 227 59 1
endloop
endfacet
facet normal 0 -1 0
outer loop
vertex 227 58 0
vertex 233 58 0
vertex 233 58 1
endloop
endfacet
facet normal 0 -1 0
outer loop
vertex 227 58 0
vertex 233 58 1
vertex 227 58 1
endloop
endfacet
facet normal 1 0 0
outer loop
vertex 233 58 0
vertex 233 59 0
vertex 233 59 1
endloop
endfacet
facet normal 1 0 0
outer loop
vertex 233 58 0
vertex 233 59 1
vertex 233 58 1
endloop
endfacet
facet normal 0 1 0
outer loop
vertex 233 59 0
vertex 227 59 0
vertex 227 59 1
endloop
endfacet
facet normal 0 1 0
outer loop
vertex 233 59 0
vertex 227 59 1
vertex 233 59 1
endloop
endfacet
facet normal -1 0 0
outer loop
vertex 227 59 0
vertex 227 58 0
vertex 227 58 1
endloop
endfacet
facet normal -1 0 0
outer loop
vertex 227 59 0
vertex 227 58 1
vertex 227 59 1
endloop
endfacet
facet normal 0 0 -1
outer loop
vertex 241 58 0
vertex 246 59 0
vertex 246 58 0
endloop
endfacet
facet normal 0 0 -1
outer loop
vertex 241 58 0
vertex 241 59 0
vertex 246 59 0
endloop
endfacet
facet normal 0 0 1
outer loop
vertex 241 58 1
vertex 246 58 1
vertex 246 59 1
endloop
endfacet
facet normal 0 0 1
outer loop
vertex 241 58 1
vertex 246 59 1
vertex 241 59 1
endloop
endfacet
facet normal 0 -1 0
outer loop
vertex 241 58 0
vertex 246 58 0
vertex 246 58 1
endloop
endfacet
facet normal 0 -1 0
outer loop
vertex 241 58 0
vertex 246 58 1
vertex 241 58 1
endloop
endfacet
facet normal 1 0 0
outer loop
vertex 246 58 0
vertex 246 59 0
vertex 246 59 1
endloop
endfacet
facet normal 1 0 0
outer loop
vertex 246 58 0
vertex 246 59 1
vertex 246 58 1
endloop
endfacet
facet normal 0 1 0
outer loop
vertex 246 59 0
vertex 241 59 0
vertex 241 59 1
endloop
endfacet
facet normal 0 1 0
outer loop
vertex 246 59 0
vertex 241 59 1
vertex 246 59 1
endloop
endfacet
facet normal -1 0 0
outer loop
vertex 241 59 0
vertex 241 58 0
vertex 241 58 1
endloop
endfacet
facet normal -1 0 0
outer loop
vertex 241 59 0
vertex 241 58 1
vertex 241 59 1
endloop
endfacet
facet normal 0 0 -1
outer loop
vertex 251 58 0
vertex 256 59 0
vertex 256 58 0
endloop
endfacet
facet normal 0 0 -1
outer loop
vertex 251 58 0
vertex 251 59 0
vertex 256 59 0
endloop
endfacet
facet normal 0 0 1
outer loop
vertex 251 58 1
vertex 256 58 1
vertex 256 59 1
endloop
endfacet
facet normal 0 0 1
outer loop
vertex 251 58 1
vertex 256 59 1
vertex 251 59 1
endloop
endfacet
facet normal 0 -1 0
outer loop
vertex 251 58 0
vertex 256 58 0
vertex 256 58 1
endloop
endfacet
facet normal 0 -1 0
outer loop
vertex 251 58 0
vertex 256 58 1
vertex 251 58 1
endloop
endfacet
facet normal 1 0 0
outer loop
vertex 256 58 0
vertex 256 59 0
vertex 256 59 1
endloop
endfacet
facet normal 1 0 0
outer loop
vertex 256 58 0
vertex 256 59 1
vertex 256 58 1
endloop
endfacet
facet normal 0 1 0
outer loop
vertex 256 59 0
vertex 251 59 0
vertex 251 59 1
endloop
endfacet
facet normal 0 1 0
outer loop
vertex 256 59 0
vertex 251 59 1
vertex 256 59 1
endloop
endfacet
facet normal -1 0 0
outer loop
vertex 251 59 0
vertex 251 58 0
vertex 251 58 1
endloop
endfacet
facet normal -1 0 0
outer loop
vertex 251 59 0
vertex 251 58 1
vertex 251 59 1
endloop
endfacet
facet normal 0 0 -1
outer loop
vertex 264 58 0
vertex 269 59 0
vertex 269 58 0
endloop
endfacet
facet normal 0 0 -1
outer loop
vertex 264 58 0
vertex 264 59 0
vertex 269 59 0
endloop
endfacet
facet normal 0 0 1
outer loop
vertex 264 58 1
vertex 269 58 1
vertex 269 59 1
endloop
endfacet
facet normal 0 0 1
outer loop
vertex 264 58 1
vertex 269 59 1
vertex 264 59 1
endloop
endfacet
facet normal 0 -1 0
outer loop
vertex 264 58 0
vertex 269 58 0
vertex 269 58 1
endloop
endfacet
facet normal 0 -1 0
outer loop
vertex 264 58 0
vertex 269 58 1
vertex 264 58 1
endloop
endfacet
facet normal 1 0 0
outer loop
vertex 269 58 0
vertex 269 59 0
vertex 269 59 1
endloop
endfacet
facet normal 1 0 0
outer loop
vertex 269 58 0
vertex 269 59 1
vertex 269 58 1
endloop
endfacet
facet normal 0 1 0
outer loop
vertex 269 59 0
vertex 264 59 0
vertex 264 59 1
endloop
endfacet
facet normal 0 1 0
outer loop
vertex 269 59 0
vertex 264 59 1
vertex 269 59 1
endloop
endfacet
facet normal -1 0 0
outer loop
vertex 264 59 0
vertex 264 58 0
vertex 264 58 1
endloop
endfacet
facet normal -1 0 0
outer loop
vertex 264 59 0
vertex 264 58 1
vertex 264 59 1
endloop
endfacet
facet normal 0 0 -1
outer loop
vertex 274 58 0
vertex 279 59 0
vertex 279 58 0
endloop
endfacet
facet normal 0 0 -1
outer loop
vertex 274 58 0
vertex 274 59 0
vertex 279 59 0
endloop
endfacet
facet normal 0 0 1
outer loop
vertex 274 58 1
vertex 279 58 1
vertex 279 59 1
endloop
endfacet
facet normal 0 0 1
outer loop
vertex 274 58 1
vertex 279 59 1
vertex 274 59 1
endloop
endfacet
facet normal 0 -1 0
outer loop
vertex 274 58 0
vertex 279 58 0
vertex 279 58 1
endloop
endfacet
facet normal 0 -1 0
outer loop
vertex 274 58 0
vertex 279 58 1
vertex 274 58 1
endloop
endfacet
facet normal 1 0 0
outer loop
vertex 279 58 0
vertex 279 59 0
vertex 279 59 1
endloop
endfacet
facet normal 1 0 0
outer loop
vertex 279 58 0
vertex 279 59 1
vertex 279 58 1
endloop
endfacet
facet normal 0 1 0
outer loop
vertex 279 59 0
vertex 274 59 0
vertex 274 59 1
endloop
endfacet
facet normal 0 1 0
outer loop
vertex 279 59 0
vertex 274 59 1
vertex 279 59 1
endloop
endfacet
facet normal -1 0 0
outer loop
vertex 274 59 0
vertex 274 58 0
vertex 274 58 1
endloop
endfacet
facet normal -1 0 0
outer loop
vertex 274 59 0
vertex 274 58 1
vertex 274 59 1
endloop
endfacet
facet normal 0 0 -1
outer loop
vertex 291 58 0
vertex 296 59 0
vertex 296 58 0
endloop
endfacet
facet normal 0 0 -1
outer loop
vertex 291 58 0
vertex 291 59 0
vertex 296 59 0
endloop
endfacet
facet normal 0 0 1
outer loop
vertex 291 58 1
vertex 296 58 1
vertex 296 59 1
endloop
endfacet
facet normal 0 0 1
outer loop
vertex 291 58 1
vertex 296 59 1
vertex 291 59 1
endloop
endfacet
facet normal 0 -1 0
outer loop
vertex 291 58 0
vertex 296 58 0
vertex 296 58 1
endloop
endfacet
facet normal 0 -1 0
outer loop
vertex 291 58 0
vertex 296 58 1
vertex 291 58 1
endloop
endfacet
facet normal 1 0 0
outer loop
vertex 296 58 0
vertex 296 59 0
vertex 296 59 1
endloop
endfacet
facet normal 1 0 0
outer loop
vertex 296 58 0
vertex 296 59 1
vertex 296 58 1
endloop
endfacet
facet normal 0 1 0
outer loop
vertex 296 59 0
vertex 291 59 0
vertex 291 59 1
endloop
endfacet
facet normal 0 1 0
outer loop
vertex 296 59 0
vertex 291 59 1
vertex 296 59 1
endloop
endfacet
facet normal -1 0 0
outer loop
vertex 291 59 0
vertex 291 58 0
vertex 291 58 1
endloop
endfacet
facet normal -1 0 0
outer loop
vertex 291 59 0
vertex 291 58 1
vertex 291 59 1
endloop
endfacet
facet normal 0 0 -1
outer loop
vertex 302 58 0
vertex 308 59 0
vertex 308 58 0
endloop
endfacet
facet normal 0 0 -1
outer loop
vertex 302 58 0
vertex 302 59 0
vertex 308 59 0
endloop
endfacet
facet normal 0 0 1
outer loop
vertex 302 58 1
vertex 308 58 1
vertex 308 59 1
endloop
endfacet
facet normal 0 0 1
outer loop
vertex 302 58 1
vertex 308 59 1
vertex 302 59 1
endloop
endfacet
facet normal 0 -1 0
outer loop
vertex 302 58 0
vertex 308 58 0
vertex 308 58 1
endloop
endfacet
facet normal 0 -1 0
outer loop
vertex 302 58 0
vertex 308 58 1
vertex 302 58 1
endloop
endfacet
facet normal 1 0 0
outer loop
vertex 308 58 0
vertex 308 59 0
vertex 308 59 1
endloop
endfacet
facet normal 1 0 0
outer loop
vertex 308 58 0
vertex 308 59 1
vertex 308 58 1
endloop
endfacet
facet normal 0 1 0
outer loop
vertex 308 59 0
vertex 302 59 0
vertex 302 59 1
endloop
endfacet
facet normal 0 1 0
outer loop
vertex 308 59 0
vertex 302 59 1
vertex 308 59 1
endloop
endfacet
facet normal -1 0 0
outer loop
vertex 302 59 0
vertex 302 58 0
vertex 302 58 1
endloop
endfacet
facet normal -1 0 0
outer loop
vertex 302 59 0
vertex 302 58 1
vertex 302 59 1
endloop
endfacet
facet normal 0 0 -1
outer loop
vertex 318 58 0
vertex 322 59 0
vertex 322 58 0
endloop
endfacet
facet normal 0 0 -1
outer loop
vertex 318 58 0
vertex 318 59 0
vertex 322 59 0
endloop
endfacet
facet normal 0 0 1
outer loop
vertex 318 58 1
vertex 322 58 1
vertex 322 59 1
endloop
endfacet
facet normal 0 0 1
outer loop
vertex 318 58 1
vertex 322 59 1
vertex 318 59 1
endloop
endfacet
facet normal 0 -1 0
outer loop
vertex 318 58 0
vertex 322 58 0
vertex 322 58 1
endloop
endfacet
facet normal 0 -1 0
outer loop
vertex 318 58 0
vertex 322 58 1
vertex 318 58 1
endloop
endfacet
facet normal 1 0 0
outer loop
vertex 322 58 0
vertex 322 59 0
vertex 322 59 1
endloop
endfacet
facet normal 1 0 0
outer loop
vertex 322 58 0
vertex 322 59 1
vertex 322 58 1
endloop
endfacet
facet normal 0 1 0
outer loop
vertex 322 59 0
vertex 318 59 0
vertex 318 59 1
endloop
endfacet
facet normal 0 1 0
outer loop
vertex 322 59 0
vertex 318 59 1
vertex 322 59 1
endloop
endfacet
facet normal -1 0 0
outer loop
vertex 318 59 0
vertex 318 58 0
vertex 318 58 1
endloop
endfacet
facet normal -1 0 0
outer loop
vertex 318 59 0
vertex 318 58 1
vertex 318 59 1
endloop
endfacet
facet normal 0 0 -1
outer loop
vertex 116 59 0
vertex 120 60 0
vertex 120 59 0
endloop
endfacet
facet normal 0 0 -1
outer loop
vertex 116 59 0
vertex 116 60 0
vertex 120 60 0
endloop
endfacet
facet normal 0 0 1
outer loop
vertex 116 59 1
vertex 120 59 1
vertex 120 60 1
endloop
endfacet
facet normal 0 0 1
outer loop
vertex 116 59 1
vertex 120 60 1
vertex 116 60 1
endloop
endfacet
facet normal 0 -1 0
outer loop
vertex 116 59 0
vertex 120 59 0
vertex 120 59 1
endloop
endfacet
facet normal 0 -1 0
outer loop
vertex 116 59 0
vertex 120 59 1
vertex 116 59 1
endloop
endfacet
facet normal 1 0 0
outer loop
vertex 120 59 0
vertex 120 60 0
vertex 120 60 1
endloop
endfacet
facet normal 1 0 0
outer loop
vertex 120 59 0
vertex 120 60 1
vertex 120 59 1
endloop
endfacet
facet normal 0 1 0
outer loop
vertex 120 60 0
vertex 116 60 0
vertex 116 60 1
endloop
endfacet
facet normal 0 1 0
outer loop
vertex 120 60 0
vertex 116 60 1
vertex 120 60 1
endloop
endfacet
facet normal -1 0 0
outer loop
vertex 116 60 0
vertex 116 59 0
vertex 116 59 1
endloop
endfacet
facet normal -1 0 0
outer loop
vertex 116 60 0
vertex 116 59 1
vertex 116 60 1
endloop
endfacet
facet normal 0 0 -1
outer loop
vertex 135 59 0
vertex 140 60 0
vertex 140 59 0
endloop
endfacet
facet normal 0 0 -1
outer loop
vertex 135 59 0
vertex 135 60 0
vertex 140 60 0
endloop
endfacet
facet normal 0 0 1
outer loop
vertex 135 59 1
vertex 140 59 1
vertex 140 60 1
endloop
endfacet
facet normal 0 0 1
outer loop
vertex 135 59 1
vertex 140 60 1
vertex 135 60 1
endloop
endfacet
facet normal 0 -1 0
outer loop
vertex 135 59 0
vertex 140 59 0
vertex 140 59 1
endloop
endfacet
facet normal 0 -1 0
outer loop
vertex 135 59 0
vertex 140 59 1
vertex 135 59 1
endloop
endfacet
facet normal 1 0 0
outer loop
vertex 140 59 0
vertex 140 60 0
vertex 140 60 1
endloop
endfacet
facet normal 1 0 0
outer loop
vertex 140 59 0
vertex 140 60 1
vertex 140 59 1
endloop
endfacet
facet normal 0 1 0
outer loop
vertex 140 60 0
vertex 135 60 0
vertex 135 60 1
endloop
endfacet
facet normal 0 1 0
outer loop
vertex 140 60 0
vertex 135 60 1
vertex 140 60 1
endloop
endfacet
facet normal -1 0 0
outer loop
vertex 135 60 0
vertex 135 59 0
vertex 135 59 1
endloop
endfacet
facet normal -1 0 0
outer loop
vertex 135 60 0
vertex 135 59 1
vertex 135 60 1
endloop
endfacet
facet normal 0 0 -1
outer loop
vertex 148 59 0
vertex 153 60 0
vertex 153 59 0
endloop
endfacet
facet normal 0 0 -1
outer loop
vertex 148 59 0
vertex 148 60 0
vertex 153 60 0
endloop
endfacet
facet normal 0 0 1
outer loop
vertex 148 59 1
vertex 153 59 1
vertex 153 60 1
endloop
endfacet
facet normal 0 0 1
outer loop
vertex 148 59 1
vertex 153 60 1
vertex 148 60 1
endloop
endfacet
facet normal 0 -1 0
outer loop
vertex 148 59 0
vertex 153 59 0
vertex 153 59 1
endloop
endfacet
facet normal 0 -1 0
outer loop
vertex 148 59 0
vertex 153 59 1
vertex 148 59 1
endloop
endfacet
facet normal 1 0 0
outer loop
vertex 153 59 0
vertex 153 60 0
vertex 153 60 1
endloop
endfacet
facet normal 1 0 0
outer loop
vertex 153 59 0
vertex 153 60 1
vertex 153 59 1
endloop
endfacet
facet normal 0 1 0
outer loop
vertex 153 60 0
vertex 148 60 0
vertex 148 60 1
endloop
endfacet
facet normal 0 1 0
outer loop
vertex 153 60 0
vertex 148 60 1
vertex 153 60 1
endloop
endfacet
facet normal -1 0 0
outer loop
vertex 148 60 0
vertex 148 59 0
vertex 148 59 1
endloop
endfacet
facet normal -1 0 0
outer loop
vertex 148 60 0
vertex 148 59 1
vertex 148 60 1
endloop
endfacet
facet normal 0 0 -1
outer loop
vertex 157 59 0
vertex 163 60 0
vertex 163 59 0
endloop
endfacet
facet normal 0 0 -1
outer loop
vertex 157 59 0
vertex 157 60 0
vertex 163 60 0
endloop
endfacet
facet normal 0 0 1
outer loop
vertex 157 59 1
vertex 163 59 1
vertex 163 60 1
endloop
endfacet
facet normal 0 0 1
outer loop
vertex 157 59 1
vertex 163 60 1
vertex 157 60 1
endloop
endfacet
facet normal 0 -1 0
outer loop
vertex 157 59 0
vertex 163 59 0
vertex 163 59 1
endloop
endfacet
facet normal 0 -1 0
outer loop
vertex 157 59 0
vertex 163 59 1
vertex 157 59 1
endloop
endfacet
facet normal 1 0 0
outer loop
vertex 163 59 0
vertex 163 60 0
vertex 163 60 1
endloop
endfacet
facet normal 1 0 0
outer loop
vertex 163 59 0
vertex 163 60 1
vertex 163 59 1
endloop
endfacet
facet normal 0 1 0
outer loop
vertex 163 60 0
vertex 157 60 0
vertex 157 60 1
endloop
endfacet
facet normal 0 1 0
outer loop
vertex 163 60 0
vertex 157 60 1
vertex 163 60 1
endloop
endfacet
facet normal -1 0 0
outer loop
vertex 157 60 0
vertex 157 59 0
vertex 157 59 1
endloop
endfacet
facet normal -1 0 0
outer loop
vertex 157 60 0
vertex 157 59 1
vertex 157 60 1
endloop
endfacet
facet normal 0 0 -1
outer loop
vertex 176 59 0
vertex 181 60 0
vertex 181 59 0
endloop
endfacet
facet normal 0 0 -1
outer loop
vertex 176 59 0
vertex 176 60 0
vertex 181 60 0
endloop
endfacet
facet normal 0 0 1
outer loop
vertex 176 59 1
vertex 181 59 1
vertex 181 60 1
endloop
endfacet
facet normal 0 0 1
outer loop
vertex 176 59 1
vertex 181 60 1
vertex 176 60 1
endloop
endfacet
facet normal 0 -1 0
outer loop
vertex 176 59 0
vertex 181 59 0
vertex 181 59 1
endloop
endfacet
facet normal 0 -1 0
outer loop
vertex 176 59 0
vertex 181 59 1
vertex 176 59 1
endloop
endfacet
facet normal 1 0 0
outer loop
vertex 181 59 0
vertex 181 60 0
vertex 181 60 1
endloop
endfacet
facet normal 1 0 0
outer loop
vertex 181 59 0
vertex 181 60 1
vertex 181 59 1
endloop
endfacet
facet normal 0 1 0
outer loop
vertex 181 60 0
vertex 176 60 0
vertex 176 60 1
endloop
endfacet
facet normal 0 1 0
outer loop
vertex 181 60 0
vertex 176 60 1
vertex 181 60 1
endloop
endfacet
facet normal -1 0 0
outer loop
vertex 176 60 0
vertex 176 59 0
vertex 176 59 1
endloop
endfacet
facet normal -1 0 0
outer loop
vertex 176 60 0
vertex 176 59 1
vertex 176 60 1
endloop
endfacet
facet normal 0 0 -1
outer loop
vertex 197 59 0
vertex 201 60 0
vertex 201 59 0
endloop
endfacet
facet normal 0 0 -1
outer loop
vertex 197 59 0
vertex 197 60 0
vertex 201 60 0
endloop
endfacet
facet normal 0 0 1
outer loop
vertex 197 59 1
vertex 201 59 1
vertex 201 60 1
endloop
endfacet
facet normal 0 0 1
outer loop
vertex 197 59 1
vertex 201 60 1
vertex 197 60 1
endloop
endfacet
facet normal 0 -1 0
outer loop
vertex 197 59 0
vertex 201 59 0
vertex 201 59 1
endloop
endfacet
facet normal 0 -1 0
outer loop
vertex 197 59 0
vertex 201 59 1
vertex 197 59 1
endloop
endfacet
facet normal 1 0 0
outer loop
vertex 201 59 0
vertex 201 60 0
vertex 201 60 1
endloop
endfacet
facet normal 1 0 0
outer loop
vertex 201 59 0
vertex 201 60 1
vertex 201 59 1
endloop
endfacet
facet normal 0 1 0
outer loop
vertex 201 60 0
vertex 197 60 0
vertex 197 60 1
endloop
endfacet
facet normal 0 1 0
outer loop
vertex 201 60 0
vertex 197 60 1
vertex 201 60 1
endloop
endfacet
facet normal -1 0 0
outer loop
vertex 197 60 0
vertex 197 59 0
vertex 197 59 1
endloop
endfacet
facet normal -1 0 0
outer loop
vertex 197 60 0
vertex 197 59 1
vertex 197 60 1
endloop
endfacet
facet normal 0 0 -1
outer loop
vertex 220 59 0
vertex 224 60 0
vertex 224 59 0
endloop
endfacet
facet normal 0 0 -1
outer loop
vertex 220 59 0
vertex 220 60 0
vertex 224 60 0
endloop
endfacet
facet normal 0 0 1
outer loop
vertex 220 59 1
vertex 224 59 1
vertex 224 60 1
endloop
endfacet
facet normal 0 0 1
outer loop
vertex 220 59 1
vertex 224 60 1
vertex 220 60 1
endloop
endfacet
facet normal 0 -1 0
outer loop
vertex 220 59 0
vertex 224 59 0
vertex 224 59 1
endloop
endfacet
facet normal 0 -1 0
outer loop
vertex 220 59 0
vertex 224 59 1
vertex 220 59 1
endloop
endfacet
facet normal 1 0 0
outer loop
vertex 224 59 0
vertex 224 60 0
vertex 224 60 1
endloop
endfacet
facet normal 1 0 0
outer loop
vertex 224 59 0
vertex 224 60 1
vertex 224 59 1
endloop
endfacet
facet normal 0 1 0
outer loop
vertex 224 60 0
vertex 220 60 0
vertex 220 60 1
endloop
endfacet
facet normal 0 1 0
outer loop
vertex 224 60 0
vertex 220 60 1
vertex 224 60 1
endloop
endfacet
facet normal -1 0 0
outer loop
vertex 220 60 0
vertex 220 59 0
vertex 220 59 1
endloop
endfacet
facet normal -1 0 0
outer loop
vertex 220 60 0
vertex 220 59 1
vertex 220 60 1
endloop
endfacet
facet normal 0 0 -1
outer loop
vertex 227 59 0
vertex 232 60 0
vertex 232 59 0
endloop
endfacet
facet normal 0 0 -1
outer loop
vertex 227 59 0
vertex 227 60 0
vertex 232 60 0
endloop
endfacet
facet normal 0 0 1
outer loop
vertex 227 59 1
vertex 232 59 1
vertex 232 60 1
endloop
endfacet
facet normal 0 0 1
outer loop
vertex 227 59 1
vertex 232 60 1
vertex 227 60 1
endloop
endfacet
facet normal 0 -1 0
outer loop
vertex 227 59 0
vertex 232 59 0
vertex 232 59 1
endloop
endfacet
facet normal 0 -1 0
outer loop
vertex 227 59 0
vertex 232 59 1
vertex 227 59 1
endloop
endfacet
facet normal 1 0 0
outer loop
vertex 232 59 0
vertex 232 60 0
vertex 232 60 1
endloop
endfacet
facet normal 1 0 0
outer loop
vertex 232 59 0
vertex 232 60 1
vertex 232 59 1
endloop
endfacet
facet normal 0 1 0
outer loop
vertex 232 60 0
vertex 227 60 0
vertex 227 60 1
endloop
endfacet
facet normal 0 1 0
outer loop
vertex 232 60 0
vertex 227 60 1
vertex 232 60 1
endloop
endfacet
facet normal -1 0 0
outer loop
vertex 227 60 0
vertex 227 59 0
vertex 227 59 1
endloop
endfacet
facet normal -1 0 0
outer loop
vertex 227 60 0
vertex 227 59 1
vertex 227 60 1
endloop
endfacet
facet normal 0 0 -1
outer loop
vertex 241 59 0
vertex 246 60 0
vertex 246 59 0
endloop
endfacet
facet normal 0 0 -1
outer loop
vertex 241 59 0
vertex 241 60 0
vertex 246 60 0
endloop
endfacet
facet normal 0 0 1
outer loop
vertex 241 59 1
vertex 246 59 1
vertex 246 60 1
endloop
endfacet
facet normal 0 0 1
outer loop
vertex 241 59 1
vertex 246 60 1
vertex 241 60 1
endloop
endfacet
facet normal 0 -1 0
outer loop
vertex 241 59 0
vertex 246 59 0
vertex 246 59 1
endloop
endfacet
facet normal 0 -1 0
outer loop
vertex 241 59 0
vertex 246 59 1
vertex 241 59 1
endloop
endfacet
facet normal 1 0 0
outer loop
vertex 246 59 0
vertex 246 60 0
vertex 246 60 1
endloop
endfacet
facet normal 1 0 0
outer loop
vertex 246 59 0
vertex 246 60 1
vertex 246 59 1
endloop
endfacet
facet normal 0 1 0
outer loop
vertex 246 60 0
vertex 241 60 0
vertex 241 60 1
endloop
endfacet
facet normal 0 1 0
outer loop
vertex 246 60 0
vertex 241 60 1
vertex 246 60 1
endloop
endfacet
facet normal -1 0 0
outer loop
vertex 241 60 0
vertex 241 59 0
vertex 241 59 1
endloop
endfacet
facet normal -1 0 0
outer loop
vertex 241 60 0
vertex 241 59 1
vertex 241 60 1
endloop
endfacet
facet normal 0 0 -1
outer loop
vertex 251 59 0
vertex 256 60 0
vertex 256 59 0
endloop
endfacet
facet normal 0 0 -1
outer loop
vertex 251 59 0
vertex 251 60 0
vertex 256 60 0
endloop
endfacet
facet normal 0 0 1
outer loop
vertex 251 59 1
vertex 256 59 1
vertex 256 60 1
endloop
endfacet
facet normal 0 0 1
outer loop
vertex 251 59 1
vertex 256 60 1
vertex 251 60 1
endloop
endfacet
facet normal 0 -1 0
outer loop
vertex 251 59 0
vertex 256 59 0
vertex 256 59 1
endloop
endfacet
facet normal 0 -1 0
outer loop
vertex 251 59 0
vertex 256 59 1
vertex 251 59 1
endloop
endfacet
facet normal 1 0 0
outer loop
vertex 256 59 0
vertex 256 60 0
vertex 256 60 1
endloop
endfacet
facet normal 1 0 0
outer loop
vertex 256 59 0
vertex 256 60 1
vertex 256 59 1
endloop
endfacet
facet normal 0 1 0
outer loop
vertex 256 60 0
vertex 251 60 0
vertex 251 60 1
endloop
endfacet
facet normal 0 1 0
outer loop
vertex 256 60 0
vertex 251 60 1
vertex 256 60 1
endloop
endfacet
facet normal -1 0 0
outer loop
vertex 251 60 0
vertex 251 59 0
vertex 251 59 1
endloop
endfacet
facet normal -1 0 0
outer loop
vertex 251 60 0
vertex 251 59 1
vertex 251 60 1
endloop
endfacet
facet normal 0 0 -1
outer loop
vertex 264 59 0
vertex 269 60 0
vertex 269 59 0
endloop
endfacet
facet normal 0 0 -1
outer loop
vertex 264 59 0
vertex 264 60 0
vertex 269 60 0
endloop
endfacet
facet normal 0 0 1
outer loop
vertex 264 59 1
vertex 269 59 1
vertex 269 60 1
endloop
endfacet
facet normal 0 0 1
outer loop
vertex 264 59 1
vertex 269 60 1
vertex 264 60 1
endloop
endfacet
facet normal 0 -1 0
outer loop
vertex 264 59 0
vertex 269 59 0
vertex 269 59 1
endloop
endfacet
facet normal 0 -1 0
outer loop
vertex 264 59 0
vertex 269 59 1
vertex 264 59 1
endloop
endfacet
facet normal 1 0 0
outer loop
vertex 269 59 0
vertex 269 60 0
vertex 269 60 1
endloop
endfacet
facet normal 1 0 0
outer loop
vertex 269 59 0
vertex 269 60 1
vertex 269 59 1
endloop
endfacet
facet normal 0 1 0
outer loop
vertex 269 60 0
vertex 264 60 0
vertex 264 60 1
endloop
endfacet
facet normal 0 1 0
outer loop
vertex 269 60 0
vertex 264 60 1
vertex 269 60 1
endloop
endfacet
facet normal -1 0 0
outer loop
vertex 264 60 0
vertex 264 59 0
vertex 264 59 1
endloop
endfacet
facet normal -1 0 0
outer loop
vertex 264 60 0
vertex 264 59 1
vertex 264 60 1
endloop
endfacet
facet normal 0 0 -1
outer loop
vertex 273 59 0
vertex 279 60 0
vertex 279 59 0
endloop
endfacet
facet normal 0 0 -1
outer loop
vertex 273 59 0
vertex 273 60 0
vertex 279 60 0
endloop
endfacet
facet normal 0 0 1
outer loop
vertex 273 59 1
vertex 279 59 1
vertex 279 60 1
endloop
endfacet
facet normal 0 0 1
outer loop
vertex 273 59 1
vertex 279 60 1
vertex 273 60 1
endloop
endfacet
facet normal 0 -1 0
outer loop
vertex 273 59 0
vertex 279 59 0
vertex 279 59 1
endloop
endfacet
facet normal 0 -1 0
outer loop
vertex 273 59 0
vertex 279 59 1
vertex 273 59 1
endloop
endfacet
facet normal 1 0 0
outer loop
vertex 279 59 0
vertex 279 60 0
vertex 279 60 1
endloop
endfacet
facet normal 1 0 0
outer loop
vertex 279 59 0
vertex 279 60 1
vertex 279 59 1
endloop
endfacet
facet normal 0 1 0
outer loop
vertex 279 60 0
vertex 273 60 0
vertex 273 60 1
endloop
endfacet
facet normal 0 1 0
outer loop
vertex 279 60 0
vertex 273 60 1
vertex 279 60 1
endloop
endfacet
facet normal -1 0 0
outer loop
vertex 273 60 0
vertex 273 59 0
vertex 273 59 1
endloop
endfacet
facet normal -1 0 0
outer loop
vertex 273 60 0
vertex 273 59 1
vertex 273 60 1
endloop
endfacet
facet normal 0 0 -1
outer loop
vertex 292 59 0
vertex 297 60 0
vertex 297 59 0
endloop
endfacet
facet normal 0 0 -1
outer loop
vertex 292 59 0
vertex 292 60 0
vertex 297 60 0
endloop
endfacet
facet normal 0 0 1
outer loop
vertex 292 59 1
vertex 297 59 1
vertex 297 60 1
endloop
endfacet
facet normal 0 0 1
outer loop
vertex 292 59 1
vertex 297 60 1
vertex 292 60 1
endloop
endfacet
facet normal 0 -1 0
outer loop
vertex 292 59 0
vertex 297 59 0
vertex 297 59 1
endloop
endfacet
facet normal 0 -1 0
outer loop
vertex 292 59 0
vertex 297 59 1
vertex 292 59 1
endloop
endfacet
facet normal 1 0 0
outer loop
vertex 297 59 0
vertex 297 60 0
vertex 297 60 1
endloop
endfacet
facet normal 1 0 0
outer loop
vertex 297 59 0
vertex 297 60 1
vertex 297 59 1
endloop
endfacet
facet normal 0 1 0
outer loop
vertex 297 60 0
vertex 292 60 0
vertex 292 60 1
endloop
endfacet
facet normal 0 1 0
outer loop
vertex 297 60 0
vertex 292 60 1
vertex 297 60 1
endloop
endfacet
facet normal -1 0 0
outer loop
vertex 292 60 0
vertex 292 59 0
vertex 292 59 1
endloop
endfacet
facet normal -1 0 0
outer loop
vertex 292 60 0
vertex 292 59 1
vertex 292 60 1
endloop
endfacet
facet normal 0 0 -1
outer loop
vertex 302 59 0
vertex 307 60 0
vertex 307 59 0
endloop
endfacet
facet normal 0 0 -1
outer loop
vertex 302 59 0
vertex 302 60 0
vertex 307 60 0
endloop
endfacet
facet normal 0 0 1
outer loop
vertex 302 59 1
vertex 307 59 1
vertex 307 60 1
endloop
endfacet
facet normal 0 0 1
outer loop
vertex 302 59 1
vertex 307 60 1
vertex 302 60 1
endloop
endfacet
facet normal 0 -1 0
outer loop
vertex 302 59 0
vertex 307 59 0
vertex 307 59 1
endloop
endfacet
facet normal 0 -1 0
outer loop
vertex 302 59 0
vertex 307 59 1
vertex 302 59 1
endloop
endfacet
facet normal 1 0 0
outer loop
vertex 307 59 0
vertex 307 60 0
vertex 307 60 1
endloop
endfacet
facet normal 1 0 0
outer loop
vertex 307 59 0
vertex 307 60 1
vertex 307 59 1
endloop
endfacet
facet normal 0 1 0
outer loop
vertex 307 60 0
vertex 302 60 0
vertex 302 60 1
endloop
endfacet
facet normal 0 1 0
outer loop
vertex 307 60 0
vertex 302 60 1
vertex 307 60 1
endloop
endfacet
facet normal -1 0 0
outer loop
vertex 302 60 0
vertex 302 59 0
vertex 302 59 1
endloop
endfacet
facet normal -1 0 0
outer loop
vertex 302 60 0
vertex 302 59 1
vertex 302 60 1
endloop
endfacet
facet normal 0 0 -1
outer loop
vertex 318 59 0
vertex 323 60 0
vertex 323 59 0
endloop
endfacet
facet normal 0 0 -1
outer loop
vertex 318 59 0
vertex 318 60 0
vertex 323 60 0
endloop
endfacet
facet normal 0 0 1
outer loop
vertex 318 59 1
vertex 323 59 1
vertex 323 60 1
endloop
endfacet
facet normal 0 0 1
outer loop
vertex 318 59 1
vertex 323 60 1
vertex 318 60 1
endloop
endfacet
facet normal 0 -1 0
outer loop
vertex 318 59 0
vertex 323 59 0
vertex 323 59 1
endloop
endfacet
facet normal 0 -1 0
outer loop
vertex 318 59 0
vertex 323 59 1
vertex 318 59 1
endloop
endfacet
facet normal 1 0 0
outer loop
vertex 323 59 0
vertex 323 60 0
vertex 323 60 1
endloop
endfacet
facet normal 1 0 0
outer loop
vertex 323 59 0
vertex 323 60 1
vertex 323 59 1
endloop
endfacet
facet normal 0 1 0
outer loop
vertex 323 60 0
vertex 318 60 0
vertex 318 60 1
endloop
endfacet
facet normal 0 1 0
outer loop
vertex 323 60 0
vertex 318 60 1
vertex 323 60 1
endloop
endfacet
facet normal -1 0 0
outer loop
vertex 318 60 0
vertex 318 59 0
vertex 318 59 1
endloop
endfacet
facet normal -1 0 0
outer loop
vertex 318 60 0
vertex 318 59 1
vertex 318 60 1
endloop
endfacet
facet normal 0 0 -1
outer loop
vertex 116 60 0
vertex 120 61 0
vertex 120 60 0
endloop
endfacet
facet normal 0 0 -1
outer loop
vertex 116 60 0
vertex 116 61 0
vertex 120 61 0
endloop
endfacet
facet normal 0 0 1
outer loop
vertex 116 60 1
vertex 120 60 1
vertex 120 61 1
endloop
endfacet
facet normal 0 0 1
outer loop
vertex 116 60 1
vertex 120 61 1
vertex 116 61 1
endloop
endfacet
facet normal 0 -1 0
outer loop
vertex 116 60 0
vertex 120 60 0
vertex 120 60 1
endloop
endfacet
facet normal 0 -1 0
outer loop
vertex 116 60 0
vertex 120 60 1
vertex 116 60 1
endloop
endfacet
facet normal 1 0 0
outer loop
vertex 120 60 0
vertex 120 61 0
vertex 120 61 1
endloop
endfacet
facet normal 1 0 0
outer loop
vertex 120 60 0
vertex 120 61 1
vertex 120 60 1
endloop
endfacet
facet normal 0 1 0
outer loop
vertex 120 61 0
vertex 116 61 0
vertex 116 61 1
endloop
endfacet
facet normal 0 1 0
outer loop
vertex 120 61 0
vertex 116 61 1
vertex 120 61 1
endloop
endfacet
facet normal -1 0 0
outer loop
vertex 116 61 0
vertex 116 60 0
vertex 116 60 1
endloop
endfacet
facet normal -1 0 0
outer loop
vertex 116 61 0
vertex 116 60 1
vertex 116 61 1
endloop
endfacet
facet normal 0 0 -1
outer loop
vertex 136 60 0
vertex 140 61 0
vertex 140 60 0
endloop
endfacet
facet normal 0 0 -1
outer loop
vertex 136 60 0
vertex 136 61 0
vertex 140 61 0
endloop
endfacet
facet normal 0 0 1
outer loop
vertex 136 60 1
vertex 140 60 1
vertex 140 61 1
endloop
endfacet
facet normal 0 0 1
outer loop
vertex 136 60 1
vertex 140 61 1
vertex 136 61 1
endloop
endfacet
facet normal 0 -1 0
outer loop
vertex 136 60 0
vertex 140 60 0
vertex 140 60 1
endloop
endfacet
facet normal 0 -1 0
outer loop
vertex 136 60 0
vertex 140 60 1
vertex 136 60 1
endloop
endfacet
facet normal 1 0 0
outer loop
vertex 140 60 0
vertex 140 61 0
vertex 140 61 1
endloop
endfacet
facet normal 1 0 0
outer loop
vertex 140 60 0
vertex 140 61 1
vertex 140 60 1
endloop
endfacet
facet normal 0 1 0
outer loop
vertex 140 61 0
vertex 136 61 0
vertex 136 61 1
endloop
endfacet
facet normal 0 1 0
outer loop
vertex 140 61 0
vertex 136 61 1
vertex 140 61 1
endloop
endfacet
facet normal -1 0 0
outer loop
vertex 136 61 0
vertex 136 60 0
vertex 136 60 1
endloop
endfacet
facet normal -1 0 0
outer loop
vertex 136 61 0
vertex 136 60 1
vertex 136 61 1
endloop
endfacet
facet normal 0 0 -1
outer loop
vertex 147 60 0
vertex 152 61 0
vertex 152 60 0
endloop
endfacet
facet normal 0 0 -1
outer loop
vertex 147 60 0
vertex 147 61 0
vertex 152 61 0
endloop
endfacet
facet normal 0 0 1
outer loop
vertex 147 60 1
vertex 152 60 1
vertex 152 61 1
endloop
endfacet
facet normal 0 0 1
outer loop
vertex 147 60 1
vertex 152 61 1
vertex 147 61 1
endloop
endfacet
facet normal 0 -1 0
outer loop
vertex 147 60 0
vertex 152 60 0
vertex 152 60 1
endloop
endfacet
facet normal 0 -1 0
outer loop
vertex 147 60 0
vertex 152 60 1
vertex 147 60 1
endloop
endfacet
facet normal 1 0 0
outer loop
vertex 152 60 0
vertex 152 61 0
vertex 152 61 1
endloop
endfacet
facet normal 1 0 0
outer loop
vertex 152 60 0
vertex 152 61 1
vertex 152 60 1
endloop
endfacet
facet normal 0 1 0
outer loop
vertex 152 61 0
vertex 147 61 0
vertex 147 61 1
endloop
endfacet
facet normal 0 1 0
outer loop
vertex 152 61 0
vertex 147 61 1
vertex 152 61 1
endloop
endfacet
facet normal -1 0 0
outer loop
vertex 147 61 0
vertex 147 60 0
vertex 147 60 1
endloop
endfacet
facet normal -1 0 0
outer loop
vertex 147 61 0
vertex 147 60 1
vertex 147 61 1
endloop
endfacet
facet normal 0 0 -1
outer loop
vertex 157 60 0
vertex 162 61 0
vertex 162 60 0
endloop
endfacet
facet normal 0 0 -1
outer loop
vertex 157 60 0
vertex 157 61 0
vertex 162 61 0
endloop
endfacet
facet normal 0 0 1
outer loop
vertex 157 60 1
vertex 162 60 1
vertex 162 61 1
endloop
endfacet
facet normal 0 0 1
outer loop
vertex 157 60 1
vertex 162 61 1
vertex 157 61 1
endloop
endfacet
facet normal 0 -1 0
outer loop
vertex 157 60 0
vertex 162 60 0
vertex 162 60 1
endloop
endfacet
facet normal 0 -1 0
outer loop
vertex 157 60 0
vertex 162 60 1
vertex 157 60 1
endloop
endfacet
facet normal 1 0 0
outer loop
vertex 162 60 0
vertex 162 61 0
vertex 162 61 1
endloop
endfacet
facet normal 1 0 0
outer loop
vertex 162 60 0
vertex 162 61 1
vertex 162 60 1
endloop
endfacet
facet normal 0 1 0
outer loop
vertex 162 61 0
vertex 157 61 0
vertex 157 61 1
endloop
endfacet
facet normal 0 1 0
outer loop
vertex 162 61 0
vertex 157 61 1
vertex 162 61 1
endloop
endfacet
facet normal -1 0 0
outer loop
vertex 157 61 0
vertex 157 60 0
vertex 157 60 1
endloop
endfacet
facet normal -1 0 0
outer loop
vertex 157 61 0
vertex 157 60 1
vertex 157 61 1
endloop
endfacet
facet normal 0 0 -1
outer loop
vertex 176 60 0
vertex 181 61 0
vertex 181 60 0
endloop
endfacet
facet normal 0 0 -1
outer loop
vertex 176 60 0
vertex 176 61 0
vertex 181 61 0
endloop
endfacet
facet normal 0 0 1
outer loop
vertex 176 60 1
vertex 181 60 1
vertex 181 61 1
endloop
endfacet
facet normal 0 0 1
outer loop
vertex 176 60 1
vertex 181 61 1
vertex 176 61 1
endloop
endfacet
facet normal 0 -1 0
outer loop
vertex 176 60 0
vertex 181 60 0
vertex 181 60 1
endloop
endfacet
facet normal 0 -1 0
outer loop
vertex 176 60 0
vertex 181 60 1
vertex 176 60 1
endloop
endfacet
facet normal 1 0 0
outer loop
vertex 181 60 0
vertex 181 61 0
vertex 181 61 1
endloop
endfacet
facet normal 1 0 0
outer loop
vertex 181 60 0
vertex 181 61 1
vertex 181 60 1
endloop
endfacet
facet normal 0 1 0
outer loop
vertex 181 61 0
vertex 176 61 0
vertex 176 61 1
endloop
endfacet
facet normal 0 1 0
outer loop
vertex 181 61 0
vertex 176 61 1
vertex 181 61 1
endloop
endfacet
facet normal -1 0 0
outer loop
vertex 176 61 0
vertex 176 60 0
vertex 176 60 1
endloop
endfacet
facet normal -1 0 0
outer loop
vertex 176 61 0
vertex 176 60 1
vertex 176 61 1
endloop
endfacet
facet normal 0 0 -1
outer loop
vertex 197 60 0
vertex 201 61 0
vertex 201 60 0
endloop
endfacet
facet normal 0 0 -1
outer loop
vertex 197 60 0
vertex 197 61 0
vertex 201 61 0
endloop
endfacet
facet normal 0 0 1
outer loop
vertex 197 60 1
vertex 201 60 1
vertex 201 61 1
endloop
endfacet
facet normal 0 0 1
outer loop
vertex 197 60 1
vertex 201 61 1
vertex 197 61 1
endloop
endfacet
facet normal 0 -1 0
outer loop
vertex 197 60 0
vertex 201 60 0
vertex 201 60 1
endloop
endfacet
facet normal 0 -1 0
outer loop
vertex 197 60 0
vertex 201 60 1
vertex 197 60 1
endloop
endfacet
facet normal 1 0 0
outer loop
vertex 201 60 0
vertex 201 61 0
vertex 201 61 1
endloop
endfacet
facet normal 1 0 0
outer loop
vertex 201 60 0
vertex 201 61 1
vertex 201 60 1
endloop
endfacet
facet normal 0 1 0
outer loop
vertex 201 61 0
vertex 197 61 0
vertex 197 61 1
endloop
endfacet
facet normal 0 1 0
outer loop
vertex 201 61 0
vertex 197 61 1
vertex 201 61 1
endloop
endfacet
facet normal -1 0 0
outer loop
vertex 197 61 0
vertex 197 60 0
vertex 197 60 1
endloop
endfacet
facet normal -1 0 0
outer loop
vertex 197 61 0
vertex 197 60 1
vertex 197 61 1
endloop
endfacet
facet normal 0 0 -1
outer loop
vertex 220 60 0
vertex 224 61 0
vertex 224 60 0
endloop
endfacet
facet normal 0 0 -1
outer loop
vertex 220 60 0
vertex 220 61 0
vertex 224 61 0
endloop
endfacet
facet normal 0 0 1
outer loop
vertex 220 60 1
vertex 224 60 1
vertex 224 61 1
endloop
endfacet
facet normal 0 0 1
outer loop
vertex 220 60 1
vertex 224 61 1
vertex 220 61 1
endloop
endfacet
facet normal 0 -1 0
outer loop
vertex 220 60 0
vertex 224 60 0
vertex 224 60 1
endloop
endfacet
facet normal 0 -1 0
outer loop
vertex 220 60 0
vertex 224 60 1
vertex 220 60 1
endloop
endfacet
facet normal 1 0 0
outer loop
vertex 224 60 0
vertex 224 61 0
vertex 224 61 1
endloop
endfacet
facet normal 1 0 0
outer loop
vertex 224 60 0
vertex 224 61 1
vertex 224 60 1
endloop
endfacet
facet normal 0 1 0
outer loop
vertex 224 61 0
vertex 220 61 0
vertex 220 61 1
endloop
endfacet
facet normal 0 1 0
outer loop
vertex 224 61 0
vertex 220 61 1
vertex 224 61 1
endloop
endfacet
facet normal -1 0 0
outer loop
vertex 220 61 0
vertex 220 60 0
vertex 220 60 1
endloop
endfacet
facet normal -1 0 0
outer loop
vertex 220 61 0
vertex 220 60 1
vertex 220 61 1
endloop
endfacet
facet normal 0 0 -1
outer loop
vertex 227 60 0
vertex 232 61 0
vertex 232 60 0
endloop
endfacet
facet normal 0 0 -1
outer loop
vertex 227 60 0
vertex 227 61 0
vertex 232 61 0
endloop
endfacet
facet normal 0 0 1
outer loop
vertex 227 60 1
vertex 232 60 1
vertex 232 61 1
endloop
endfacet
facet normal 0 0 1
outer loop
vertex 227 60 1
vertex 232 61 1
vertex 227 61 1
endloop
endfacet
facet normal 0 -1 0
outer loop
vertex 227 60 0
vertex 232 60 0
vertex 232 60 1
endloop
endfacet
facet normal 0 -1 0
outer loop
vertex 227 60 0
vertex 232 60 1
vertex 227 60 1
endloop
endfacet
facet normal 1 0 0
outer loop
vertex 232 60 0
vertex 232 61 0
vertex 232 61 1
endloop
endfacet
facet normal 1 0 0
outer loop
vertex 232 60 0
vertex 232 61 1
vertex 232 60 1
endloop
endfacet
facet normal 0 1 0
outer loop
vertex 232 61 0
vertex 227 61 0
vertex 227 61 1
endloop
endfacet
facet normal 0 1 0
outer loop
vertex 232 61 0
vertex 227 61 1
vertex 232 61 1
endloop
endfacet
facet normal -1 0 0
outer loop
vertex 227 61 0
vertex 227 60 0
vertex 227 60 1
endloop
endfacet
facet normal -1 0 0
outer loop
vertex 227 61 0
vertex 227 60 1
vertex 227 61 1
endloop
endfacet
facet normal 0 0 -1
outer loop
vertex 241 60 0
vertex 246 61 0
vertex 246 60 0
endloop
endfacet
facet normal 0 0 -1
outer loop
vertex 241 60 0
vertex 241 61 0
vertex 246 61 0
endloop
endfacet
facet normal 0 0 1
outer loop
vertex 241 60 1
vertex 246 60 1
vertex 246 61 1
endloop
endfacet
facet normal 0 0 1
outer loop
vertex 241 60 1
vertex 246 61 1
vertex 241 61 1
endloop
endfacet
facet normal 0 -1 0
outer loop
vertex 241 60 0
vertex 246 60 0
vertex 246 60 1
endloop
endfacet
facet normal 0 -1 0
outer loop
vertex 241 60 0
vertex 246 60 1
vertex 241 60 1
endloop
endfacet
facet normal 1 0 0
outer loop
vertex 246 60 0
vertex 246 61 0
vertex 246 61 1
endloop
endfacet
facet normal 1 0 0
outer loop
vertex 246 60 0
vertex 246 61 1
vertex 246 60 1
endloop
endfacet
facet normal 0 1 0
outer loop
vertex 246 61 0
vertex 241 61 0
vertex 241 61 1
endloop
endfacet
facet normal 0 1 0
outer loop
vertex 246 61 0
vertex 241 61 1
vertex 246 61 1
endloop
endfacet
facet normal -1 0 0
outer loop
vertex 241 61 0
vertex 241 60 0
vertex 241 60 1
endloop
endfacet
facet normal -1 0 0
outer loop
vertex 241 61 0
vertex 241 60 1
vertex 241 61 1
endloop
endfacet
facet normal 0 0 -1
outer loop
vertex 252 60 0
vertex 256 61 0
vertex 256 60 0
endloop
endfacet
facet normal 0 0 -1
outer loop
vertex 252 60 0
vertex 252 61 0
vertex 256 61 0
endloop
endfacet
facet normal 0 0 1
outer loop
vertex 252 60 1
vertex 256 60 1
vertex 256 61 1
endloop
endfacet
facet normal 0 0 1
outer loop
vertex 252 60 1
vertex 256 61 1
vertex 252 61 1
endloop
endfacet
facet normal 0 -1 0
outer loop
vertex 252 60 0
vertex 256 60 0
vertex 256 60 1
endloop
endfacet
facet normal 0 -1 0
outer loop
vertex 252 60 0
vertex 256 60 1
vertex 252 60 1
endloop
endfacet
facet normal 1 0 0
outer loop
vertex 256 60 0
vertex 256 61 0
vertex 256 61 1
endloop
endfacet
facet normal 1 0 0
outer loop
vertex 256 60 0
vertex 256 61 1
vertex 256 60 1
endloop
endfacet
facet normal 0 1 0
outer loop
vertex 256 61 0
vertex 252 61 0
vertex 252 61 1
endloop
endfacet
facet normal 0 1 0
outer loop
vertex 256 61 0
vertex 252 61 1
vertex 256 61 1
endloop
endfacet
facet normal -1 0 0
outer loop
vertex 252 61 0
vertex 252 60 0
vertex 252 60 1
endloop
endfacet
facet normal -1 0 0
outer loop
vertex 252 61 0
vertex 252 60 1
vertex 252 61 1
endloop
endfacet
facet normal 0 0 -1
outer loop
vertex 263 60 0
vertex 268 61 0
vertex 268 60 0
endloop
endfacet
facet normal 0 0 -1
outer loop
vertex 263 60 0
vertex 263 61 0
vertex 268 61 0
endloop
endfacet
facet normal 0 0 1
outer loop
vertex 263 60 1
vertex 268 60 1
vertex 268 61 1
endloop
endfacet
facet normal 0 0 1
outer loop
vertex 263 60 1
vertex 268 61 1
vertex 263 61 1
endloop
endfacet
facet normal 0 -1 0
outer loop
vertex 263 60 0
vertex 268 60 0
vertex 268 60 1
endloop
endfacet
facet normal 0 -1 0
outer loop
vertex 263 60 0
vertex 268 60 1
vertex 263 60 1
endloop
endfacet
facet normal 1 0 0
outer loop
vertex 268 60 0
vertex 268 61 0
vertex 268 61 1
endloop
endfacet
facet normal 1 0 0
outer loop
vertex 268 60 0
vertex 268 61 1
vertex 268 60 1
endloop
endfacet
facet normal 0 1 0
outer loop
vertex 268 61 0
vertex 263 61 0
vertex 263 61 1
endloop
endfacet
facet normal 0 1 0
outer loop
vertex 268 61 0
vertex 263 61 1
vertex 268 61 1
endloop
endfacet
facet normal -1 0 0
outer loop
vertex 263 61 0
vertex 263 60 0
vertex 263 60 1
endloop
endfacet
facet normal -1 0 0
outer loop
vertex 263 61 0
vertex 263 60 1
vertex 263 61 1
endloop
endfacet
facet normal 0 0 -1
outer loop
vertex 273 60 0
vertex 278 61 0
vertex 278 60 0
endloop
endfacet
facet normal 0 0 -1
outer loop
vertex 273 60 0
vertex 273 61 0
vertex 278 61 0
endloop
endfacet
facet normal 0 0 1
outer loop
vertex 273 60 1
vertex 278 60 1
vertex 278 61 1
endloop
endfacet
facet normal 0 0 1
outer loop
vertex 273 60 1
vertex 278 61 1
vertex 273 61 1
endloop
endfacet
facet normal 0 -1 0
outer loop
vertex 273 60 0
vertex 278 60 0
vertex 278 60 1
endloop
endfacet
facet normal 0 -1 0
outer loop
vertex 273 60 0
vertex 278 60 1
vertex 273 60 1
endloop
endfacet
facet normal 1 0 0
outer loop
vertex 278 60 0
vertex 278 61 0
vertex 278 61 1
endloop
endfacet
facet normal 1 0 0
outer loop
vertex 278 60 0
vertex 278 61 1
vertex 278 60 1
endloop
endfacet
facet normal 0 1 0
outer loop
vertex 278 61 0
vertex 273 61 0
vertex 273 61 1
endloop
endfacet
facet normal 0 1 0
outer loop
vertex 278 61 0
vertex 273 61 1
vertex 278 61 1
endloop
endfacet
facet normal -1 0 0
outer loop
vertex 273 61 0
vertex 273 60 0
vertex 273 60 1
endloop
endfacet
facet normal -1 0 0
outer loop
vertex 273 61 0
vertex 273 60 1
vertex 273 61 1
endloop
endfacet
facet normal 0 0 -1
outer loop
vertex 292 60 0
vertex 297 61 0
vertex 297 60 0
endloop
endfacet
facet normal 0 0 -1
outer loop
vertex 292 60 0
vertex 292 61 0
vertex 297 61 0
endloop
endfacet
facet normal 0 0 1
outer loop
vertex 292 60 1
vertex 297 60 1
vertex 297 61 1
endloop
endfacet
facet normal 0 0 1
outer loop
vertex 292 60 1
vertex 297 61 1
vertex 292 61 1
endloop
endfacet
facet normal 0 -1 0
outer loop
vertex 292 60 0
vertex 297 60 0
vertex 297 60 1
endloop
endfacet
facet normal 0 -1 0
outer loop
vertex 292 60 0
vertex 297 60 1
vertex 292 60 1
endloop
endfacet
facet normal 1 0 0
outer loop
vertex 297 60 0
vertex 297 61 0
vertex 297 61 1
endloop
endfacet
facet normal 1 0 0
outer loop
vertex 297 60 0
vertex 297 61 1
vertex 297 60 1
endloop
endfacet
facet normal 0 1 0
outer loop
vertex 297 61 0
vertex 292 61 0
vertex 292 61 1
endloop
endfacet
facet normal 0 1 0
outer loop
vertex 297 61 0
vertex 292 61 1
vertex 297 61 1
endloop
endfacet
facet normal -1 0 0
outer loop
vertex 292 61 0
vertex 292 60 0
vertex 292 60 1
endloop
endfacet
facet normal -1 0 0
outer loop
vertex 292 61 0
vertex 292 60 1
vertex 292 61 1
endloop
endfacet
facet normal 0 0 -1
outer loop
vertex 302 60 0
vertex 307 61 0
vertex 307 60 0
endloop
endfacet
facet normal 0 0 -1
outer loop
vertex 302 60 0
vertex 302 61 0
vertex 307 61 0
endloop
endfacet
facet normal 0 0 1
outer loop
vertex 302 60 1
vertex 307 60 1
vertex 307 61 1
endloop
endfacet
facet normal 0 0 1
outer loop
vertex 302 60 1
vertex 307 61 1
vertex 302 61 1
endloop
endfacet
facet normal 0 -1 0
outer loop
vertex 302 60 0
vertex 307 60 0
vertex 307 60 1
endloop
endfacet
facet normal 0 -1 0
outer loop
vertex 302 60 0
vertex 307 60 1
vertex 302 60 1
endloop
endfacet
facet normal 1 0 0
outer loop
vertex 307 60 0
vertex 307 61 0
vertex 307 61 1
endloop
endfacet
facet normal 1 0 0
outer loop
vertex 307 60 0
vertex 307 61 1
vertex 307 60 1
endloop
endfacet
facet normal 0 1 0
outer loop
vertex 307 61 0
vertex 302 61 0
vertex 302 61 1
endloop
endfacet
facet normal 0 1 0
outer loop
vertex 307 61 0
vertex 302 61 1
vertex 307 61 1
endloop
endfacet
facet normal -1 0 0
outer loop
vertex 302 61 0
vertex 302 60 0
vertex 302 60 1
endloop
endfacet
facet normal -1 0 0
outer loop
vertex 302 61 0
vertex 302 60 1
vertex 302 61 1
endloop
endfacet
facet normal 0 0 -1
outer loop
vertex 318 60 0
vertex 323 61 0
vertex 323 60 0
endloop
endfacet
facet normal 0 0 -1
outer loop
vertex 318 60 0
vertex 318 61 0
vertex 323 61 0
endloop
endfacet
facet normal 0 0 1
outer loop
vertex 318 60 1
vertex 323 60 1
vertex 323 61 1
endloop
endfacet
facet normal 0 0 1
outer loop
vertex 318 60 1
vertex 323 61 1
vertex 318 61 1
endloop
endfacet
facet normal 0 -1 0
outer loop
vertex 318 60 0
vertex 323 60 0
vertex 323 60 1
endloop
endfacet
facet normal 0 -1 0
outer loop
vertex 318 60 0
vertex 323 60 1
vertex 318 60 1
endloop
endfacet
facet normal 1 0 0
outer loop
vertex 323 60 0
vertex 323 61 0
vertex 323 61 1
endloop
endfacet
facet normal 1 0 0
outer loop
vertex 323 60 0
vertex 323 61 1
vertex 323 60 1
endloop
endfacet
facet normal 0 1 0
outer loop
vertex 323 61 0
vertex 318 61 0
vertex 318 61 1
endloop
endfacet
facet normal 0 1 0
outer loop
vertex 323 61 0
vertex 318 61 1
vertex 323 61 1
endloop
endfacet
facet normal -1 0 0
outer loop
vertex 318 61 0
vertex 318 60 0
vertex 318 60 1
endloop
endfacet
facet normal -1 0 0
outer loop
vertex 318 61 0
vertex 318 60 1
vertex 318 61 1
endloop
endfacet
facet normal 0 0 -1
outer loop
vertex 116 61 0
vertex 120 62 0
vertex 120 61 0
endloop
endfacet
facet normal 0 0 -1
outer loop
vertex 116 61 0
vertex 116 62 0
vertex 120 62 0
endloop
endfacet
facet normal 0 0 1
outer loop
vertex 116 61 1
vertex 120 61 1
vertex 120 62 1
endloop
endfacet
facet normal 0 0 1
outer loop
vertex 116 61 1
vertex 120 62 1
vertex 116 62 1
endloop
endfacet
facet normal 0 -1 0
outer loop
vertex 116 61 0
vertex 120 61 0
vertex 120 61 1
endloop
endfacet
facet normal 0 -1 0
outer loop
vertex 116 61 0
vertex 120 61 1
vertex 116 61 1
endloop
endfacet
facet normal 1 0 0
outer loop
vertex 120 61 0
vertex 120 62 0
vertex 120 62 1
endloop
endfacet
facet normal 1 0 0
outer loop
vertex 120 61 0
vertex 120 62 1
vertex 120 61 1
endloop
endfacet
facet normal 0 1 0
outer loop
vertex 120 62 0
vertex 116 62 0
vertex 116 62 1
endloop
endfacet
facet normal 0 1 0
outer loop
vertex 120 62 0
vertex 116 62 1
vertex 120 62 1
endloop
endfacet
facet normal -1 0 0
outer loop
vertex 116 62 0
vertex 116 61 0
vertex 116 61 1
endloop
endfacet
facet normal -1 0 0
outer loop
vertex 116 62 0
vertex 116 61 1
vertex 116 62 1
endloop
endfacet
facet normal 0 0 -1
outer loop
vertex 136 61 0
vertex 141 62 0
vertex 141 61 0
endloop
endfacet
facet normal 0 0 -1
outer loop
vertex 136 61 0
vertex 136 62 0
vertex 141 62 0
endloop
endfacet
facet normal 0 0 1
outer loop
vertex 136 61 1
vertex 141 61 1
vertex 141 62 1
endloop
endfacet
facet normal 0 0 1
outer loop
vertex 136 61 1
vertex 141 62 1
vertex 136 62 1
endloop
endfacet
facet normal 0 -1 0
outer loop
vertex 136 61 0
vertex 141 61 0
vertex 141 61 1
endloop
endfacet
facet normal 0 -1 0
outer loop
vertex 136 61 0
vertex 141 61 1
vertex 136 61 1
endloop
endfacet
facet normal 1 0 0
outer loop
vertex 141 61 0
vertex 141 62 0
vertex 141 62 1
endloop
endfacet
facet normal 1 0 0
outer loop
vertex 141 61 0
vertex 141 62 1
vertex 141 61 1
endloop
endfacet
facet normal 0 1 0
outer loop
vertex 141 62 0
vertex 136 62 0
vertex 136 62 1
endloop
endfacet
facet normal 0 1 0
outer loop
vertex 141 62 0
vertex 136 62 1
vertex 141 62 1
endloop
endfacet
facet normal -1 0 0
outer loop
vertex 136 62 0
vertex 136 61 0
vertex 136 61 1
endloop
endfacet
facet normal -1 0 0
outer loop
vertex 136 62 0
vertex 136 61 1
vertex 136 62 1
endloop
endfacet
facet normal 0 0 -1
outer loop
vertex 147 61 0
vertex 152 62 0
vertex 152 61 0
endloop
endfacet
facet normal 0 0 -1
outer loop
vertex 147 61 0
vertex 147 62 0
vertex 152 62 0
endloop
endfacet
facet normal 0 0 1
outer loop
vertex 147 61 1
vertex 152 61 1
vertex 152 62 1
endloop
endfacet
facet normal 0 0 1
outer loop
vertex 147 61 1
vertex 152 62 1
vertex 147 62 1
endloop
endfacet
facet normal 0 -1 0
outer loop
vertex 147 61 0
vertex 152 61 0
vertex 152 61 1
endloop
endfacet
facet normal 0 -1 0
outer loop
vertex 147 61 0
vertex 152 61 1
vertex 147 61 1
endloop
endfacet
facet normal 1 0 0
outer loop
vertex 152 61 0
vertex 152 62 0
vertex 152 62 1
endloop
endfacet
facet normal 1 0 0
outer loop
vertex 152 61 0
vertex 152 62 1
vertex 152 61 1
endloop
endfacet
facet normal 0 1 0
outer loop
vertex 152 62 0
vertex 147 62 0
vertex 147 62 1
endloop
endfacet
facet normal 0 1 0
outer loop
vertex 152 62 0
vertex 147 62 1
vertex 152 62 1
endloop
endfacet
facet normal -1 0 0
outer loop
vertex 147 62 0
vertex 147 61 0
vertex 147 61 1
endloop
endfacet
facet normal -1 0 0
outer loop
vertex 147 62 0
vertex 147 61 1
vertex 147 62 1
endloop
endfacet
facet normal 0 0 -1
outer loop
vertex 157 61 0
vertex 181 62 0
vertex 181 61 0
endloop
endfacet
facet normal 0 0 -1
outer loop
vertex 157 61 0
vertex 157 62 0
vertex 181 62 0
endloop
endfacet
facet normal 0 0 1
outer loop
vertex 157 61 1
vertex 181 61 1
vertex 181 62 1
endloop
endfacet
facet normal 0 0 1
outer loop
vertex 157 61 1
vertex 181 62 1
vertex 157 62 1
endloop
endfacet
facet normal 0 -1 0
outer loop
vertex 157 61 0
vertex 181 61 0
vertex 181 61 1
endloop
endfacet
facet normal 0 -1 0
outer loop
vertex 157 61 0
vertex 181 61 1
vertex 157 61 1
endloop
endfacet
facet normal 1 0 0
outer loop
vertex 181 61 0
vertex 181 62 0
vertex 181 62 1
endloop
endfacet
facet normal 1 0 0
outer loop
vertex 181 61 0
vertex 181 62 1
vertex 181 61 1
endloop
endfacet
facet normal 0 1 0
outer loop
vertex 181 62 0
vertex 157 62 0
vertex 157 62 1
endloop
endfacet
facet normal 0 1 0
outer loop
vertex 181 62 0
vertex 157 62 1
vertex 181 62 1
endloop
endfacet
facet normal -1 0 0
outer loop
vertex 157 62 0
vertex 157 61 0
vertex 157 61 1
endloop
endfacet
facet normal -1 0 0
outer loop
vertex 157 62 0
vertex 157 61 1
vertex 157 62 1
endloop
endfacet
facet normal 0 0 -1
outer loop
vertex 197 61 0
vertex 201 62 0
vertex 201 61 0
endloop
endfacet
facet normal 0 0 -1
outer loop
vertex 197 61 0
vertex 197 62 0
vertex 201 62 0
endloop
endfacet
facet normal 0 0 1
outer loop
vertex 197 61 1
vertex 201 61 1
vertex 201 62 1
endloop
endfacet
facet normal 0 0 1
outer loop
vertex 197 61 1
vertex 201 62 1
vertex 197 62 1
endloop
endfacet
facet normal 0 -1 0
outer loop
vertex 197 61 0
vertex 201 61 0
vertex 201 61 1
endloop
endfacet
facet normal 0 -1 0
outer loop
vertex 197 61 0
vertex 201 61 1
vertex 197 61 1
endloop
endfacet
facet normal 1 0 0
outer loop
vertex 201 61 0
vertex 201 62 0
vertex 201 62 1
endloop
endfacet
facet normal 1 0 0
outer loop
vertex 201 61 0
vertex 201 62 1
vertex 201 61 1
endloop
endfacet
facet normal 0 1 0
outer loop
vertex 201 62 0
vertex 197 62 0
vertex 197 62 1
endloop
endfacet
facet normal 0 1 0
outer loop
vertex 201 62 0
vertex 197 62 1
vertex 201 62 1
endloop
endfacet
facet normal -1 0 0
outer loop
vertex 197 62 0
vertex 197 61 0
vertex 197 61 1
endloop
endfacet
facet normal -1 0 0
outer loop
vertex 197 62 0
vertex 197 61 1
vertex 197 62 1
endloop
endfacet
facet normal 0 0 -1
outer loop
vertex 220 61 0
vertex 224 62 0
vertex 224 61 0
endloop
endfacet
facet normal 0 0 -1
outer loop
vertex 220 61 0
vertex 220 62 0
vertex 224 62 0
endloop
endfacet
facet normal 0 0 1
outer loop
vertex 220 61 1
vertex 224 61 1
vertex 224 62 1
endloop
endfacet
facet normal 0 0 1
outer loop
vertex 220 61 1
vertex 224 62 1
vertex 220 62 1
endloop
endfacet
facet normal 0 -1 0
outer loop
vertex 220 61 0
vertex 224 61 0
vertex 224 61 1
endloop
endfacet
facet normal 0 -1 0
outer loop
vertex 220 61 0
vertex 224 61 1
vertex 220 61 1
endloop
endfacet
facet normal 1 0 0
outer loop
vertex 224 61 0
vertex 224 62 0
vertex 224 62 1
endloop
endfacet
facet normal 1 0 0
outer loop
vertex 224 61 0
vertex 224 62 1
vertex 224 61 1
endloop
endfacet
facet normal 0 1 0
outer loop
vertex 224 62 0
vertex 220 62 0
vertex 220 62 1
endloop
endfacet
facet normal 0 1 0
outer loop
vertex 224 62 0
vertex 220 62 1
vertex 224 62 1
endloop
endfacet
facet normal -1 0 0
outer loop
vertex 220 62 0
vertex 220 61 0
vertex 220 61 1
endloop
endfacet
facet normal -1 0 0
outer loop
vertex 220 62 0
vertex 220 61 1
vertex 220 62 1
endloop
endfacet
facet normal 0 0 -1
outer loop
vertex 227 61 0
vertex 232 62 0
vertex 232 61 0
endloop
endfacet
facet normal 0 0 -1
outer loop
vertex 227 61 0
vertex 227 62 0
vertex 232 62 0
endloop
endfacet
facet normal 0 0 1
outer loop
vertex 227 61 1
vertex 232 61 1
vertex 232 62 1
endloop
endfacet
facet normal 0 0 1
outer loop
vertex 227 61 1
vertex 232 62 1
vertex 227 62 1
endloop
endfacet
facet normal 0 -1 0
outer loop
vertex 227 61 0
vertex 232 61 0
vertex 232 61 1
endloop
endfacet
facet normal 0 -1 0
outer loop
vertex 227 61 0
vertex 232 61 1
vertex 227 61 1
endloop
endfacet
facet normal 1 0 0
outer loop
vertex 232 61 0
vertex 232 62 0
vertex 232 62 1
endloop
endfacet
facet normal 1 0 0
outer loop
vertex 232 61 0
vertex 232 62 1
vertex 232 61 1
endloop
endfacet
facet normal 0 1 0
outer loop
vertex 232 62 0
vertex 227 62 0
vertex 227 62 1
endloop
endfacet
facet normal 0 1 0
outer loop
vertex 232 62 0
vertex 227 62 1
vertex 232 62 1
endloop
endfacet
facet normal -1 0 0
outer loop
vertex 227 62 0
vertex 227 61 0
vertex 227 61 1
endloop
endfacet
facet normal -1 0 0
outer loop
vertex 227 62 0
vertex 227 61 1
vertex 227 62 1
endloop
endfacet
facet normal 0 0 -1
outer loop
vertex 241 61 0
vertex 246 62 0
vertex 246 61 0
endloop
endfacet
facet normal 0 0 -1
outer loop
vertex 241 61 0
vertex 241 62 0
vertex 246 62 0
endloop
endfacet
facet normal 0 0 1
outer loop
vertex 241 61 1
vertex 246 61 1
vertex 246 62 1
endloop
endfacet
facet normal 0 0 1
outer loop
vertex 241 61 1
vertex 246 62 1
vertex 241 62 1
endloop
endfacet
facet normal 0 -1 0
outer loop
vertex 241 61 0
vertex 246 61 0
vertex 246 61 1
endloop
endfacet
facet normal 0 -1 0
outer loop
vertex 241 61 0
vertex 246 61 1
vertex 241 61 1
endloop
endfacet
facet normal 1 0 0
outer loop
vertex 246 61 0
vertex 246 62 0
vertex 246 62 1
endloop
endfacet
facet normal 1 0 0
outer loop
vertex 246 61 0
vertex 246 62 1
vertex 246 61 1
endloop
endfacet
facet normal 0 1 0
outer loop
vertex 246 62 0
vertex 241 62 0
vertex 241 62 1
endloop
endfacet
facet normal 0 1 0
outer loop
vertex 246 62 0
vertex 241 62 1
vertex 246 62 1
endloop
endfacet
facet normal -1 0 0
outer loop
vertex 241 62 0
vertex 241 61 0
vertex 241 61 1
endloop
endfacet
facet normal -1 0 0
outer loop
vertex 241 62 0
vertex 241 61 1
vertex 241 62 1
endloop
endfacet
facet normal 0 0 -1
outer loop
vertex 252 61 0
vertex 257 62 0
vertex 257 61 0
endloop
endfacet
facet normal 0 0 -1
outer loop
vertex 252 61 0
vertex 252 62 0
vertex 257 62 0
endloop
endfacet
facet normal 0 0 1
outer loop
vertex 252 61 1
vertex 257 61 1
vertex 257 62 1
endloop
endfacet
facet normal 0 0 1
outer loop
vertex 252 61 1
vertex 257 62 1
vertex 252 62 1
endloop
endfacet
facet normal 0 -1 0
outer loop
vertex 252 61 0
vertex 257 61 0
vertex 257 61 1
endloop
endfacet
facet normal 0 -1 0
outer loop
vertex 252 61 0
vertex 257 61 1
vertex 252 61 1
endloop
endfacet
facet normal 1 0 0
outer loop
vertex 257 61 0
vertex 257 62 0
vertex 257 62 1
endloop
endfacet
facet normal 1 0 0
outer loop
vertex 257 61 0
vertex 257 62 1
vertex 257 61 1
endloop
endfacet
facet normal 0 1 0
outer loop
vertex 257 62 0
vertex 252 62 0
vertex 252 62 1
endloop
endfacet
facet normal 0 1 0
outer loop
vertex 257 62 0
vertex 252 62 1
vertex 257 62 1
endloop
endfacet
facet normal -1 0 0
outer loop
vertex 252 62 0
vertex 252 61 0
vertex 252 61 1
endloop
endfacet
facet normal -1 0 0
outer loop
vertex 252 62 0
vertex 252 61 1
vertex 252 62 1
endloop
endfacet
facet normal 0 0 -1
outer loop
vertex 263 61 0
vertex 268 62 0
vertex 268 61 0
endloop
endfacet
facet normal 0 0 -1
outer loop
vertex 263 61 0
vertex 263 62 0
vertex 268 62 0
endloop
endfacet
facet normal 0 0 1
outer loop
vertex 263 61 1
vertex 268 61 1
vertex 268 62 1
endloop
endfacet
facet normal 0 0 1
outer loop
vertex 263 61 1
vertex 268 62 1
vertex 263 62 1
endloop
endfacet
facet normal 0 -1 0
outer loop
vertex 263 61 0
vertex 268 61 0
vertex 268 61 1
endloop
endfacet
facet normal 0 -1 0
outer loop
vertex 263 61 0
vertex 268 61 1
vertex 263 61 1
endloop
endfacet
facet normal 1 0 0
outer loop
vertex 268 61 0
vertex 268 62 0
vertex 268 62 1
endloop
endfacet
facet normal 1 0 0
outer loop
vertex 268 61 0
vertex 268 62 1
vertex 268 61 1
endloop
endfacet
facet normal 0 1 0
outer loop
vertex 268 62 0
vertex 263 62 0
vertex 263 62 1
endloop
endfacet
facet normal 0 1 0
outer loop
vertex 268 62 0
vertex 263 62 1
vertex 268 62 1
endloop
endfacet
facet normal -1 0 0
outer loop
vertex 263 62 0
vertex 263 61 0
vertex 263 61 1
endloop
endfacet
facet normal -1 0 0
outer loop
vertex 263 62 0
vertex 263 61 1
vertex 263 62 1
endloop
endfacet
facet normal 0 0 -1
outer loop
vertex 273 61 0
vertex 297 62 0
vertex 297 61 0
endloop
endfacet
facet normal 0 0 -1
outer loop
vertex 273 61 0
vertex 273 62 0
vertex 297 62 0
endloop
endfacet
facet normal 0 0 1
outer loop
vertex 273 61 1
vertex 297 61 1
vertex 297 62 1
endloop
endfacet
facet normal 0 0 1
outer loop
vertex 273 61 1
vertex 297 62 1
vertex 273 62 1
endloop
endfacet
facet normal 0 -1 0
outer loop
vertex 273 61 0
vertex 297 61 0
vertex 297 61 1
endloop
endfacet
facet normal 0 -1 0
outer loop
vertex 273 61 0
vertex 297 61 1
vertex 273 61 1
endloop
endfacet
facet normal 1 0 0
outer loop
vertex 297 61 0
vertex 297 62 0
vertex 297 62 1
endloop
endfacet
facet normal 1 0 0
outer loop
vertex 297 61 0
vertex 297 62 1
vertex 297 61 1
endloop
endfacet
facet normal 0 1 0
outer loop
vertex 297 62 0
vertex 273 62 0
vertex 273 62 1
endloop
endfacet
facet normal 0 1 0
outer loop
vertex 297 62 0
vertex 273 62 1
vertex 297 62 1
endloop
endfacet
facet normal -1 0 0
outer loop
vertex 273 62 0
vertex 273 61 0
vertex 273 61 1
endloop
endfacet
facet normal -1 0 0
outer loop
vertex 273 62 0
vertex 273 61 1
vertex 273 62 1
endloop
endfacet
facet normal 0 0 -1
outer loop
vertex 302 61 0
vertex 306 62 0
vertex 306 61 0
endloop
endfacet
facet normal 0 0 -1
outer loop
vertex 302 61 0
vertex 302 62 0
vertex 306 62 0
endloop
endfacet
facet normal 0 0 1
outer loop
vertex 302 61 1
vertex 306 61 1
vertex 306 62 1
endloop
endfacet
facet normal 0 0 1
outer loop
vertex 302 61 1
vertex 306 62 1
vertex 302 62 1
endloop
endfacet
facet normal 0 -1 0
outer loop
vertex 302 61 0
vertex 306 61 0
vertex 306 61 1
endloop
endfacet
facet normal 0 -1 0
outer loop
vertex 302 61 0
vertex 306 61 1
vertex 302 61 1
endloop
endfacet
facet normal 1 0 0
outer loop
vertex 306 61 0
vertex 306 62 0
vertex 306 62 1
endloop
endfacet
facet normal 1 0 0
outer loop
vertex 306 61 0
vertex 306 62 1
vertex 306 61 1
endloop
endfacet
facet normal 0 1 0
outer loop
vertex 306 62 0
vertex 302 62 0
vertex 302 62 1
endloop
endfacet
facet normal 0 1 0
outer loop
vertex 306 62 0
vertex 302 62 1
vertex 306 62 1
endloop
endfacet
facet normal -1 0 0
outer loop
vertex 302 62 0
vertex 302 61 0
vertex 302 61 1
endloop
endfacet
facet normal -1 0 0
outer loop
vertex 302 62 0
vertex 302 61 1
vertex 302 62 1
endloop
endfacet
facet normal 0 0 -1
outer loop
vertex 318 61 0
vertex 323 62 0
vertex 323 61 0
endloop
endfacet
facet normal 0 0 -1
outer loop
vertex 318 61 0
vertex 318 62 0
vertex 323 62 0
endloop
endfacet
facet normal 0 0 1
outer loop
vertex 318 61 1
vertex 323 61 1
vertex 323 62 1
endloop
endfacet
facet normal 0 0 1
outer loop
vertex 318 61 1
vertex 323 62 1
vertex 318 62 1
endloop
endfacet
facet normal 0 -1 0
outer loop
vertex 318 61 0
vertex 323 61 0
vertex 323 61 1
endloop
endfacet
facet normal 0 -1 0
outer loop
vertex 318 61 0
vertex 323 61 1
vertex 318 61 1
endloop
endfacet
facet normal 1 0 0
outer loop
vertex 323 61 0
vertex 323 62 0
vertex 323 62 1
endloop
endfacet
facet normal 1 0 0
outer loop
vertex 323 61 0
vertex 323 62 1
vertex 323 61 1
endloop
endfacet
facet normal 0 1 0
outer loop
vertex 323 62 0
vertex 318 62 0
vertex 318 62 1
endloop
endfacet
facet normal 0 1 0
outer loop
vertex 323 62 0
vertex 318 62 1
vertex 323 62 1
endloop
endfacet
facet normal -1 0 0
outer loop
vertex 318 62 0
vertex 318 61 0
vertex 318 61 1
endloop
endfacet
facet normal -1 0 0
outer loop
vertex 318 62 0
vertex 318 61 1
vertex 318 62 1
endloop
endfacet
facet normal 0 0 -1
outer loop
vertex 116 62 0
vertex 120 63 0
vertex 120 62 0
endloop
endfacet
facet normal 0 0 -1
outer loop
vertex 116 62 0
vertex 116 63 0
vertex 120 63 0
endloop
endfacet
facet normal 0 0 1
outer loop
vertex 116 62 1
vertex 120 62 1
vertex 120 63 1
endloop
endfacet
facet normal 0 0 1
outer loop
vertex 116 62 1
vertex 120 63 1
vertex 116 63 1
endloop
endfacet
facet normal 0 -1 0
outer loop
vertex 116 62 0
vertex 120 62 0
vertex 120 62 1
endloop
endfacet
facet normal 0 -1 0
outer loop
vertex 116 62 0
vertex 120 62 1
vertex 116 62 1
endloop
endfacet
facet normal 1 0 0
outer loop
vertex 120 62 0
vertex 120 63 0
vertex 120 63 1
endloop
endfacet
facet normal 1 0 0
outer loop
vertex 120 62 0
vertex 120 63 1
vertex 120 62 1
endloop
endfacet
facet normal 0 1 0
outer loop
vertex 120 63 0
vertex 116 63 0
vertex 116 63 1
endloop
endfacet
facet normal 0 1 0
outer loop
vertex 120 63 0
vertex 116 63 1
vertex 120 63 1
endloop
endfacet
facet normal -1 0 0
outer loop
vertex 116 63 0
vertex 116 62 0
vertex 116 62 1
endloop
endfacet
facet normal -1 0 0
outer loop
vertex 116 63 0
vertex 116 62 1
vertex 116 63 1
endloop
endfacet
facet normal 0 0 -1
outer loop
vertex 137 62 0
vertex 141 63 0
vertex 141 62 0
endloop
endfacet
facet normal 0 0 -1
outer loop
vertex 137 62 0
vertex 137 63 0
vertex 141 63 0
endloop
endfacet
facet normal 0 0 1
outer loop
vertex 137 62 1
vertex 141 62 1
vertex 141 63 1
endloop
endfacet
facet normal 0 0 1
outer loop
vertex 137 62 1
vertex 141 63 1
vertex 137 63 1
endloop
endfacet
facet normal 0 -1 0
outer loop
vertex 137 62 0
vertex 141 62 0
vertex 141 62 1
endloop
endfacet
facet normal 0 -1 0
outer loop
vertex 137 62 0
vertex 141 62 1
vertex 137 62 1
endloop
endfacet
facet normal 1 0 0
outer loop
vertex 141 62 0
vertex 141 63 0
vertex 141 63 1
endloop
endfacet
facet normal 1 0 0
outer loop
vertex 141 62 0
vertex 141 63 1
vertex 141 62 1
endloop
endfacet
facet normal 0 1 0
outer loop
vertex 141 63 0
vertex 137 63 0
vertex 137 63 1
endloop
endfacet
facet normal 0 1 0
outer loop
vertex 141 63 0
vertex 137 63 1
vertex 141 63 1
endloop
endfacet
facet normal -1 0 0
outer loop
vertex 137 63 0
vertex 137 62 0
vertex 137 62 1
endloop
endfacet
facet normal -1 0 0
outer loop
vertex 137 63 0
vertex 137 62 1
vertex 137 63 1
endloop
endfacet
facet normal 0 0 -1
outer loop
vertex 146 62 0
vertex 151 63 0
vertex 151 62 0
endloop
endfacet
facet normal 0 0 -1
outer loop
vertex 146 62 0
vertex 146 63 0
vertex 151 63 0
endloop
endfacet
facet normal 0 0 1
outer loop
vertex 146 62 1
vertex 151 62 1
vertex 151 63 1
endloop
endfacet
facet normal 0 0 1
outer loop
vertex 146 62 1
vertex 151 63 1
vertex 146 63 1
endloop
endfacet
facet normal 0 -1 0
outer loop
vertex 146 62 0
vertex 151 62 0
vertex 151 62 1
endloop
endfacet
facet normal 0 -1 0
outer loop
vertex 146 62 0
vertex 151 62 1
vertex 146 62 1
endloop
endfacet
facet normal 1 0 0
outer loop
vertex 151 62 0
vertex 151 63 0
vertex 151 63 1
endloop
endfacet
facet normal 1 0 0
outer loop
vertex 151 62 0
vertex 151 63 1
vertex 151 62 1
endloop
endfacet
facet normal 0 1 0
outer loop
vertex 151 63 0
vertex 146 63 0
vertex 146 63 1
endloop
endfacet
facet normal 0 1 0
outer loop
vertex 151 63 0
vertex 146 63 1
vertex 151 63 1
endloop
endfacet
facet normal -1 0 0
outer loop
vertex 146 63 0
vertex 146 62 0
vertex 146 62 1
endloop
endfacet
facet normal -1 0 0
outer loop
vertex 146 63 0
vertex 146 62 1
vertex 146 63 1
endloop
endfacet
facet normal 0 0 -1
outer loop
vertex 157 62 0
vertex 181 63 0
vertex 181 62 0
endloop
endfacet
facet normal 0 0 -1
outer loop
vertex 157 62 0
vertex 157 63 0
vertex 181 63 0
endloop
endfacet
facet normal 0 0 1
outer loop
vertex 157 62 1
vertex 181 62 1
vertex 181 63 1
endloop
endfacet
facet normal 0 0 1
outer loop
vertex 157 62 1
vertex 181 63 1
vertex 157 63 1
endloop
endfacet
facet normal 0 -1 0
outer loop
vertex 157 62 0
vertex 181 62 0
vertex 181 62 1
endloop
endfacet
facet normal 0 -1 0
outer loop
vertex 157 62 0
vertex 181 62 1
vertex 157 62 1
endloop
endfacet
facet normal 1 0 0
outer loop
vertex 181 62 0
vertex 181 63 0
vertex 181 63 1
endloop
endfacet
facet normal 1 0 0
outer loop
vertex 181 62 0
vertex 181 63 1
vertex 181 62 1
endloop
endfacet
facet normal 0 1 0
outer loop
vertex 181 63 0
vertex 157 63 0
vertex 157 63 1
endloop
endfacet
facet normal 0 1 0
outer loop
vertex 181 63 0
vertex 157 63 1
vertex 181 63 1
endloop
endfacet
facet normal -1 0 0
outer loop
vertex 157 63 0
vertex 157 62 0
vertex 157 62 1
endloop
endfacet
facet normal -1 0 0
outer loop
vertex 157 63 0
vertex 157 62 1
vertex 157 63 1
endloop
endfacet
facet normal 0 0 -1
outer loop
vertex 197 62 0
vertex 201 63 0
vertex 201 62 0
endloop
endfacet
facet normal 0 0 -1
outer loop
vertex 197 62 0
vertex 197 63 0
vertex 201 63 0
endloop
endfacet
facet normal 0 0 1
outer loop
vertex 197 62 1
vertex 201 62 1
vertex 201 63 1
endloop
endfacet
facet normal 0 0 1
outer loop
vertex 197 62 1
vertex 201 63 1
vertex 197 63 1
endloop
endfacet
facet normal 0 -1 0
outer loop
vertex 197 62 0
vertex 201 62 0
vertex 201 62 1
endloop
endfacet
facet normal 0 -1 0
outer loop
vertex 197 62 0
vertex 201 62 1
vertex 197 62 1
endloop
endfacet
facet normal 1 0 0
outer loop
vertex 201 62 0
vertex 201 63 0
vertex 201 63 1
endloop
endfacet
facet normal 1 0 0
outer loop
vertex 201 62 0
vertex 201 63 1
vertex 201 62 1
endloop
endfacet
facet normal 0 1 0
outer loop
vertex 201 63 0
vertex 197 63 0
vertex 197 63 1
endloop
endfacet
facet normal 0 1 0
outer loop
vertex 201 63 0
vertex 197 63 1
vertex 201 63 1
endloop
endfacet
facet normal -1 0 0
outer loop
vertex 197 63 0
vertex 197 62 0
vertex 197 62 1
endloop
endfacet
facet normal -1 0 0
outer loop
vertex 197 63 0
vertex 197 62 1
vertex 197 63 1
endloop
endfacet
facet normal 0 0 -1
outer loop
vertex 220 62 0
vertex 224 63 0
vertex 224 62 0
endloop
endfacet
facet normal 0 0 -1
outer loop
vertex 220 62 0
vertex 220 63 0
vertex 224 63 0
endloop
endfacet
facet normal 0 0 1
outer loop
vertex 220 62 1
vertex 224 62 1
vertex 224 63 1
endloop
endfacet
facet normal 0 0 1
outer loop
vertex 220 62 1
vertex 224 63 1
vertex 220 63 1
endloop
endfacet
facet normal 0 -1 0
outer loop
vertex 220 62 0
vertex 224 62 0
vertex 224 62 1
endloop
endfacet
facet normal 0 -1 0
outer loop
vertex 220 62 0
vertex 224 62 1
vertex 220 62 1
endloop
endfacet
facet normal 1 0 0
outer loop
vertex 224 62 0
vertex 224 63 0
vertex 224 63 1
endloop
endfacet
facet normal 1 0 0
outer loop
vertex 224 62 0
vertex 224 63 1
vertex 224 62 1
endloop
endfacet
facet normal 0 1 0
outer loop
vertex 224 63 0
vertex 220 63 0
vertex 220 63 1
endloop
endfacet
facet normal 0 1 0
outer loop
vertex 224 63 0
vertex 220 63 1
vertex 224 63 1
endloop
endfacet
facet normal -1 0 0
outer loop
vertex 220 63 0
vertex 220 62 0
vertex 220 62 1
endloop
endfacet
facet normal -1 0 0
outer loop
vertex 220 63 0
vertex 220 62 1
vertex 220 63 1
endloop
endfacet
facet normal 0 0 -1
outer loop
vertex 227 62 0
vertex 232 63 0
vertex 232 62 0
endloop
endfacet
facet normal 0 0 -1
outer loop
vertex 227 62 0
vertex 227 63 0
vertex 232 63 0
endloop
endfacet
facet normal 0 0 1
outer loop
vertex 227 62 1
vertex 232 62 1
vertex 232 63 1
endloop
endfacet
facet normal 0 0 1
outer loop
vertex 227 62 1
vertex 232 63 1
vertex 227 63 1
endloop
endfacet
facet normal 0 -1 0
outer loop
vertex 227 62 0
vertex 232 62 0
vertex 232 62 1
endloop
endfacet
facet normal 0 -1 0
outer loop
vertex 227 62 0
vertex 232 62 1
vertex 227 62 1
endloop
endfacet
facet normal 1 0 0
outer loop
vertex 232 62 0
vertex 232 63 0
vertex 232 63 1
endloop
endfacet
facet normal 1 0 0
outer loop
vertex 232 62 0
vertex 232 63 1
vertex 232 62 1
endloop
endfacet
facet normal 0 1 0
outer loop
vertex 232 63 0
vertex 227 63 0
vertex 227 63 1
endloop
endfacet
facet normal 0 1 0
outer loop
vertex 232 63 0
vertex 227 63 1
vertex 232 63 1
endloop
endfacet
facet normal -1 0 0
outer loop
vertex 227 63 0
vertex 227 62 0
vertex 227 62 1
endloop
endfacet
facet normal -1 0 0
outer loop
vertex 227 63 0
vertex 227 62 1
vertex 227 63 1
endloop
endfacet
facet normal 0 0 -1
outer loop
vertex 241 62 0
vertex 246 63 0
vertex 246 62 0
endloop
endfacet
facet normal 0 0 -1
outer loop
vertex 241 62 0
vertex 241 63 0
vertex 246 63 0
endloop
endfacet
facet normal 0 0 1
outer loop
vertex 241 62 1
vertex 246 62 1
vertex 246 63 1
endloop
endfacet
facet normal 0 0 1
outer loop
vertex 241 62 1
vertex 246 63 1
vertex 241 63 1
endloop
endfacet
facet normal 0 -1 0
outer loop
vertex 241 62 0
vertex 246 62 0
vertex 246 62 1
endloop
endfacet
facet normal 0 -1 0
outer loop
vertex 241 62 0
vertex 246 62 1
vertex 241 62 1
endloop
endfacet
facet normal 1 0 0
outer loop
vertex 246 62 0
vertex 246 63 0
vertex 246 63 1
endloop
endfacet
facet normal 1 0 0
outer loop
vertex 246 62 0
vertex 246 63 1
vertex 246 62 1
endloop
endfacet
facet normal 0 1 0
outer loop
vertex 246 63 0
vertex 241 63 0
vertex 241 63 1
endloop
endfacet
facet normal 0 1 0
outer loop
vertex 246 63 0
vertex 241 63 1
vertex 246 63 1
endloop
endfacet
facet normal -1 0 0
outer loop
vertex 241 63 0
vertex 241 62 0
vertex 241 62 1
endloop
endfacet
facet normal -1 0 0
outer loop
vertex 241 63 0
vertex 241 62 1
vertex 241 63 1
endloop
endfacet
facet normal 0 0 -1
outer loop
vertex 253 62 0
vertex 257 63 0
vertex 257 62 0
endloop
endfacet
facet normal 0 0 -1
outer loop
vertex 253 62 0
vertex 253 63 0
vertex 257 63 0
endloop
endfacet
facet normal 0 0 1
outer loop
vertex 253 62 1
vertex 257 62 1
vertex 257 63 1
endloop
endfacet
facet normal 0 0 1
outer loop
vertex 253 62 1
vertex 257 63 1
vertex 253 63 1
endloop
endfacet
facet normal 0 -1 0
outer loop
vertex 253 62 0
vertex 257 62 0
vertex 257 62 1
endloop
endfacet
facet normal 0 -1 0
outer loop
vertex 253 62 0
vertex 257 62 1
vertex 253 62 1
endloop
endfacet
facet normal 1 0 0
outer loop
vertex 257 62 0
vertex 257 63 0
vertex 257 63 1
endloop
endfacet
facet normal 1 0 0
outer loop
vertex 257 62 0
vertex 257 63 1
vertex 257 62 1
endloop
endfacet
facet normal 0 1 0
outer loop
vertex 257 63 0
vertex 253 63 0
vertex 253 63 1
endloop
endfacet
facet normal 0 1 0
outer loop
vertex 257 63 0
vertex 253 63 1
vertex 257 63 1
endloop
endfacet
facet normal -1 0 0
outer loop
vertex 253 63 0
vertex 253 62 0
vertex 253 62 1
endloop
endfacet
facet normal -1 0 0
outer loop
vertex 253 63 0
vertex 253 62 1
vertex 253 63 1
endloop
endfacet
facet normal 0 0 -1
outer loop
vertex 262 62 0
vertex 267 63 0
vertex 267 62 0
endloop
endfacet
facet normal 0 0 -1
outer loop
vertex 262 62 0
vertex 262 63 0
vertex 267 63 0
endloop
endfacet
facet normal 0 0 1
outer loop
vertex 262 62 1
vertex 267 62 1
vertex 267 63 1
endloop
endfacet
facet normal 0 0 1
outer loop
vertex 262 62 1
vertex 267 63 1
vertex 262 63 1
endloop
endfacet
facet normal 0 -1 0
outer loop
vertex 262 62 0
vertex 267 62 0
vertex 267 62 1
endloop
endfacet
facet normal 0 -1 0
outer loop
vertex 262 62 0
vertex 267 62 1
vertex 262 62 1
endloop
endfacet
facet normal 1 0 0
outer loop
vertex 267 62 0
vertex 267 63 0
vertex 267 63 1
endloop
endfacet
facet normal 1 0 0
outer loop
vertex 267 62 0
vertex 267 63 1
vertex 267 62 1
endloop
endfacet
facet normal 0 1 0
outer loop
vertex 267 63 0
vertex 262 63 0
vertex 262 63 1
endloop
endfacet
facet normal 0 1 0
outer loop
vertex 267 63 0
vertex 262 63 1
vertex 267 63 1
endloop
endfacet
facet normal -1 0 0
outer loop
vertex 262 63 0
vertex 262 62 0
vertex 262 62 1
endloop
endfacet
facet normal -1 0 0
outer loop
vertex 262 63 0
vertex 262 62 1
vertex 262 63 1
endloop
endfacet
facet normal 0 0 -1
outer loop
vertex 273 62 0
vertex 297 63 0
vertex 297 62 0
endloop
endfacet
facet normal 0 0 -1
outer loop
vertex 273 62 0
vertex 273 63 0
vertex 297 63 0
endloop
endfacet
facet normal 0 0 1
outer loop
vertex 273 62 1
vertex 297 62 1
vertex 297 63 1
endloop
endfacet
facet normal 0 0 1
outer loop
vertex 273 62 1
vertex 297 63 1
vertex 273 63 1
endloop
endfacet
facet normal 0 -1 0
outer loop
vertex 273 62 0
vertex 297 62 0
vertex 297 62 1
endloop
endfacet
facet normal 0 -1 0
outer loop
vertex 273 62 0
vertex 297 62 1
vertex 273 62 1
endloop
endfacet
facet normal 1 0 0
outer loop
vertex 297 62 0
vertex 297 63 0
vertex 297 63 1
endloop
endfacet
facet normal 1 0 0
outer loop
vertex 297 62 0
vertex 297 63 1
vertex 297 62 1
endloop
endfacet
facet normal 0 1 0
outer loop
vertex 297 63 0
vertex 273 63 0
vertex 273 63 1
endloop
endfacet
facet normal 0 1 0
outer loop
vertex 297 63 0
vertex 273 63 1
vertex 297 63 1
endloop
endfacet
facet normal -1 0 0
outer loop
vertex 273 63 0
vertex 273 62 0
vertex 273 62 1
endloop
endfacet
facet normal -1 0 0
outer loop
vertex 273 63 0
vertex 273 62 1
vertex 273 63 1
endloop
endfacet
facet normal 0 0 -1
outer loop
vertex 302 62 0
vertex 306 63 0
vertex 306 62 0
endloop
endfacet
facet normal 0 0 -1
outer loop
vertex 302 62 0
vertex 302 63 0
vertex 306 63 0
endloop
endfacet
facet normal 0 0 1
outer loop
vertex 302 62 1
vertex 306 62 1
vertex 306 63 1
endloop
endfacet
facet normal 0 0 1
outer loop
vertex 302 62 1
vertex 306 63 1
vertex 302 63 1
endloop
endfacet
facet normal 0 -1 0
outer loop
vertex 302 62 0
vertex 306 62 0
vertex 306 62 1
endloop
endfacet
facet normal 0 -1 0
outer loop
vertex 302 62 0
vertex 306 62 1
vertex 302 62 1
endloop
endfacet
facet normal 1 0 0
outer loop
vertex 306 62 0
vertex 306 63 0
vertex 306 63 1
endloop
endfacet
facet normal 1 0 0
outer loop
vertex 306 62 0
vertex 306 63 1
vertex 306 62 1
endloop
endfacet
facet normal 0 1 0
outer loop
vertex 306 63 0
vertex 302 63 0
vertex 302 63 1
endloop
endfacet
facet normal 0 1 0
outer loop
vertex 306 63 0
vertex 302 63 1
vertex 306 63 1
endloop
endfacet
facet normal -1 0 0
outer loop
vertex 302 63 0
vertex 302 62 0
vertex 302 62 1
endloop
endfacet
facet normal -1 0 0
outer loop
vertex 302 63 0
vertex 302 62 1
vertex 302 63 1
endloop
endfacet
facet normal 0 0 -1
outer loop
vertex 318 62 0
vertex 323 63 0
vertex 323 62 0
endloop
endfacet
facet normal 0 0 -1
outer loop
vertex 318 62 0
vertex 318 63 0
vertex 323 63 0
endloop
endfacet
facet normal 0 0 1
outer loop
vertex 318 62 1
vertex 323 62 1
vertex 323 63 1
endloop
endfacet
facet normal 0 0 1
outer loop
vertex 318 62 1
vertex 323 63 1
vertex 318 63 1
endloop
endfacet
facet normal 0 -1 0
outer loop
vertex 318 62 0
vertex 323 62 0
vertex 323 62 1
endloop
endfacet
facet normal 0 -1 0
outer loop
vertex 318 62 0
vertex 323 62 1
vertex 318 62 1
endloop
endfacet
facet normal 1 0 0
outer loop
vertex 323 62 0
vertex 323 63 0
vertex 323 63 1
endloop
endfacet
facet normal 1 0 0
outer loop
vertex 323 62 0
vertex 323 63 1
vertex 323 62 1
endloop
endfacet
facet normal 0 1 0
outer loop
vertex 323 63 0
vertex 318 63 0
vertex 318 63 1
endloop
endfacet
facet normal 0 1 0
outer loop
vertex 323 63 0
vertex 318 63 1
vertex 323 63 1
endloop
endfacet
facet normal -1 0 0
outer loop
vertex 318 63 0
vertex 318 62 0
vertex 318 62 1
endloop
endfacet
facet normal -1 0 0
outer loop
vertex 318 63 0
vertex 318 62 1
vertex 318 63 1
endloop
endfacet
endsolid 12_billboard_text_lovely_car_ive_driven
