solid 13_sign_text_book_depot
facet normal 0 0 -1
outer loop
vertex 18 1 0
vertex 24 2 0
vertex 24 1 0
endloop
endfacet
facet normal 0 0 -1
outer loop
vertex 18 1 0
vertex 18 2 0
vertex 24 2 0
endloop
endfacet
facet normal 0 0 1
outer loop
vertex 18 1 1
vertex 24 1 1
vertex 24 2 1
endloop
endfacet
facet normal 0 0 1
outer loop
vertex 18 1 1
vertex 24 2 1
vertex 18 2 1
endloop
endfacet
facet normal 0 -1 0
outer loop
vertex 18 1 0
vertex 24 1 0
vertex 24 1 1
endloop
endfacet
facet normal 0 -1 0
outer loop
vertex 18 1 0
vertex 24 1 1
vertex 18 1 1
endloop
endfacet
facet normal 1 0 0
outer loop
vertex 24 1 0
vertex 24 2 0
vertex 24 2 1
endloop
endfacet
facet normal 1 0 0
outer loop
vertex 24 1 0
vertex 24 2 1
vertex 24 1 1
endloop
endfacet
facet normal 0 1 0
outer loop
vertex 24 2 0
vertex 18 2 0
vertex 18 2 1
endloop
endfacet
facet normal 0 1 0
outer loop
vertex 24 2 0
vertex 18 2 1
vertex 24 2 1
endloop
endfacet
facet normal -1 0 0
outer loop
vertex 18 2 0
vertex 18 1 0
vertex 18 1 1
endloop
endfacet
facet normal -1 0 0
outer loop
vertex 18 2 0
vertex 18 1 1
vertex 18 2 1
endloop
endfacet
facet normal 0 0 -1
outer loop
vertex 22 2 0
vertex 29 3 0
vertex 29 2 0
endloop
endfacet
facet normal 0 0 -1
outer loop
vertex 22 2 0
vertex 22 3 0
vertex 29 3 0
endloop
endfacet
facet normal 0 0 1
outer loop
vertex 22 2 1
vertex 29 2 1
vertex 29 3 1
endloop
endfacet
facet normal 0 0 1
outer loop
vertex 22 2 1
vertex 29 3 1
vertex 22 3 1
endloop
endfacet
facet normal 0 -1 0
outer loop
vertex 22 2 0
vertex 29 2 0
vertex 29 2 1
endloop
endfacet
facet normal 0 -1 0
outer loop
vertex 22 2 0
vertex 29 2 1
vertex 22 2 1
endloop
endfacet
facet normal 1 0 0
outer loop
vertex 29 2 0
vertex 29 3 0
vertex 29 3 1
endloop
endfacet
facet normal 1 0 0
outer loop
vertex 29 2 0
vertex 29 3 1
vertex 29 2 1
endloop
endfacet
facet normal 0 1 0
outer loop
vertex 29 3 0
vertex 22 3 0
vertex 22 3 1
endloop
endfacet
facet normal 0 1 0
outer loop
vertex 29 3 0
vertex 22 3 1
vertex 29 3 1
endloop
endfacet
facet normal -1 0 0
outer loop
vertex 22 3 0
vertex 22 2 0
vertex 22 2 1
endloop
endfacet
facet normal -1 0 0
outer loop
vertex 22 3 0
vertex 22 2 1
vertex 22 3 1
endloop
endfacet
facet normal 0 0 -1
outer loop
vertex 26 3 0
vertex 28 4 0
vertex 28 3 0
endloop
endfacet
facet normal 0 0 -1
outer loop
vertex 26 3 0
vertex 26 4 0
vertex 28 4 0
endloop
endfacet
facet normal 0 0 1
outer loop
vertex 26 3 1
vertex 28 3 1
vertex 28 4 1
endloop
endfacet
facet normal 0 0 1
outer loop
vertex 26 3 1
vertex 28 4 1
vertex 26 4 1
endloop
endfacet
facet normal 0 -1 0
outer loop
vertex 26 3 0
vertex 28 3 0
vertex 28 3 1
endloop
endfacet
facet normal 0 -1 0
outer loop
vertex 26 3 0
vertex 28 3 1
vertex 26 3 1
endloop
endfacet
facet normal 1 0 0
outer loop
vertex 28 3 0
vertex 28 4 0
vertex 28 4 1
endloop
endfacet
facet normal 1 0 0
outer loop
vertex 28 3 0
vertex 28 4 1
vertex 28 3 1
endloop
endfacet
facet normal 0 1 0
outer loop
vertex 28 4 0
vertex 26 4 0
vertex 26 4 1
endloop
endfacet
facet normal 0 1 0
outer loop
vertex 28 4 0
vertex 26 4 1
vertex 28 4 1
endloop
endfacet
facet normal -1 0 0
outer loop
vertex 26 4 0
vertex 26 3 0
vertex 26 3 1
endloop
endfacet
facet normal -1 0 0
outer loop
vertex 26 4 0
vertex 26 3 1
vertex 26 4 1
endloop
endfacet
facet normal 0 0 -1
outer loop
vertex 31 3 0
vertex 33 4 0
vertex 33 3 0
endloop
endfacet
facet normal 0 0 -1
outer loop
vertex 31 3 0
vertex 31 4 0
vertex 33 4 0
endloop
endfacet
facet normal 0 0 1
outer loop
vertex 31 3 1
vertex 33 3 1
vertex 33 4 1
endloop
endfacet
facet normal 0 0 1
outer loop
vertex 31 3 1
vertex 33 4 1
vertex 31 4 1
endloop
endfacet
facet normal 0 -1 0
outer loop
vertex 31 3 0
vertex 33 3 0
vertex 33 3 1
endloop
endfacet
facet normal 0 -1 0
outer loop
vertex 31 3 0
vertex 33 3 1
vertex 31 3 1
endloop
endfacet
facet normal 1 0 0
outer loop
vertex 33 3 0
vertex 33 4 0
vertex 33 4 1
endloop
endfacet
facet normal 1 0 0
outer loop
vertex 33 3 0
vertex 33 4 1
vertex 33 3 1
endloop
endfacet
facet normal 0 1 0
outer loop
vertex 33 4 0
vertex 31 4 0
vertex 31 4 1
endloop
endfacet
facet normal 0 1 0
outer loop
vertex 33 4 0
vertex 31 4 1
vertex 33 4 1
endloop
endfacet
facet normal -1 0 0
outer loop
vertex 31 4 0
vertex 31 3 0
vertex 31 3 1
endloop
endfacet
facet normal -1 0 0
outer loop
vertex 31 4 0
vertex 31 3 1
vertex 31 4 1
endloop
endfacet
facet normal 0 0 -1
outer loop
vertex 30 4 0
vertex 32 5 0
vertex 32 4 0
endloop
endfacet
facet normal 0 0 -1
outer loop
vertex 30 4 0
vertex 30 5 0
vertex 32 5 0
endloop
endfacet
facet normal 0 0 1
outer loop
vertex 30 4 1
vertex 32 4 1
vertex 32 5 1
endloop
endfacet
facet normal 0 0 1
outer loop
vertex 30 4 1
vertex 32 5 1
vertex 30 5 1
endloop
endfacet
facet normal 0 -1 0
outer loop
vertex 30 4 0
vertex 32 4 0
vertex 32 4 1
endloop
endfacet
facet normal 0 -1 0
outer loop
vertex 30 4 0
vertex 32 4 1
vertex 30 4 1
endloop
endfacet
facet normal 1 0 0
outer loop
vertex 32 4 0
vertex 32 5 0
vertex 32 5 1
endloop
endfacet
facet normal 1 0 0
outer loop
vertex 32 4 0
vertex 32 5 1
vertex 32 4 1
endloop
endfacet
facet normal 0 1 0
outer loop
vertex 32 5 0
vertex 30 5 0
vertex 30 5 1
endloop
endfacet
facet normal 0 1 0
outer loop
vertex 32 5 0
vertex 30 5 1
vertex 32 5 1
endloop
endfacet
facet normal -1 0 0
outer loop
vertex 30 5 0
vertex 30 4 0
vertex 30 4 1
endloop
endfacet
facet normal -1 0 0
outer loop
vertex 30 5 0
vertex 30 4 1
vertex 30 5 1
endloop
endfacet
facet normal 0 0 -1
outer loop
vertex 35 4 0
vertex 36 5 0
vertex 36 4 0
endloop
endfacet
facet normal 0 0 -1
outer loop
vertex 35 4 0
vertex 35 5 0
vertex 36 5 0
endloop
endfacet
facet normal 0 0 1
outer loop
vertex 35 4 1
vertex 36 4 1
vertex 36 5 1
endloop
endfacet
facet normal 0 0 1
outer loop
vertex 35 4 1
vertex 36 5 1
vertex 35 5 1
endloop
endfacet
facet normal 0 -1 0
outer loop
vertex 35 4 0
vertex 36 4 0
vertex 36 4 1
endloop
endfacet
facet normal 0 -1 0
outer loop
vertex 35 4 0
vertex 36 4 1
vertex 35 4 1
endloop
endfacet
facet normal 1 0 0
outer loop
vertex 36 4 0
vertex 36 5 0
vertex 36 5 1
endloop
endfacet
facet normal 1 0 0
outer loop
vertex 36 4 0
vertex 36 5 1
vertex 36 4 1
endloop
endfacet
facet normal 0 1 0
outer loop
vertex 36 5 0
vertex 35 5 0
vertex 35 5 1
endloop
endfacet
facet normal 0 1 0
outer loop
vertex 36 5 0
vertex 35 5 1
vertex 36 5 1
endloop
endfacet
facet normal -1 0 0
outer loop
vertex 35 5 0
vertex 35 4 0
vertex 35 4 1
endloop
endfacet
facet normal -1 0 0
outer loop
vertex 35 5 0
vertex 35 4 1
vertex 35 5 1
endloop
endfacet
facet normal 0 0 -1
outer loop
vertex 0 5 0
vertex 1 6 0
vertex 1 5 0
endloop
endfacet
facet normal 0 0 -1
outer loop
vertex 0 5 0
vertex 0 6 0
vertex 1 6 0
endloop
endfacet
facet normal 0 0 1
outer loop
vertex 0 5 1
vertex 1 5 1
vertex 1 6 1
endloop
endfacet
facet normal 0 0 1
outer loop
vertex 0 5 1
vertex 1 6 1
vertex 0 6 1
endloop
endfacet
facet normal 0 -1 0
outer loop
vertex 0 5 0
vertex 1 5 0
vertex 1 5 1
endloop
endfacet
facet normal 0 -1 0
outer loop
vertex 0 5 0
vertex 1 5 1
vertex 0 5 1
endloop
endfacet
facet normal 1 0 0
outer loop
vertex 1 5 0
vertex 1 6 0
vertex 1 6 1
endloop
endfacet
facet normal 1 0 0
outer loop
vertex 1 5 0
vertex 1 6 1
vertex 1 5 1
endloop
endfacet
facet normal 0 1 0
outer loop
vertex 1 6 0
vertex 0 6 0
vertex 0 6 1
endloop
endfacet
facet normal 0 1 0
outer loop
vertex 1 6 0
vertex 0 6 1
vertex 1 6 1
endloop
endfacet
facet normal -1 0 0
outer loop
vertex 0 6 0
vertex 0 5 0
vertex 0 5 1
endloop
endfacet
facet normal -1 0 0
outer loop
vertex 0 6 0
vertex 0 5 1
vertex 0 6 1
endloop
endfacet
facet normal 0 0 -1
outer loop
vertex 34 5 0
vertex 36 6 0
vertex 36 5 0
endloop
endfacet
facet normal 0 0 -1
outer loop
vertex 34 5 0
vertex 34 6 0
vertex 36 6 0
endloop
endfacet
facet normal 0 0 1
outer loop
vertex 34 5 1
vertex 36 5 1
vertex 36 6 1
endloop
endfacet
facet normal 0 0 1
outer loop
vertex 34 5 1
vertex 36 6 1
vertex 34 6 1
endloop
endfacet
facet normal 0 -1 0
outer loop
vertex 34 5 0
vertex 36 5 0
vertex 36 5 1
endloop
endfacet
facet normal 0 -1 0
outer loop
vertex 34 5 0
vertex 36 5 1
vertex 34 5 1
endloop
endfacet
facet normal 1 0 0
outer loop
vertex 36 5 0
vertex 36 6 0
vertex 36 6 1
endloop
endfacet
facet normal 1 0 0
outer loop
vertex 36 5 0
vertex 36 6 1
vertex 36 5 1
endloop
endfacet
facet normal 0 1 0
outer loop
vertex 36 6 0
vertex 34 6 0
vertex 34 6 1
endloop
endfacet
facet normal 0 1 0
outer loop
vertex 36 6 0
vertex 34 6 1
vertex 36 6 1
endloop
endfacet
facet normal -1 0 0
outer loop
vertex 34 6 0
vertex 34 5 0
vertex 34 5 1
endloop
endfacet
facet normal -1 0 0
outer loop
vertex 34 6 0
vertex 34 5 1
vertex 34 6 1
endloop
endfacet
facet normal 0 0 -1
outer loop
vertex 2 6 0
vertex 5 7 0
vertex 5 6 0
endloop
endfacet
facet normal 0 0 -1
outer loop
vertex 2 6 0
vertex 2 7 0
vertex 5 7 0
endloop
endfacet
facet normal 0 0 1
outer loop
vertex 2 6 1
vertex 5 6 1
vertex 5 7 1
endloop
endfacet
facet normal 0 0 1
outer loop
vertex 2 6 1
vertex 5 7 1
vertex 2 7 1
endloop
endfacet
facet normal 0 -1 0
outer loop
vertex 2 6 0
vertex 5 6 0
vertex 5 6 1
endloop
endfacet
facet normal 0 -1 0
outer loop
vertex 2 6 0
vertex 5 6 1
vertex 2 6 1
endloop
endfacet
facet normal 1 0 0
outer loop
vertex 5 6 0
vertex 5 7 0
vertex 5 7 1
endloop
endfacet
facet normal 1 0 0
outer loop
vertex 5 6 0
vertex 5 7 1
vertex 5 6 1
endloop
endfacet
facet normal 0 1 0
outer loop
vertex 5 7 0
vertex 2 7 0
vertex 2 7 1
endloop
endfacet
facet normal 0 1 0
outer loop
vertex 5 7 0
vertex 2 7 1
vertex 5 7 1
endloop
endfacet
facet normal -1 0 0
outer loop
vertex 2 7 0
vertex 2 6 0
vertex 2 6 1
endloop
endfacet
facet normal -1 0 0
outer loop
vertex 2 7 0
vertex 2 6 1
vertex 2 7 1
endloop
endfacet
facet normal 0 0 -1
outer loop
vertex 2 7 0
vertex 8 8 0
vertex 8 7 0
endloop
endfacet
facet normal 0 0 -1
outer loop
vertex 2 7 0
vertex 2 8 0
vertex 8 8 0
endloop
endfacet
facet normal 0 0 1
outer loop
vertex 2 7 1
vertex 8 7 1
vertex 8 8 1
endloop
endfacet
facet normal 0 0 1
outer loop
vertex 2 7 1
vertex 8 8 1
vertex 2 8 1
endloop
endfacet
facet normal 0 -1 0
outer loop
vertex 2 7 0
vertex 8 7 0
vertex 8 7 1
endloop
endfacet
facet normal 0 -1 0
outer loop
vertex 2 7 0
vertex 8 7 1
vertex 2 7 1
endloop
endfacet
facet normal 1 0 0
outer loop
vertex 8 7 0
vertex 8 8 0
vertex 8 8 1
endloop
endfacet
facet normal 1 0 0
outer loop
vertex 8 7 0
vertex 8 8 1
vertex 8 7 1
endloop
endfacet
facet normal 0 1 0
outer loop
vertex 8 8 0
vertex 2 8 0
vertex 2 8 1
endloop
endfacet
facet normal 0 1 0
outer loop
vertex 8 8 0
vertex 2 8 1
vertex 8 8 1
endloop
endfacet
facet normal -1 0 0
outer loop
vertex 2 8 0
vertex 2 7 0
vertex 2 7 1
endloop
endfacet
facet normal -1 0 0
outer loop
vertex 2 8 0
vertex 2 7 1
vertex 2 8 1
endloop
endfacet
facet normal 0 0 -1
outer loop
vertex 6 8 0
vertex 13 9 0
vertex 13 8 0
endloop
endfacet
facet normal 0 0 -1
outer loop
vertex 6 8 0
vertex 6 9 0
vertex 13 9 0
endloop
endfacet
facet normal 0 0 1
outer loop
vertex 6 8 1
vertex 13 8 1
vertex 13 9 1
endloop
endfacet
facet normal 0 0 1
outer loop
vertex 6 8 1
vertex 13 9 1
vertex 6 9 1
endloop
endfacet
facet normal 0 -1 0
outer loop
vertex 6 8 0
vertex 13 8 0
vertex 13 8 1
endloop
endfacet
facet normal 0 -1 0
outer loop
vertex 6 8 0
vertex 13 8 1
vertex 6 8 1
endloop
endfacet
facet normal 1 0 0
outer loop
vertex 13 8 0
vertex 13 9 0
vertex 13 9 1
endloop
endfacet
facet normal 1 0 0
outer loop
vertex 13 8 0
vertex 13 9 1
vertex 13 8 1
endloop
endfacet
facet normal 0 1 0
outer loop
vertex 13 9 0
vertex 6 9 0
vertex 6 9 1
endloop
endfacet
facet normal 0 1 0
outer loop
vertex 13 9 0
vertex 6 9 1
vertex 13 9 1
endloop
endfacet
facet normal -1 0 0
outer loop
vertex 6 9 0
vertex 6 8 0
vertex 6 8 1
endloop
endfacet
facet normal -1 0 0
outer loop
vertex 6 9 0
vertex 6 8 1
vertex 6 9 1
endloop
endfacet
facet normal 0 0 -1
outer loop
vertex 10 9 0
vertex 12 10 0
vertex 12 9 0
endloop
endfacet
facet normal 0 0 -1
outer loop
vertex 10 9 0
vertex 10 10 0
vertex 12 10 0
endloop
endfacet
facet normal 0 0 1
outer loop
vertex 10 9 1
vertex 12 9 1
vertex 12 10 1
endloop
endfacet
facet normal 0 0 1
outer loop
vertex 10 9 1
vertex 12 10 1
vertex 10 10 1
endloop
endfacet
facet normal 0 -1 0
outer loop
vertex 10 9 0
vertex 12 9 0
vertex 12 9 1
endloop
endfacet
facet normal 0 -1 0
outer loop
vertex 10 9 0
vertex 12 9 1
vertex 10 9 1
endloop
endfacet
facet normal 1 0 0
outer loop
vertex 12 9 0
vertex 12 10 0
vertex 12 10 1
endloop
endfacet
facet normal 1 0 0
outer loop
vertex 12 9 0
vertex 12 10 1
vertex 12 9 1
endloop
endfacet
facet normal 0 1 0
outer loop
vertex 12 10 0
vertex 10 10 0
vertex 10 10 1
endloop
endfacet
facet normal 0 1 0
outer loop
vertex 12 10 0
vertex 10 10 1
vertex 12 10 1
endloop
endfacet
facet normal -1 0 0
outer loop
vertex 10 10 0
vertex 10 9 0
vertex 10 9 1
endloop
endfacet
facet normal -1 0 0
outer loop
vertex 10 10 0
vertex 10 9 1
vertex 10 10 1
endloop
endfacet
facet normal 0 0 -1
outer loop
vertex 15 9 0
vertex 18 10 0
vertex 18 9 0
endloop
endfacet
facet normal 0 0 -1
outer loop
vertex 15 9 0
vertex 15 10 0
vertex 18 10 0
endloop
endfacet
facet normal 0 0 1
outer loop
vertex 15 9 1
vertex 18 9 1
vertex 18 10 1
endloop
endfacet
facet normal 0 0 1
outer loop
vertex 15 9 1
vertex 18 10 1
vertex 15 10 1
endloop
endfacet
facet normal 0 -1 0
outer loop
vertex 15 9 0
vertex 18 9 0
vertex 18 9 1
endloop
endfacet
facet normal 0 -1 0
outer loop
vertex 15 9 0
vertex 18 9 1
vertex 15 9 1
endloop
endfacet
facet normal 1 0 0
outer loop
vertex 18 9 0
vertex 18 10 0
vertex 18 10 1
endloop
endfacet
facet normal 1 0 0
outer loop
vertex 18 9 0
vertex 18 10 1
vertex 18 9 1
endloop
endfacet
facet normal 0 1 0
outer loop
vertex 18 10 0
vertex 15 10 0
vertex 15 10 1
endloop
endfacet
facet normal 0 1 0
outer loop
vertex 18 10 0
vertex 15 10 1
vertex 18 10 1
endloop
endfacet
facet normal -1 0 0
outer loop
vertex 15 10 0
vertex 15 9 0
vertex 15 9 1
endloop
endfacet
facet normal -1 0 0
outer loop
vertex 15 10 0
vertex 15 9 1
vertex 15 10 1
endloop
endfacet
facet normal 0 0 -1
outer loop
vertex 14 10 0
vertex 16 11 0
vertex 16 10 0
endloop
endfacet
facet normal 0 0 -1
outer loop
vertex 14 10 0
vertex 14 11 0
vertex 16 11 0
endloop
endfacet
facet normal 0 0 1
outer loop
vertex 14 10 1
vertex 16 10 1
vertex 16 11 1
endloop
endfacet
facet normal 0 0 1
outer loop
vertex 14 10 1
vertex 16 11 1
vertex 14 11 1
endloop
endfacet
facet normal 0 -1 0
outer loop
vertex 14 10 0
vertex 16 10 0
vertex 16 10 1
endloop
endfacet
facet normal 0 -1 0
outer loop
vertex 14 10 0
vertex 16 10 1
vertex 14 10 1
endloop
endfacet
facet normal 1 0 0
outer loop
vertex 16 10 0
vertex 16 11 0
vertex 16 11 1
endloop
endfacet
facet normal 1 0 0
outer loop
vertex 16 10 0
vertex 16 11 1
vertex 16 10 1
endloop
endfacet
facet normal 0 1 0
outer loop
vertex 16 11 0
vertex 14 11 0
vertex 14 11 1
endloop
endfacet
facet normal 0 1 0
outer loop
vertex 16 11 0
vertex 14 11 1
vertex 16 11 1
endloop
endfacet
facet normal -1 0 0
outer loop
vertex 14 11 0
vertex 14 10 0
vertex 14 10 1
endloop
endfacet
facet normal -1 0 0
outer loop
vertex 14 11 0
vertex 14 10 1
vertex 14 11 1
endloop
endfacet
facet normal 0 0 -1
outer loop
vertex 20 10 0
vertex 22 11 0
vertex 22 10 0
endloop
endfacet
facet normal 0 0 -1
outer loop
vertex 20 10 0
vertex 20 11 0
vertex 22 11 0
endloop
endfacet
facet normal 0 0 1
outer loop
vertex 20 10 1
vertex 22 10 1
vertex 22 11 1
endloop
endfacet
facet normal 0 0 1
outer loop
vertex 20 10 1
vertex 22 11 1
vertex 20 11 1
endloop
endfacet
facet normal 0 -1 0
outer loop
vertex 20 10 0
vertex 22 10 0
vertex 22 10 1
endloop
endfacet
facet normal 0 -1 0
outer loop
vertex 20 10 0
vertex 22 10 1
vertex 20 10 1
endloop
endfacet
facet normal 1 0 0
outer loop
vertex 22 10 0
vertex 22 11 0
vertex 22 11 1
endloop
endfacet
facet normal 1 0 0
outer loop
vertex 22 10 0
vertex 22 11 1
vertex 22 10 1
endloop
endfacet
facet normal 0 1 0
outer loop
vertex 22 11 0
vertex 20 11 0
vertex 20 11 1
endloop
endfacet
facet normal 0 1 0
outer loop
vertex 22 11 0
vertex 20 11 1
vertex 22 11 1
endloop
endfacet
facet normal -1 0 0
outer loop
vertex 20 11 0
vertex 20 10 0
vertex 20 10 1
endloop
endfacet
facet normal -1 0 0
outer loop
vertex 20 11 0
vertex 20 10 1
vertex 20 11 1
endloop
endfacet
facet normal 0 0 -1
outer loop
vertex 18 11 0
vertex 20 12 0
vertex 20 11 0
endloop
endfacet
facet normal 0 0 -1
outer loop
vertex 18 11 0
vertex 18 12 0
vertex 20 12 0
endloop
endfacet
facet normal 0 0 1
outer loop
vertex 18 11 1
vertex 20 11 1
vertex 20 12 1
endloop
endfacet
facet normal 0 0 1
outer loop
vertex 18 11 1
vertex 20 12 1
vertex 18 12 1
endloop
endfacet
facet normal 0 -1 0
outer loop
vertex 18 11 0
vertex 20 11 0
vertex 20 11 1
endloop
endfacet
facet normal 0 -1 0
outer loop
vertex 18 11 0
vertex 20 11 1
vertex 18 11 1
endloop
endfacet
facet normal 1 0 0
outer loop
vertex 20 11 0
vertex 20 12 0
vertex 20 12 1
endloop
endfacet
facet normal 1 0 0
outer loop
vertex 20 11 0
vertex 20 12 1
vertex 20 11 1
endloop
endfacet
facet normal 0 1 0
outer loop
vertex 20 12 0
vertex 18 12 0
vertex 18 12 1
endloop
endfacet
facet normal 0 1 0
outer loop
vertex 20 12 0
vertex 18 12 1
vertex 20 12 1
endloop
endfacet
facet normal -1 0 0
outer loop
vertex 18 12 0
vertex 18 11 0
vertex 18 11 1
endloop
endfacet
facet normal -1 0 0
outer loop
vertex 18 12 0
vertex 18 11 1
vertex 18 12 1
endloop
endfacet
facet normal 0 0 -1
outer loop
vertex 23 11 0
vertex 26 12 0
vertex 26 11 0
endloop
endfacet
facet normal 0 0 -1
outer loop
vertex 23 11 0
vertex 23 12 0
vertex 26 12 0
endloop
endfacet
facet normal 0 0 1
outer loop
vertex 23 11 1
vertex 26 11 1
vertex 26 12 1
endloop
endfacet
facet normal 0 0 1
outer loop
vertex 23 11 1
vertex 26 12 1
vertex 23 12 1
endloop
endfacet
facet normal 0 -1 0
outer loop
vertex 23 11 0
vertex 26 11 0
vertex 26 11 1
endloop
endfacet
facet normal 0 -1 0
outer loop
vertex 23 11 0
vertex 26 11 1
vertex 23 11 1
endloop
endfacet
facet normal 1 0 0
outer loop
vertex 26 11 0
vertex 26 12 0
vertex 26 12 1
endloop
endfacet
facet normal 1 0 0
outer loop
vertex 26 11 0
vertex 26 12 1
vertex 26 11 1
endloop
endfacet
facet normal 0 1 0
outer loop
vertex 26 12 0
vertex 23 12 0
vertex 23 12 1
endloop
endfacet
facet normal 0 1 0
outer loop
vertex 26 12 0
vertex 23 12 1
vertex 26 12 1
endloop
endfacet
facet normal -1 0 0
outer loop
vertex 23 12 0
vertex 23 11 0
vertex 23 11 1
endloop
endfacet
facet normal -1 0 0
outer loop
vertex 23 12 0
vertex 23 11 1
vertex 23 12 1
endloop
endfacet
facet normal 0 0 -1
outer loop
vertex 22 12 0
vertex 30 13 0
vertex 30 12 0
endloop
endfacet
facet normal 0 0 -1
outer loop
vertex 22 12 0
vertex 22 13 0
vertex 30 13 0
endloop
endfacet
facet normal 0 0 1
outer loop
vertex 22 12 1
vertex 30 12 1
vertex 30 13 1
endloop
endfacet
facet normal 0 0 1
outer loop
vertex 22 12 1
vertex 30 13 1
vertex 22 13 1
endloop
endfacet
facet normal 0 -1 0
outer loop
vertex 22 12 0
vertex 30 12 0
vertex 30 12 1
endloop
endfacet
facet normal 0 -1 0
outer loop
vertex 22 12 0
vertex 30 12 1
vertex 22 12 1
endloop
endfacet
facet normal 1 0 0
outer loop
vertex 30 12 0
vertex 30 13 0
vertex 30 13 1
endloop
endfacet
facet normal 1 0 0
outer loop
vertex 30 12 0
vertex 30 13 1
vertex 30 12 1
endloop
endfacet
facet normal 0 1 0
outer loop
vertex 30 13 0
vertex 22 13 0
vertex 22 13 1
endloop
endfacet
facet normal 0 1 0
outer loop
vertex 30 13 0
vertex 22 13 1
vertex 30 13 1
endloop
endfacet
facet normal -1 0 0
outer loop
vertex 22 13 0
vertex 22 12 0
vertex 22 12 1
endloop
endfacet
facet normal -1 0 0
outer loop
vertex 22 13 0
vertex 22 12 1
vertex 22 13 1
endloop
endfacet
facet normal 0 0 -1
outer loop
vertex 26 13 0
vertex 32 14 0
vertex 32 13 0
endloop
endfacet
facet normal 0 0 -1
outer loop
vertex 26 13 0
vertex 26 14 0
vertex 32 14 0
endloop
endfacet
facet normal 0 0 1
outer loop
vertex 26 13 1
vertex 32 13 1
vertex 32 14 1
endloop
endfacet
facet normal 0 0 1
outer loop
vertex 26 13 1
vertex 32 14 1
vertex 26 14 1
endloop
endfacet
facet normal 0 -1 0
outer loop
vertex 26 13 0
vertex 32 13 0
vertex 32 13 1
endloop
endfacet
facet normal 0 -1 0
outer loop
vertex 26 13 0
vertex 32 13 1
vertex 26 13 1
endloop
endfacet
facet normal 1 0 0
outer loop
vertex 32 13 0
vertex 32 14 0
vertex 32 14 1
endloop
endfacet
facet normal 1 0 0
outer loop
vertex 32 13 0
vertex 32 14 1
vertex 32 13 1
endloop
endfacet
facet normal 0 1 0
outer loop
vertex 32 14 0
vertex 26 14 0
vertex 26 14 1
endloop
endfacet
facet normal 0 1 0
outer loop
vertex 32 14 0
vertex 26 14 1
vertex 32 14 1
endloop
endfacet
facet normal -1 0 0
outer loop
vertex 26 14 0
vertex 26 13 0
vertex 26 13 1
endloop
endfacet
facet normal -1 0 0
outer loop
vertex 26 14 0
vertex 26 13 1
vertex 26 14 1
endloop
endfacet
facet normal 0 0 -1
outer loop
vertex 9 18 0
vertex 11 19 0
vertex 11 18 0
endloop
endfacet
facet normal 0 0 -1
outer loop
vertex 9 18 0
vertex 9 19 0
vertex 11 19 0
endloop
endfacet
facet normal 0 0 1
outer loop
vertex 9 18 1
vertex 11 18 1
vertex 11 19 1
endloop
endfacet
facet normal 0 0 1
outer loop
vertex 9 18 1
vertex 11 19 1
vertex 9 19 1
endloop
endfacet
facet normal 0 -1 0
outer loop
vertex 9 18 0
vertex 11 18 0
vertex 11 18 1
endloop
endfacet
facet normal 0 -1 0
outer loop
vertex 9 18 0
vertex 11 18 1
vertex 9 18 1
endloop
endfacet
facet normal 1 0 0
outer loop
vertex 11 18 0
vertex 11 19 0
vertex 11 19 1
endloop
endfacet
facet normal 1 0 0
outer loop
vertex 11 18 0
vertex 11 19 1
vertex 11 18 1
endloop
endfacet
facet normal 0 1 0
outer loop
vertex 11 19 0
vertex 9 19 0
vertex 9 19 1
endloop
endfacet
facet normal 0 1 0
outer loop
vertex 11 19 0
vertex 9 19 1
vertex 11 19 1
endloop
endfacet
facet normal -1 0 0
outer loop
vertex 9 19 0
vertex 9 18 0
vertex 9 18 1
endloop
endfacet
facet normal -1 0 0
outer loop
vertex 9 19 0
vertex 9 18 1
vertex 9 19 1
endloop
endfacet
facet normal 0 0 -1
outer loop
vertex 10 19 0
vertex 18 20 0
vertex 18 19 0
endloop
endfacet
facet normal 0 0 -1
outer loop
vertex 10 19 0
vertex 10 20 0
vertex 18 20 0
endloop
endfacet
facet normal 0 0 1
outer loop
vertex 10 19 1
vertex 18 19 1
vertex 18 20 1
endloop
endfacet
facet normal 0 0 1
outer loop
vertex 10 19 1
vertex 18 20 1
vertex 10 20 1
endloop
endfacet
facet normal 0 -1 0
outer loop
vertex 10 19 0
vertex 18 19 0
vertex 18 19 1
endloop
endfacet
facet normal 0 -1 0
outer loop
vertex 10 19 0
vertex 18 19 1
vertex 10 19 1
endloop
endfacet
facet normal 1 0 0
outer loop
vertex 18 19 0
vertex 18 20 0
vertex 18 20 1
endloop
endfacet
facet normal 1 0 0
outer loop
vertex 18 19 0
vertex 18 20 1
vertex 18 19 1
endloop
endfacet
facet normal 0 1 0
outer loop
vertex 18 20 0
vertex 10 20 0
vertex 10 20 1
endloop
endfacet
facet normal 0 1 0
outer loop
vertex 18 20 0
vertex 10 20 1
vertex 18 20 1
endloop
endfacet
facet normal -1 0 0
outer loop
vertex 10 20 0
vertex 10 19 0
vertex 10 19 1
endloop
endfacet
facet normal -1 0 0
outer loop
vertex 10 20 0
vertex 10 19 1
vertex 10 20 1
endloop
endfacet
facet normal 0 0 -1
outer loop
vertex 13 20 0
vertex 23 21 0
vertex 23 20 0
endloop
endfacet
facet normal 0 0 -1
outer loop
vertex 13 20 0
vertex 13 21 0
vertex 23 21 0
endloop
endfacet
facet normal 0 0 1
outer loop
vertex 13 20 1
vertex 23 20 1
vertex 23 21 1
endloop
endfacet
facet normal 0 0 1
outer loop
vertex 13 20 1
vertex 23 21 1
vertex 13 21 1
endloop
endfacet
facet normal 0 -1 0
outer loop
vertex 13 20 0
vertex 23 20 0
vertex 23 20 1
endloop
endfacet
facet normal 0 -1 0
outer loop
vertex 13 20 0
vertex 23 20 1
vertex 13 20 1
endloop
endfacet
facet normal 1 0 0
outer loop
vertex 23 20 0
vertex 23 21 0
vertex 23 21 1
endloop
endfacet
facet normal 1 0 0
outer loop
vertex 23 20 0
vertex 23 21 1
vertex 23 20 1
endloop
endfacet
facet normal 0 1 0
outer loop
vertex 23 21 0
vertex 13 21 0
vertex 13 21 1
endloop
endfacet
facet normal 0 1 0
outer loop
vertex 23 21 0
vertex 13 21 1
vertex 23 21 1
endloop
endfacet
facet normal -1 0 0
outer loop
vertex 13 21 0
vertex 13 20 0
vertex 13 20 1
endloop
endfacet
facet normal -1 0 0
outer loop
vertex 13 21 0
vertex 13 20 1
vertex 13 21 1
endloop
endfacet
facet normal 0 0 -1
outer loop
vertex 16 21 0
vertex 20 22 0
vertex 20 21 0
endloop
endfacet
facet normal 0 0 -1
outer loop
vertex 16 21 0
vertex 16 22 0
vertex 20 22 0
endloop
endfacet
facet normal 0 0 1
outer loop
vertex 16 21 1
vertex 20 21 1
vertex 20 22 1
endloop
endfacet
facet normal 0 0 1
outer loop
vertex 16 21 1
vertex 20 22 1
vertex 16 22 1
endloop
endfacet
facet normal 0 -1 0
outer loop
vertex 16 21 0
vertex 20 21 0
vertex 20 21 1
endloop
endfacet
facet normal 0 -1 0
outer loop
vertex 16 21 0
vertex 20 21 1
vertex 16 21 1
endloop
endfacet
facet normal 1 0 0
outer loop
vertex 20 21 0
vertex 20 22 0
vertex 20 22 1
endloop
endfacet
facet normal 1 0 0
outer loop
vertex 20 21 0
vertex 20 22 1
vertex 20 21 1
endloop
endfacet
facet normal 0 1 0
outer loop
vertex 20 22 0
vertex 16 22 0
vertex 16 22 1
endloop
endfacet
facet normal 0 1 0
outer loop
vertex 20 22 0
vertex 16 22 1
vertex 20 22 1
endloop
endfacet
facet normal -1 0 0
outer loop
vertex 16 22 0
vertex 16 21 0
vertex 16 21 1
endloop
endfacet
facet normal -1 0 0
outer loop
vertex 16 22 0
vertex 16 21 1
vertex 16 22 1
endloop
endfacet
facet normal 0 0 -1
outer loop
vertex 24 21 0
vertex 27 22 0
vertex 27 21 0
endloop
endfacet
facet normal 0 0 -1
outer loop
vertex 24 21 0
vertex 24 22 0
vertex 27 22 0
endloop
endfacet
facet normal 0 0 1
outer loop
vertex 24 21 1
vertex 27 21 1
vertex 27 22 1
endloop
endfacet
facet normal 0 0 1
outer loop
vertex 24 21 1
vertex 27 22 1
vertex 24 22 1
endloop
endfacet
facet normal 0 -1 0
outer loop
vertex 24 21 0
vertex 27 21 0
vertex 27 21 1
endloop
endfacet
facet normal 0 -1 0
outer loop
vertex 24 21 0
vertex 27 21 1
vertex 24 21 1
endloop
endfacet
facet normal 1 0 0
outer loop
vertex 27 21 0
vertex 27 22 0
vertex 27 22 1
endloop
endfacet
facet normal 1 0 0
outer loop
vertex 27 21 0
vertex 27 22 1
vertex 27 21 1
endloop
endfacet
facet normal 0 1 0
outer loop
vertex 27 22 0
vertex 24 22 0
vertex 24 22 1
endloop
endfacet
facet normal 0 1 0
outer loop
vertex 27 22 0
vertex 24 22 1
vertex 27 22 1
endloop
endfacet
facet normal -1 0 0
outer loop
vertex 24 22 0
vertex 24 21 0
vertex 24 21 1
endloop
endfacet
facet normal -1 0 0
outer loop
vertex 24 22 0
vertex 24 21 1
vertex 24 22 1
endloop
endfacet
facet normal 0 0 -1
outer loop
vertex 20 22 0
vertex 23 23 0
vertex 23 22 0
endloop
endfacet
facet normal 0 0 -1
outer loop
vertex 20 22 0
vertex 20 23 0
vertex 23 23 0
endloop
endfacet
facet normal 0 0 1
outer loop
vertex 20 22 1
vertex 23 22 1
vertex 23 23 1
endloop
endfacet
facet normal 0 0 1
outer loop
vertex 20 22 1
vertex 23 23 1
vertex 20 23 1
endloop
endfacet
facet normal 0 -1 0
outer loop
vertex 20 22 0
vertex 23 22 0
vertex 23 22 1
endloop
endfacet
facet normal 0 -1 0
outer loop
vertex 20 22 0
vertex 23 22 1
vertex 20 22 1
endloop
endfacet
facet normal 1 0 0
outer loop
vertex 23 22 0
vertex 23 23 0
vertex 23 23 1
endloop
endfacet
facet normal 1 0 0
outer loop
vertex 23 22 0
vertex 23 23 1
vertex 23 22 1
endloop
endfacet
facet normal 0 1 0
outer loop
vertex 23 23 0
vertex 20 23 0
vertex 20 23 1
endloop
endfacet
facet normal 0 1 0
outer loop
vertex 23 23 0
vertex 20 23 1
vertex 23 23 1
endloop
endfacet
facet normal -1 0 0
outer loop
vertex 20 23 0
vertex 20 22 0
vertex 20 22 1
endloop
endfacet
facet normal -1 0 0
outer loop
vertex 20 23 0
vertex 20 22 1
vertex 20 23 1
endloop
endfacet
facet normal 0 0 -1
outer loop
vertex 29 22 0
vertex 32 23 0
vertex 32 22 0
endloop
endfacet
facet normal 0 0 -1
outer loop
vertex 29 22 0
vertex 29 23 0
vertex 32 23 0
endloop
endfacet
facet normal 0 0 1
outer loop
vertex 29 22 1
vertex 32 22 1
vertex 32 23 1
endloop
endfacet
facet normal 0 0 1
outer loop
vertex 29 22 1
vertex 32 23 1
vertex 29 23 1
endloop
endfacet
facet normal 0 -1 0
outer loop
vertex 29 22 0
vertex 32 22 0
vertex 32 22 1
endloop
endfacet
facet normal 0 -1 0
outer loop
vertex 29 22 0
vertex 32 22 1
vertex 29 22 1
endloop
endfacet
facet normal 1 0 0
outer loop
vertex 32 22 0
vertex 32 23 0
vertex 32 23 1
endloop
endfacet
facet normal 1 0 0
outer loop
vertex 32 22 0
vertex 32 23 1
vertex 32 22 1
endloop
endfacet
facet normal 0 1 0
outer loop
vertex 32 23 0
vertex 29 23 0
vertex 29 23 1
endloop
endfacet
facet normal 0 1 0
outer loop
vertex 32 23 0
vertex 29 23 1
vertex 32 23 1
endloop
endfacet
facet normal -1 0 0
outer loop
vertex 29 23 0
vertex 29 22 0
vertex 29 22 1
endloop
endfacet
facet normal -1 0 0
outer loop
vertex 29 23 0
vertex 29 22 1
vertex 29 23 1
endloop
endfacet
facet normal 0 0 -1
outer loop
vertex 24 23 0
vertex 26 24 0
vertex 26 23 0
endloop
endfacet
facet normal 0 0 -1
outer loop
vertex 24 23 0
vertex 24 24 0
vertex 26 24 0
endloop
endfacet
facet normal 0 0 1
outer loop
vertex 24 23 1
vertex 26 23 1
vertex 26 24 1
endloop
endfacet
facet normal 0 0 1
outer loop
vertex 24 23 1
vertex 26 24 1
vertex 24 24 1
endloop
endfacet
facet normal 0 -1 0
outer loop
vertex 24 23 0
vertex 26 23 0
vertex 26 23 1
endloop
endfacet
facet normal 0 -1 0
outer loop
vertex 24 23 0
vertex 26 23 1
vertex 24 23 1
endloop
endfacet
facet normal 1 0 0
outer loop
vertex 26 23 0
vertex 26 24 0
vertex 26 24 1
endloop
endfacet
facet normal 1 0 0
outer loop
vertex 26 23 0
vertex 26 24 1
vertex 26 23 1
endloop
endfacet
facet normal 0 1 0
outer loop
vertex 26 24 0
vertex 24 24 0
vertex 24 24 1
endloop
endfacet
facet normal 0 1 0
outer loop
vertex 26 24 0
vertex 24 24 1
vertex 26 24 1
endloop
endfacet
facet normal -1 0 0
outer loop
vertex 24 24 0
vertex 24 23 0
vertex 24 23 1
endloop
endfacet
facet normal -1 0 0
outer loop
vertex 24 24 0
vertex 24 23 1
vertex 24 24 1
endloop
endfacet
facet normal 0 0 -1
outer loop
vertex 34 23 0
vertex 36 24 0
vertex 36 23 0
endloop
endfacet
facet normal 0 0 -1
outer loop
vertex 34 23 0
vertex 34 24 0
vertex 36 24 0
endloop
endfacet
facet normal 0 0 1
outer loop
vertex 34 23 1
vertex 36 23 1
vertex 36 24 1
endloop
endfacet
facet normal 0 0 1
outer loop
vertex 34 23 1
vertex 36 24 1
vertex 34 24 1
endloop
endfacet
facet normal 0 -1 0
outer loop
vertex 34 23 0
vertex 36 23 0
vertex 36 23 1
endloop
endfacet
facet normal 0 -1 0
outer loop
vertex 34 23 0
vertex 36 23 1
vertex 34 23 1
endloop
endfacet
facet normal 1 0 0
outer loop
vertex 36 23 0
vertex 36 24 0
vertex 36 24 1
endloop
endfacet
facet normal 1 0 0
outer loop
vertex 36 23 0
vertex 36 24 1
vertex 36 23 1
endloop
endfacet
facet normal 0 1 0
outer loop
vertex 36 24 0
vertex 34 24 0
vertex 34 24 1
endloop
endfacet
facet normal 0 1 0
outer loop
vertex 36 24 0
vertex 34 24 1
vertex 36 24 1
endloop
endfacet
facet normal -1 0 0
outer loop
vertex 34 24 0
vertex 34 23 0
vertex 34 23 1
endloop
endfacet
facet normal -1 0 0
outer loop
vertex 34 24 0
vertex 34 23 1
vertex 34 24 1
endloop
endfacet
facet normal 0 0 -1
outer loop
vertex 27 24 0
vertex 30 25 0
vertex 30 24 0
endloop
endfacet
facet normal 0 0 -1
outer loop
vertex 27 24 0
vertex 27 25 0
vertex 30 25 0
endloop
endfacet
facet normal 0 0 1
outer loop
vertex 27 24 1
vertex 30 24 1
vertex 30 25 1
endloop
endfacet
facet normal 0 0 1
outer loop
vertex 27 24 1
vertex 30 25 1
vertex 27 25 1
endloop
endfacet
facet normal 0 -1 0
outer loop
vertex 27 24 0
vertex 30 24 0
vertex 30 24 1
endloop
endfacet
facet normal 0 -1 0
outer loop
vertex 27 24 0
vertex 30 24 1
vertex 27 24 1
endloop
endfacet
facet normal 1 0 0
outer loop
vertex 30 24 0
vertex 30 25 0
vertex 30 25 1
endloop
endfacet
facet normal 1 0 0
outer loop
vertex 30 24 0
vertex 30 25 1
vertex 30 24 1
endloop
endfacet
facet normal 0 1 0
outer loop
vertex 30 25 0
vertex 27 25 0
vertex 27 25 1
endloop
endfacet
facet normal 0 1 0
outer loop
vertex 30 25 0
vertex 27 25 1
vertex 30 25 1
endloop
endfacet
facet normal -1 0 0
outer loop
vertex 27 25 0
vertex 27 24 0
vertex 27 24 1
endloop
endfacet
facet normal -1 0 0
outer loop
vertex 27 25 0
vertex 27 24 1
vertex 27 25 1
endloop
endfacet
facet normal 0 0 -1
outer loop
vertex 2 25 0
vertex 4 26 0
vertex 4 25 0
endloop
endfacet
facet normal 0 0 -1
outer loop
vertex 2 25 0
vertex 2 26 0
vertex 4 26 0
endloop
endfacet
facet normal 0 0 1
outer loop
vertex 2 25 1
vertex 4 25 1
vertex 4 26 1
endloop
endfacet
facet normal 0 0 1
outer loop
vertex 2 25 1
vertex 4 26 1
vertex 2 26 1
endloop
endfacet
facet normal 0 -1 0
outer loop
vertex 2 25 0
vertex 4 25 0
vertex 4 25 1
endloop
endfacet
facet normal 0 -1 0
outer loop
vertex 2 25 0
vertex 4 25 1
vertex 2 25 1
endloop
endfacet
facet normal 1 0 0
outer loop
vertex 4 25 0
vertex 4 26 0
vertex 4 26 1
endloop
endfacet
facet normal 1 0 0
outer loop
vertex 4 25 0
vertex 4 26 1
vertex 4 25 1
endloop
endfacet
facet normal 0 1 0
outer loop
vertex 4 26 0
vertex 2 26 0
vertex 2 26 1
endloop
endfacet
facet normal 0 1 0
outer loop
vertex 4 26 0
vertex 2 26 1
vertex 4 26 1
endloop
endfacet
facet normal -1 0 0
outer loop
vertex 2 26 0
vertex 2 25 0
vertex 2 25 1
endloop
endfacet
facet normal -1 0 0
outer loop
vertex 2 26 0
vertex 2 25 1
vertex 2 26 1
endloop
endfacet
facet normal 0 0 -1
outer loop
vertex 31 25 0
vertex 34 26 0
vertex 34 25 0
endloop
endfacet
facet normal 0 0 -1
outer loop
vertex 31 25 0
vertex 31 26 0
vertex 34 26 0
endloop
endfacet
facet normal 0 0 1
outer loop
vertex 31 25 1
vertex 34 25 1
vertex 34 26 1
endloop
endfacet
facet normal 0 0 1
outer loop
vertex 31 25 1
vertex 34 26 1
vertex 31 26 1
endloop
endfacet
facet normal 0 -1 0
outer loop
vertex 31 25 0
vertex 34 25 0
vertex 34 25 1
endloop
endfacet
facet normal 0 -1 0
outer loop
vertex 31 25 0
vertex 34 25 1
vertex 31 25 1
endloop
endfacet
facet normal 1 0 0
outer loop
vertex 34 25 0
vertex 34 26 0
vertex 34 26 1
endloop
endfacet
facet normal 1 0 0
outer loop
vertex 34 25 0
vertex 34 26 1
vertex 34 25 1
endloop
endfacet
facet normal 0 1 0
outer loop
vertex 34 26 0
vertex 31 26 0
vertex 31 26 1
endloop
endfacet
facet normal 0 1 0
outer loop
vertex 34 26 0
vertex 31 26 1
vertex 34 26 1
endloop
endfacet
facet normal -1 0 0
outer loop
vertex 31 26 0
vertex 31 25 0
vertex 31 25 1
endloop
endfacet
facet normal -1 0 0
outer loop
vertex 31 26 0
vertex 31 25 1
vertex 31 26 1
endloop
endfacet
facet normal 0 0 -1
outer loop
vertex 6 26 0
vertex 8 27 0
vertex 8 26 0
endloop
endfacet
facet normal 0 0 -1
outer loop
vertex 6 26 0
vertex 6 27 0
vertex 8 27 0
endloop
endfacet
facet normal 0 0 1
outer loop
vertex 6 26 1
vertex 8 26 1
vertex 8 27 1
endloop
endfacet
facet normal 0 0 1
outer loop
vertex 6 26 1
vertex 8 27 1
vertex 6 27 1
endloop
endfacet
facet normal 0 -1 0
outer loop
vertex 6 26 0
vertex 8 26 0
vertex 8 26 1
endloop
endfacet
facet normal 0 -1 0
outer loop
vertex 6 26 0
vertex 8 26 1
vertex 6 26 1
endloop
endfacet
facet normal 1 0 0
outer loop
vertex 8 26 0
vertex 8 27 0
vertex 8 27 1
endloop
endfacet
facet normal 1 0 0
outer loop
vertex 8 26 0
vertex 8 27 1
vertex 8 26 1
endloop
endfacet
facet normal 0 1 0
outer loop
vertex 8 27 0
vertex 6 27 0
vertex 6 27 1
endloop
endfacet
facet normal 0 1 0
outer loop
vertex 8 27 0
vertex 6 27 1
vertex 8 27 1
endloop
endfacet
facet normal -1 0 0
outer loop
vertex 6 27 0
vertex 6 26 0
vertex 6 26 1
endloop
endfacet
facet normal -1 0 0
outer loop
vertex 6 27 0
vertex 6 26 1
vertex 6 27 1
endloop
endfacet
facet normal 0 0 -1
outer loop
vertex 0 27 0
vertex 2 28 0
vertex 2 27 0
endloop
endfacet
facet normal 0 0 -1
outer loop
vertex 0 27 0
vertex 0 28 0
vertex 2 28 0
endloop
endfacet
facet normal 0 0 1
outer loop
vertex 0 27 1
vertex 2 27 1
vertex 2 28 1
endloop
endfacet
facet normal 0 0 1
outer loop
vertex 0 27 1
vertex 2 28 1
vertex 0 28 1
endloop
endfacet
facet normal 0 -1 0
outer loop
vertex 0 27 0
vertex 2 27 0
vertex 2 27 1
endloop
endfacet
facet normal 0 -1 0
outer loop
vertex 0 27 0
vertex 2 27 1
vertex 0 27 1
endloop
endfacet
facet normal 1 0 0
outer loop
vertex 2 27 0
vertex 2 28 0
vertex 2 28 1
endloop
endfacet
facet normal 1 0 0
outer loop
vertex 2 27 0
vertex 2 28 1
vertex 2 27 1
endloop
endfacet
facet normal 0 1 0
outer loop
vertex 2 28 0
vertex 0 28 0
vertex 0 28 1
endloop
endfacet
facet normal 0 1 0
outer loop
vertex 2 28 0
vertex 0 28 1
vertex 2 28 1
endloop
endfacet
facet normal -1 0 0
outer loop
vertex 0 28 0
vertex 0 27 0
vertex 0 27 1
endloop
endfacet
facet normal -1 0 0
outer loop
vertex 0 28 0
vertex 0 27 1
vertex 0 28 1
endloop
endfacet
facet normal 0 0 -1
outer loop
vertex 10 27 0
vertex 12 28 0
vertex 12 27 0
endloop
endfacet
facet normal 0 0 -1
outer loop
vertex 10 27 0
vertex 10 28 0
vertex 12 28 0
endloop
endfacet
facet normal 0 0 1
outer loop
vertex 10 27 1
vertex 12 27 1
vertex 12 28 1
endloop
endfacet
facet normal 0 0 1
outer loop
vertex 10 27 1
vertex 12 28 1
vertex 10 28 1
endloop
endfacet
facet normal 0 -1 0
outer loop
vertex 10 27 0
vertex 12 27 0
vertex 12 27 1
endloop
endfacet
facet normal 0 -1 0
outer loop
vertex 10 27 0
vertex 12 27 1
vertex 10 27 1
endloop
endfacet
facet normal 1 0 0
outer loop
vertex 12 27 0
vertex 12 28 0
vertex 12 28 1
endloop
endfacet
facet normal 1 0 0
outer loop
vertex 12 27 0
vertex 12 28 1
vertex 12 27 1
endloop
endfacet
facet normal 0 1 0
outer loop
vertex 12 28 0
vertex 10 28 0
vertex 10 28 1
endloop
endfacet
facet normal 0 1 0
outer loop
vertex 12 28 0
vertex 10 28 1
vertex 12 28 1
endloop
endfacet
facet normal -1 0 0
outer loop
vertex 10 28 0
vertex 10 27 0
vertex 10 27 1
endloop
endfacet
facet normal -1 0 0
outer loop
vertex 10 28 0
vertex 10 27 1
vertex 10 28 1
endloop
endfacet
facet normal 0 0 -1
outer loop
vertex 4 28 0
vertex 6 29 0
vertex 6 28 0
endloop
endfacet
facet normal 0 0 -1
outer loop
vertex 4 28 0
vertex 4 29 0
vertex 6 29 0
endloop
endfacet
facet normal 0 0 1
outer loop
vertex 4 28 1
vertex 6 28 1
vertex 6 29 1
endloop
endfacet
facet normal 0 0 1
outer loop
vertex 4 28 1
vertex 6 29 1
vertex 4 29 1
endloop
endfacet
facet normal 0 -1 0
outer loop
vertex 4 28 0
vertex 6 28 0
vertex 6 28 1
endloop
endfacet
facet normal 0 -1 0
outer loop
vertex 4 28 0
vertex 6 28 1
vertex 4 28 1
endloop
endfacet
facet normal 1 0 0
outer loop
vertex 6 28 0
vertex 6 29 0
vertex 6 29 1
endloop
endfacet
facet normal 1 0 0
outer loop
vertex 6 28 0
vertex 6 29 1
vertex 6 28 1
endloop
endfacet
facet normal 0 1 0
outer loop
vertex 6 29 0
vertex 4 29 0
vertex 4 29 1
endloop
endfacet
facet normal 0 1 0
outer loop
vertex 6 29 0
vertex 4 29 1
vertex 6 29 1
endloop
endfacet
facet normal -1 0 0
outer loop
vertex 4 29 0
vertex 4 28 0
vertex 4 28 1
endloop
endfacet
facet normal -1 0 0
outer loop
vertex 4 29 0
vertex 4 28 1
vertex 4 29 1
endloop
endfacet
facet normal 0 0 -1
outer loop
vertex 13 28 0
vertex 16 29 0
vertex 16 28 0
endloop
endfacet
facet normal 0 0 -1
outer loop
vertex 13 28 0
vertex 13 29 0
vertex 16 29 0
endloop
endfacet
facet normal 0 0 1
outer loop
vertex 13 28 1
vertex 16 28 1
vertex 16 29 1
endloop
endfacet
facet normal 0 0 1
outer loop
vertex 13 28 1
vertex 16 29 1
vertex 13 29 1
endloop
endfacet
facet normal 0 -1 0
outer loop
vertex 13 28 0
vertex 16 28 0
vertex 16 28 1
endloop
endfacet
facet normal 0 -1 0
outer loop
vertex 13 28 0
vertex 16 28 1
vertex 13 28 1
endloop
endfacet
facet normal 1 0 0
outer loop
vertex 16 28 0
vertex 16 29 0
vertex 16 29 1
endloop
endfacet
facet normal 1 0 0
outer loop
vertex 16 28 0
vertex 16 29 1
vertex 16 28 1
endloop
endfacet
facet normal 0 1 0
outer loop
vertex 16 29 0
vertex 13 29 0
vertex 13 29 1
endloop
endfacet
facet normal 0 1 0
outer loop
vertex 16 29 0
vertex 13 29 1
vertex 16 29 1
endloop
endfacet
facet normal -1 0 0
outer loop
vertex 13 29 0
vertex 13 28 0
vertex 13 28 1
endloop
endfacet
facet normal -1 0 0
outer loop
vertex 13 29 0
vertex 13 28 1
vertex 13 29 1
endloop
endfacet
facet normal 0 0 -1
outer loop
vertex 8 29 0
vertex 12 30 0
vertex 12 29 0
endloop
endfacet
facet normal 0 0 -1
outer loop
vertex 8 29 0
vertex 8 30 0
vertex 12 30 0
endloop
endfacet
facet normal 0 0 1
outer loop
vertex 8 29 1
vertex 12 29 1
vertex 12 30 1
endloop
endfacet
facet normal 0 0 1
outer loop
vertex 8 29 1
vertex 12 30 1
vertex 8 30 1
endloop
endfacet
facet normal 0 -1 0
outer loop
vertex 8 29 0
vertex 12 29 0
vertex 12 29 1
endloop
endfacet
facet normal 0 -1 0
outer loop
vertex 8 29 0
vertex 12 29 1
vertex 8 29 1
endloop
endfacet
facet normal 1 0 0
outer loop
vertex 12 29 0
vertex 12 30 0
vertex 12 30 1
endloop
endfacet
facet normal 1 0 0
outer loop
vertex 12 29 0
vertex 12 30 1
vertex 12 29 1
endloop
endfacet
facet normal 0 1 0
outer loop
vertex 12 30 0
vertex 8 30 0
vertex 8 30 1
endloop
endfacet
facet normal 0 1 0
outer loop
vertex 12 30 0
vertex 8 30 1
vertex 12 30 1
endloop
endfacet
facet normal -1 0 0
outer loop
vertex 8 30 0
vertex 8 29 0
vertex 8 29 1
endloop
endfacet
facet normal -1 0 0
outer loop
vertex 8 30 0
vertex 8 29 1
vertex 8 30 1
endloop
endfacet
facet normal 0 0 -1
outer loop
vertex 16 29 0
vertex 20 30 0
vertex 20 29 0
endloop
endfacet
facet normal 0 0 -1
outer loop
vertex 16 29 0
vertex 16 30 0
vertex 20 30 0
endloop
endfacet
facet normal 0 0 1
outer loop
vertex 16 29 1
vertex 20 29 1
vertex 20 30 1
endloop
endfacet
facet normal 0 0 1
outer loop
vertex 16 29 1
vertex 20 30 1
vertex 16 30 1
endloop
endfacet
facet normal 0 -1 0
outer loop
vertex 16 29 0
vertex 20 29 0
vertex 20 29 1
endloop
endfacet
facet normal 0 -1 0
outer loop
vertex 16 29 0
vertex 20 29 1
vertex 16 29 1
endloop
endfacet
facet normal 1 0 0
outer loop
vertex 20 29 0
vertex 20 30 0
vertex 20 30 1
endloop
endfacet
facet normal 1 0 0
outer loop
vertex 20 29 0
vertex 20 30 1
vertex 20 29 1
endloop
endfacet
facet normal 0 1 0
outer loop
vertex 20 30 0
vertex 16 30 0
vertex 16 30 1
endloop
endfacet
facet normal 0 1 0
outer loop
vertex 20 30 0
vertex 16 30 1
vertex 20 30 1
endloop
endfacet
facet normal -1 0 0
outer loop
vertex 16 30 0
vertex 16 29 0
vertex 16 29 1
endloop
endfacet
facet normal -1 0 0
outer loop
vertex 16 30 0
vertex 16 29 1
vertex 16 30 1
endloop
endfacet
facet normal 0 0 -1
outer loop
vertex 13 30 0
vertex 23 31 0
vertex 23 30 0
endloop
endfacet
facet normal 0 0 -1
outer loop
vertex 13 30 0
vertex 13 31 0
vertex 23 31 0
endloop
endfacet
facet normal 0 0 1
outer loop
vertex 13 30 1
vertex 23 30 1
vertex 23 31 1
endloop
endfacet
facet normal 0 0 1
outer loop
vertex 13 30 1
vertex 23 31 1
vertex 13 31 1
endloop
endfacet
facet normal 0 -1 0
outer loop
vertex 13 30 0
vertex 23 30 0
vertex 23 30 1
endloop
endfacet
facet normal 0 -1 0
outer loop
vertex 13 30 0
vertex 23 30 1
vertex 13 30 1
endloop
endfacet
facet normal 1 0 0
outer loop
vertex 23 30 0
vertex 23 31 0
vertex 23 31 1
endloop
endfacet
facet normal 1 0 0
outer loop
vertex 23 30 0
vertex 23 31 1
vertex 23 30 1
endloop
endfacet
facet normal 0 1 0
outer loop
vertex 23 31 0
vertex 13 31 0
vertex 13 31 1
endloop
endfacet
facet normal 0 1 0
outer loop
vertex 23 31 0
vertex 13 31 1
vertex 23 31 1
endloop
endfacet
facet normal -1 0 0
outer loop
vertex 13 31 0
vertex 13 30 0
vertex 13 30 1
endloop
endfacet
facet normal -1 0 0
outer loop
vertex 13 31 0
vertex 13 30 1
vertex 13 31 1
endloop
endfacet
facet normal 0 0 -1
outer loop
vertex 18 31 0
vertex 25 32 0
vertex 25 31 0
endloop
endfacet
facet normal 0 0 -1
outer loop
vertex 18 31 0
vertex 18 32 0
vertex 25 32 0
endloop
endfacet
facet normal 0 0 1
outer loop
vertex 18 31 1
vertex 25 31 1
vertex 25 32 1
endloop
endfacet
facet normal 0 0 1
outer loop
vertex 18 31 1
vertex 25 32 1
vertex 18 32 1
endloop
endfacet
facet normal 0 -1 0
outer loop
vertex 18 31 0
vertex 25 31 0
vertex 25 31 1
endloop
endfacet
facet normal 0 -1 0
outer loop
vertex 18 31 0
vertex 25 31 1
vertex 18 31 1
endloop
endfacet
facet normal 1 0 0
outer loop
vertex 25 31 0
vertex 25 32 0
vertex 25 32 1
endloop
endfacet
facet normal 1 0 0
outer loop
vertex 25 31 0
vertex 25 32 1
vertex 25 31 1
endloop
endfacet
facet normal 0 1 0
outer loop
vertex 25 32 0
vertex 18 32 0
vertex 18 32 1
endloop
endfacet
facet normal 0 1 0
outer loop
vertex 25 32 0
vertex 18 32 1
vertex 25 32 1
endloop
endfacet
facet normal -1 0 0
outer loop
vertex 18 32 0
vertex 18 31 0
vertex 18 31 1
endloop
endfacet
facet normal -1 0 0
outer loop
vertex 18 32 0
vertex 18 31 1
vertex 18 32 1
endloop
endfacet
facet normal 0 0 -1
outer loop
vertex 1 36 0
vertex 3 37 0
vertex 3 36 0
endloop
endfacet
facet normal 0 0 -1
outer loop
vertex 1 36 0
vertex 1 37 0
vertex 3 37 0
endloop
endfacet
facet normal 0 0 1
outer loop
vertex 1 36 1
vertex 3 36 1
vertex 3 37 1
endloop
endfacet
facet normal 0 0 1
outer loop
vertex 1 36 1
vertex 3 37 1
vertex 1 37 1
endloop
endfacet
facet normal 0 -1 0
outer loop
vertex 1 36 0
vertex 3 36 0
vertex 3 36 1
endloop
endfacet
facet normal 0 -1 0
outer loop
vertex 1 36 0
vertex 3 36 1
vertex 1 36 1
endloop
endfacet
facet normal 1 0 0
outer loop
vertex 3 36 0
vertex 3 37 0
vertex 3 37 1
endloop
endfacet
facet normal 1 0 0
outer loop
vertex 3 36 0
vertex 3 37 1
vertex 3 36 1
endloop
endfacet
facet normal 0 1 0
outer loop
vertex 3 37 0
vertex 1 37 0
vertex 1 37 1
endloop
endfacet
facet normal 0 1 0
outer loop
vertex 3 37 0
vertex 1 37 1
vertex 3 37 1
endloop
endfacet
facet normal -1 0 0
outer loop
vertex 1 37 0
vertex 1 36 0
vertex 1 36 1
endloop
endfacet
facet normal -1 0 0
outer loop
vertex 1 37 0
vertex 1 36 1
vertex 1 37 1
endloop
endfacet
facet normal 0 0 -1
outer loop
vertex 2 37 0
vertex 10 38 0
vertex 10 37 0
endloop
endfacet
facet normal 0 0 -1
outer loop
vertex 2 37 0
vertex 2 38 0
vertex 10 38 0
endloop
endfacet
facet normal 0 0 1
outer loop
vertex 2 37 1
vertex 10 37 1
vertex 10 38 1
endloop
endfacet
facet normal 0 0 1
outer loop
vertex 2 37 1
vertex 10 38 1
vertex 2 38 1
endloop
endfacet
facet normal 0 -1 0
outer loop
vertex 2 37 0
vertex 10 37 0
vertex 10 37 1
endloop
endfacet
facet normal 0 -1 0
outer loop
vertex 2 37 0
vertex 10 37 1
vertex 2 37 1
endloop
endfacet
facet normal 1 0 0
outer loop
vertex 10 37 0
vertex 10 38 0
vertex 10 38 1
endloop
endfacet
facet normal 1 0 0
outer loop
vertex 10 37 0
vertex 10 38 1
vertex 10 37 1
endloop
endfacet
facet normal 0 1 0
outer loop
vertex 10 38 0
vertex 2 38 0
vertex 2 38 1
endloop
endfacet
facet normal 0 1 0
outer loop
vertex 10 38 0
vertex 2 38 1
vertex 10 38 1
endloop
endfacet
facet normal -1 0 0
outer loop
vertex 2 38 0
vertex 2 37 0
vertex 2 37 1
endloop
endfacet
facet normal -1 0 0
outer loop
vertex 2 38 0
vertex 2 37 1
vertex 2 38 1
endloop
endfacet
facet normal 0 0 -1
outer loop
vertex 5 38 0
vertex 15 39 0
vertex 15 38 0
endloop
endfacet
facet normal 0 0 -1
outer loop
vertex 5 38 0
vertex 5 39 0
vertex 15 39 0
endloop
endfacet
facet normal 0 0 1
outer loop
vertex 5 38 1
vertex 15 38 1
vertex 15 39 1
endloop
endfacet
facet normal 0 0 1
outer loop
vertex 5 38 1
vertex 15 39 1
vertex 5 39 1
endloop
endfacet
facet normal 0 -1 0
outer loop
vertex 5 38 0
vertex 15 38 0
vertex 15 38 1
endloop
endfacet
facet normal 0 -1 0
outer loop
vertex 5 38 0
vertex 15 38 1
vertex 5 38 1
endloop
endfacet
facet normal 1 0 0
outer loop
vertex 15 38 0
vertex 15 39 0
vertex 15 39 1
endloop
endfacet
facet normal 1 0 0
outer loop
vertex 15 38 0
vertex 15 39 1
vertex 15 38 1
endloop
endfacet
facet normal 0 1 0
outer loop
vertex 15 39 0
vertex 5 39 0
vertex 5 39 1
endloop
endfacet
facet normal 0 1 0
outer loop
vertex 15 39 0
vertex 5 39 1
vertex 15 39 1
endloop
endfacet
facet normal -1 0 0
outer loop
vertex 5 39 0
vertex 5 38 0
vertex 5 38 1
endloop
endfacet
facet normal -1 0 0
outer loop
vertex 5 39 0
vertex 5 38 1
vertex 5 39 1
endloop
endfacet
facet normal 0 0 -1
outer loop
vertex 8 39 0
vertex 12 40 0
vertex 12 39 0
endloop
endfacet
facet normal 0 0 -1
outer loop
vertex 8 39 0
vertex 8 40 0
vertex 12 40 0
endloop
endfacet
facet normal 0 0 1
outer loop
vertex 8 39 1
vertex 12 39 1
vertex 12 40 1
endloop
endfacet
facet normal 0 0 1
outer loop
vertex 8 39 1
vertex 12 40 1
vertex 8 40 1
endloop
endfacet
facet normal 0 -1 0
outer loop
vertex 8 39 0
vertex 12 39 0
vertex 12 39 1
endloop
endfacet
facet normal 0 -1 0
outer loop
vertex 8 39 0
vertex 12 39 1
vertex 8 39 1
endloop
endfacet
facet normal 1 0 0
outer loop
vertex 12 39 0
vertex 12 40 0
vertex 12 40 1
endloop
endfacet
facet normal 1 0 0
outer loop
vertex 12 39 0
vertex 12 40 1
vertex 12 39 1
endloop
endfacet
facet normal 0 1 0
outer loop
vertex 12 40 0
vertex 8 40 0
vertex 8 40 1
endloop
endfacet
facet normal 0 1 0
outer loop
vertex 12 40 0
vertex 8 40 1
vertex 12 40 1
endloop
endfacet
facet normal -1 0 0
outer loop
vertex 8 40 0
vertex 8 39 0
vertex 8 39 1
endloop
endfacet
facet normal -1 0 0
outer loop
vertex 8 40 0
vertex 8 39 1
vertex 8 40 1
endloop
endfacet
facet normal 0 0 -1
outer loop
vertex 16 39 0
vertex 19 40 0
vertex 19 39 0
endloop
endfacet
facet normal 0 0 -1
outer loop
vertex 16 39 0
vertex 16 40 0
vertex 19 40 0
endloop
endfacet
facet normal 0 0 1
outer loop
vertex 16 39 1
vertex 19 39 1
vertex 19 40 1
endloop
endfacet
facet normal 0 0 1
outer loop
vertex 16 39 1
vertex 19 40 1
vertex 16 40 1
endloop
endfacet
facet normal 0 -1 0
outer loop
vertex 16 39 0
vertex 19 39 0
vertex 19 39 1
endloop
endfacet
facet normal 0 -1 0
outer loop
vertex 16 39 0
vertex 19 39 1
vertex 16 39 1
endloop
endfacet
facet normal 1 0 0
outer loop
vertex 19 39 0
vertex 19 40 0
vertex 19 40 1
endloop
endfacet
facet normal 1 0 0
outer loop
vertex 19 39 0
vertex 19 40 1
vertex 19 39 1
endloop
endfacet
facet normal 0 1 0
outer loop
vertex 19 40 0
vertex 16 40 0
vertex 16 40 1
endloop
endfacet
facet normal 0 1 0
outer loop
vertex 19 40 0
vertex 16 40 1
vertex 19 40 1
endloop
endfacet
facet normal -1 0 0
outer loop
vertex 16 40 0
vertex 16 39 0
vertex 16 39 1
endloop
endfacet
facet normal -1 0 0
outer loop
vertex 16 40 0
vertex 16 39 1
vertex 16 40 1
endloop
endfacet
facet normal 0 0 -1
outer loop
vertex 12 40 0
vertex 15 41 0
vertex 15 40 0
endloop
endfacet
facet normal 0 0 -1
outer loop
vertex 12 40 0
vertex 12 41 0
vertex 15 41 0
endloop
endfacet
facet normal 0 0 1
outer loop
vertex 12 40 1
vertex 15 40 1
vertex 15 41 1
endloop
endfacet
facet normal 0 0 1
outer loop
vertex 12 40 1
vertex 15 41 1
vertex 12 41 1
endloop
endfacet
facet normal 0 -1 0
outer loop
vertex 12 40 0
vertex 15 40 0
vertex 15 40 1
endloop
endfacet
facet normal 0 -1 0
outer loop
vertex 12 40 0
vertex 15 40 1
vertex 12 40 1
endloop
endfacet
facet normal 1 0 0
outer loop
vertex 15 40 0
vertex 15 41 0
vertex 15 41 1
endloop
endfacet
facet normal 1 0 0
outer loop
vertex 15 40 0
vertex 15 41 1
vertex 15 40 1
endloop
endfacet
facet normal 0 1 0
outer loop
vertex 15 41 0
vertex 12 41 0
vertex 12 41 1
endloop
endfacet
facet normal 0 1 0
outer loop
vertex 15 41 0
vertex 12 41 1
vertex 15 41 1
endloop
endfacet
facet normal -1 0 0
outer loop
vertex 12 41 0
vertex 12 40 0
vertex 12 40 1
endloop
endfacet
facet normal -1 0 0
outer loop
vertex 12 41 0
vertex 12 40 1
vertex 12 41 1
endloop
endfacet
facet normal 0 0 -1
outer loop
vertex 21 40 0
vertex 24 41 0
vertex 24 40 0
endloop
endfacet
facet normal 0 0 -1
outer loop
vertex 21 40 0
vertex 21 41 0
vertex 24 41 0
endloop
endfacet
facet normal 0 0 1
outer loop
vertex 21 40 1
vertex 24 40 1
vertex 24 41 1
endloop
endfacet
facet normal 0 0 1
outer loop
vertex 21 40 1
vertex 24 41 1
vertex 21 41 1
endloop
endfacet
facet normal 0 -1 0
outer loop
vertex 21 40 0
vertex 24 40 0
vertex 24 40 1
endloop
endfacet
facet normal 0 -1 0
outer loop
vertex 21 40 0
vertex 24 40 1
vertex 21 40 1
endloop
endfacet
facet normal 1 0 0
outer loop
vertex 24 40 0
vertex 24 41 0
vertex 24 41 1
endloop
endfacet
facet normal 1 0 0
outer loop
vertex 24 40 0
vertex 24 41 1
vertex 24 40 1
endloop
endfacet
facet normal 0 1 0
outer loop
vertex 24 41 0
vertex 21 41 0
vertex 21 41 1
endloop
endfacet
facet normal 0 1 0
outer loop
vertex 24 41 0
vertex 21 41 1
vertex 24 41 1
endloop
endfacet
facet normal -1 0 0
outer loop
vertex 21 41 0
vertex 21 40 0
vertex 21 40 1
endloop
endfacet
facet normal -1 0 0
outer loop
vertex 21 41 0
vertex 21 40 1
vertex 21 41 1
endloop
endfacet
facet normal 0 0 -1
outer loop
vertex 16 41 0
vertex 18 42 0
vertex 18 41 0
endloop
endfacet
facet normal 0 0 -1
outer loop
vertex 16 41 0
vertex 16 42 0
vertex 18 42 0
endloop
endfacet
facet normal 0 0 1
outer loop
vertex 16 41 1
vertex 18 41 1
vertex 18 42 1
endloop
endfacet
facet normal 0 0 1
outer loop
vertex 16 41 1
vertex 18 42 1
vertex 16 42 1
endloop
endfacet
facet normal 0 -1 0
outer loop
vertex 16 41 0
vertex 18 41 0
vertex 18 41 1
endloop
endfacet
facet normal 0 -1 0
outer loop
vertex 16 41 0
vertex 18 41 1
vertex 16 41 1
endloop
endfacet
facet normal 1 0 0
outer loop
vertex 18 41 0
vertex 18 42 0
vertex 18 42 1
endloop
endfacet
facet normal 1 0 0
outer loop
vertex 18 41 0
vertex 18 42 1
vertex 18 41 1
endloop
endfacet
facet normal 0 1 0
outer loop
vertex 18 42 0
vertex 16 42 0
vertex 16 42 1
endloop
endfacet
facet normal 0 1 0
outer loop
vertex 18 42 0
vertex 16 42 1
vertex 18 42 1
endloop
endfacet
facet normal -1 0 0
outer loop
vertex 16 42 0
vertex 16 41 0
vertex 16 41 1
endloop
endfacet
facet normal -1 0 0
outer loop
vertex 16 42 0
vertex 16 41 1
vertex 16 42 1
endloop
endfacet
facet normal 0 0 -1
outer loop
vertex 26 41 0
vertex 28 42 0
vertex 28 41 0
endloop
endfacet
facet normal 0 0 -1
outer loop
vertex 26 41 0
vertex 26 42 0
vertex 28 42 0
endloop
endfacet
facet normal 0 0 1
outer loop
vertex 26 41 1
vertex 28 41 1
vertex 28 42 1
endloop
endfacet
facet normal 0 0 1
outer loop
vertex 26 41 1
vertex 28 42 1
vertex 26 42 1
endloop
endfacet
facet normal 0 -1 0
outer loop
vertex 26 41 0
vertex 28 41 0
vertex 28 41 1
endloop
endfacet
facet normal 0 -1 0
outer loop
vertex 26 41 0
vertex 28 41 1
vertex 26 41 1
endloop
endfacet
facet normal 1 0 0
outer loop
vertex 28 41 0
vertex 28 42 0
vertex 28 42 1
endloop
endfacet
facet normal 1 0 0
outer loop
vertex 28 41 0
vertex 28 42 1
vertex 28 41 1
endloop
endfacet
facet normal 0 1 0
outer loop
vertex 28 42 0
vertex 26 42 0
vertex 26 42 1
endloop
endfacet
facet normal 0 1 0
outer loop
vertex 28 42 0
vertex 26 42 1
vertex 28 42 1
endloop
endfacet
facet normal -1 0 0
outer loop
vertex 26 42 0
vertex 26 41 0
vertex 26 41 1
endloop
endfacet
facet normal -1 0 0
outer loop
vertex 26 42 0
vertex 26 41 1
vertex 26 42 1
endloop
endfacet
facet normal 0 0 -1
outer loop
vertex 19 42 0
vertex 22 43 0
vertex 22 42 0
endloop
endfacet
facet normal 0 0 -1
outer loop
vertex 19 42 0
vertex 19 43 0
vertex 22 43 0
endloop
endfacet
facet normal 0 0 1
outer loop
vertex 19 42 1
vertex 22 42 1
vertex 22 43 1
endloop
endfacet
facet normal 0 0 1
outer loop
vertex 19 42 1
vertex 22 43 1
vertex 19 43 1
endloop
endfacet
facet normal 0 -1 0
outer loop
vertex 19 42 0
vertex 22 42 0
vertex 22 42 1
endloop
endfacet
facet normal 0 -1 0
outer loop
vertex 19 42 0
vertex 22 42 1
vertex 19 42 1
endloop
endfacet
facet normal 1 0 0
outer loop
vertex 22 42 0
vertex 22 43 0
vertex 22 43 1
endloop
endfacet
facet normal 1 0 0
outer loop
vertex 22 42 0
vertex 22 43 1
vertex 22 42 1
endloop
endfacet
facet normal 0 1 0
outer loop
vertex 22 43 0
vertex 19 43 0
vertex 19 43 1
endloop
endfacet
facet normal 0 1 0
outer loop
vertex 22 43 0
vertex 19 43 1
vertex 22 43 1
endloop
endfacet
facet normal -1 0 0
outer loop
vertex 19 43 0
vertex 19 42 0
vertex 19 42 1
endloop
endfacet
facet normal -1 0 0
outer loop
vertex 19 43 0
vertex 19 42 1
vertex 19 43 1
endloop
endfacet
facet normal 0 0 -1
outer loop
vertex 30 42 0
vertex 32 43 0
vertex 32 42 0
endloop
endfacet
facet normal 0 0 -1
outer loop
vertex 30 42 0
vertex 30 43 0
vertex 32 43 0
endloop
endfacet
facet normal 0 0 1
outer loop
vertex 30 42 1
vertex 32 42 1
vertex 32 43 1
endloop
endfacet
facet normal 0 0 1
outer loop
vertex 30 42 1
vertex 32 43 1
vertex 30 43 1
endloop
endfacet
facet normal 0 -1 0
outer loop
vertex 30 42 0
vertex 32 42 0
vertex 32 42 1
endloop
endfacet
facet normal 0 -1 0
outer loop
vertex 30 42 0
vertex 32 42 1
vertex 30 42 1
endloop
endfacet
facet normal 1 0 0
outer loop
vertex 32 42 0
vertex 32 43 0
vertex 32 43 1
endloop
endfacet
facet normal 1 0 0
outer loop
vertex 32 42 0
vertex 32 43 1
vertex 32 42 1
endloop
endfacet
facet normal 0 1 0
outer loop
vertex 32 43 0
vertex 30 43 0
vertex 30 43 1
endloop
endfacet
facet normal 0 1 0
outer loop
vertex 32 43 0
vertex 30 43 1
vertex 32 43 1
endloop
endfacet
facet normal -1 0 0
outer loop
vertex 30 43 0
vertex 30 42 0
vertex 30 42 1
endloop
endfacet
facet normal -1 0 0
outer loop
vertex 30 43 0
vertex 30 42 1
vertex 30 43 1
endloop
endfacet
facet normal 0 0 -1
outer loop
vertex 23 43 0
vertex 26 44 0
vertex 26 43 0
endloop
endfacet
facet normal 0 0 -1
outer loop
vertex 23 43 0
vertex 23 44 0
vertex 26 44 0
endloop
endfacet
facet normal 0 0 1
outer loop
vertex 23 43 1
vertex 26 43 1
vertex 26 44 1
endloop
endfacet
facet normal 0 0 1
outer loop
vertex 23 43 1
vertex 26 44 1
vertex 23 44 1
endloop
endfacet
facet normal 0 -1 0
outer loop
vertex 23 43 0
vertex 26 43 0
vertex 26 43 1
endloop
endfacet
facet normal 0 -1 0
outer loop
vertex 23 43 0
vertex 26 43 1
vertex 23 43 1
endloop
endfacet
facet normal 1 0 0
outer loop
vertex 26 43 0
vertex 26 44 0
vertex 26 44 1
endloop
endfacet
facet normal 1 0 0
outer loop
vertex 26 43 0
vertex 26 44 1
vertex 26 43 1
endloop
endfacet
facet normal 0 1 0
outer loop
vertex 26 44 0
vertex 23 44 0
vertex 23 44 1
endloop
endfacet
facet normal 0 1 0
outer loop
vertex 26 44 0
vertex 23 44 1
vertex 26 44 1
endloop
endfacet
facet normal -1 0 0
outer loop
vertex 23 44 0
vertex 23 43 0
vertex 23 43 1
endloop
endfacet
facet normal -1 0 0
outer loop
vertex 23 44 0
vertex 23 43 1
vertex 23 44 1
endloop
endfacet
facet normal 0 0 -1
outer loop
vertex 34 43 0
vertex 36 44 0
vertex 36 43 0
endloop
endfacet
facet normal 0 0 -1
outer loop
vertex 34 43 0
vertex 34 44 0
vertex 36 44 0
endloop
endfacet
facet normal 0 0 1
outer loop
vertex 34 43 1
vertex 36 43 1
vertex 36 44 1
endloop
endfacet
facet normal 0 0 1
outer loop
vertex 34 43 1
vertex 36 44 1
vertex 34 44 1
endloop
endfacet
facet normal 0 -1 0
outer loop
vertex 34 43 0
vertex 36 43 0
vertex 36 43 1
endloop
endfacet
facet normal 0 -1 0
outer loop
vertex 34 43 0
vertex 36 43 1
vertex 34 43 1
endloop
endfacet
facet normal 1 0 0
outer loop
vertex 36 43 0
vertex 36 44 0
vertex 36 44 1
endloop
endfacet
facet normal 1 0 0
outer loop
vertex 36 43 0
vertex 36 44 1
vertex 36 43 1
endloop
endfacet
facet normal 0 1 0
outer loop
vertex 36 44 0
vertex 34 44 0
vertex 34 44 1
endloop
endfacet
facet normal 0 1 0
outer loop
vertex 36 44 0
vertex 34 44 1
vertex 36 44 1
endloop
endfacet
facet normal -1 0 0
outer loop
vertex 34 44 0
vertex 34 43 0
vertex 34 43 1
endloop
endfacet
facet normal -1 0 0
outer loop
vertex 34 44 0
vertex 34 43 1
vertex 34 44 1
endloop
endfacet
facet normal 0 0 -1
outer loop
vertex 28 44 0
vertex 30 45 0
vertex 30 44 0
endloop
endfacet
facet normal 0 0 -1
outer loop
vertex 28 44 0
vertex 28 45 0
vertex 30 45 0
endloop
endfacet
facet normal 0 0 1
outer loop
vertex 28 44 1
vertex 30 44 1
vertex 30 45 1
endloop
endfacet
facet normal 0 0 1
outer loop
vertex 28 44 1
vertex 30 45 1
vertex 28 45 1
endloop
endfacet
facet normal 0 -1 0
outer loop
vertex 28 44 0
vertex 30 44 0
vertex 30 44 1
endloop
endfacet
facet normal 0 -1 0
outer loop
vertex 28 44 0
vertex 30 44 1
vertex 28 44 1
endloop
endfacet
facet normal 1 0 0
outer loop
vertex 30 44 0
vertex 30 45 0
vertex 30 45 1
endloop
endfacet
facet normal 1 0 0
outer loop
vertex 30 44 0
vertex 30 45 1
vertex 30 44 1
endloop
endfacet
facet normal 0 1 0
outer loop
vertex 30 45 0
vertex 28 45 0
vertex 28 45 1
endloop
endfacet
facet normal 0 1 0
outer loop
vertex 30 45 0
vertex 28 45 1
vertex 30 45 1
endloop
endfacet
facet normal -1 0 0
outer loop
vertex 28 45 0
vertex 28 44 0
vertex 28 44 1
endloop
endfacet
facet normal -1 0 0
outer loop
vertex 28 45 0
vertex 28 44 1
vertex 28 45 1
endloop
endfacet
facet normal 0 0 -1
outer loop
vertex 2 45 0
vertex 4 46 0
vertex 4 45 0
endloop
endfacet
facet normal 0 0 -1
outer loop
vertex 2 45 0
vertex 2 46 0
vertex 4 46 0
endloop
endfacet
facet normal 0 0 1
outer loop
vertex 2 45 1
vertex 4 45 1
vertex 4 46 1
endloop
endfacet
facet normal 0 0 1
outer loop
vertex 2 45 1
vertex 4 46 1
vertex 2 46 1
endloop
endfacet
facet normal 0 -1 0
outer loop
vertex 2 45 0
vertex 4 45 0
vertex 4 45 1
endloop
endfacet
facet normal 0 -1 0
outer loop
vertex 2 45 0
vertex 4 45 1
vertex 2 45 1
endloop
endfacet
facet normal 1 0 0
outer loop
vertex 4 45 0
vertex 4 46 0
vertex 4 46 1
endloop
endfacet
facet normal 1 0 0
outer loop
vertex 4 45 0
vertex 4 46 1
vertex 4 45 1
endloop
endfacet
facet normal 0 1 0
outer loop
vertex 4 46 0
vertex 2 46 0
vertex 2 46 1
endloop
endfacet
facet normal 0 1 0
outer loop
vertex 4 46 0
vertex 2 46 1
vertex 4 46 1
endloop
endfacet
facet normal -1 0 0
outer loop
vertex 2 46 0
vertex 2 45 0
vertex 2 45 1
endloop
endfacet
facet normal -1 0 0
outer loop
vertex 2 46 0
vertex 2 45 1
vertex 2 46 1
endloop
endfacet
facet normal 0 0 -1
outer loop
vertex 32 45 0
vertex 34 46 0
vertex 34 45 0
endloop
endfacet
facet normal 0 0 -1
outer loop
vertex 32 45 0
vertex 32 46 0
vertex 34 46 0
endloop
endfacet
facet normal 0 0 1
outer loop
vertex 32 45 1
vertex 34 45 1
vertex 34 46 1
endloop
endfacet
facet normal 0 0 1
outer loop
vertex 32 45 1
vertex 34 46 1
vertex 32 46 1
endloop
endfacet
facet normal 0 -1 0
outer loop
vertex 32 45 0
vertex 34 45 0
vertex 34 45 1
endloop
endfacet
facet normal 0 -1 0
outer loop
vertex 32 45 0
vertex 34 45 1
vertex 32 45 1
endloop
endfacet
facet normal 1 0 0
outer loop
vertex 34 45 0
vertex 34 46 0
vertex 34 46 1
endloop
endfacet
facet normal 1 0 0
outer loop
vertex 34 45 0
vertex 34 46 1
vertex 34 45 1
endloop
endfacet
facet normal 0 1 0
outer loop
vertex 34 46 0
vertex 32 46 0
vertex 32 46 1
endloop
endfacet
facet normal 0 1 0
outer loop
vertex 34 46 0
vertex 32 46 1
vertex 34 46 1
endloop
endfacet
facet normal -1 0 0
outer loop
vertex 32 46 0
vertex 32 45 0
vertex 32 45 1
endloop
endfacet
facet normal -1 0 0
outer loop
vertex 32 46 0
vertex 32 45 1
vertex 32 46 1
endloop
endfacet
facet normal 0 0 -1
outer loop
vertex 5 46 0
vertex 8 47 0
vertex 8 46 0
endloop
endfacet
facet normal 0 0 -1
outer loop
vertex 5 46 0
vertex 5 47 0
vertex 8 47 0
endloop
endfacet
facet normal 0 0 1
outer loop
vertex 5 46 1
vertex 8 46 1
vertex 8 47 1
endloop
endfacet
facet normal 0 0 1
outer loop
vertex 5 46 1
vertex 8 47 1
vertex 5 47 1
endloop
endfacet
facet normal 0 -1 0
outer loop
vertex 5 46 0
vertex 8 46 0
vertex 8 46 1
endloop
endfacet
facet normal 0 -1 0
outer loop
vertex 5 46 0
vertex 8 46 1
vertex 5 46 1
endloop
endfacet
facet normal 1 0 0
outer loop
vertex 8 46 0
vertex 8 47 0
vertex 8 47 1
endloop
endfacet
facet normal 1 0 0
outer loop
vertex 8 46 0
vertex 8 47 1
vertex 8 46 1
endloop
endfacet
facet normal 0 1 0
outer loop
vertex 8 47 0
vertex 5 47 0
vertex 5 47 1
endloop
endfacet
facet normal 0 1 0
outer loop
vertex 8 47 0
vertex 5 47 1
vertex 8 47 1
endloop
endfacet
facet normal -1 0 0
outer loop
vertex 5 47 0
vertex 5 46 0
vertex 5 46 1
endloop
endfacet
facet normal -1 0 0
outer loop
vertex 5 47 0
vertex 5 46 1
vertex 5 47 1
endloop
endfacet
facet normal 0 0 -1
outer loop
vertex 0 47 0
vertex 4 48 0
vertex 4 47 0
endloop
endfacet
facet normal 0 0 -1
outer loop
vertex 0 47 0
vertex 0 48 0
vertex 4 48 0
endloop
endfacet
facet normal 0 0 1
outer loop
vertex 0 47 1
vertex 4 47 1
vertex 4 48 1
endloop
endfacet
facet normal 0 0 1
outer loop
vertex 0 47 1
vertex 4 48 1
vertex 0 48 1
endloop
endfacet
facet normal 0 -1 0
outer loop
vertex 0 47 0
vertex 4 47 0
vertex 4 47 1
endloop
endfacet
facet normal 0 -1 0
outer loop
vertex 0 47 0
vertex 4 47 1
vertex 0 47 1
endloop
endfacet
facet normal 1 0 0
outer loop
vertex 4 47 0
vertex 4 48 0
vertex 4 48 1
endloop
endfacet
facet normal 1 0 0
outer loop
vertex 4 47 0
vertex 4 48 1
vertex 4 47 1
endloop
endfacet
facet normal 0 1 0
outer loop
vertex 4 48 0
vertex 0 48 0
vertex 0 48 1
endloop
endfacet
facet normal 0 1 0
outer loop
vertex 4 48 0
vertex 0 48 1
vertex 4 48 1
endloop
endfacet
facet normal -1 0 0
outer loop
vertex 0 48 0
vertex 0 47 0
vertex 0 47 1
endloop
endfacet
facet normal -1 0 0
outer loop
vertex 0 48 0
vertex 0 47 1
vertex 0 48 1
endloop
endfacet
facet normal 0 0 -1
outer loop
vertex 8 47 0
vertex 12 48 0
vertex 12 47 0
endloop
endfacet
facet normal 0 0 -1
outer loop
vertex 8 47 0
vertex 8 48 0
vertex 12 48 0
endloop
endfacet
facet normal 0 0 1
outer loop
vertex 8 47 1
vertex 12 47 1
vertex 12 48 1
endloop
endfacet
facet normal 0 0 1
outer loop
vertex 8 47 1
vertex 12 48 1
vertex 8 48 1
endloop
endfacet
facet normal 0 -1 0
outer loop
vertex 8 47 0
vertex 12 47 0
vertex 12 47 1
endloop
endfacet
facet normal 0 -1 0
outer loop
vertex 8 47 0
vertex 12 47 1
vertex 8 47 1
endloop
endfacet
facet normal 1 0 0
outer loop
vertex 12 47 0
vertex 12 48 0
vertex 12 48 1
endloop
endfacet
facet normal 1 0 0
outer loop
vertex 12 47 0
vertex 12 48 1
vertex 12 47 1
endloop
endfacet
facet normal 0 1 0
outer loop
vertex 12 48 0
vertex 8 48 0
vertex 8 48 1
endloop
endfacet
facet normal 0 1 0
outer loop
vertex 12 48 0
vertex 8 48 1
vertex 12 48 1
endloop
endfacet
facet normal -1 0 0
outer loop
vertex 8 48 0
vertex 8 47 0
vertex 8 47 1
endloop
endfacet
facet normal -1 0 0
outer loop
vertex 8 48 0
vertex 8 47 1
vertex 8 48 1
endloop
endfacet
facet normal 0 0 -1
outer loop
vertex 5 48 0
vertex 15 49 0
vertex 15 48 0
endloop
endfacet
facet normal 0 0 -1
outer loop
vertex 5 48 0
vertex 5 49 0
vertex 15 49 0
endloop
endfacet
facet normal 0 0 1
outer loop
vertex 5 48 1
vertex 15 48 1
vertex 15 49 1
endloop
endfacet
facet normal 0 0 1
outer loop
vertex 5 48 1
vertex 15 49 1
vertex 5 49 1
endloop
endfacet
facet normal 0 -1 0
outer loop
vertex 5 48 0
vertex 15 48 0
vertex 15 48 1
endloop
endfacet
facet normal 0 -1 0
outer loop
vertex 5 48 0
vertex 15 48 1
vertex 5 48 1
endloop
endfacet
facet normal 1 0 0
outer loop
vertex 15 48 0
vertex 15 49 0
vertex 15 49 1
endloop
endfacet
facet normal 1 0 0
outer loop
vertex 15 48 0
vertex 15 49 1
vertex 15 48 1
endloop
endfacet
facet normal 0 1 0
outer loop
vertex 15 49 0
vertex 5 49 0
vertex 5 49 1
endloop
endfacet
facet normal 0 1 0
outer loop
vertex 15 49 0
vertex 5 49 1
vertex 15 49 1
endloop
endfacet
facet normal -1 0 0
outer loop
vertex 5 49 0
vertex 5 48 0
vertex 5 48 1
endloop
endfacet
facet normal -1 0 0
outer loop
vertex 5 49 0
vertex 5 48 1
vertex 5 49 1
endloop
endfacet
facet normal 0 0 -1
outer loop
vertex 10 49 0
vertex 17 50 0
vertex 17 49 0
endloop
endfacet
facet normal 0 0 -1
outer loop
vertex 10 49 0
vertex 10 50 0
vertex 17 50 0
endloop
endfacet
facet normal 0 0 1
outer loop
vertex 10 49 1
vertex 17 49 1
vertex 17 50 1
endloop
endfacet
facet normal 0 0 1
outer loop
vertex 10 49 1
vertex 17 50 1
vertex 10 50 1
endloop
endfacet
facet normal 0 -1 0
outer loop
vertex 10 49 0
vertex 17 49 0
vertex 17 49 1
endloop
endfacet
facet normal 0 -1 0
outer loop
vertex 10 49 0
vertex 17 49 1
vertex 10 49 1
endloop
endfacet
facet normal 1 0 0
outer loop
vertex 17 49 0
vertex 17 50 0
vertex 17 50 1
endloop
endfacet
facet normal 1 0 0
outer loop
vertex 17 49 0
vertex 17 50 1
vertex 17 49 1
endloop
endfacet
facet normal 0 1 0
outer loop
vertex 17 50 0
vertex 10 50 0
vertex 10 50 1
endloop
endfacet
facet normal 0 1 0
outer loop
vertex 17 50 0
vertex 10 50 1
vertex 17 50 1
endloop
endfacet
facet normal -1 0 0
outer loop
vertex 10 50 0
vertex 10 49 0
vertex 10 49 1
endloop
endfacet
facet normal -1 0 0
outer loop
vertex 10 50 0
vertex 10 49 1
vertex 10 50 1
endloop
endfacet
facet normal 0 0 -1
outer loop
vertex 30 54 0
vertex 32 55 0
vertex 32 54 0
endloop
endfacet
facet normal 0 0 -1
outer loop
vertex 30 54 0
vertex 30 55 0
vertex 32 55 0
endloop
endfacet
facet normal 0 0 1
outer loop
vertex 30 54 1
vertex 32 54 1
vertex 32 55 1
endloop
endfacet
facet normal 0 0 1
outer loop
vertex 30 54 1
vertex 32 55 1
vertex 30 55 1
endloop
endfacet
facet normal 0 -1 0
outer loop
vertex 30 54 0
vertex 32 54 0
vertex 32 54 1
endloop
endfacet
facet normal 0 -1 0
outer loop
vertex 30 54 0
vertex 32 54 1
vertex 30 54 1
endloop
endfacet
facet normal 1 0 0
outer loop
vertex 32 54 0
vertex 32 55 0
vertex 32 55 1
endloop
endfacet
facet normal 1 0 0
outer loop
vertex 32 54 0
vertex 32 55 1
vertex 32 54 1
endloop
endfacet
facet normal 0 1 0
outer loop
vertex 32 55 0
vertex 30 55 0
vertex 30 55 1
endloop
endfacet
facet normal 0 1 0
outer loop
vertex 32 55 0
vertex 30 55 1
vertex 32 55 1
endloop
endfacet
facet normal -1 0 0
outer loop
vertex 30 55 0
vertex 30 54 0
vertex 30 54 1
endloop
endfacet
facet normal -1 0 0
outer loop
vertex 30 55 0
vertex 30 54 1
vertex 30 55 1
endloop
endfacet
facet normal 0 0 -1
outer loop
vertex 35 54 0
vertex 36 55 0
vertex 36 54 0
endloop
endfacet
facet normal 0 0 -1
outer loop
vertex 35 54 0
vertex 35 55 0
vertex 36 55 0
endloop
endfacet
facet normal 0 0 1
outer loop
vertex 35 54 1
vertex 36 54 1
vertex 36 55 1
endloop
endfacet
facet normal 0 0 1
outer loop
vertex 35 54 1
vertex 36 55 1
vertex 35 55 1
endloop
endfacet
facet normal 0 -1 0
outer loop
vertex 35 54 0
vertex 36 54 0
vertex 36 54 1
endloop
endfacet
facet normal 0 -1 0
outer loop
vertex 35 54 0
vertex 36 54 1
vertex 35 54 1
endloop
endfacet
facet normal 1 0 0
outer loop
vertex 36 54 0
vertex 36 55 0
vertex 36 55 1
endloop
endfacet
facet normal 1 0 0
outer loop
vertex 36 54 0
vertex 36 55 1
vertex 36 54 1
endloop
endfacet
facet normal 0 1 0
outer loop
vertex 36 55 0
vertex 35 55 0
vertex 35 55 1
endloop
endfacet
facet normal 0 1 0
outer loop
vertex 36 55 0
vertex 35 55 1
vertex 36 55 1
endloop
endfacet
facet normal -1 0 0
outer loop
vertex 35 55 0
vertex 35 54 0
vertex 35 54 1
endloop
endfacet
facet normal -1 0 0
outer loop
vertex 35 55 0
vertex 35 54 1
vertex 35 55 1
endloop
endfacet
facet normal 0 0 -1
outer loop
vertex 0 55 0
vertex 2 56 0
vertex 2 55 0
endloop
endfacet
facet normal 0 0 -1
outer loop
vertex 0 55 0
vertex 0 56 0
vertex 2 56 0
endloop
endfacet
facet normal 0 0 1
outer loop
vertex 0 55 1
vertex 2 55 1
vertex 2 56 1
endloop
endfacet
facet normal 0 0 1
outer loop
vertex 0 55 1
vertex 2 56 1
vertex 0 56 1
endloop
endfacet
facet normal 0 -1 0
outer loop
vertex 0 55 0
vertex 2 55 0
vertex 2 55 1
endloop
endfacet
facet normal 0 -1 0
outer loop
vertex 0 55 0
vertex 2 55 1
vertex 0 55 1
endloop
endfacet
facet normal 1 0 0
outer loop
vertex 2 55 0
vertex 2 56 0
vertex 2 56 1
endloop
endfacet
facet normal 1 0 0
outer loop
vertex 2 55 0
vertex 2 56 1
vertex 2 55 1
endloop
endfacet
facet normal 0 1 0
outer loop
vertex 2 56 0
vertex 0 56 0
vertex 0 56 1
endloop
endfacet
facet normal 0 1 0
outer loop
vertex 2 56 0
vertex 0 56 1
vertex 2 56 1
endloop
endfacet
facet normal -1 0 0
outer loop
vertex 0 56 0
vertex 0 55 0
vertex 0 55 1
endloop
endfacet
facet normal -1 0 0
outer loop
vertex 0 56 0
vertex 0 55 1
vertex 0 56 1
endloop
endfacet
facet normal 0 0 -1
outer loop
vertex 34 55 0
vertex 36 56 0
vertex 36 55 0
endloop
endfacet
facet normal 0 0 -1
outer loop
vertex 34 55 0
vertex 34 56 0
vertex 36 56 0
endloop
endfacet
facet normal 0 0 1
outer loop
vertex 34 55 1
vertex 36 55 1
vertex 36 56 1
endloop
endfacet
facet normal 0 0 1
outer loop
vertex 34 55 1
vertex 36 56 1
vertex 34 56 1
endloop
endfacet
facet normal 0 -1 0
outer loop
vertex 34 55 0
vertex 36 55 0
vertex 36 55 1
endloop
endfacet
facet normal 0 -1 0
outer loop
vertex 34 55 0
vertex 36 55 1
vertex 34 55 1
endloop
endfacet
facet normal 1 0 0
outer loop
vertex 36 55 0
vertex 36 56 0
vertex 36 56 1
endloop
endfacet
facet normal 1 0 0
outer loop
vertex 36 55 0
vertex 36 56 1
vertex 36 55 1
endloop
endfacet
facet normal 0 1 0
outer loop
vertex 36 56 0
vertex 34 56 0
vertex 34 56 1
endloop
endfacet
facet normal 0 1 0
outer loop
vertex 36 56 0
vertex 34 56 1
vertex 36 56 1
endloop
endfacet
facet normal -1 0 0
outer loop
vertex 34 56 0
vertex 34 55 0
vertex 34 55 1
endloop
endfacet
facet normal -1 0 0
outer loop
vertex 34 56 0
vertex 34 55 1
vertex 34 56 1
endloop
endfacet
facet normal 0 0 -1
outer loop
vertex 2 56 0
vertex 5 57 0
vertex 5 56 0
endloop
endfacet
facet normal 0 0 -1
outer loop
vertex 2 56 0
vertex 2 57 0
vertex 5 57 0
endloop
endfacet
facet normal 0 0 1
outer loop
vertex 2 56 1
vertex 5 56 1
vertex 5 57 1
endloop
endfacet
facet normal 0 0 1
outer loop
vertex 2 56 1
vertex 5 57 1
vertex 2 57 1
endloop
endfacet
facet normal 0 -1 0
outer loop
vertex 2 56 0
vertex 5 56 0
vertex 5 56 1
endloop
endfacet
facet normal 0 -1 0
outer loop
vertex 2 56 0
vertex 5 56 1
vertex 2 56 1
endloop
endfacet
facet normal 1 0 0
outer loop
vertex 5 56 0
vertex 5 57 0
vertex 5 57 1
endloop
endfacet
facet normal 1 0 0
outer loop
vertex 5 56 0
vertex 5 57 1
vertex 5 56 1
endloop
endfacet
facet normal 0 1 0
outer loop
vertex 5 57 0
vertex 2 57 0
vertex 2 57 1
endloop
endfacet
facet normal 0 1 0
outer loop
vertex 5 57 0
vertex 2 57 1
vertex 5 57 1
endloop
endfacet
facet normal -1 0 0
outer loop
vertex 2 57 0
vertex 2 56 0
vertex 2 56 1
endloop
endfacet
facet normal -1 0 0
outer loop
vertex 2 57 0
vertex 2 56 1
vertex 2 57 1
endloop
endfacet
facet normal 0 0 -1
outer loop
vertex 2 57 0
vertex 4 58 0
vertex 4 57 0
endloop
endfacet
facet normal 0 0 -1
outer loop
vertex 2 57 0
vertex 2 58 0
vertex 4 58 0
endloop
endfacet
facet normal 0 0 1
outer loop
vertex 2 57 1
vertex 4 57 1
vertex 4 58 1
endloop
endfacet
facet normal 0 0 1
outer loop
vertex 2 57 1
vertex 4 58 1
vertex 2 58 1
endloop
endfacet
facet normal 0 -1 0
outer loop
vertex 2 57 0
vertex 4 57 0
vertex 4 57 1
endloop
endfacet
facet normal 0 -1 0
outer loop
vertex 2 57 0
vertex 4 57 1
vertex 2 57 1
endloop
endfacet
facet normal 1 0 0
outer loop
vertex 4 57 0
vertex 4 58 0
vertex 4 58 1
endloop
endfacet
facet normal 1 0 0
outer loop
vertex 4 57 0
vertex 4 58 1
vertex 4 57 1
endloop
endfacet
facet normal 0 1 0
outer loop
vertex 4 58 0
vertex 2 58 0
vertex 2 58 1
endloop
endfacet
facet normal 0 1 0
outer loop
vertex 4 58 0
vertex 2 58 1
vertex 4 58 1
endloop
endfacet
facet normal -1 0 0
outer loop
vertex 2 58 0
vertex 2 57 0
vertex 2 57 1
endloop
endfacet
facet normal -1 0 0
outer loop
vertex 2 58 0
vertex 2 57 1
vertex 2 58 1
endloop
endfacet
facet normal 0 0 -1
outer loop
vertex 5 57 0
vertex 8 58 0
vertex 8 57 0
endloop
endfacet
facet normal 0 0 -1
outer loop
vertex 5 57 0
vertex 5 58 0
vertex 8 58 0
endloop
endfacet
facet normal 0 0 1
outer loop
vertex 5 57 1
vertex 8 57 1
vertex 8 58 1
endloop
endfacet
facet normal 0 0 1
outer loop
vertex 5 57 1
vertex 8 58 1
vertex 5 58 1
endloop
endfacet
facet normal 0 -1 0
outer loop
vertex 5 57 0
vertex 8 57 0
vertex 8 57 1
endloop
endfacet
facet normal 0 -1 0
outer loop
vertex 5 57 0
vertex 8 57 1
vertex 5 57 1
endloop
endfacet
facet normal 1 0 0
outer loop
vertex 8 57 0
vertex 8 58 0
vertex 8 58 1
endloop
endfacet
facet normal 1 0 0
outer loop
vertex 8 57 0
vertex 8 58 1
vertex 8 57 1
endloop
endfacet
facet normal 0 1 0
outer loop
vertex 8 58 0
vertex 5 58 0
vertex 5 58 1
endloop
endfacet
facet normal 0 1 0
outer loop
vertex 8 58 0
vertex 5 58 1
vertex 8 58 1
endloop
endfacet
facet normal -1 0 0
outer loop
vertex 5 58 0
vertex 5 57 0
vertex 5 57 1
endloop
endfacet
facet normal -1 0 0
outer loop
vertex 5 58 0
vertex 5 57 1
vertex 5 58 1
endloop
endfacet
facet normal 0 0 -1
outer loop
vertex 6 58 0
vertex 11 59 0
vertex 11 58 0
endloop
endfacet
facet normal 0 0 -1
outer loop
vertex 6 58 0
vertex 6 59 0
vertex 11 59 0
endloop
endfacet
facet normal 0 0 1
outer loop
vertex 6 58 1
vertex 11 58 1
vertex 11 59 1
endloop
endfacet
facet normal 0 0 1
outer loop
vertex 6 58 1
vertex 11 59 1
vertex 6 59 1
endloop
endfacet
facet normal 0 -1 0
outer loop
vertex 6 58 0
vertex 11 58 0
vertex 11 58 1
endloop
endfacet
facet normal 0 -1 0
outer loop
vertex 6 58 0
vertex 11 58 1
vertex 6 58 1
endloop
endfacet
facet normal 1 0 0
outer loop
vertex 11 58 0
vertex 11 59 0
vertex 11 59 1
endloop
endfacet
facet normal 1 0 0
outer loop
vertex 11 58 0
vertex 11 59 1
vertex 11 58 1
endloop
endfacet
facet normal 0 1 0
outer loop
vertex 11 59 0
vertex 6 59 0
vertex 6 59 1
endloop
endfacet
facet normal 0 1 0
outer loop
vertex 11 59 0
vertex 6 59 1
vertex 11 59 1
endloop
endfacet
facet normal -1 0 0
outer loop
vertex 6 59 0
vertex 6 58 0
vertex 6 58 1
endloop
endfacet
facet normal -1 0 0
outer loop
vertex 6 59 0
vertex 6 58 1
vertex 6 59 1
endloop
endfacet
facet normal 0 0 -1
outer loop
vertex 10 59 0
vertex 14 60 0
vertex 14 59 0
endloop
endfacet
facet normal 0 0 -1
outer loop
vertex 10 59 0
vertex 10 60 0
vertex 14 60 0
endloop
endfacet
facet normal 0 0 1
outer loop
vertex 10 59 1
vertex 14 59 1
vertex 14 60 1
endloop
endfacet
facet normal 0 0 1
outer loop
vertex 10 59 1
vertex 14 60 1
vertex 10 60 1
endloop
endfacet
facet normal 0 -1 0
outer loop
vertex 10 59 0
vertex 14 59 0
vertex 14 59 1
endloop
endfacet
facet normal 0 -1 0
outer loop
vertex 10 59 0
vertex 14 59 1
vertex 10 59 1
endloop
endfacet
facet normal 1 0 0
outer loop
vertex 14 59 0
vertex 14 60 0
vertex 14 60 1
endloop
endfacet
facet normal 1 0 0
outer loop
vertex 14 59 0
vertex 14 60 1
vertex 14 59 1
endloop
endfacet
facet normal 0 1 0
outer loop
vertex 14 60 0
vertex 10 60 0
vertex 10 60 1
endloop
endfacet
facet normal 0 1 0
outer loop
vertex 14 60 0
vertex 10 60 1
vertex 14 60 1
endloop
endfacet
facet normal -1 0 0
outer loop
vertex 10 60 0
vertex 10 59 0
vertex 10 59 1
endloop
endfacet
facet normal -1 0 0
outer loop
vertex 10 60 0
vertex 10 59 1
vertex 10 60 1
endloop
endfacet
facet normal 0 0 -1
outer loop
vertex 14 60 0
vertex 17 61 0
vertex 17 60 0
endloop
endfacet
facet normal 0 0 -1
outer loop
vertex 14 60 0
vertex 14 61 0
vertex 17 61 0
endloop
endfacet
facet normal 0 0 1
outer loop
vertex 14 60 1
vertex 17 60 1
vertex 17 61 1
endloop
endfacet
facet normal 0 0 1
outer loop
vertex 14 60 1
vertex 17 61 1
vertex 14 61 1
endloop
endfacet
facet normal 0 -1 0
outer loop
vertex 14 60 0
vertex 17 60 0
vertex 17 60 1
endloop
endfacet
facet normal 0 -1 0
outer loop
vertex 14 60 0
vertex 17 60 1
vertex 14 60 1
endloop
endfacet
facet normal 1 0 0
outer loop
vertex 17 60 0
vertex 17 61 0
vertex 17 61 1
endloop
endfacet
facet normal 1 0 0
outer loop
vertex 17 60 0
vertex 17 61 1
vertex 17 60 1
endloop
endfacet
facet normal 0 1 0
outer loop
vertex 17 61 0
vertex 14 61 0
vertex 14 61 1
endloop
endfacet
facet normal 0 1 0
outer loop
vertex 17 61 0
vertex 14 61 1
vertex 17 61 1
endloop
endfacet
facet normal -1 0 0
outer loop
vertex 14 61 0
vertex 14 60 0
vertex 14 60 1
endloop
endfacet
facet normal -1 0 0
outer loop
vertex 14 61 0
vertex 14 60 1
vertex 14 61 1
endloop
endfacet
facet normal 0 0 -1
outer loop
vertex 18 61 0
vertex 22 62 0
vertex 22 61 0
endloop
endfacet
facet normal 0 0 -1
outer loop
vertex 18 61 0
vertex 18 62 0
vertex 22 62 0
endloop
endfacet
facet normal 0 0 1
outer loop
vertex 18 61 1
vertex 22 61 1
vertex 22 62 1
endloop
endfacet
facet normal 0 0 1
outer loop
vertex 18 61 1
vertex 22 62 1
vertex 18 62 1
endloop
endfacet
facet normal 0 -1 0
outer loop
vertex 18 61 0
vertex 22 61 0
vertex 22 61 1
endloop
endfacet
facet normal 0 -1 0
outer loop
vertex 18 61 0
vertex 22 61 1
vertex 18 61 1
endloop
endfacet
facet normal 1 0 0
outer loop
vertex 22 61 0
vertex 22 62 0
vertex 22 62 1
endloop
endfacet
facet normal 1 0 0
outer loop
vertex 22 61 0
vertex 22 62 1
vertex 22 61 1
endloop
endfacet
facet normal 0 1 0
outer loop
vertex 22 62 0
vertex 18 62 0
vertex 18 62 1
endloop
endfacet
facet normal 0 1 0
outer loop
vertex 22 62 0
vertex 18 62 1
vertex 22 62 1
endloop
endfacet
facet normal -1 0 0
outer loop
vertex 18 62 0
vertex 18 61 0
vertex 18 61 1
endloop
endfacet
facet normal -1 0 0
outer loop
vertex 18 62 0
vertex 18 61 1
vertex 18 62 1
endloop
endfacet
facet normal 0 0 -1
outer loop
vertex 22 62 0
vertex 27 63 0
vertex 27 62 0
endloop
endfacet
facet normal 0 0 -1
outer loop
vertex 22 62 0
vertex 22 63 0
vertex 27 63 0
endloop
endfacet
facet normal 0 0 1
outer loop
vertex 22 62 1
vertex 27 62 1
vertex 27 63 1
endloop
endfacet
facet normal 0 0 1
outer loop
vertex 22 62 1
vertex 27 63 1
vertex 22 63 1
endloop
endfacet
facet normal 0 -1 0
outer loop
vertex 22 62 0
vertex 27 62 0
vertex 27 62 1
endloop
endfacet
facet normal 0 -1 0
outer loop
vertex 22 62 0
vertex 27 62 1
vertex 22 62 1
endloop
endfacet
facet normal 1 0 0
outer loop
vertex 27 62 0
vertex 27 63 0
vertex 27 63 1
endloop
endfacet
facet normal 1 0 0
outer loop
vertex 27 62 0
vertex 27 63 1
vertex 27 62 1
endloop
endfacet
facet normal 0 1 0
outer loop
vertex 27 63 0
vertex 22 63 0
vertex 22 63 1
endloop
endfacet
facet normal 0 1 0
outer loop
vertex 27 63 0
vertex 22 63 1
vertex 27 63 1
endloop
endfacet
facet normal -1 0 0
outer loop
vertex 22 63 0
vertex 22 62 0
vertex 22 62 1
endloop
endfacet
facet normal -1 0 0
outer loop
vertex 22 63 0
vertex 22 62 1
vertex 22 63 1
endloop
endfacet
facet normal 0 0 -1
outer loop
vertex 26 63 0
vertex 28 64 0
vertex 28 63 0
endloop
endfacet
facet normal 0 0 -1
outer loop
vertex 26 63 0
vertex 26 64 0
vertex 28 64 0
endloop
endfacet
facet normal 0 0 1
outer loop
vertex 26 63 1
vertex 28 63 1
vertex 28 64 1
endloop
endfacet
facet normal 0 0 1
outer loop
vertex 26 63 1
vertex 28 64 1
vertex 26 64 1
endloop
endfacet
facet normal 0 -1 0
outer loop
vertex 26 63 0
vertex 28 63 0
vertex 28 63 1
endloop
endfacet
facet normal 0 -1 0
outer loop
vertex 26 63 0
vertex 28 63 1
vertex 26 63 1
endloop
endfacet
facet normal 1 0 0
outer loop
vertex 28 63 0
vertex 28 64 0
vertex 28 64 1
endloop
endfacet
facet normal 1 0 0
outer loop
vertex 28 63 0
vertex 28 64 1
vertex 28 63 1
endloop
endfacet
facet normal 0 1 0
outer loop
vertex 28 64 0
vertex 26 64 0
vertex 26 64 1
endloop
endfacet
facet normal 0 1 0
outer loop
vertex 28 64 0
vertex 26 64 1
vertex 28 64 1
endloop
endfacet
facet normal -1 0 0
outer loop
vertex 26 64 0
vertex 26 63 0
vertex 26 63 1
endloop
endfacet
facet normal -1 0 0
outer loop
vertex 26 64 0
vertex 26 63 1
vertex 26 64 1
endloop
endfacet
facet normal 0 0 -1
outer loop
vertex 29 63 0
vertex 32 64 0
vertex 32 63 0
endloop
endfacet
facet normal 0 0 -1
outer loop
vertex 29 63 0
vertex 29 64 0
vertex 32 64 0
endloop
endfacet
facet normal 0 0 1
outer loop
vertex 29 63 1
vertex 32 63 1
vertex 32 64 1
endloop
endfacet
facet normal 0 0 1
outer loop
vertex 29 63 1
vertex 32 64 1
vertex 29 64 1
endloop
endfacet
facet normal 0 -1 0
outer loop
vertex 29 63 0
vertex 32 63 0
vertex 32 63 1
endloop
endfacet
facet normal 0 -1 0
outer loop
vertex 29 63 0
vertex 32 63 1
vertex 29 63 1
endloop
endfacet
facet normal 1 0 0
outer loop
vertex 32 63 0
vertex 32 64 0
vertex 32 64 1
endloop
endfacet
facet normal 1 0 0
outer loop
vertex 32 63 0
vertex 32 64 1
vertex 32 63 1
endloop
endfacet
facet normal 0 1 0
outer loop
vertex 32 64 0
vertex 29 64 0
vertex 29 64 1
endloop
endfacet
facet normal 0 1 0
outer loop
vertex 32 64 0
vertex 29 64 1
vertex 32 64 1
endloop
endfacet
facet normal -1 0 0
outer loop
vertex 29 64 0
vertex 29 63 0
vertex 29 63 1
endloop
endfacet
facet normal -1 0 0
outer loop
vertex 29 64 0
vertex 29 63 1
vertex 29 64 1
endloop
endfacet
facet normal 0 0 -1
outer loop
vertex 30 64 0
vertex 32 65 0
vertex 32 64 0
endloop
endfacet
facet normal 0 0 -1
outer loop
vertex 30 64 0
vertex 30 65 0
vertex 32 65 0
endloop
endfacet
facet normal 0 0 1
outer loop
vertex 30 64 1
vertex 32 64 1
vertex 32 65 1
endloop
endfacet
facet normal 0 0 1
outer loop
vertex 30 64 1
vertex 32 65 1
vertex 30 65 1
endloop
endfacet
facet normal 0 -1 0
outer loop
vertex 30 64 0
vertex 32 64 0
vertex 32 64 1
endloop
endfacet
facet normal 0 -1 0
outer loop
vertex 30 64 0
vertex 32 64 1
vertex 30 64 1
endloop
endfacet
facet normal 1 0 0
outer loop
vertex 32 64 0
vertex 32 65 0
vertex 32 65 1
endloop
endfacet
facet normal 1 0 0
outer loop
vertex 32 64 0
vertex 32 65 1
vertex 32 64 1
endloop
endfacet
facet normal 0 1 0
outer loop
vertex 32 65 0
vertex 30 65 0
vertex 30 65 1
endloop
endfacet
facet normal 0 1 0
outer loop
vertex 32 65 0
vertex 30 65 1
vertex 32 65 1
endloop
endfacet
facet normal -1 0 0
outer loop
vertex 30 65 0
vertex 30 64 0
vertex 30 64 1
endloop
endfacet
facet normal -1 0 0
outer loop
vertex 30 65 0
vertex 30 64 1
vertex 30 65 1
endloop
endfacet
facet normal 0 0 -1
outer loop
vertex 34 64 0
vertex 36 65 0
vertex 36 64 0
endloop
endfacet
facet normal 0 0 -1
outer loop
vertex 34 64 0
vertex 34 65 0
vertex 36 65 0
endloop
endfacet
facet normal 0 0 1
outer loop
vertex 34 64 1
vertex 36 64 1
vertex 36 65 1
endloop
endfacet
facet normal 0 0 1
outer loop
vertex 34 64 1
vertex 36 65 1
vertex 34 65 1
endloop
endfacet
facet normal 0 -1 0
outer loop
vertex 34 64 0
vertex 36 64 0
vertex 36 64 1
endloop
endfacet
facet normal 0 -1 0
outer loop
vertex 34 64 0
vertex 36 64 1
vertex 34 64 1
endloop
endfacet
facet normal 1 0 0
outer loop
vertex 36 64 0
vertex 36 65 0
vertex 36 65 1
endloop
endfacet
facet normal 1 0 0
outer loop
vertex 36 64 0
vertex 36 65 1
vertex 36 64 1
endloop
endfacet
facet normal 0 1 0
outer loop
vertex 36 65 0
vertex 34 65 0
vertex 34 65 1
endloop
endfacet
facet normal 0 1 0
outer loop
vertex 36 65 0
vertex 34 65 1
vertex 36 65 1
endloop
endfacet
facet normal -1 0 0
outer loop
vertex 34 65 0
vertex 34 64 0
vertex 34 64 1
endloop
endfacet
facet normal -1 0 0
outer loop
vertex 34 65 0
vertex 34 64 1
vertex 34 65 1
endloop
endfacet
facet normal 0 0 -1
outer loop
vertex 0 65 0
vertex 1 66 0
vertex 1 65 0
endloop
endfacet
facet normal 0 0 -1
outer loop
vertex 0 65 0
vertex 0 66 0
vertex 1 66 0
endloop
endfacet
facet normal 0 0 1
outer loop
vertex 0 65 1
vertex 1 65 1
vertex 1 66 1
endloop
endfacet
facet normal 0 0 1
outer loop
vertex 0 65 1
vertex 1 66 1
vertex 0 66 1
endloop
endfacet
facet normal 0 -1 0
outer loop
vertex 0 65 0
vertex 1 65 0
vertex 1 65 1
endloop
endfacet
facet normal 0 -1 0
outer loop
vertex 0 65 0
vertex 1 65 1
vertex 0 65 1
endloop
endfacet
facet normal 1 0 0
outer loop
vertex 1 65 0
vertex 1 66 0
vertex 1 66 1
endloop
endfacet
facet normal 1 0 0
outer loop
vertex 1 65 0
vertex 1 66 1
vertex 1 65 1
endloop
endfacet
facet normal 0 1 0
outer loop
vertex 1 66 0
vertex 0 66 0
vertex 0 66 1
endloop
endfacet
facet normal 0 1 0
outer loop
vertex 1 66 0
vertex 0 66 1
vertex 1 66 1
endloop
endfacet
facet normal -1 0 0
outer loop
vertex 0 66 0
vertex 0 65 0
vertex 0 65 1
endloop
endfacet
facet normal -1 0 0
outer loop
vertex 0 66 0
vertex 0 65 1
vertex 0 66 1
endloop
endfacet
facet normal 0 0 -1
outer loop
vertex 34 65 0
vertex 36 66 0
vertex 36 65 0
endloop
endfacet
facet normal 0 0 -1
outer loop
vertex 34 65 0
vertex 34 66 0
vertex 36 66 0
endloop
endfacet
facet normal 0 0 1
outer loop
vertex 34 65 1
vertex 36 65 1
vertex 36 66 1
endloop
endfacet
facet normal 0 0 1
outer loop
vertex 34 65 1
vertex 36 66 1
vertex 34 66 1
endloop
endfacet
facet normal 0 -1 0
outer loop
vertex 34 65 0
vertex 36 65 0
vertex 36 65 1
endloop
endfacet
facet normal 0 -1 0
outer loop
vertex 34 65 0
vertex 36 65 1
vertex 34 65 1
endloop
endfacet
facet normal 1 0 0
outer loop
vertex 36 65 0
vertex 36 66 0
vertex 36 66 1
endloop
endfacet
facet normal 1 0 0
outer loop
vertex 36 65 0
vertex 36 66 1
vertex 36 65 1
endloop
endfacet
facet normal 0 1 0
outer loop
vertex 36 66 0
vertex 34 66 0
vertex 34 66 1
endloop
endfacet
facet normal 0 1 0
outer loop
vertex 36 66 0
vertex 34 66 1
vertex 36 66 1
endloop
endfacet
facet normal -1 0 0
outer loop
vertex 34 66 0
vertex 34 65 0
vertex 34 65 1
endloop
endfacet
facet normal -1 0 0
outer loop
vertex 34 66 0
vertex 34 65 1
vertex 34 66 1
endloop
endfacet
facet normal 0 0 -1
outer loop
vertex 3 66 0
vertex 6 67 0
vertex 6 66 0
endloop
endfacet
facet normal 0 0 -1
outer loop
vertex 3 66 0
vertex 3 67 0
vertex 6 67 0
endloop
endfacet
facet normal 0 0 1
outer loop
vertex 3 66 1
vertex 6 66 1
vertex 6 67 1
endloop
endfacet
facet normal 0 0 1
outer loop
vertex 3 66 1
vertex 6 67 1
vertex 3 67 1
endloop
endfacet
facet normal 0 -1 0
outer loop
vertex 3 66 0
vertex 6 66 0
vertex 6 66 1
endloop
endfacet
facet normal 0 -1 0
outer loop
vertex 3 66 0
vertex 6 66 1
vertex 3 66 1
endloop
endfacet
facet normal 1 0 0
outer loop
vertex 6 66 0
vertex 6 67 0
vertex 6 67 1
endloop
endfacet
facet normal 1 0 0
outer loop
vertex 6 66 0
vertex 6 67 1
vertex 6 66 1
endloop
endfacet
facet normal 0 1 0
outer loop
vertex 6 67 0
vertex 3 67 0
vertex 3 67 1
endloop
endfacet
facet normal 0 1 0
outer loop
vertex 6 67 0
vertex 3 67 1
vertex 6 67 1
endloop
endfacet
facet normal -1 0 0
outer loop
vertex 3 67 0
vertex 3 66 0
vertex 3 66 1
endloop
endfacet
facet normal -1 0 0
outer loop
vertex 3 67 0
vertex 3 66 1
vertex 3 67 1
endloop
endfacet
facet normal 0 0 -1
outer loop
vertex 2 67 0
vertex 4 68 0
vertex 4 67 0
endloop
endfacet
facet normal 0 0 -1
outer loop
vertex 2 67 0
vertex 2 68 0
vertex 4 68 0
endloop
endfacet
facet normal 0 0 1
outer loop
vertex 2 67 1
vertex 4 67 1
vertex 4 68 1
endloop
endfacet
facet normal 0 0 1
outer loop
vertex 2 67 1
vertex 4 68 1
vertex 2 68 1
endloop
endfacet
facet normal 0 -1 0
outer loop
vertex 2 67 0
vertex 4 67 0
vertex 4 67 1
endloop
endfacet
facet normal 0 -1 0
outer loop
vertex 2 67 0
vertex 4 67 1
vertex 2 67 1
endloop
endfacet
facet normal 1 0 0
outer loop
vertex 4 67 0
vertex 4 68 0
vertex 4 68 1
endloop
endfacet
facet normal 1 0 0
outer loop
vertex 4 67 0
vertex 4 68 1
vertex 4 67 1
endloop
endfacet
facet normal 0 1 0
outer loop
vertex 4 68 0
vertex 2 68 0
vertex 2 68 1
endloop
endfacet
facet normal 0 1 0
outer loop
vertex 4 68 0
vertex 2 68 1
vertex 4 68 1
endloop
endfacet
facet normal -1 0 0
outer loop
vertex 2 68 0
vertex 2 67 0
vertex 2 67 1
endloop
endfacet
facet normal -1 0 0
outer loop
vertex 2 68 0
vertex 2 67 1
vertex 2 68 1
endloop
endfacet
facet normal 0 0 -1
outer loop
vertex 8 67 0
vertex 11 68 0
vertex 11 67 0
endloop
endfacet
facet normal 0 0 -1
outer loop
vertex 8 67 0
vertex 8 68 0
vertex 11 68 0
endloop
endfacet
facet normal 0 0 1
outer loop
vertex 8 67 1
vertex 11 67 1
vertex 11 68 1
endloop
endfacet
facet normal 0 0 1
outer loop
vertex 8 67 1
vertex 11 68 1
vertex 8 68 1
endloop
endfacet
facet normal 0 -1 0
outer loop
vertex 8 67 0
vertex 11 67 0
vertex 11 67 1
endloop
endfacet
facet normal 0 -1 0
outer loop
vertex 8 67 0
vertex 11 67 1
vertex 8 67 1
endloop
endfacet
facet normal 1 0 0
outer loop
vertex 11 67 0
vertex 11 68 0
vertex 11 68 1
endloop
endfacet
facet normal 1 0 0
outer loop
vertex 11 67 0
vertex 11 68 1
vertex 11 67 1
endloop
endfacet
facet normal 0 1 0
outer loop
vertex 11 68 0
vertex 8 68 0
vertex 8 68 1
endloop
endfacet
facet normal 0 1 0
outer loop
vertex 11 68 0
vertex 8 68 1
vertex 11 68 1
endloop
endfacet
facet normal -1 0 0
outer loop
vertex 8 68 0
vertex 8 67 0
vertex 8 67 1
endloop
endfacet
facet normal -1 0 0
outer loop
vertex 8 68 0
vertex 8 67 1
vertex 8 68 1
endloop
endfacet
facet normal 0 0 -1
outer loop
vertex 13 90 0
vertex 20 91 0
vertex 20 90 0
endloop
endfacet
facet normal 0 0 -1
outer loop
vertex 13 90 0
vertex 13 91 0
vertex 20 91 0
endloop
endfacet
facet normal 0 0 1
outer loop
vertex 13 90 1
vertex 20 90 1
vertex 20 91 1
endloop
endfacet
facet normal 0 0 1
outer loop
vertex 13 90 1
vertex 20 91 1
vertex 13 91 1
endloop
endfacet
facet normal 0 -1 0
outer loop
vertex 13 90 0
vertex 20 90 0
vertex 20 90 1
endloop
endfacet
facet normal 0 -1 0
outer loop
vertex 13 90 0
vertex 20 90 1
vertex 13 90 1
endloop
endfacet
facet normal 1 0 0
outer loop
vertex 20 90 0
vertex 20 91 0
vertex 20 91 1
endloop
endfacet
facet normal 1 0 0
outer loop
vertex 20 90 0
vertex 20 91 1
vertex 20 90 1
endloop
endfacet
facet normal 0 1 0
outer loop
vertex 20 91 0
vertex 13 91 0
vertex 13 91 1
endloop
endfacet
facet normal 0 1 0
outer loop
vertex 20 91 0
vertex 13 91 1
vertex 20 91 1
endloop
endfacet
facet normal -1 0 0
outer loop
vertex 13 91 0
vertex 13 90 0
vertex 13 90 1
endloop
endfacet
facet normal -1 0 0
outer loop
vertex 13 91 0
vertex 13 90 1
vertex 13 91 1
endloop
endfacet
facet normal 0 0 -1
outer loop
vertex 17 91 0
vertex 26 92 0
vertex 26 91 0
endloop
endfacet
facet normal 0 0 -1
outer loop
vertex 17 91 0
vertex 17 92 0
vertex 26 92 0
endloop
endfacet
facet normal 0 0 1
outer loop
vertex 17 91 1
vertex 26 91 1
vertex 26 92 1
endloop
endfacet
facet normal 0 0 1
outer loop
vertex 17 91 1
vertex 26 92 1
vertex 17 92 1
endloop
endfacet
facet normal 0 -1 0
outer loop
vertex 17 91 0
vertex 26 91 0
vertex 26 91 1
endloop
endfacet
facet normal 0 -1 0
outer loop
vertex 17 91 0
vertex 26 91 1
vertex 17 91 1
endloop
endfacet
facet normal 1 0 0
outer loop
vertex 26 91 0
vertex 26 92 0
vertex 26 92 1
endloop
endfacet
facet normal 1 0 0
outer loop
vertex 26 91 0
vertex 26 92 1
vertex 26 91 1
endloop
endfacet
facet normal 0 1 0
outer loop
vertex 26 92 0
vertex 17 92 0
vertex 17 92 1
endloop
endfacet
facet normal 0 1 0
outer loop
vertex 26 92 0
vertex 17 92 1
vertex 26 92 1
endloop
endfacet
facet normal -1 0 0
outer loop
vertex 17 92 0
vertex 17 91 0
vertex 17 91 1
endloop
endfacet
facet normal -1 0 0
outer loop
vertex 17 92 0
vertex 17 91 1
vertex 17 92 1
endloop
endfacet
facet normal 0 0 -1
outer loop
vertex 21 92 0
vertex 23 93 0
vertex 23 92 0
endloop
endfacet
facet normal 0 0 -1
outer loop
vertex 21 92 0
vertex 21 93 0
vertex 23 93 0
endloop
endfacet
facet normal 0 0 1
outer loop
vertex 21 92 1
vertex 23 92 1
vertex 23 93 1
endloop
endfacet
facet normal 0 0 1
outer loop
vertex 21 92 1
vertex 23 93 1
vertex 21 93 1
endloop
endfacet
facet normal 0 -1 0
outer loop
vertex 21 92 0
vertex 23 92 0
vertex 23 92 1
endloop
endfacet
facet normal 0 -1 0
outer loop
vertex 21 92 0
vertex 23 92 1
vertex 21 92 1
endloop
endfacet
facet normal 1 0 0
outer loop
vertex 23 92 0
vertex 23 93 0
vertex 23 93 1
endloop
endfacet
facet normal 1 0 0
outer loop
vertex 23 92 0
vertex 23 93 1
vertex 23 92 1
endloop
endfacet
facet normal 0 1 0
outer loop
vertex 23 93 0
vertex 21 93 0
vertex 21 93 1
endloop
endfacet
facet normal 0 1 0
outer loop
vertex 23 93 0
vertex 21 93 1
vertex 23 93 1
endloop
endfacet
facet normal -1 0 0
outer loop
vertex 21 93 0
vertex 21 92 0
vertex 21 92 1
endloop
endfacet
facet normal -1 0 0
outer loop
vertex 21 93 0
vertex 21 92 1
vertex 21 93 1
endloop
endfacet
facet normal 0 0 -1
outer loop
vertex 27 92 0
vertex 31 93 0
vertex 31 92 0
endloop
endfacet
facet normal 0 0 -1
outer loop
vertex 27 92 0
vertex 27 93 0
vertex 31 93 0
endloop
endfacet
facet normal 0 0 1
outer loop
vertex 27 92 1
vertex 31 92 1
vertex 31 93 1
endloop
endfacet
facet normal 0 0 1
outer loop
vertex 27 92 1
vertex 31 93 1
vertex 27 93 1
endloop
endfacet
facet normal 0 -1 0
outer loop
vertex 27 92 0
vertex 31 92 0
vertex 31 92 1
endloop
endfacet
facet normal 0 -1 0
outer loop
vertex 27 92 0
vertex 31 92 1
vertex 27 92 1
endloop
endfacet
facet normal 1 0 0
outer loop
vertex 31 92 0
vertex 31 93 0
vertex 31 93 1
endloop
endfacet
facet normal 1 0 0
outer loop
vertex 31 92 0
vertex 31 93 1
vertex 31 92 1
endloop
endfacet
facet normal 0 1 0
outer loop
vertex 31 93 0
vertex 27 93 0
vertex 27 93 1
endloop
endfacet
facet normal 0 1 0
outer loop
vertex 31 93 0
vertex 27 93 1
vertex 31 93 1
endloop
endfacet
facet normal -1 0 0
outer loop
vertex 27 93 0
vertex 27 92 0
vertex 27 92 1
endloop
endfacet
facet normal -1 0 0
outer loop
vertex 27 93 0
vertex 27 92 1
vertex 27 93 1
endloop
endfacet
facet normal 0 0 -1
outer loop
vertex 25 93 0
vertex 27 94 0
vertex 27 93 0
endloop
endfacet
facet normal 0 0 -1
outer loop
vertex 25 93 0
vertex 25 94 0
vertex 27 94 0
endloop
endfacet
facet normal 0 0 1
outer loop
vertex 25 93 1
vertex 27 93 1
vertex 27 94 1
endloop
endfacet
facet normal 0 0 1
outer loop
vertex 25 93 1
vertex 27 94 1
vertex 25 94 1
endloop
endfacet
facet normal 0 -1 0
outer loop
vertex 25 93 0
vertex 27 93 0
vertex 27 93 1
endloop
endfacet
facet normal 0 -1 0
outer loop
vertex 25 93 0
vertex 27 93 1
vertex 25 93 1
endloop
endfacet
facet normal 1 0 0
outer loop
vertex 27 93 0
vertex 27 94 0
vertex 27 94 1
endloop
endfacet
facet normal 1 0 0
outer loop
vertex 27 93 0
vertex 27 94 1
vertex 27 93 1
endloop
endfacet
facet normal 0 1 0
outer loop
vertex 27 94 0
vertex 25 94 0
vertex 25 94 1
endloop
endfacet
facet normal 0 1 0
outer loop
vertex 27 94 0
vertex 25 94 1
vertex 27 94 1
endloop
endfacet
facet normal -1 0 0
outer loop
vertex 25 94 0
vertex 25 93 0
vertex 25 93 1
endloop
endfacet
facet normal -1 0 0
outer loop
vertex 25 94 0
vertex 25 93 1
vertex 25 94 1
endloop
endfacet
facet normal 0 0 -1
outer loop
vertex 32 93 0
vertex 35 94 0
vertex 35 93 0
endloop
endfacet
facet normal 0 0 -1
outer loop
vertex 32 93 0
vertex 32 94 0
vertex 35 94 0
endloop
endfacet
facet normal 0 0 1
outer loop
vertex 32 93 1
vertex 35 93 1
vertex 35 94 1
endloop
endfacet
facet normal 0 0 1
outer loop
vertex 32 93 1
vertex 35 94 1
vertex 32 94 1
endloop
endfacet
facet normal 0 -1 0
outer loop
vertex 32 93 0
vertex 35 93 0
vertex 35 93 1
endloop
endfacet
facet normal 0 -1 0
outer loop
vertex 32 93 0
vertex 35 93 1
vertex 32 93 1
endloop
endfacet
facet normal 1 0 0
outer loop
vertex 35 93 0
vertex 35 94 0
vertex 35 94 1
endloop
endfacet
facet normal 1 0 0
outer loop
vertex 35 93 0
vertex 35 94 1
vertex 35 93 1
endloop
endfacet
facet normal 0 1 0
outer loop
vertex 35 94 0
vertex 32 94 0
vertex 32 94 1
endloop
endfacet
facet normal 0 1 0
outer loop
vertex 35 94 0
vertex 32 94 1
vertex 35 94 1
endloop
endfacet
facet normal -1 0 0
outer loop
vertex 32 94 0
vertex 32 93 0
vertex 32 93 1
endloop
endfacet
facet normal -1 0 0
outer loop
vertex 32 94 0
vertex 32 93 1
vertex 32 94 1
endloop
endfacet
facet normal 0 0 -1
outer loop
vertex 29 94 0
vertex 31 95 0
vertex 31 94 0
endloop
endfacet
facet normal 0 0 -1
outer loop
vertex 29 94 0
vertex 29 95 0
vertex 31 95 0
endloop
endfacet
facet normal 0 0 1
outer loop
vertex 29 94 1
vertex 31 94 1
vertex 31 95 1
endloop
endfacet
facet normal 0 0 1
outer loop
vertex 29 94 1
vertex 31 95 1
vertex 29 95 1
endloop
endfacet
facet normal 0 -1 0
outer loop
vertex 29 94 0
vertex 31 94 0
vertex 31 94 1
endloop
endfacet
facet normal 0 -1 0
outer loop
vertex 29 94 0
vertex 31 94 1
vertex 29 94 1
endloop
endfacet
facet normal 1 0 0
outer loop
vertex 31 94 0
vertex 31 95 0
vertex 31 95 1
endloop
endfacet
facet normal 1 0 0
outer loop
vertex 31 94 0
vertex 31 95 1
vertex 31 94 1
endloop
endfacet
facet normal 0 1 0
outer loop
vertex 31 95 0
vertex 29 95 0
vertex 29 95 1
endloop
endfacet
facet normal 0 1 0
outer loop
vertex 31 95 0
vertex 29 95 1
vertex 31 95 1
endloop
endfacet
facet normal -1 0 0
outer loop
vertex 29 95 0
vertex 29 94 0
vertex 29 94 1
endloop
endfacet
facet normal -1 0 0
outer loop
vertex 29 95 0
vertex 29 94 1
vertex 29 95 1
endloop
endfacet
facet normal 0 0 -1
outer loop
vertex 1 95 0
vertex 3 96 0
vertex 3 95 0
endloop
endfacet
facet normal 0 0 -1
outer loop
vertex 1 95 0
vertex 1 96 0
vertex 3 96 0
endloop
endfacet
facet normal 0 0 1
outer loop
vertex 1 95 1
vertex 3 95 1
vertex 3 96 1
endloop
endfacet
facet normal 0 0 1
outer loop
vertex 1 95 1
vertex 3 96 1
vertex 1 96 1
endloop
endfacet
facet normal 0 -1 0
outer loop
vertex 1 95 0
vertex 3 95 0
vertex 3 95 1
endloop
endfacet
facet normal 0 -1 0
outer loop
vertex 1 95 0
vertex 3 95 1
vertex 1 95 1
endloop
endfacet
facet normal 1 0 0
outer loop
vertex 3 95 0
vertex 3 96 0
vertex 3 96 1
endloop
endfacet
facet normal 1 0 0
outer loop
vertex 3 95 0
vertex 3 96 1
vertex 3 95 1
endloop
endfacet
facet normal 0 1 0
outer loop
vertex 3 96 0
vertex 1 96 0
vertex 1 96 1
endloop
endfacet
facet normal 0 1 0
outer loop
vertex 3 96 0
vertex 1 96 1
vertex 3 96 1
endloop
endfacet
facet normal -1 0 0
outer loop
vertex 1 96 0
vertex 1 95 0
vertex 1 95 1
endloop
endfacet
facet normal -1 0 0
outer loop
vertex 1 96 0
vertex 1 95 1
vertex 1 96 1
endloop
endfacet
facet normal 0 0 -1
outer loop
vertex 33 95 0
vertex 35 96 0
vertex 35 95 0
endloop
endfacet
facet normal 0 0 -1
outer loop
vertex 33 95 0
vertex 33 96 0
vertex 35 96 0
endloop
endfacet
facet normal 0 0 1
outer loop
vertex 33 95 1
vertex 35 95 1
vertex 35 96 1
endloop
endfacet
facet normal 0 0 1
outer loop
vertex 33 95 1
vertex 35 96 1
vertex 33 96 1
endloop
endfacet
facet normal 0 -1 0
outer loop
vertex 33 95 0
vertex 35 95 0
vertex 35 95 1
endloop
endfacet
facet normal 0 -1 0
outer loop
vertex 33 95 0
vertex 35 95 1
vertex 33 95 1
endloop
endfacet
facet normal 1 0 0
outer loop
vertex 35 95 0
vertex 35 96 0
vertex 35 96 1
endloop
endfacet
facet normal 1 0 0
outer loop
vertex 35 95 0
vertex 35 96 1
vertex 35 95 1
endloop
endfacet
facet normal 0 1 0
outer loop
vertex 35 96 0
vertex 33 96 0
vertex 33 96 1
endloop
endfacet
facet normal 0 1 0
outer loop
vertex 35 96 0
vertex 33 96 1
vertex 35 96 1
endloop
endfacet
facet normal -1 0 0
outer loop
vertex 33 96 0
vertex 33 95 0
vertex 33 95 1
endloop
endfacet
facet normal -1 0 0
outer loop
vertex 33 96 0
vertex 33 95 1
vertex 33 96 1
endloop
endfacet
facet normal 0 0 -1
outer loop
vertex 5 96 0
vertex 7 97 0
vertex 7 96 0
endloop
endfacet
facet normal 0 0 -1
outer loop
vertex 5 96 0
vertex 5 97 0
vertex 7 97 0
endloop
endfacet
facet normal 0 0 1
outer loop
vertex 5 96 1
vertex 7 96 1
vertex 7 97 1
endloop
endfacet
facet normal 0 0 1
outer loop
vertex 5 96 1
vertex 7 97 1
vertex 5 97 1
endloop
endfacet
facet normal 0 -1 0
outer loop
vertex 5 96 0
vertex 7 96 0
vertex 7 96 1
endloop
endfacet
facet normal 0 -1 0
outer loop
vertex 5 96 0
vertex 7 96 1
vertex 5 96 1
endloop
endfacet
facet normal 1 0 0
outer loop
vertex 7 96 0
vertex 7 97 0
vertex 7 97 1
endloop
endfacet
facet normal 1 0 0
outer loop
vertex 7 96 0
vertex 7 97 1
vertex 7 96 1
endloop
endfacet
facet normal 0 1 0
outer loop
vertex 7 97 0
vertex 5 97 0
vertex 5 97 1
endloop
endfacet
facet normal 0 1 0
outer loop
vertex 7 97 0
vertex 5 97 1
vertex 7 97 1
endloop
endfacet
facet normal -1 0 0
outer loop
vertex 5 97 0
vertex 5 96 0
vertex 5 96 1
endloop
endfacet
facet normal -1 0 0
outer loop
vertex 5 97 0
vertex 5 96 1
vertex 5 97 1
endloop
endfacet
facet normal 0 0 -1
outer loop
vertex 1 97 0
vertex 3 98 0
vertex 3 97 0
endloop
endfacet
facet normal 0 0 -1
outer loop
vertex 1 97 0
vertex 1 98 0
vertex 3 98 0
endloop
endfacet
facet normal 0 0 1
outer loop
vertex 1 97 1
vertex 3 97 1
vertex 3 98 1
endloop
endfacet
facet normal 0 0 1
outer loop
vertex 1 97 1
vertex 3 98 1
vertex 1 98 1
endloop
endfacet
facet normal 0 -1 0
outer loop
vertex 1 97 0
vertex 3 97 0
vertex 3 97 1
endloop
endfacet
facet normal 0 -1 0
outer loop
vertex 1 97 0
vertex 3 97 1
vertex 1 97 1
endloop
endfacet
facet normal 1 0 0
outer loop
vertex 3 97 0
vertex 3 98 0
vertex 3 98 1
endloop
endfacet
facet normal 1 0 0
outer loop
vertex 3 97 0
vertex 3 98 1
vertex 3 97 1
endloop
endfacet
facet normal 0 1 0
outer loop
vertex 3 98 0
vertex 1 98 0
vertex 1 98 1
endloop
endfacet
facet normal 0 1 0
outer loop
vertex 3 98 0
vertex 1 98 1
vertex 3 98 1
endloop
endfacet
facet normal -1 0 0
outer loop
vertex 1 98 0
vertex 1 97 0
vertex 1 97 1
endloop
endfacet
facet normal -1 0 0
outer loop
vertex 1 98 0
vertex 1 97 1
vertex 1 98 1
endloop
endfacet
facet normal 0 0 -1
outer loop
vertex 9 97 0
vertex 12 98 0
vertex 12 97 0
endloop
endfacet
facet normal 0 0 -1
outer loop
vertex 9 97 0
vertex 9 98 0
vertex 12 98 0
endloop
endfacet
facet normal 0 0 1
outer loop
vertex 9 97 1
vertex 12 97 1
vertex 12 98 1
endloop
endfacet
facet normal 0 0 1
outer loop
vertex 9 97 1
vertex 12 98 1
vertex 9 98 1
endloop
endfacet
facet normal 0 -1 0
outer loop
vertex 9 97 0
vertex 12 97 0
vertex 12 97 1
endloop
endfacet
facet normal 0 -1 0
outer loop
vertex 9 97 0
vertex 12 97 1
vertex 9 97 1
endloop
endfacet
facet normal 1 0 0
outer loop
vertex 12 97 0
vertex 12 98 0
vertex 12 98 1
endloop
endfacet
facet normal 1 0 0
outer loop
vertex 12 97 0
vertex 12 98 1
vertex 12 97 1
endloop
endfacet
facet normal 0 1 0
outer loop
vertex 12 98 0
vertex 9 98 0
vertex 9 98 1
endloop
endfacet
facet normal 0 1 0
outer loop
vertex 12 98 0
vertex 9 98 1
vertex 12 98 1
endloop
endfacet
facet normal -1 0 0
outer loop
vertex 9 98 0
vertex 9 97 0
vertex 9 97 1
endloop
endfacet
facet normal -1 0 0
outer loop
vertex 9 98 0
vertex 9 97 1
vertex 9 98 1
endloop
endfacet
facet normal 0 0 -1
outer loop
vertex 5 98 0
vertex 7 99 0
vertex 7 98 0
endloop
endfacet
facet normal 0 0 -1
outer loop
vertex 5 98 0
vertex 5 99 0
vertex 7 99 0
endloop
endfacet
facet normal 0 0 1
outer loop
vertex 5 98 1
vertex 7 98 1
vertex 7 99 1
endloop
endfacet
facet normal 0 0 1
outer loop
vertex 5 98 1
vertex 7 99 1
vertex 5 99 1
endloop
endfacet
facet normal 0 -1 0
outer loop
vertex 5 98 0
vertex 7 98 0
vertex 7 98 1
endloop
endfacet
facet normal 0 -1 0
outer loop
vertex 5 98 0
vertex 7 98 1
vertex 5 98 1
endloop
endfacet
facet normal 1 0 0
outer loop
vertex 7 98 0
vertex 7 99 0
vertex 7 99 1
endloop
endfacet
facet normal 1 0 0
outer loop
vertex 7 98 0
vertex 7 99 1
vertex 7 98 1
endloop
endfacet
facet normal 0 1 0
outer loop
vertex 7 99 0
vertex 5 99 0
vertex 5 99 1
endloop
endfacet
facet normal 0 1 0
outer loop
vertex 7 99 0
vertex 5 99 1
vertex 7 99 1
endloop
endfacet
facet normal -1 0 0
outer loop
vertex 5 99 0
vertex 5 98 0
vertex 5 98 1
endloop
endfacet
facet normal -1 0 0
outer loop
vertex 5 99 0
vertex 5 98 1
vertex 5 99 1
endloop
endfacet
facet normal 0 0 -1
outer loop
vertex 13 98 0
vertex 15 99 0
vertex 15 98 0
endloop
endfacet
facet normal 0 0 -1
outer loop
vertex 13 98 0
vertex 13 99 0
vertex 15 99 0
endloop
endfacet
facet normal 0 0 1
outer loop
vertex 13 98 1
vertex 15 98 1
vertex 15 99 1
endloop
endfacet
facet normal 0 0 1
outer loop
vertex 13 98 1
vertex 15 99 1
vertex 13 99 1
endloop
endfacet
facet normal 0 -1 0
outer loop
vertex 13 98 0
vertex 15 98 0
vertex 15 98 1
endloop
endfacet
facet normal 0 -1 0
outer loop
vertex 13 98 0
vertex 15 98 1
vertex 13 98 1
endloop
endfacet
facet normal 1 0 0
outer loop
vertex 15 98 0
vertex 15 99 0
vertex 15 99 1
endloop
endfacet
facet normal 1 0 0
outer loop
vertex 15 98 0
vertex 15 99 1
vertex 15 98 1
endloop
endfacet
facet normal 0 1 0
outer loop
vertex 15 99 0
vertex 13 99 0
vertex 13 99 1
endloop
endfacet
facet normal 0 1 0
outer loop
vertex 15 99 0
vertex 13 99 1
vertex 15 99 1
endloop
endfacet
facet normal -1 0 0
outer loop
vertex 13 99 0
vertex 13 98 0
vertex 13 98 1
endloop
endfacet
facet normal -1 0 0
outer loop
vertex 13 99 0
vertex 13 98 1
vertex 13 99 1
endloop
endfacet
facet normal 0 0 -1
outer loop
vertex 9 99 0
vertex 11 100 0
vertex 11 99 0
endloop
endfacet
facet normal 0 0 -1
outer loop
vertex 9 99 0
vertex 9 100 0
vertex 11 100 0
endloop
endfacet
facet normal 0 0 1
outer loop
vertex 9 99 1
vertex 11 99 1
vertex 11 100 1
endloop
endfacet
facet normal 0 0 1
outer loop
vertex 9 99 1
vertex 11 100 1
vertex 9 100 1
endloop
endfacet
facet normal 0 -1 0
outer loop
vertex 9 99 0
vertex 11 99 0
vertex 11 99 1
endloop
endfacet
facet normal 0 -1 0
outer loop
vertex 9 99 0
vertex 11 99 1
vertex 9 99 1
endloop
endfacet
facet normal 1 0 0
outer loop
vertex 11 99 0
vertex 11 100 0
vertex 11 100 1
endloop
endfacet
facet normal 1 0 0
outer loop
vertex 11 99 0
vertex 11 100 1
vertex 11 99 1
endloop
endfacet
facet normal 0 1 0
outer loop
vertex 11 100 0
vertex 9 100 0
vertex 9 100 1
endloop
endfacet
facet normal 0 1 0
outer loop
vertex 11 100 0
vertex 9 100 1
vertex 11 100 1
endloop
endfacet
facet normal -1 0 0
outer loop
vertex 9 100 0
vertex 9 99 0
vertex 9 99 1
endloop
endfacet
facet normal -1 0 0
outer loop
vertex 9 100 0
vertex 9 99 1
vertex 9 100 1
endloop
endfacet
facet normal 0 0 -1
outer loop
vertex 17 99 0
vertex 19 100 0
vertex 19 99 0
endloop
endfacet
facet normal 0 0 -1
outer loop
vertex 17 99 0
vertex 17 100 0
vertex 19 100 0
endloop
endfacet
facet normal 0 0 1
outer loop
vertex 17 99 1
vertex 19 99 1
vertex 19 100 1
endloop
endfacet
facet normal 0 0 1
outer loop
vertex 17 99 1
vertex 19 100 1
vertex 17 100 1
endloop
endfacet
facet normal 0 -1 0
outer loop
vertex 17 99 0
vertex 19 99 0
vertex 19 99 1
endloop
endfacet
facet normal 0 -1 0
outer loop
vertex 17 99 0
vertex 19 99 1
vertex 17 99 1
endloop
endfacet
facet normal 1 0 0
outer loop
vertex 19 99 0
vertex 19 100 0
vertex 19 100 1
endloop
endfacet
facet normal 1 0 0
outer loop
vertex 19 99 0
vertex 19 100 1
vertex 19 99 1
endloop
endfacet
facet normal 0 1 0
outer loop
vertex 19 100 0
vertex 17 100 0
vertex 17 100 1
endloop
endfacet
facet normal 0 1 0
outer loop
vertex 19 100 0
vertex 17 100 1
vertex 19 100 1
endloop
endfacet
facet normal -1 0 0
outer loop
vertex 17 100 0
vertex 17 99 0
vertex 17 99 1
endloop
endfacet
facet normal -1 0 0
outer loop
vertex 17 100 0
vertex 17 99 1
vertex 17 100 1
endloop
endfacet
facet normal 0 0 -1
outer loop
vertex 13 100 0
vertex 15 101 0
vertex 15 100 0
endloop
endfacet
facet normal 0 0 -1
outer loop
vertex 13 100 0
vertex 13 101 0
vertex 15 101 0
endloop
endfacet
facet normal 0 0 1
outer loop
vertex 13 100 1
vertex 15 100 1
vertex 15 101 1
endloop
endfacet
facet normal 0 0 1
outer loop
vertex 13 100 1
vertex 15 101 1
vertex 13 101 1
endloop
endfacet
facet normal 0 -1 0
outer loop
vertex 13 100 0
vertex 15 100 0
vertex 15 100 1
endloop
endfacet
facet normal 0 -1 0
outer loop
vertex 13 100 0
vertex 15 100 1
vertex 13 100 1
endloop
endfacet
facet normal 1 0 0
outer loop
vertex 15 100 0
vertex 15 101 0
vertex 15 101 1
endloop
endfacet
facet normal 1 0 0
outer loop
vertex 15 100 0
vertex 15 101 1
vertex 15 100 1
endloop
endfacet
facet normal 0 1 0
outer loop
vertex 15 101 0
vertex 13 101 0
vertex 13 101 1
endloop
endfacet
facet normal 0 1 0
outer loop
vertex 15 101 0
vertex 13 101 1
vertex 15 101 1
endloop
endfacet
facet normal -1 0 0
outer loop
vertex 13 101 0
vertex 13 100 0
vertex 13 100 1
endloop
endfacet
facet normal -1 0 0
outer loop
vertex 13 101 0
vertex 13 100 1
vertex 13 101 1
endloop
endfacet
facet normal 0 0 -1
outer loop
vertex 19 100 0
vertex 23 101 0
vertex 23 100 0
endloop
endfacet
facet normal 0 0 -1
outer loop
vertex 19 100 0
vertex 19 101 0
vertex 23 101 0
endloop
endfacet
facet normal 0 0 1
outer loop
vertex 19 100 1
vertex 23 100 1
vertex 23 101 1
endloop
endfacet
facet normal 0 0 1
outer loop
vertex 19 100 1
vertex 23 101 1
vertex 19 101 1
endloop
endfacet
facet normal 0 -1 0
outer loop
vertex 19 100 0
vertex 23 100 0
vertex 23 100 1
endloop
endfacet
facet normal 0 -1 0
outer loop
vertex 19 100 0
vertex 23 100 1
vertex 19 100 1
endloop
endfacet
facet normal 1 0 0
outer loop
vertex 23 100 0
vertex 23 101 0
vertex 23 101 1
endloop
endfacet
facet normal 1 0 0
outer loop
vertex 23 100 0
vertex 23 101 1
vertex 23 100 1
endloop
endfacet
facet normal 0 1 0
outer loop
vertex 23 101 0
vertex 19 101 0
vertex 19 101 1
endloop
endfacet
facet normal 0 1 0
outer loop
vertex 23 101 0
vertex 19 101 1
vertex 23 101 1
endloop
endfacet
facet normal -1 0 0
outer loop
vertex 19 101 0
vertex 19 100 0
vertex 19 100 1
endloop
endfacet
facet normal -1 0 0
outer loop
vertex 19 101 0
vertex 19 100 1
vertex 19 101 1
endloop
endfacet
facet normal 0 0 -1
outer loop
vertex 17 101 0
vertex 26 102 0
vertex 26 101 0
endloop
endfacet
facet normal 0 0 -1
outer loop
vertex 17 101 0
vertex 17 102 0
vertex 26 102 0
endloop
endfacet
facet normal 0 0 1
outer loop
vertex 17 101 1
vertex 26 101 1
vertex 26 102 1
endloop
endfacet
facet normal 0 0 1
outer loop
vertex 17 101 1
vertex 26 102 1
vertex 17 102 1
endloop
endfacet
facet normal 0 -1 0
outer loop
vertex 17 101 0
vertex 26 101 0
vertex 26 101 1
endloop
endfacet
facet normal 0 -1 0
outer loop
vertex 17 101 0
vertex 26 101 1
vertex 17 101 1
endloop
endfacet
facet normal 1 0 0
outer loop
vertex 26 101 0
vertex 26 102 0
vertex 26 102 1
endloop
endfacet
facet normal 1 0 0
outer loop
vertex 26 101 0
vertex 26 102 1
vertex 26 101 1
endloop
endfacet
facet normal 0 1 0
outer loop
vertex 26 102 0
vertex 17 102 0
vertex 17 102 1
endloop
endfacet
facet normal 0 1 0
outer loop
vertex 26 102 0
vertex 17 102 1
vertex 26 102 1
endloop
endfacet
facet normal -1 0 0
outer loop
vertex 17 102 0
vertex 17 101 0
vertex 17 101 1
endloop
endfacet
facet normal -1 0 0
outer loop
vertex 17 102 0
vertex 17 101 1
vertex 17 102 1
endloop
endfacet
facet normal 0 0 -1
outer loop
vertex 21 102 0
vertex 29 103 0
vertex 29 102 0
endloop
endfacet
facet normal 0 0 -1
outer loop
vertex 21 102 0
vertex 21 103 0
vertex 29 103 0
endloop
endfacet
facet normal 0 0 1
outer loop
vertex 21 102 1
vertex 29 102 1
vertex 29 103 1
endloop
endfacet
facet normal 0 0 1
outer loop
vertex 21 102 1
vertex 29 103 1
vertex 21 103 1
endloop
endfacet
facet normal 0 -1 0
outer loop
vertex 21 102 0
vertex 29 102 0
vertex 29 102 1
endloop
endfacet
facet normal 0 -1 0
outer loop
vertex 21 102 0
vertex 29 102 1
vertex 21 102 1
endloop
endfacet
facet normal 1 0 0
outer loop
vertex 29 102 0
vertex 29 103 0
vertex 29 103 1
endloop
endfacet
facet normal 1 0 0
outer loop
vertex 29 102 0
vertex 29 103 1
vertex 29 102 1
endloop
endfacet
facet normal 0 1 0
outer loop
vertex 29 103 0
vertex 21 103 0
vertex 21 103 1
endloop
endfacet
facet normal 0 1 0
outer loop
vertex 29 103 0
vertex 21 103 1
vertex 29 103 1
endloop
endfacet
facet normal -1 0 0
outer loop
vertex 21 103 0
vertex 21 102 0
vertex 21 102 1
endloop
endfacet
facet normal -1 0 0
outer loop
vertex 21 103 0
vertex 21 102 1
vertex 21 103 1
endloop
endfacet
facet normal 0 0 -1
outer loop
vertex 7 108 0
vertex 14 109 0
vertex 14 108 0
endloop
endfacet
facet normal 0 0 -1
outer loop
vertex 7 108 0
vertex 7 109 0
vertex 14 109 0
endloop
endfacet
facet normal 0 0 1
outer loop
vertex 7 108 1
vertex 14 108 1
vertex 14 109 1
endloop
endfacet
facet normal 0 0 1
outer loop
vertex 7 108 1
vertex 14 109 1
vertex 7 109 1
endloop
endfacet
facet normal 0 -1 0
outer loop
vertex 7 108 0
vertex 14 108 0
vertex 14 108 1
endloop
endfacet
facet normal 0 -1 0
outer loop
vertex 7 108 0
vertex 14 108 1
vertex 7 108 1
endloop
endfacet
facet normal 1 0 0
outer loop
vertex 14 108 0
vertex 14 109 0
vertex 14 109 1
endloop
endfacet
facet normal 1 0 0
outer loop
vertex 14 108 0
vertex 14 109 1
vertex 14 108 1
endloop
endfacet
facet normal 0 1 0
outer loop
vertex 14 109 0
vertex 7 109 0
vertex 7 109 1
endloop
endfacet
facet normal 0 1 0
outer loop
vertex 14 109 0
vertex 7 109 1
vertex 14 109 1
endloop
endfacet
facet normal -1 0 0
outer loop
vertex 7 109 0
vertex 7 108 0
vertex 7 108 1
endloop
endfacet
facet normal -1 0 0
outer loop
vertex 7 109 0
vertex 7 108 1
vertex 7 109 1
endloop
endfacet
facet normal 0 0 -1
outer loop
vertex 11 109 0
vertex 18 110 0
vertex 18 109 0
endloop
endfacet
facet normal 0 0 -1
outer loop
vertex 11 109 0
vertex 11 110 0
vertex 18 110 0
endloop
endfacet
facet normal 0 0 1
outer loop
vertex 11 109 1
vertex 18 109 1
vertex 18 110 1
endloop
endfacet
facet normal 0 0 1
outer loop
vertex 11 109 1
vertex 18 110 1
vertex 11 110 1
endloop
endfacet
facet normal 0 -1 0
outer loop
vertex 11 109 0
vertex 18 109 0
vertex 18 109 1
endloop
endfacet
facet normal 0 -1 0
outer loop
vertex 11 109 0
vertex 18 109 1
vertex 11 109 1
endloop
endfacet
facet normal 1 0 0
outer loop
vertex 18 109 0
vertex 18 110 0
vertex 18 110 1
endloop
endfacet
facet normal 1 0 0
outer loop
vertex 18 109 0
vertex 18 110 1
vertex 18 109 1
endloop
endfacet
facet normal 0 1 0
outer loop
vertex 18 110 0
vertex 11 110 0
vertex 11 110 1
endloop
endfacet
facet normal 0 1 0
outer loop
vertex 18 110 0
vertex 11 110 1
vertex 18 110 1
endloop
endfacet
facet normal -1 0 0
outer loop
vertex 11 110 0
vertex 11 109 0
vertex 11 109 1
endloop
endfacet
facet normal -1 0 0
outer loop
vertex 11 110 0
vertex 11 109 1
vertex 11 110 1
endloop
endfacet
facet normal 0 0 -1
outer loop
vertex 15 110 0
vertex 17 111 0
vertex 17 110 0
endloop
endfacet
facet normal 0 0 -1
outer loop
vertex 15 110 0
vertex 15 111 0
vertex 17 111 0
endloop
endfacet
facet normal 0 0 1
outer loop
vertex 15 110 1
vertex 17 110 1
vertex 17 111 1
endloop
endfacet
facet normal 0 0 1
outer loop
vertex 15 110 1
vertex 17 111 1
vertex 15 111 1
endloop
endfacet
facet normal 0 -1 0
outer loop
vertex 15 110 0
vertex 17 110 0
vertex 17 110 1
endloop
endfacet
facet normal 0 -1 0
outer loop
vertex 15 110 0
vertex 17 110 1
vertex 15 110 1
endloop
endfacet
facet normal 1 0 0
outer loop
vertex 17 110 0
vertex 17 111 0
vertex 17 111 1
endloop
endfacet
facet normal 1 0 0
outer loop
vertex 17 110 0
vertex 17 111 1
vertex 17 110 1
endloop
endfacet
facet normal 0 1 0
outer loop
vertex 17 111 0
vertex 15 111 0
vertex 15 111 1
endloop
endfacet
facet normal 0 1 0
outer loop
vertex 17 111 0
vertex 15 111 1
vertex 17 111 1
endloop
endfacet
facet normal -1 0 0
outer loop
vertex 15 111 0
vertex 15 110 0
vertex 15 110 1
endloop
endfacet
facet normal -1 0 0
outer loop
vertex 15 111 0
vertex 15 110 1
vertex 15 111 1
endloop
endfacet
facet normal 0 0 -1
outer loop
vertex 19 111 0
vertex 21 112 0
vertex 21 111 0
endloop
endfacet
facet normal 0 0 -1
outer loop
vertex 19 111 0
vertex 19 112 0
vertex 21 112 0
endloop
endfacet
facet normal 0 0 1
outer loop
vertex 19 111 1
vertex 21 111 1
vertex 21 112 1
endloop
endfacet
facet normal 0 0 1
outer loop
vertex 19 111 1
vertex 21 112 1
vertex 19 112 1
endloop
endfacet
facet normal 0 -1 0
outer loop
vertex 19 111 0
vertex 21 111 0
vertex 21 111 1
endloop
endfacet
facet normal 0 -1 0
outer loop
vertex 19 111 0
vertex 21 111 1
vertex 19 111 1
endloop
endfacet
facet normal 1 0 0
outer loop
vertex 21 111 0
vertex 21 112 0
vertex 21 112 1
endloop
endfacet
facet normal 1 0 0
outer loop
vertex 21 111 0
vertex 21 112 1
vertex 21 111 1
endloop
endfacet
facet normal 0 1 0
outer loop
vertex 21 112 0
vertex 19 112 0
vertex 19 112 1
endloop
endfacet
facet normal 0 1 0
outer loop
vertex 21 112 0
vertex 19 112 1
vertex 21 112 1
endloop
endfacet
facet normal -1 0 0
outer loop
vertex 19 112 0
vertex 19 111 0
vertex 19 111 1
endloop
endfacet
facet normal -1 0 0
outer loop
vertex 19 112 0
vertex 19 111 1
vertex 19 112 1
endloop
endfacet
facet normal 0 0 -1
outer loop
vertex 23 112 0
vertex 25 113 0
vertex 25 112 0
endloop
endfacet
facet normal 0 0 -1
outer loop
vertex 23 112 0
vertex 23 113 0
vertex 25 113 0
endloop
endfacet
facet normal 0 0 1
outer loop
vertex 23 112 1
vertex 25 112 1
vertex 25 113 1
endloop
endfacet
facet normal 0 0 1
outer loop
vertex 23 112 1
vertex 25 113 1
vertex 23 113 1
endloop
endfacet
facet normal 0 -1 0
outer loop
vertex 23 112 0
vertex 25 112 0
vertex 25 112 1
endloop
endfacet
facet normal 0 -1 0
outer loop
vertex 23 112 0
vertex 25 112 1
vertex 23 112 1
endloop
endfacet
facet normal 1 0 0
outer loop
vertex 25 112 0
vertex 25 113 0
vertex 25 113 1
endloop
endfacet
facet normal 1 0 0
outer loop
vertex 25 112 0
vertex 25 113 1
vertex 25 112 1
endloop
endfacet
facet normal 0 1 0
outer loop
vertex 25 113 0
vertex 23 113 0
vertex 23 113 1
endloop
endfacet
facet normal 0 1 0
outer loop
vertex 25 113 0
vertex 23 113 1
vertex 25 113 1
endloop
endfacet
facet normal -1 0 0
outer loop
vertex 23 113 0
vertex 23 112 0
vertex 23 112 1
endloop
endfacet
facet normal -1 0 0
outer loop
vertex 23 113 0
vertex 23 112 1
vertex 23 113 1
endloop
endfacet
facet normal 0 0 -1
outer loop
vertex 27 113 0
vertex 34 114 0
vertex 34 113 0
endloop
endfacet
facet normal 0 0 -1
outer loop
vertex 27 113 0
vertex 27 114 0
vertex 34 114 0
endloop
endfacet
facet normal 0 0 1
outer loop
vertex 27 113 1
vertex 34 113 1
vertex 34 114 1
endloop
endfacet
facet normal 0 0 1
outer loop
vertex 27 113 1
vertex 34 114 1
vertex 27 114 1
endloop
endfacet
facet normal 0 -1 0
outer loop
vertex 27 113 0
vertex 34 113 0
vertex 34 113 1
endloop
endfacet
facet normal 0 -1 0
outer loop
vertex 27 113 0
vertex 34 113 1
vertex 27 113 1
endloop
endfacet
facet normal 1 0 0
outer loop
vertex 34 113 0
vertex 34 114 0
vertex 34 114 1
endloop
endfacet
facet normal 1 0 0
outer loop
vertex 34 113 0
vertex 34 114 1
vertex 34 113 1
endloop
endfacet
facet normal 0 1 0
outer loop
vertex 34 114 0
vertex 27 114 0
vertex 27 114 1
endloop
endfacet
facet normal 0 1 0
outer loop
vertex 34 114 0
vertex 27 114 1
vertex 34 114 1
endloop
endfacet
facet normal -1 0 0
outer loop
vertex 27 114 0
vertex 27 113 0
vertex 27 113 1
endloop
endfacet
facet normal -1 0 0
outer loop
vertex 27 114 0
vertex 27 113 1
vertex 27 114 1
endloop
endfacet
facet normal 0 0 -1
outer loop
vertex 31 114 0
vertex 36 115 0
vertex 36 114 0
endloop
endfacet
facet normal 0 0 -1
outer loop
vertex 31 114 0
vertex 31 115 0
vertex 36 115 0
endloop
endfacet
facet normal 0 0 1
outer loop
vertex 31 114 1
vertex 36 114 1
vertex 36 115 1
endloop
endfacet
facet normal 0 0 1
outer loop
vertex 31 114 1
vertex 36 115 1
vertex 31 115 1
endloop
endfacet
facet normal 0 -1 0
outer loop
vertex 31 114 0
vertex 36 114 0
vertex 36 114 1
endloop
endfacet
facet normal 0 -1 0
outer loop
vertex 31 114 0
vertex 36 114 1
vertex 31 114 1
endloop
endfacet
facet normal 1 0 0
outer loop
vertex 36 114 0
vertex 36 115 0
vertex 36 115 1
endloop
endfacet
facet normal 1 0 0
outer loop
vertex 36 114 0
vertex 36 115 1
vertex 36 114 1
endloop
endfacet
facet normal 0 1 0
outer loop
vertex 36 115 0
vertex 31 115 0
vertex 31 115 1
endloop
endfacet
facet normal 0 1 0
outer loop
vertex 36 115 0
vertex 31 115 1
vertex 36 115 1
endloop
endfacet
facet normal -1 0 0
outer loop
vertex 31 115 0
vertex 31 114 0
vertex 31 114 1
endloop
endfacet
facet normal -1 0 0
outer loop
vertex 31 115 0
vertex 31 114 1
vertex 31 115 1
endloop
endfacet
facet normal 0 0 -1
outer loop
vertex 0 115 0
vertex 2 116 0
vertex 2 115 0
endloop
endfacet
facet normal 0 0 -1
outer loop
vertex 0 115 0
vertex 0 116 0
vertex 2 116 0
endloop
endfacet
facet normal 0 0 1
outer loop
vertex 0 115 1
vertex 2 115 1
vertex 2 116 1
endloop
endfacet
facet normal 0 0 1
outer loop
vertex 0 115 1
vertex 2 116 1
vertex 0 116 1
endloop
endfacet
facet normal 0 -1 0
outer loop
vertex 0 115 0
vertex 2 115 0
vertex 2 115 1
endloop
endfacet
facet normal 0 -1 0
outer loop
vertex 0 115 0
vertex 2 115 1
vertex 0 115 1
endloop
endfacet
facet normal 1 0 0
outer loop
vertex 2 115 0
vertex 2 116 0
vertex 2 116 1
endloop
endfacet
facet normal 1 0 0
outer loop
vertex 2 115 0
vertex 2 116 1
vertex 2 115 1
endloop
endfacet
facet normal 0 1 0
outer loop
vertex 2 116 0
vertex 0 116 0
vertex 0 116 1
endloop
endfacet
facet normal 0 1 0
outer loop
vertex 2 116 0
vertex 0 116 1
vertex 2 116 1
endloop
endfacet
facet normal -1 0 0
outer loop
vertex 0 116 0
vertex 0 115 0
vertex 0 115 1
endloop
endfacet
facet normal -1 0 0
outer loop
vertex 0 116 0
vertex 0 115 1
vertex 0 116 1
endloop
endfacet
facet normal 0 0 -1
outer loop
vertex 35 115 0
vertex 36 116 0
vertex 36 115 0
endloop
endfacet
facet normal 0 0 -1
outer loop
vertex 35 115 0
vertex 35 116 0
vertex 36 116 0
endloop
endfacet
facet normal 0 0 1
outer loop
vertex 35 115 1
vertex 36 115 1
vertex 36 116 1
endloop
endfacet
facet normal 0 0 1
outer loop
vertex 35 115 1
vertex 36 116 1
vertex 35 116 1
endloop
endfacet
facet normal 0 -1 0
outer loop
vertex 35 115 0
vertex 36 115 0
vertex 36 115 1
endloop
endfacet
facet normal 0 -1 0
outer loop
vertex 35 115 0
vertex 36 115 1
vertex 35 115 1
endloop
endfacet
facet normal 1 0 0
outer loop
vertex 36 115 0
vertex 36 116 0
vertex 36 116 1
endloop
endfacet
facet normal 1 0 0
outer loop
vertex 36 115 0
vertex 36 116 1
vertex 36 115 1
endloop
endfacet
facet normal 0 1 0
outer loop
vertex 36 116 0
vertex 35 116 0
vertex 35 116 1
endloop
endfacet
facet normal 0 1 0
outer loop
vertex 36 116 0
vertex 35 116 1
vertex 36 116 1
endloop
endfacet
facet normal -1 0 0
outer loop
vertex 35 116 0
vertex 35 115 0
vertex 35 115 1
endloop
endfacet
facet normal -1 0 0
outer loop
vertex 35 116 0
vertex 35 115 1
vertex 35 116 1
endloop
endfacet
facet normal 0 0 -1
outer loop
vertex 0 116 0
vertex 1 117 0
vertex 1 116 0
endloop
endfacet
facet normal 0 0 -1
outer loop
vertex 0 116 0
vertex 0 117 0
vertex 1 117 0
endloop
endfacet
facet normal 0 0 1
outer loop
vertex 0 116 1
vertex 1 116 1
vertex 1 117 1
endloop
endfacet
facet normal 0 0 1
outer loop
vertex 0 116 1
vertex 1 117 1
vertex 0 117 1
endloop
endfacet
facet normal 0 -1 0
outer loop
vertex 0 116 0
vertex 1 116 0
vertex 1 116 1
endloop
endfacet
facet normal 0 -1 0
outer loop
vertex 0 116 0
vertex 1 116 1
vertex 0 116 1
endloop
endfacet
facet normal 1 0 0
outer loop
vertex 1 116 0
vertex 1 117 0
vertex 1 117 1
endloop
endfacet
facet normal 1 0 0
outer loop
vertex 1 116 0
vertex 1 117 1
vertex 1 116 1
endloop
endfacet
facet normal 0 1 0
outer loop
vertex 1 117 0
vertex 0 117 0
vertex 0 117 1
endloop
endfacet
facet normal 0 1 0
outer loop
vertex 1 117 0
vertex 0 117 1
vertex 1 117 1
endloop
endfacet
facet normal -1 0 0
outer loop
vertex 0 117 0
vertex 0 116 0
vertex 0 116 1
endloop
endfacet
facet normal -1 0 0
outer loop
vertex 0 117 0
vertex 0 116 1
vertex 0 117 1
endloop
endfacet
facet normal 0 0 -1
outer loop
vertex 3 117 0
vertex 5 118 0
vertex 5 117 0
endloop
endfacet
facet normal 0 0 -1
outer loop
vertex 3 117 0
vertex 3 118 0
vertex 5 118 0
endloop
endfacet
facet normal 0 0 1
outer loop
vertex 3 117 1
vertex 5 117 1
vertex 5 118 1
endloop
endfacet
facet normal 0 0 1
outer loop
vertex 3 117 1
vertex 5 118 1
vertex 3 118 1
endloop
endfacet
facet normal 0 -1 0
outer loop
vertex 3 117 0
vertex 5 117 0
vertex 5 117 1
endloop
endfacet
facet normal 0 -1 0
outer loop
vertex 3 117 0
vertex 5 117 1
vertex 3 117 1
endloop
endfacet
facet normal 1 0 0
outer loop
vertex 5 117 0
vertex 5 118 0
vertex 5 118 1
endloop
endfacet
facet normal 1 0 0
outer loop
vertex 5 117 0
vertex 5 118 1
vertex 5 117 1
endloop
endfacet
facet normal 0 1 0
outer loop
vertex 5 118 0
vertex 3 118 0
vertex 3 118 1
endloop
endfacet
facet normal 0 1 0
outer loop
vertex 5 118 0
vertex 3 118 1
vertex 5 118 1
endloop
endfacet
facet normal -1 0 0
outer loop
vertex 3 118 0
vertex 3 117 0
vertex 3 117 1
endloop
endfacet
facet normal -1 0 0
outer loop
vertex 3 118 0
vertex 3 117 1
vertex 3 118 1
endloop
endfacet
facet normal 0 0 -1
outer loop
vertex 7 118 0
vertex 9 119 0
vertex 9 118 0
endloop
endfacet
facet normal 0 0 -1
outer loop
vertex 7 118 0
vertex 7 119 0
vertex 9 119 0
endloop
endfacet
facet normal 0 0 1
outer loop
vertex 7 118 1
vertex 9 118 1
vertex 9 119 1
endloop
endfacet
facet normal 0 0 1
outer loop
vertex 7 118 1
vertex 9 119 1
vertex 7 119 1
endloop
endfacet
facet normal 0 -1 0
outer loop
vertex 7 118 0
vertex 9 118 0
vertex 9 118 1
endloop
endfacet
facet normal 0 -1 0
outer loop
vertex 7 118 0
vertex 9 118 1
vertex 7 118 1
endloop
endfacet
facet normal 1 0 0
outer loop
vertex 9 118 0
vertex 9 119 0
vertex 9 119 1
endloop
endfacet
facet normal 1 0 0
outer loop
vertex 9 118 0
vertex 9 119 1
vertex 9 118 1
endloop
endfacet
facet normal 0 1 0
outer loop
vertex 9 119 0
vertex 7 119 0
vertex 7 119 1
endloop
endfacet
facet normal 0 1 0
outer loop
vertex 9 119 0
vertex 7 119 1
vertex 9 119 1
endloop
endfacet
facet normal -1 0 0
outer loop
vertex 7 119 0
vertex 7 118 0
vertex 7 118 1
endloop
endfacet
facet normal -1 0 0
outer loop
vertex 7 119 0
vertex 7 118 1
vertex 7 119 1
endloop
endfacet
facet normal 0 0 -1
outer loop
vertex 11 119 0
vertex 18 120 0
vertex 18 119 0
endloop
endfacet
facet normal 0 0 -1
outer loop
vertex 11 119 0
vertex 11 120 0
vertex 18 120 0
endloop
endfacet
facet normal 0 0 1
outer loop
vertex 11 119 1
vertex 18 119 1
vertex 18 120 1
endloop
endfacet
facet normal 0 0 1
outer loop
vertex 11 119 1
vertex 18 120 1
vertex 11 120 1
endloop
endfacet
facet normal 0 -1 0
outer loop
vertex 11 119 0
vertex 18 119 0
vertex 18 119 1
endloop
endfacet
facet normal 0 -1 0
outer loop
vertex 11 119 0
vertex 18 119 1
vertex 11 119 1
endloop
endfacet
facet normal 1 0 0
outer loop
vertex 18 119 0
vertex 18 120 0
vertex 18 120 1
endloop
endfacet
facet normal 1 0 0
outer loop
vertex 18 119 0
vertex 18 120 1
vertex 18 119 1
endloop
endfacet
facet normal 0 1 0
outer loop
vertex 18 120 0
vertex 11 120 0
vertex 11 120 1
endloop
endfacet
facet normal 0 1 0
outer loop
vertex 18 120 0
vertex 11 120 1
vertex 18 120 1
endloop
endfacet
facet normal -1 0 0
outer loop
vertex 11 120 0
vertex 11 119 0
vertex 11 119 1
endloop
endfacet
facet normal -1 0 0
outer loop
vertex 11 120 0
vertex 11 119 1
vertex 11 120 1
endloop
endfacet
facet normal 0 0 -1
outer loop
vertex 15 120 0
vertex 22 121 0
vertex 22 120 0
endloop
endfacet
facet normal 0 0 -1
outer loop
vertex 15 120 0
vertex 15 121 0
vertex 22 121 0
endloop
endfacet
facet normal 0 0 1
outer loop
vertex 15 120 1
vertex 22 120 1
vertex 22 121 1
endloop
endfacet
facet normal 0 0 1
outer loop
vertex 15 120 1
vertex 22 121 1
vertex 15 121 1
endloop
endfacet
facet normal 0 -1 0
outer loop
vertex 15 120 0
vertex 22 120 0
vertex 22 120 1
endloop
endfacet
facet normal 0 -1 0
outer loop
vertex 15 120 0
vertex 22 120 1
vertex 15 120 1
endloop
endfacet
facet normal 1 0 0
outer loop
vertex 22 120 0
vertex 22 121 0
vertex 22 121 1
endloop
endfacet
facet normal 1 0 0
outer loop
vertex 22 120 0
vertex 22 121 1
vertex 22 120 1
endloop
endfacet
facet normal 0 1 0
outer loop
vertex 22 121 0
vertex 15 121 0
vertex 15 121 1
endloop
endfacet
facet normal 0 1 0
outer loop
vertex 22 121 0
vertex 15 121 1
vertex 22 121 1
endloop
endfacet
facet normal -1 0 0
outer loop
vertex 15 121 0
vertex 15 120 0
vertex 15 120 1
endloop
endfacet
facet normal -1 0 0
outer loop
vertex 15 121 0
vertex 15 120 1
vertex 15 121 1
endloop
endfacet
facet normal 0 0 -1
outer loop
vertex 34 125 0
vertex 36 126 0
vertex 36 125 0
endloop
endfacet
facet normal 0 0 -1
outer loop
vertex 34 125 0
vertex 34 126 0
vertex 36 126 0
endloop
endfacet
facet normal 0 0 1
outer loop
vertex 34 125 1
vertex 36 125 1
vertex 36 126 1
endloop
endfacet
facet normal 0 0 1
outer loop
vertex 34 125 1
vertex 36 126 1
vertex 34 126 1
endloop
endfacet
facet normal 0 -1 0
outer loop
vertex 34 125 0
vertex 36 125 0
vertex 36 125 1
endloop
endfacet
facet normal 0 -1 0
outer loop
vertex 34 125 0
vertex 36 125 1
vertex 34 125 1
endloop
endfacet
facet normal 1 0 0
outer loop
vertex 36 125 0
vertex 36 126 0
vertex 36 126 1
endloop
endfacet
facet normal 1 0 0
outer loop
vertex 36 125 0
vertex 36 126 1
vertex 36 125 1
endloop
endfacet
facet normal 0 1 0
outer loop
vertex 36 126 0
vertex 34 126 0
vertex 34 126 1
endloop
endfacet
facet normal 0 1 0
outer loop
vertex 36 126 0
vertex 34 126 1
vertex 36 126 1
endloop
endfacet
facet normal -1 0 0
outer loop
vertex 34 126 0
vertex 34 125 0
vertex 34 125 1
endloop
endfacet
facet normal -1 0 0
outer loop
vertex 34 126 0
vertex 34 125 1
vertex 34 126 1
endloop
endfacet
facet normal 0 0 -1
outer loop
vertex 0 126 0
vertex 5 127 0
vertex 5 126 0
endloop
endfacet
facet normal 0 0 -1
outer loop
vertex 0 126 0
vertex 0 127 0
vertex 5 127 0
endloop
endfacet
facet normal 0 0 1
outer loop
vertex 0 126 1
vertex 5 126 1
vertex 5 127 1
endloop
endfacet
facet normal 0 0 1
outer loop
vertex 0 126 1
vertex 5 127 1
vertex 0 127 1
endloop
endfacet
facet normal 0 -1 0
outer loop
vertex 0 126 0
vertex 5 126 0
vertex 5 126 1
endloop
endfacet
facet normal 0 -1 0
outer loop
vertex 0 126 0
vertex 5 126 1
vertex 0 126 1
endloop
endfacet
facet normal 1 0 0
outer loop
vertex 5 126 0
vertex 5 127 0
vertex 5 127 1
endloop
endfacet
facet normal 1 0 0
outer loop
vertex 5 126 0
vertex 5 127 1
vertex 5 126 1
endloop
endfacet
facet normal 0 1 0
outer loop
vertex 5 127 0
vertex 0 127 0
vertex 0 127 1
endloop
endfacet
facet normal 0 1 0
outer loop
vertex 5 127 0
vertex 0 127 1
vertex 5 127 1
endloop
endfacet
facet normal -1 0 0
outer loop
vertex 0 127 0
vertex 0 126 0
vertex 0 126 1
endloop
endfacet
facet normal -1 0 0
outer loop
vertex 0 127 0
vertex 0 126 1
vertex 0 127 1
endloop
endfacet
facet normal 0 0 -1
outer loop
vertex 2 127 0
vertex 10 128 0
vertex 10 127 0
endloop
endfacet
facet normal 0 0 -1
outer loop
vertex 2 127 0
vertex 2 128 0
vertex 10 128 0
endloop
endfacet
facet normal 0 0 1
outer loop
vertex 2 127 1
vertex 10 127 1
vertex 10 128 1
endloop
endfacet
facet normal 0 0 1
outer loop
vertex 2 127 1
vertex 10 128 1
vertex 2 128 1
endloop
endfacet
facet normal 0 -1 0
outer loop
vertex 2 127 0
vertex 10 127 0
vertex 10 127 1
endloop
endfacet
facet normal 0 -1 0
outer loop
vertex 2 127 0
vertex 10 127 1
vertex 2 127 1
endloop
endfacet
facet normal 1 0 0
outer loop
vertex 10 127 0
vertex 10 128 0
vertex 10 128 1
endloop
endfacet
facet normal 1 0 0
outer loop
vertex 10 127 0
vertex 10 128 1
vertex 10 127 1
endloop
endfacet
facet normal 0 1 0
outer loop
vertex 10 128 0
vertex 2 128 0
vertex 2 128 1
endloop
endfacet
facet normal 0 1 0
outer loop
vertex 10 128 0
vertex 2 128 1
vertex 10 128 1
endloop
endfacet
facet normal -1 0 0
outer loop
vertex 2 128 0
vertex 2 127 0
vertex 2 127 1
endloop
endfacet
facet normal -1 0 0
outer loop
vertex 2 128 0
vertex 2 127 1
vertex 2 128 1
endloop
endfacet
facet normal 0 0 -1
outer loop
vertex 6 128 0
vertex 8 129 0
vertex 8 128 0
endloop
endfacet
facet normal 0 0 -1
outer loop
vertex 6 128 0
vertex 6 129 0
vertex 8 129 0
endloop
endfacet
facet normal 0 0 1
outer loop
vertex 6 128 1
vertex 8 128 1
vertex 8 129 1
endloop
endfacet
facet normal 0 0 1
outer loop
vertex 6 128 1
vertex 8 129 1
vertex 6 129 1
endloop
endfacet
facet normal 0 -1 0
outer loop
vertex 6 128 0
vertex 8 128 0
vertex 8 128 1
endloop
endfacet
facet normal 0 -1 0
outer loop
vertex 6 128 0
vertex 8 128 1
vertex 6 128 1
endloop
endfacet
facet normal 1 0 0
outer loop
vertex 8 128 0
vertex 8 129 0
vertex 8 129 1
endloop
endfacet
facet normal 1 0 0
outer loop
vertex 8 128 0
vertex 8 129 1
vertex 8 128 1
endloop
endfacet
facet normal 0 1 0
outer loop
vertex 8 129 0
vertex 6 129 0
vertex 6 129 1
endloop
endfacet
facet normal 0 1 0
outer loop
vertex 8 129 0
vertex 6 129 1
vertex 8 129 1
endloop
endfacet
facet normal -1 0 0
outer loop
vertex 6 129 0
vertex 6 128 0
vertex 6 128 1
endloop
endfacet
facet normal -1 0 0
outer loop
vertex 6 129 0
vertex 6 128 1
vertex 6 129 1
endloop
endfacet
facet normal 0 0 -1
outer loop
vertex 11 128 0
vertex 14 129 0
vertex 14 128 0
endloop
endfacet
facet normal 0 0 -1
outer loop
vertex 11 128 0
vertex 11 129 0
vertex 14 129 0
endloop
endfacet
facet normal 0 0 1
outer loop
vertex 11 128 1
vertex 14 128 1
vertex 14 129 1
endloop
endfacet
facet normal 0 0 1
outer loop
vertex 11 128 1
vertex 14 129 1
vertex 11 129 1
endloop
endfacet
facet normal 0 -1 0
outer loop
vertex 11 128 0
vertex 14 128 0
vertex 14 128 1
endloop
endfacet
facet normal 0 -1 0
outer loop
vertex 11 128 0
vertex 14 128 1
vertex 11 128 1
endloop
endfacet
facet normal 1 0 0
outer loop
vertex 14 128 0
vertex 14 129 0
vertex 14 129 1
endloop
endfacet
facet normal 1 0 0
outer loop
vertex 14 128 0
vertex 14 129 1
vertex 14 128 1
endloop
endfacet
facet normal 0 1 0
outer loop
vertex 14 129 0
vertex 11 129 0
vertex 11 129 1
endloop
endfacet
facet normal 0 1 0
outer loop
vertex 14 129 0
vertex 11 129 1
vertex 14 129 1
endloop
endfacet
facet normal -1 0 0
outer loop
vertex 11 129 0
vertex 11 128 0
vertex 11 128 1
endloop
endfacet
facet normal -1 0 0
outer loop
vertex 11 129 0
vertex 11 128 1
vertex 11 129 1
endloop
endfacet
facet normal 0 0 -1
outer loop
vertex 10 129 0
vertex 12 130 0
vertex 12 129 0
endloop
endfacet
facet normal 0 0 -1
outer loop
vertex 10 129 0
vertex 10 130 0
vertex 12 130 0
endloop
endfacet
facet normal 0 0 1
outer loop
vertex 10 129 1
vertex 12 129 1
vertex 12 130 1
endloop
endfacet
facet normal 0 0 1
outer loop
vertex 10 129 1
vertex 12 130 1
vertex 10 130 1
endloop
endfacet
facet normal 0 -1 0
outer loop
vertex 10 129 0
vertex 12 129 0
vertex 12 129 1
endloop
endfacet
facet normal 0 -1 0
outer loop
vertex 10 129 0
vertex 12 129 1
vertex 10 129 1
endloop
endfacet
facet normal 1 0 0
outer loop
vertex 12 129 0
vertex 12 130 0
vertex 12 130 1
endloop
endfacet
facet normal 1 0 0
outer loop
vertex 12 129 0
vertex 12 130 1
vertex 12 129 1
endloop
endfacet
facet normal 0 1 0
outer loop
vertex 12 130 0
vertex 10 130 0
vertex 10 130 1
endloop
endfacet
facet normal 0 1 0
outer loop
vertex 12 130 0
vertex 10 130 1
vertex 12 130 1
endloop
endfacet
facet normal -1 0 0
outer loop
vertex 10 130 0
vertex 10 129 0
vertex 10 129 1
endloop
endfacet
facet normal -1 0 0
outer loop
vertex 10 130 0
vertex 10 129 1
vertex 10 130 1
endloop
endfacet
facet normal 0 0 -1
outer loop
vertex 16 129 0
vertex 18 130 0
vertex 18 129 0
endloop
endfacet
facet normal 0 0 -1
outer loop
vertex 16 129 0
vertex 16 130 0
vertex 18 130 0
endloop
endfacet
facet normal 0 0 1
outer loop
vertex 16 129 1
vertex 18 129 1
vertex 18 130 1
endloop
endfacet
facet normal 0 0 1
outer loop
vertex 16 129 1
vertex 18 130 1
vertex 16 130 1
endloop
endfacet
facet normal 0 -1 0
outer loop
vertex 16 129 0
vertex 18 129 0
vertex 18 129 1
endloop
endfacet
facet normal 0 -1 0
outer loop
vertex 16 129 0
vertex 18 129 1
vertex 16 129 1
endloop
endfacet
facet normal 1 0 0
outer loop
vertex 18 129 0
vertex 18 130 0
vertex 18 130 1
endloop
endfacet
facet normal 1 0 0
outer loop
vertex 18 129 0
vertex 18 130 1
vertex 18 129 1
endloop
endfacet
facet normal 0 1 0
outer loop
vertex 18 130 0
vertex 16 130 0
vertex 16 130 1
endloop
endfacet
facet normal 0 1 0
outer loop
vertex 18 130 0
vertex 16 130 1
vertex 18 130 1
endloop
endfacet
facet normal -1 0 0
outer loop
vertex 16 130 0
vertex 16 129 0
vertex 16 129 1
endloop
endfacet
facet normal -1 0 0
outer loop
vertex 16 130 0
vertex 16 129 1
vertex 16 130 1
endloop
endfacet
facet normal 0 0 -1
outer loop
vertex 14 130 0
vertex 16 131 0
vertex 16 130 0
endloop
endfacet
facet normal 0 0 -1
outer loop
vertex 14 130 0
vertex 14 131 0
vertex 16 131 0
endloop
endfacet
facet normal 0 0 1
outer loop
vertex 14 130 1
vertex 16 130 1
vertex 16 131 1
endloop
endfacet
facet normal 0 0 1
outer loop
vertex 14 130 1
vertex 16 131 1
vertex 14 131 1
endloop
endfacet
facet normal 0 -1 0
outer loop
vertex 14 130 0
vertex 16 130 0
vertex 16 130 1
endloop
endfacet
facet normal 0 -1 0
outer loop
vertex 14 130 0
vertex 16 130 1
vertex 14 130 1
endloop
endfacet
facet normal 1 0 0
outer loop
vertex 16 130 0
vertex 16 131 0
vertex 16 131 1
endloop
endfacet
facet normal 1 0 0
outer loop
vertex 16 130 0
vertex 16 131 1
vertex 16 130 1
endloop
endfacet
facet normal 0 1 0
outer loop
vertex 16 131 0
vertex 14 131 0
vertex 14 131 1
endloop
endfacet
facet normal 0 1 0
outer loop
vertex 16 131 0
vertex 14 131 1
vertex 16 131 1
endloop
endfacet
facet normal -1 0 0
outer loop
vertex 14 131 0
vertex 14 130 0
vertex 14 130 1
endloop
endfacet
facet normal -1 0 0
outer loop
vertex 14 131 0
vertex 14 130 1
vertex 14 131 1
endloop
endfacet
facet normal 0 0 -1
outer loop
vertex 19 130 0
vertex 22 131 0
vertex 22 130 0
endloop
endfacet
facet normal 0 0 -1
outer loop
vertex 19 130 0
vertex 19 131 0
vertex 22 131 0
endloop
endfacet
facet normal 0 0 1
outer loop
vertex 19 130 1
vertex 22 130 1
vertex 22 131 1
endloop
endfacet
facet normal 0 0 1
outer loop
vertex 19 130 1
vertex 22 131 1
vertex 19 131 1
endloop
endfacet
facet normal 0 -1 0
outer loop
vertex 19 130 0
vertex 22 130 0
vertex 22 130 1
endloop
endfacet
facet normal 0 -1 0
outer loop
vertex 19 130 0
vertex 22 130 1
vertex 19 130 1
endloop
endfacet
facet normal 1 0 0
outer loop
vertex 22 130 0
vertex 22 131 0
vertex 22 131 1
endloop
endfacet
facet normal 1 0 0
outer loop
vertex 22 130 0
vertex 22 131 1
vertex 22 130 1
endloop
endfacet
facet normal 0 1 0
outer loop
vertex 22 131 0
vertex 19 131 0
vertex 19 131 1
endloop
endfacet
facet normal 0 1 0
outer loop
vertex 22 131 0
vertex 19 131 1
vertex 22 131 1
endloop
endfacet
facet normal -1 0 0
outer loop
vertex 19 131 0
vertex 19 130 0
vertex 19 130 1
endloop
endfacet
facet normal -1 0 0
outer loop
vertex 19 131 0
vertex 19 130 1
vertex 19 131 1
endloop
endfacet
facet normal 0 0 -1
outer loop
vertex 18 131 0
vertex 26 132 0
vertex 26 131 0
endloop
endfacet
facet normal 0 0 -1
outer loop
vertex 18 131 0
vertex 18 132 0
vertex 26 132 0
endloop
endfacet
facet normal 0 0 1
outer loop
vertex 18 131 1
vertex 26 131 1
vertex 26 132 1
endloop
endfacet
facet normal 0 0 1
outer loop
vertex 18 131 1
vertex 26 132 1
vertex 18 132 1
endloop
endfacet
facet normal 0 -1 0
outer loop
vertex 18 131 0
vertex 26 131 0
vertex 26 131 1
endloop
endfacet
facet normal 0 -1 0
outer loop
vertex 18 131 0
vertex 26 131 1
vertex 18 131 1
endloop
endfacet
facet normal 1 0 0
outer loop
vertex 26 131 0
vertex 26 132 0
vertex 26 132 1
endloop
endfacet
facet normal 1 0 0
outer loop
vertex 26 131 0
vertex 26 132 1
vertex 26 131 1
endloop
endfacet
facet normal 0 1 0
outer loop
vertex 26 132 0
vertex 18 132 0
vertex 18 132 1
endloop
endfacet
facet normal 0 1 0
outer loop
vertex 26 132 0
vertex 18 132 1
vertex 26 132 1
endloop
endfacet
facet normal -1 0 0
outer loop
vertex 18 132 0
vertex 18 131 0
vertex 18 131 1
endloop
endfacet
facet normal -1 0 0
outer loop
vertex 18 132 0
vertex 18 131 1
vertex 18 132 1
endloop
endfacet
facet normal 0 0 -1
outer loop
vertex 22 132 0
vertex 28 133 0
vertex 28 132 0
endloop
endfacet
facet normal 0 0 -1
outer loop
vertex 22 132 0
vertex 22 133 0
vertex 28 133 0
endloop
endfacet
facet normal 0 0 1
outer loop
vertex 22 132 1
vertex 28 132 1
vertex 28 133 1
endloop
endfacet
facet normal 0 0 1
outer loop
vertex 22 132 1
vertex 28 133 1
vertex 22 133 1
endloop
endfacet
facet normal 0 -1 0
outer loop
vertex 22 132 0
vertex 28 132 0
vertex 28 132 1
endloop
endfacet
facet normal 0 -1 0
outer loop
vertex 22 132 0
vertex 28 132 1
vertex 22 132 1
endloop
endfacet
facet normal 1 0 0
outer loop
vertex 28 132 0
vertex 28 133 0
vertex 28 133 1
endloop
endfacet
facet normal 1 0 0
outer loop
vertex 28 132 0
vertex 28 133 1
vertex 28 132 1
endloop
endfacet
facet normal 0 1 0
outer loop
vertex 28 133 0
vertex 22 133 0
vertex 22 133 1
endloop
endfacet
facet normal 0 1 0
outer loop
vertex 28 133 0
vertex 22 133 1
vertex 28 133 1
endloop
endfacet
facet normal -1 0 0
outer loop
vertex 22 133 0
vertex 22 132 0
vertex 22 132 1
endloop
endfacet
facet normal -1 0 0
outer loop
vertex 22 133 0
vertex 22 132 1
vertex 22 133 1
endloop
endfacet
facet normal 0 0 -1
outer loop
vertex 26 133 0
vertex 28 134 0
vertex 28 133 0
endloop
endfacet
facet normal 0 0 -1
outer loop
vertex 26 133 0
vertex 26 134 0
vertex 28 134 0
endloop
endfacet
facet normal 0 0 1
outer loop
vertex 26 133 1
vertex 28 133 1
vertex 28 134 1
endloop
endfacet
facet normal 0 0 1
outer loop
vertex 26 133 1
vertex 28 134 1
vertex 26 134 1
endloop
endfacet
facet normal 0 -1 0
outer loop
vertex 26 133 0
vertex 28 133 0
vertex 28 133 1
endloop
endfacet
facet normal 0 -1 0
outer loop
vertex 26 133 0
vertex 28 133 1
vertex 26 133 1
endloop
endfacet
facet normal 1 0 0
outer loop
vertex 28 133 0
vertex 28 134 0
vertex 28 134 1
endloop
endfacet
facet normal 1 0 0
outer loop
vertex 28 133 0
vertex 28 134 1
vertex 28 133 1
endloop
endfacet
facet normal 0 1 0
outer loop
vertex 28 134 0
vertex 26 134 0
vertex 26 134 1
endloop
endfacet
facet normal 0 1 0
outer loop
vertex 28 134 0
vertex 26 134 1
vertex 28 134 1
endloop
endfacet
facet normal -1 0 0
outer loop
vertex 26 134 0
vertex 26 133 0
vertex 26 133 1
endloop
endfacet
facet normal -1 0 0
outer loop
vertex 26 134 0
vertex 26 133 1
vertex 26 134 1
endloop
endfacet
facet normal 0 0 -1
outer loop
vertex 30 134 0
vertex 32 135 0
vertex 32 134 0
endloop
endfacet
facet normal 0 0 -1
outer loop
vertex 30 134 0
vertex 30 135 0
vertex 32 135 0
endloop
endfacet
facet normal 0 0 1
outer loop
vertex 30 134 1
vertex 32 134 1
vertex 32 135 1
endloop
endfacet
facet normal 0 0 1
outer loop
vertex 30 134 1
vertex 32 135 1
vertex 30 135 1
endloop
endfacet
facet normal 0 -1 0
outer loop
vertex 30 134 0
vertex 32 134 0
vertex 32 134 1
endloop
endfacet
facet normal 0 -1 0
outer loop
vertex 30 134 0
vertex 32 134 1
vertex 30 134 1
endloop
endfacet
facet normal 1 0 0
outer loop
vertex 32 134 0
vertex 32 135 0
vertex 32 135 1
endloop
endfacet
facet normal 1 0 0
outer loop
vertex 32 134 0
vertex 32 135 1
vertex 32 134 1
endloop
endfacet
facet normal 0 1 0
outer loop
vertex 32 135 0
vertex 30 135 0
vertex 30 135 1
endloop
endfacet
facet normal 0 1 0
outer loop
vertex 32 135 0
vertex 30 135 1
vertex 32 135 1
endloop
endfacet
facet normal -1 0 0
outer loop
vertex 30 135 0
vertex 30 134 0
vertex 30 134 1
endloop
endfacet
facet normal -1 0 0
outer loop
vertex 30 135 0
vertex 30 134 1
vertex 30 135 1
endloop
endfacet
facet normal 0 0 -1
outer loop
vertex 34 135 0
vertex 36 136 0
vertex 36 135 0
endloop
endfacet
facet normal 0 0 -1
outer loop
vertex 34 135 0
vertex 34 136 0
vertex 36 136 0
endloop
endfacet
facet normal 0 0 1
outer loop
vertex 34 135 1
vertex 36 135 1
vertex 36 136 1
endloop
endfacet
facet normal 0 0 1
outer loop
vertex 34 135 1
vertex 36 136 1
vertex 34 136 1
endloop
endfacet
facet normal 0 -1 0
outer loop
vertex 34 135 0
vertex 36 135 0
vertex 36 135 1
endloop
endfacet
facet normal 0 -1 0
outer loop
vertex 34 135 0
vertex 36 135 1
vertex 34 135 1
endloop
endfacet
facet normal 1 0 0
outer loop
vertex 36 135 0
vertex 36 136 0
vertex 36 136 1
endloop
endfacet
facet normal 1 0 0
outer loop
vertex 36 135 0
vertex 36 136 1
vertex 36 135 1
endloop
endfacet
facet normal 0 1 0
outer loop
vertex 36 136 0
vertex 34 136 0
vertex 34 136 1
endloop
endfacet
facet normal 0 1 0
outer loop
vertex 36 136 0
vertex 34 136 1
vertex 36 136 1
endloop
endfacet
facet normal -1 0 0
outer loop
vertex 34 136 0
vertex 34 135 0
vertex 34 135 1
endloop
endfacet
facet normal -1 0 0
outer loop
vertex 34 136 0
vertex 34 135 1
vertex 34 136 1
endloop
endfacet
facet normal 0 0 -1
outer loop
vertex 2 137 0
vertex 4 138 0
vertex 4 137 0
endloop
endfacet
facet normal 0 0 -1
outer loop
vertex 2 137 0
vertex 2 138 0
vertex 4 138 0
endloop
endfacet
facet normal 0 0 1
outer loop
vertex 2 137 1
vertex 4 137 1
vertex 4 138 1
endloop
endfacet
facet normal 0 0 1
outer loop
vertex 2 137 1
vertex 4 138 1
vertex 2 138 1
endloop
endfacet
facet normal 0 -1 0
outer loop
vertex 2 137 0
vertex 4 137 0
vertex 4 137 1
endloop
endfacet
facet normal 0 -1 0
outer loop
vertex 2 137 0
vertex 4 137 1
vertex 2 137 1
endloop
endfacet
facet normal 1 0 0
outer loop
vertex 4 137 0
vertex 4 138 0
vertex 4 138 1
endloop
endfacet
facet normal 1 0 0
outer loop
vertex 4 137 0
vertex 4 138 1
vertex 4 137 1
endloop
endfacet
facet normal 0 1 0
outer loop
vertex 4 138 0
vertex 2 138 0
vertex 2 138 1
endloop
endfacet
facet normal 0 1 0
outer loop
vertex 4 138 0
vertex 2 138 1
vertex 4 138 1
endloop
endfacet
facet normal -1 0 0
outer loop
vertex 2 138 0
vertex 2 137 0
vertex 2 137 1
endloop
endfacet
facet normal -1 0 0
outer loop
vertex 2 138 0
vertex 2 137 1
vertex 2 138 1
endloop
endfacet
facet normal 0 0 -1
outer loop
vertex 6 138 0
vertex 8 139 0
vertex 8 138 0
endloop
endfacet
facet normal 0 0 -1
outer loop
vertex 6 138 0
vertex 6 139 0
vertex 8 139 0
endloop
endfacet
facet normal 0 0 1
outer loop
vertex 6 138 1
vertex 8 138 1
vertex 8 139 1
endloop
endfacet
facet normal 0 0 1
outer loop
vertex 6 138 1
vertex 8 139 1
vertex 6 139 1
endloop
endfacet
facet normal 0 -1 0
outer loop
vertex 6 138 0
vertex 8 138 0
vertex 8 138 1
endloop
endfacet
facet normal 0 -1 0
outer loop
vertex 6 138 0
vertex 8 138 1
vertex 6 138 1
endloop
endfacet
facet normal 1 0 0
outer loop
vertex 8 138 0
vertex 8 139 0
vertex 8 139 1
endloop
endfacet
facet normal 1 0 0
outer loop
vertex 8 138 0
vertex 8 139 1
vertex 8 138 1
endloop
endfacet
facet normal 0 1 0
outer loop
vertex 8 139 0
vertex 6 139 0
vertex 6 139 1
endloop
endfacet
facet normal 0 1 0
outer loop
vertex 8 139 0
vertex 6 139 1
vertex 8 139 1
endloop
endfacet
facet normal -1 0 0
outer loop
vertex 6 139 0
vertex 6 138 0
vertex 6 138 1
endloop
endfacet
facet normal -1 0 0
outer loop
vertex 6 139 0
vertex 6 138 1
vertex 6 139 1
endloop
endfacet
facet normal 0 0 -1
outer loop
vertex 25 142 0
vertex 27 143 0
vertex 27 142 0
endloop
endfacet
facet normal 0 0 -1
outer loop
vertex 25 142 0
vertex 25 143 0
vertex 27 143 0
endloop
endfacet
facet normal 0 0 1
outer loop
vertex 25 142 1
vertex 27 142 1
vertex 27 143 1
endloop
endfacet
facet normal 0 0 1
outer loop
vertex 25 142 1
vertex 27 143 1
vertex 25 143 1
endloop
endfacet
facet normal 0 -1 0
outer loop
vertex 25 142 0
vertex 27 142 0
vertex 27 142 1
endloop
endfacet
facet normal 0 -1 0
outer loop
vertex 25 142 0
vertex 27 142 1
vertex 25 142 1
endloop
endfacet
facet normal 1 0 0
outer loop
vertex 27 142 0
vertex 27 143 0
vertex 27 143 1
endloop
endfacet
facet normal 1 0 0
outer loop
vertex 27 142 0
vertex 27 143 1
vertex 27 142 1
endloop
endfacet
facet normal 0 1 0
outer loop
vertex 27 143 0
vertex 25 143 0
vertex 25 143 1
endloop
endfacet
facet normal 0 1 0
outer loop
vertex 27 143 0
vertex 25 143 1
vertex 27 143 1
endloop
endfacet
facet normal -1 0 0
outer loop
vertex 25 143 0
vertex 25 142 0
vertex 25 142 1
endloop
endfacet
facet normal -1 0 0
outer loop
vertex 25 143 0
vertex 25 142 1
vertex 25 143 1
endloop
endfacet
facet normal 0 0 -1
outer loop
vertex 26 143 0
vertex 34 144 0
vertex 34 143 0
endloop
endfacet
facet normal 0 0 -1
outer loop
vertex 26 143 0
vertex 26 144 0
vertex 34 144 0
endloop
endfacet
facet normal 0 0 1
outer loop
vertex 26 143 1
vertex 34 143 1
vertex 34 144 1
endloop
endfacet
facet normal 0 0 1
outer loop
vertex 26 143 1
vertex 34 144 1
vertex 26 144 1
endloop
endfacet
facet normal 0 -1 0
outer loop
vertex 26 143 0
vertex 34 143 0
vertex 34 143 1
endloop
endfacet
facet normal 0 -1 0
outer loop
vertex 26 143 0
vertex 34 143 1
vertex 26 143 1
endloop
endfacet
facet normal 1 0 0
outer loop
vertex 34 143 0
vertex 34 144 0
vertex 34 144 1
endloop
endfacet
facet normal 1 0 0
outer loop
vertex 34 143 0
vertex 34 144 1
vertex 34 143 1
endloop
endfacet
facet normal 0 1 0
outer loop
vertex 34 144 0
vertex 26 144 0
vertex 26 144 1
endloop
endfacet
facet normal 0 1 0
outer loop
vertex 34 144 0
vertex 26 144 1
vertex 34 144 1
endloop
endfacet
facet normal -1 0 0
outer loop
vertex 26 144 0
vertex 26 143 0
vertex 26 143 1
endloop
endfacet
facet normal -1 0 0
outer loop
vertex 26 144 0
vertex 26 143 1
vertex 26 144 1
endloop
endfacet
facet normal 0 0 -1
outer loop
vertex 29 144 0
vertex 36 145 0
vertex 36 144 0
endloop
endfacet
facet normal 0 0 -1
outer loop
vertex 29 144 0
vertex 29 145 0
vertex 36 145 0
endloop
endfacet
facet normal 0 0 1
outer loop
vertex 29 144 1
vertex 36 144 1
vertex 36 145 1
endloop
endfacet
facet normal 0 0 1
outer loop
vertex 29 144 1
vertex 36 145 1
vertex 29 145 1
endloop
endfacet
facet normal 0 -1 0
outer loop
vertex 29 144 0
vertex 36 144 0
vertex 36 144 1
endloop
endfacet
facet normal 0 -1 0
outer loop
vertex 29 144 0
vertex 36 144 1
vertex 29 144 1
endloop
endfacet
facet normal 1 0 0
outer loop
vertex 36 144 0
vertex 36 145 0
vertex 36 145 1
endloop
endfacet
facet normal 1 0 0
outer loop
vertex 36 144 0
vertex 36 145 1
vertex 36 144 1
endloop
endfacet
facet normal 0 1 0
outer loop
vertex 36 145 0
vertex 29 145 0
vertex 29 145 1
endloop
endfacet
facet normal 0 1 0
outer loop
vertex 36 145 0
vertex 29 145 1
vertex 36 145 1
endloop
endfacet
facet normal -1 0 0
outer loop
vertex 29 145 0
vertex 29 144 0
vertex 29 144 1
endloop
endfacet
facet normal -1 0 0
outer loop
vertex 29 145 0
vertex 29 144 1
vertex 29 145 1
endloop
endfacet
facet normal 0 0 -1
outer loop
vertex 0 145 0
vertex 3 146 0
vertex 3 145 0
endloop
endfacet
facet normal 0 0 -1
outer loop
vertex 0 145 0
vertex 0 146 0
vertex 3 146 0
endloop
endfacet
facet normal 0 0 1
outer loop
vertex 0 145 1
vertex 3 145 1
vertex 3 146 1
endloop
endfacet
facet normal 0 0 1
outer loop
vertex 0 145 1
vertex 3 146 1
vertex 0 146 1
endloop
endfacet
facet normal 0 -1 0
outer loop
vertex 0 145 0
vertex 3 145 0
vertex 3 145 1
endloop
endfacet
facet normal 0 -1 0
outer loop
vertex 0 145 0
vertex 3 145 1
vertex 0 145 1
endloop
endfacet
facet normal 1 0 0
outer loop
vertex 3 145 0
vertex 3 146 0
vertex 3 146 1
endloop
endfacet
facet normal 1 0 0
outer loop
vertex 3 145 0
vertex 3 146 1
vertex 3 145 1
endloop
endfacet
facet normal 0 1 0
outer loop
vertex 3 146 0
vertex 0 146 0
vertex 0 146 1
endloop
endfacet
facet normal 0 1 0
outer loop
vertex 3 146 0
vertex 0 146 1
vertex 3 146 1
endloop
endfacet
facet normal -1 0 0
outer loop
vertex 0 146 0
vertex 0 145 0
vertex 0 145 1
endloop
endfacet
facet normal -1 0 0
outer loop
vertex 0 146 0
vertex 0 145 1
vertex 0 146 1
endloop
endfacet
facet normal 0 0 -1
outer loop
vertex 32 145 0
vertex 36 146 0
vertex 36 145 0
endloop
endfacet
facet normal 0 0 -1
outer loop
vertex 32 145 0
vertex 32 146 0
vertex 36 146 0
endloop
endfacet
facet normal 0 0 1
outer loop
vertex 32 145 1
vertex 36 145 1
vertex 36 146 1
endloop
endfacet
facet normal 0 0 1
outer loop
vertex 32 145 1
vertex 36 146 1
vertex 32 146 1
endloop
endfacet
facet normal 0 -1 0
outer loop
vertex 32 145 0
vertex 36 145 0
vertex 36 145 1
endloop
endfacet
facet normal 0 -1 0
outer loop
vertex 32 145 0
vertex 36 145 1
vertex 32 145 1
endloop
endfacet
facet normal 1 0 0
outer loop
vertex 36 145 0
vertex 36 146 0
vertex 36 146 1
endloop
endfacet
facet normal 1 0 0
outer loop
vertex 36 145 0
vertex 36 146 1
vertex 36 145 1
endloop
endfacet
facet normal 0 1 0
outer loop
vertex 36 146 0
vertex 32 146 0
vertex 32 146 1
endloop
endfacet
facet normal 0 1 0
outer loop
vertex 36 146 0
vertex 32 146 1
vertex 36 146 1
endloop
endfacet
facet normal -1 0 0
outer loop
vertex 32 146 0
vertex 32 145 0
vertex 32 145 1
endloop
endfacet
facet normal -1 0 0
outer loop
vertex 32 146 0
vertex 32 145 1
vertex 32 146 1
endloop
endfacet
facet normal 0 0 -1
outer loop
vertex 4 146 0
vertex 7 147 0
vertex 7 146 0
endloop
endfacet
facet normal 0 0 -1
outer loop
vertex 4 146 0
vertex 4 147 0
vertex 7 147 0
endloop
endfacet
facet normal 0 0 1
outer loop
vertex 4 146 1
vertex 7 146 1
vertex 7 147 1
endloop
endfacet
facet normal 0 0 1
outer loop
vertex 4 146 1
vertex 7 147 1
vertex 4 147 1
endloop
endfacet
facet normal 0 -1 0
outer loop
vertex 4 146 0
vertex 7 146 0
vertex 7 146 1
endloop
endfacet
facet normal 0 -1 0
outer loop
vertex 4 146 0
vertex 7 146 1
vertex 4 146 1
endloop
endfacet
facet normal 1 0 0
outer loop
vertex 7 146 0
vertex 7 147 0
vertex 7 147 1
endloop
endfacet
facet normal 1 0 0
outer loop
vertex 7 146 0
vertex 7 147 1
vertex 7 146 1
endloop
endfacet
facet normal 0 1 0
outer loop
vertex 7 147 0
vertex 4 147 0
vertex 4 147 1
endloop
endfacet
facet normal 0 1 0
outer loop
vertex 7 147 0
vertex 4 147 1
vertex 7 147 1
endloop
endfacet
facet normal -1 0 0
outer loop
vertex 4 147 0
vertex 4 146 0
vertex 4 146 1
endloop
endfacet
facet normal -1 0 0
outer loop
vertex 4 147 0
vertex 4 146 1
vertex 4 147 1
endloop
endfacet
facet normal 0 0 -1
outer loop
vertex 0 147 0
vertex 3 148 0
vertex 3 147 0
endloop
endfacet
facet normal 0 0 -1
outer loop
vertex 0 147 0
vertex 0 148 0
vertex 3 148 0
endloop
endfacet
facet normal 0 0 1
outer loop
vertex 0 147 1
vertex 3 147 1
vertex 3 148 1
endloop
endfacet
facet normal 0 0 1
outer loop
vertex 0 147 1
vertex 3 148 1
vertex 0 148 1
endloop
endfacet
facet normal 0 -1 0
outer loop
vertex 0 147 0
vertex 3 147 0
vertex 3 147 1
endloop
endfacet
facet normal 0 -1 0
outer loop
vertex 0 147 0
vertex 3 147 1
vertex 0 147 1
endloop
endfacet
facet normal 1 0 0
outer loop
vertex 3 147 0
vertex 3 148 0
vertex 3 148 1
endloop
endfacet
facet normal 1 0 0
outer loop
vertex 3 147 0
vertex 3 148 1
vertex 3 147 1
endloop
endfacet
facet normal 0 1 0
outer loop
vertex 3 148 0
vertex 0 148 0
vertex 0 148 1
endloop
endfacet
facet normal 0 1 0
outer loop
vertex 3 148 0
vertex 0 148 1
vertex 3 148 1
endloop
endfacet
facet normal -1 0 0
outer loop
vertex 0 148 0
vertex 0 147 0
vertex 0 147 1
endloop
endfacet
facet normal -1 0 0
outer loop
vertex 0 148 0
vertex 0 147 1
vertex 0 148 1
endloop
endfacet
facet normal 0 0 -1
outer loop
vertex 9 147 0
vertex 12 148 0
vertex 12 147 0
endloop
endfacet
facet normal 0 0 -1
outer loop
vertex 9 147 0
vertex 9 148 0
vertex 12 148 0
endloop
endfacet
facet normal 0 0 1
outer loop
vertex 9 147 1
vertex 12 147 1
vertex 12 148 1
endloop
endfacet
facet normal 0 0 1
outer loop
vertex 9 147 1
vertex 12 148 1
vertex 9 148 1
endloop
endfacet
facet normal 0 -1 0
outer loop
vertex 9 147 0
vertex 12 147 0
vertex 12 147 1
endloop
endfacet
facet normal 0 -1 0
outer loop
vertex 9 147 0
vertex 12 147 1
vertex 9 147 1
endloop
endfacet
facet normal 1 0 0
outer loop
vertex 12 147 0
vertex 12 148 0
vertex 12 148 1
endloop
endfacet
facet normal 1 0 0
outer loop
vertex 12 147 0
vertex 12 148 1
vertex 12 147 1
endloop
endfacet
facet normal 0 1 0
outer loop
vertex 12 148 0
vertex 9 148 0
vertex 9 148 1
endloop
endfacet
facet normal 0 1 0
outer loop
vertex 12 148 0
vertex 9 148 1
vertex 12 148 1
endloop
endfacet
facet normal -1 0 0
outer loop
vertex 9 148 0
vertex 9 147 0
vertex 9 147 1
endloop
endfacet
facet normal -1 0 0
outer loop
vertex 9 148 0
vertex 9 147 1
vertex 9 148 1
endloop
endfacet
facet normal 0 0 -1
outer loop
vertex 4 148 0
vertex 6 149 0
vertex 6 148 0
endloop
endfacet
facet normal 0 0 -1
outer loop
vertex 4 148 0
vertex 4 149 0
vertex 6 149 0
endloop
endfacet
facet normal 0 0 1
outer loop
vertex 4 148 1
vertex 6 148 1
vertex 6 149 1
endloop
endfacet
facet normal 0 0 1
outer loop
vertex 4 148 1
vertex 6 149 1
vertex 4 149 1
endloop
endfacet
facet normal 0 -1 0
outer loop
vertex 4 148 0
vertex 6 148 0
vertex 6 148 1
endloop
endfacet
facet normal 0 -1 0
outer loop
vertex 4 148 0
vertex 6 148 1
vertex 4 148 1
endloop
endfacet
facet normal 1 0 0
outer loop
vertex 6 148 0
vertex 6 149 0
vertex 6 149 1
endloop
endfacet
facet normal 1 0 0
outer loop
vertex 6 148 0
vertex 6 149 1
vertex 6 148 1
endloop
endfacet
facet normal 0 1 0
outer loop
vertex 6 149 0
vertex 4 149 0
vertex 4 149 1
endloop
endfacet
facet normal 0 1 0
outer loop
vertex 6 149 0
vertex 4 149 1
vertex 6 149 1
endloop
endfacet
facet normal -1 0 0
outer loop
vertex 4 149 0
vertex 4 148 0
vertex 4 148 1
endloop
endfacet
facet normal -1 0 0
outer loop
vertex 4 149 0
vertex 4 148 1
vertex 4 149 1
endloop
endfacet
facet normal 0 0 -1
outer loop
vertex 14 148 0
vertex 16 149 0
vertex 16 148 0
endloop
endfacet
facet normal 0 0 -1
outer loop
vertex 14 148 0
vertex 14 149 0
vertex 16 149 0
endloop
endfacet
facet normal 0 0 1
outer loop
vertex 14 148 1
vertex 16 148 1
vertex 16 149 1
endloop
endfacet
facet normal 0 0 1
outer loop
vertex 14 148 1
vertex 16 149 1
vertex 14 149 1
endloop
endfacet
facet normal 0 -1 0
outer loop
vertex 14 148 0
vertex 16 148 0
vertex 16 148 1
endloop
endfacet
facet normal 0 -1 0
outer loop
vertex 14 148 0
vertex 16 148 1
vertex 14 148 1
endloop
endfacet
facet normal 1 0 0
outer loop
vertex 16 148 0
vertex 16 149 0
vertex 16 149 1
endloop
endfacet
facet normal 1 0 0
outer loop
vertex 16 148 0
vertex 16 149 1
vertex 16 148 1
endloop
endfacet
facet normal 0 1 0
outer loop
vertex 16 149 0
vertex 14 149 0
vertex 14 149 1
endloop
endfacet
facet normal 0 1 0
outer loop
vertex 16 149 0
vertex 14 149 1
vertex 16 149 1
endloop
endfacet
facet normal -1 0 0
outer loop
vertex 14 149 0
vertex 14 148 0
vertex 14 148 1
endloop
endfacet
facet normal -1 0 0
outer loop
vertex 14 149 0
vertex 14 148 1
vertex 14 149 1
endloop
endfacet
facet normal 0 0 -1
outer loop
vertex 7 149 0
vertex 10 150 0
vertex 10 149 0
endloop
endfacet
facet normal 0 0 -1
outer loop
vertex 7 149 0
vertex 7 150 0
vertex 10 150 0
endloop
endfacet
facet normal 0 0 1
outer loop
vertex 7 149 1
vertex 10 149 1
vertex 10 150 1
endloop
endfacet
facet normal 0 0 1
outer loop
vertex 7 149 1
vertex 10 150 1
vertex 7 150 1
endloop
endfacet
facet normal 0 -1 0
outer loop
vertex 7 149 0
vertex 10 149 0
vertex 10 149 1
endloop
endfacet
facet normal 0 -1 0
outer loop
vertex 7 149 0
vertex 10 149 1
vertex 7 149 1
endloop
endfacet
facet normal 1 0 0
outer loop
vertex 10 149 0
vertex 10 150 0
vertex 10 150 1
endloop
endfacet
facet normal 1 0 0
outer loop
vertex 10 149 0
vertex 10 150 1
vertex 10 149 1
endloop
endfacet
facet normal 0 1 0
outer loop
vertex 10 150 0
vertex 7 150 0
vertex 7 150 1
endloop
endfacet
facet normal 0 1 0
outer loop
vertex 10 150 0
vertex 7 150 1
vertex 10 150 1
endloop
endfacet
facet normal -1 0 0
outer loop
vertex 7 150 0
vertex 7 149 0
vertex 7 149 1
endloop
endfacet
facet normal -1 0 0
outer loop
vertex 7 150 0
vertex 7 149 1
vertex 7 150 1
endloop
endfacet
facet normal 0 0 -1
outer loop
vertex 18 149 0
vertex 20 150 0
vertex 20 149 0
endloop
endfacet
facet normal 0 0 -1
outer loop
vertex 18 149 0
vertex 18 150 0
vertex 20 150 0
endloop
endfacet
facet normal 0 0 1
outer loop
vertex 18 149 1
vertex 20 149 1
vertex 20 150 1
endloop
endfacet
facet normal 0 0 1
outer loop
vertex 18 149 1
vertex 20 150 1
vertex 18 150 1
endloop
endfacet
facet normal 0 -1 0
outer loop
vertex 18 149 0
vertex 20 149 0
vertex 20 149 1
endloop
endfacet
facet normal 0 -1 0
outer loop
vertex 18 149 0
vertex 20 149 1
vertex 18 149 1
endloop
endfacet
facet normal 1 0 0
outer loop
vertex 20 149 0
vertex 20 150 0
vertex 20 150 1
endloop
endfacet
facet normal 1 0 0
outer loop
vertex 20 149 0
vertex 20 150 1
vertex 20 149 1
endloop
endfacet
facet normal 0 1 0
outer loop
vertex 20 150 0
vertex 18 150 0
vertex 18 150 1
endloop
endfacet
facet normal 0 1 0
outer loop
vertex 20 150 0
vertex 18 150 1
vertex 20 150 1
endloop
endfacet
facet normal -1 0 0
outer loop
vertex 18 150 0
vertex 18 149 0
vertex 18 149 1
endloop
endfacet
facet normal -1 0 0
outer loop
vertex 18 150 0
vertex 18 149 1
vertex 18 150 1
endloop
endfacet
facet normal 0 0 -1
outer loop
vertex 11 150 0
vertex 14 151 0
vertex 14 150 0
endloop
endfacet
facet normal 0 0 -1
outer loop
vertex 11 150 0
vertex 11 151 0
vertex 14 151 0
endloop
endfacet
facet normal 0 0 1
outer loop
vertex 11 150 1
vertex 14 150 1
vertex 14 151 1
endloop
endfacet
facet normal 0 0 1
outer loop
vertex 11 150 1
vertex 14 151 1
vertex 11 151 1
endloop
endfacet
facet normal 0 -1 0
outer loop
vertex 11 150 0
vertex 14 150 0
vertex 14 150 1
endloop
endfacet
facet normal 0 -1 0
outer loop
vertex 11 150 0
vertex 14 150 1
vertex 11 150 1
endloop
endfacet
facet normal 1 0 0
outer loop
vertex 14 150 0
vertex 14 151 0
vertex 14 151 1
endloop
endfacet
facet normal 1 0 0
outer loop
vertex 14 150 0
vertex 14 151 1
vertex 14 150 1
endloop
endfacet
facet normal 0 1 0
outer loop
vertex 14 151 0
vertex 11 151 0
vertex 11 151 1
endloop
endfacet
facet normal 0 1 0
outer loop
vertex 14 151 0
vertex 11 151 1
vertex 14 151 1
endloop
endfacet
facet normal -1 0 0
outer loop
vertex 11 151 0
vertex 11 150 0
vertex 11 150 1
endloop
endfacet
facet normal -1 0 0
outer loop
vertex 11 151 0
vertex 11 150 1
vertex 11 151 1
endloop
endfacet
facet normal 0 0 -1
outer loop
vertex 22 150 0
vertex 24 151 0
vertex 24 150 0
endloop
endfacet
facet normal 0 0 -1
outer loop
vertex 22 150 0
vertex 22 151 0
vertex 24 151 0
endloop
endfacet
facet normal 0 0 1
outer loop
vertex 22 150 1
vertex 24 150 1
vertex 24 151 1
endloop
endfacet
facet normal 0 0 1
outer loop
vertex 22 150 1
vertex 24 151 1
vertex 22 151 1
endloop
endfacet
facet normal 0 -1 0
outer loop
vertex 22 150 0
vertex 24 150 0
vertex 24 150 1
endloop
endfacet
facet normal 0 -1 0
outer loop
vertex 22 150 0
vertex 24 150 1
vertex 22 150 1
endloop
endfacet
facet normal 1 0 0
outer loop
vertex 24 150 0
vertex 24 151 0
vertex 24 151 1
endloop
endfacet
facet normal 1 0 0
outer loop
vertex 24 150 0
vertex 24 151 1
vertex 24 150 1
endloop
endfacet
facet normal 0 1 0
outer loop
vertex 24 151 0
vertex 22 151 0
vertex 22 151 1
endloop
endfacet
facet normal 0 1 0
outer loop
vertex 24 151 0
vertex 22 151 1
vertex 24 151 1
endloop
endfacet
facet normal -1 0 0
outer loop
vertex 22 151 0
vertex 22 150 0
vertex 22 150 1
endloop
endfacet
facet normal -1 0 0
outer loop
vertex 22 151 0
vertex 22 150 1
vertex 22 151 1
endloop
endfacet
facet normal 0 0 -1
outer loop
vertex 16 151 0
vertex 18 152 0
vertex 18 151 0
endloop
endfacet
facet normal 0 0 -1
outer loop
vertex 16 151 0
vertex 16 152 0
vertex 18 152 0
endloop
endfacet
facet normal 0 0 1
outer loop
vertex 16 151 1
vertex 18 151 1
vertex 18 152 1
endloop
endfacet
facet normal 0 0 1
outer loop
vertex 16 151 1
vertex 18 152 1
vertex 16 152 1
endloop
endfacet
facet normal 0 -1 0
outer loop
vertex 16 151 0
vertex 18 151 0
vertex 18 151 1
endloop
endfacet
facet normal 0 -1 0
outer loop
vertex 16 151 0
vertex 18 151 1
vertex 16 151 1
endloop
endfacet
facet normal 1 0 0
outer loop
vertex 18 151 0
vertex 18 152 0
vertex 18 152 1
endloop
endfacet
facet normal 1 0 0
outer loop
vertex 18 151 0
vertex 18 152 1
vertex 18 151 1
endloop
endfacet
facet normal 0 1 0
outer loop
vertex 18 152 0
vertex 16 152 0
vertex 16 152 1
endloop
endfacet
facet normal 0 1 0
outer loop
vertex 18 152 0
vertex 16 152 1
vertex 18 152 1
endloop
endfacet
facet normal -1 0 0
outer loop
vertex 16 152 0
vertex 16 151 0
vertex 16 151 1
endloop
endfacet
facet normal -1 0 0
outer loop
vertex 16 152 0
vertex 16 151 1
vertex 16 152 1
endloop
endfacet
facet normal 0 0 -1
outer loop
vertex 26 151 0
vertex 28 152 0
vertex 28 151 0
endloop
endfacet
facet normal 0 0 -1
outer loop
vertex 26 151 0
vertex 26 152 0
vertex 28 152 0
endloop
endfacet
facet normal 0 0 1
outer loop
vertex 26 151 1
vertex 28 151 1
vertex 28 152 1
endloop
endfacet
facet normal 0 0 1
outer loop
vertex 26 151 1
vertex 28 152 1
vertex 26 152 1
endloop
endfacet
facet normal 0 -1 0
outer loop
vertex 26 151 0
vertex 28 151 0
vertex 28 151 1
endloop
endfacet
facet normal 0 -1 0
outer loop
vertex 26 151 0
vertex 28 151 1
vertex 26 151 1
endloop
endfacet
facet normal 1 0 0
outer loop
vertex 28 151 0
vertex 28 152 0
vertex 28 152 1
endloop
endfacet
facet normal 1 0 0
outer loop
vertex 28 151 0
vertex 28 152 1
vertex 28 151 1
endloop
endfacet
facet normal 0 1 0
outer loop
vertex 28 152 0
vertex 26 152 0
vertex 26 152 1
endloop
endfacet
facet normal 0 1 0
outer loop
vertex 28 152 0
vertex 26 152 1
vertex 28 152 1
endloop
endfacet
facet normal -1 0 0
outer loop
vertex 26 152 0
vertex 26 151 0
vertex 26 151 1
endloop
endfacet
facet normal -1 0 0
outer loop
vertex 26 152 0
vertex 26 151 1
vertex 26 152 1
endloop
endfacet
facet normal 0 0 -1
outer loop
vertex 20 152 0
vertex 22 153 0
vertex 22 152 0
endloop
endfacet
facet normal 0 0 -1
outer loop
vertex 20 152 0
vertex 20 153 0
vertex 22 153 0
endloop
endfacet
facet normal 0 0 1
outer loop
vertex 20 152 1
vertex 22 152 1
vertex 22 153 1
endloop
endfacet
facet normal 0 0 1
outer loop
vertex 20 152 1
vertex 22 153 1
vertex 20 153 1
endloop
endfacet
facet normal 0 -1 0
outer loop
vertex 20 152 0
vertex 22 152 0
vertex 22 152 1
endloop
endfacet
facet normal 0 -1 0
outer loop
vertex 20 152 0
vertex 22 152 1
vertex 20 152 1
endloop
endfacet
facet normal 1 0 0
outer loop
vertex 22 152 0
vertex 22 153 0
vertex 22 153 1
endloop
endfacet
facet normal 1 0 0
outer loop
vertex 22 152 0
vertex 22 153 1
vertex 22 152 1
endloop
endfacet
facet normal 0 1 0
outer loop
vertex 22 153 0
vertex 20 153 0
vertex 20 153 1
endloop
endfacet
facet normal 0 1 0
outer loop
vertex 22 153 0
vertex 20 153 1
vertex 22 153 1
endloop
endfacet
facet normal -1 0 0
outer loop
vertex 20 153 0
vertex 20 152 0
vertex 20 152 1
endloop
endfacet
facet normal -1 0 0
outer loop
vertex 20 153 0
vertex 20 152 1
vertex 20 153 1
endloop
endfacet
facet normal 0 0 -1
outer loop
vertex 29 152 0
vertex 32 153 0
vertex 32 152 0
endloop
endfacet
facet normal 0 0 -1
outer loop
vertex 29 152 0
vertex 29 153 0
vertex 32 153 0
endloop
endfacet
facet normal 0 0 1
outer loop
vertex 29 152 1
vertex 32 152 1
vertex 32 153 1
endloop
endfacet
facet normal 0 0 1
outer loop
vertex 29 152 1
vertex 32 153 1
vertex 29 153 1
endloop
endfacet
facet normal 0 -1 0
outer loop
vertex 29 152 0
vertex 32 152 0
vertex 32 152 1
endloop
endfacet
facet normal 0 -1 0
outer loop
vertex 29 152 0
vertex 32 152 1
vertex 29 152 1
endloop
endfacet
facet normal 1 0 0
outer loop
vertex 32 152 0
vertex 32 153 0
vertex 32 153 1
endloop
endfacet
facet normal 1 0 0
outer loop
vertex 32 152 0
vertex 32 153 1
vertex 32 152 1
endloop
endfacet
facet normal 0 1 0
outer loop
vertex 32 153 0
vertex 29 153 0
vertex 29 153 1
endloop
endfacet
facet normal 0 1 0
outer loop
vertex 32 153 0
vertex 29 153 1
vertex 32 153 1
endloop
endfacet
facet normal -1 0 0
outer loop
vertex 29 153 0
vertex 29 152 0
vertex 29 152 1
endloop
endfacet
facet normal -1 0 0
outer loop
vertex 29 153 0
vertex 29 152 1
vertex 29 153 1
endloop
endfacet
facet normal 0 0 -1
outer loop
vertex 24 153 0
vertex 28 154 0
vertex 28 153 0
endloop
endfacet
facet normal 0 0 -1
outer loop
vertex 24 153 0
vertex 24 154 0
vertex 28 154 0
endloop
endfacet
facet normal 0 0 1
outer loop
vertex 24 153 1
vertex 28 153 1
vertex 28 154 1
endloop
endfacet
facet normal 0 0 1
outer loop
vertex 24 153 1
vertex 28 154 1
vertex 24 154 1
endloop
endfacet
facet normal 0 -1 0
outer loop
vertex 24 153 0
vertex 28 153 0
vertex 28 153 1
endloop
endfacet
facet normal 0 -1 0
outer loop
vertex 24 153 0
vertex 28 153 1
vertex 24 153 1
endloop
endfacet
facet normal 1 0 0
outer loop
vertex 28 153 0
vertex 28 154 0
vertex 28 154 1
endloop
endfacet
facet normal 1 0 0
outer loop
vertex 28 153 0
vertex 28 154 1
vertex 28 153 1
endloop
endfacet
facet normal 0 1 0
outer loop
vertex 28 154 0
vertex 24 154 0
vertex 24 154 1
endloop
endfacet
facet normal 0 1 0
outer loop
vertex 28 154 0
vertex 24 154 1
vertex 28 154 1
endloop
endfacet
facet normal -1 0 0
outer loop
vertex 24 154 0
vertex 24 153 0
vertex 24 153 1
endloop
endfacet
facet normal -1 0 0
outer loop
vertex 24 154 0
vertex 24 153 1
vertex 24 154 1
endloop
endfacet
facet normal 0 0 -1
outer loop
vertex 32 153 0
vertex 36 154 0
vertex 36 153 0
endloop
endfacet
facet normal 0 0 -1
outer loop
vertex 32 153 0
vertex 32 154 0
vertex 36 154 0
endloop
endfacet
facet normal 0 0 1
outer loop
vertex 32 153 1
vertex 36 153 1
vertex 36 154 1
endloop
endfacet
facet normal 0 0 1
outer loop
vertex 32 153 1
vertex 36 154 1
vertex 32 154 1
endloop
endfacet
facet normal 0 -1 0
outer loop
vertex 32 153 0
vertex 36 153 0
vertex 36 153 1
endloop
endfacet
facet normal 0 -1 0
outer loop
vertex 32 153 0
vertex 36 153 1
vertex 32 153 1
endloop
endfacet
facet normal 1 0 0
outer loop
vertex 36 153 0
vertex 36 154 0
vertex 36 154 1
endloop
endfacet
facet normal 1 0 0
outer loop
vertex 36 153 0
vertex 36 154 1
vertex 36 153 1
endloop
endfacet
facet normal 0 1 0
outer loop
vertex 36 154 0
vertex 32 154 0
vertex 32 154 1
endloop
endfacet
facet normal 0 1 0
outer loop
vertex 36 154 0
vertex 32 154 1
vertex 36 154 1
endloop
endfacet
facet normal -1 0 0
outer loop
vertex 32 154 0
vertex 32 153 0
vertex 32 153 1
endloop
endfacet
facet normal -1 0 0
outer loop
vertex 32 154 0
vertex 32 153 1
vertex 32 154 1
endloop
endfacet
facet normal 0 0 -1
outer loop
vertex 29 154 0
vertex 36 155 0
vertex 36 154 0
endloop
endfacet
facet normal 0 0 -1
outer loop
vertex 29 154 0
vertex 29 155 0
vertex 36 155 0
endloop
endfacet
facet normal 0 0 1
outer loop
vertex 29 154 1
vertex 36 154 1
vertex 36 155 1
endloop
endfacet
facet normal 0 0 1
outer loop
vertex 29 154 1
vertex 36 155 1
vertex 29 155 1
endloop
endfacet
facet normal 0 -1 0
outer loop
vertex 29 154 0
vertex 36 154 0
vertex 36 154 1
endloop
endfacet
facet normal 0 -1 0
outer loop
vertex 29 154 0
vertex 36 154 1
vertex 29 154 1
endloop
endfacet
facet normal 1 0 0
outer loop
vertex 36 154 0
vertex 36 155 0
vertex 36 155 1
endloop
endfacet
facet normal 1 0 0
outer loop
vertex 36 154 0
vertex 36 155 1
vertex 36 154 1
endloop
endfacet
facet normal 0 1 0
outer loop
vertex 36 155 0
vertex 29 155 0
vertex 29 155 1
endloop
endfacet
facet normal 0 1 0
outer loop
vertex 36 155 0
vertex 29 155 1
vertex 36 155 1
endloop
endfacet
facet normal -1 0 0
outer loop
vertex 29 155 0
vertex 29 154 0
vertex 29 154 1
endloop
endfacet
facet normal -1 0 0
outer loop
vertex 29 155 0
vertex 29 154 1
vertex 29 155 1
endloop
endfacet
facet normal 0 0 -1
outer loop
vertex 0 155 0
vertex 3 156 0
vertex 3 155 0
endloop
endfacet
facet normal 0 0 -1
outer loop
vertex 0 155 0
vertex 0 156 0
vertex 3 156 0
endloop
endfacet
facet normal 0 0 1
outer loop
vertex 0 155 1
vertex 3 155 1
vertex 3 156 1
endloop
endfacet
facet normal 0 0 1
outer loop
vertex 0 155 1
vertex 3 156 1
vertex 0 156 1
endloop
endfacet
facet normal 0 -1 0
outer loop
vertex 0 155 0
vertex 3 155 0
vertex 3 155 1
endloop
endfacet
facet normal 0 -1 0
outer loop
vertex 0 155 0
vertex 3 155 1
vertex 0 155 1
endloop
endfacet
facet normal 1 0 0
outer loop
vertex 3 155 0
vertex 3 156 0
vertex 3 156 1
endloop
endfacet
facet normal 1 0 0
outer loop
vertex 3 155 0
vertex 3 156 1
vertex 3 155 1
endloop
endfacet
facet normal 0 1 0
outer loop
vertex 3 156 0
vertex 0 156 0
vertex 0 156 1
endloop
endfacet
facet normal 0 1 0
outer loop
vertex 3 156 0
vertex 0 156 1
vertex 3 156 1
endloop
endfacet
facet normal -1 0 0
outer loop
vertex 0 156 0
vertex 0 155 0
vertex 0 155 1
endloop
endfacet
facet normal -1 0 0
outer loop
vertex 0 156 0
vertex 0 155 1
vertex 0 156 1
endloop
endfacet
facet normal 0 0 -1
outer loop
vertex 34 155 0
vertex 36 156 0
vertex 36 155 0
endloop
endfacet
facet normal 0 0 -1
outer loop
vertex 34 155 0
vertex 34 156 0
vertex 36 156 0
endloop
endfacet
facet normal 0 0 1
outer loop
vertex 34 155 1
vertex 36 155 1
vertex 36 156 1
endloop
endfacet
facet normal 0 0 1
outer loop
vertex 34 155 1
vertex 36 156 1
vertex 34 156 1
endloop
endfacet
facet normal 0 -1 0
outer loop
vertex 34 155 0
vertex 36 155 0
vertex 36 155 1
endloop
endfacet
facet normal 0 -1 0
outer loop
vertex 34 155 0
vertex 36 155 1
vertex 34 155 1
endloop
endfacet
facet normal 1 0 0
outer loop
vertex 36 155 0
vertex 36 156 0
vertex 36 156 1
endloop
endfacet
facet normal 1 0 0
outer loop
vertex 36 155 0
vertex 36 156 1
vertex 36 155 1
endloop
endfacet
facet normal 0 1 0
outer loop
vertex 36 156 0
vertex 34 156 0
vertex 34 156 1
endloop
endfacet
facet normal 0 1 0
outer loop
vertex 36 156 0
vertex 34 156 1
vertex 36 156 1
endloop
endfacet
facet normal -1 0 0
outer loop
vertex 34 156 0
vertex 34 155 0
vertex 34 155 1
endloop
endfacet
facet normal -1 0 0
outer loop
vertex 34 156 0
vertex 34 155 1
vertex 34 156 1
endloop
endfacet
facet normal 0 0 -1
outer loop
vertex 0 156 0
vertex 5 157 0
vertex 5 156 0
endloop
endfacet
facet normal 0 0 -1
outer loop
vertex 0 156 0
vertex 0 157 0
vertex 5 157 0
endloop
endfacet
facet normal 0 0 1
outer loop
vertex 0 156 1
vertex 5 156 1
vertex 5 157 1
endloop
endfacet
facet normal 0 0 1
outer loop
vertex 0 156 1
vertex 5 157 1
vertex 0 157 1
endloop
endfacet
facet normal 0 -1 0
outer loop
vertex 0 156 0
vertex 5 156 0
vertex 5 156 1
endloop
endfacet
facet normal 0 -1 0
outer loop
vertex 0 156 0
vertex 5 156 1
vertex 0 156 1
endloop
endfacet
facet normal 1 0 0
outer loop
vertex 5 156 0
vertex 5 157 0
vertex 5 157 1
endloop
endfacet
facet normal 1 0 0
outer loop
vertex 5 156 0
vertex 5 157 1
vertex 5 156 1
endloop
endfacet
facet normal 0 1 0
outer loop
vertex 5 157 0
vertex 0 157 0
vertex 0 157 1
endloop
endfacet
facet normal 0 1 0
outer loop
vertex 5 157 0
vertex 0 157 1
vertex 5 157 1
endloop
endfacet
facet normal -1 0 0
outer loop
vertex 0 157 0
vertex 0 156 0
vertex 0 156 1
endloop
endfacet
facet normal -1 0 0
outer loop
vertex 0 157 0
vertex 0 156 1
vertex 0 157 1
endloop
endfacet
facet normal 0 0 -1
outer loop
vertex 18 161 0
vertex 25 162 0
vertex 25 161 0
endloop
endfacet
facet normal 0 0 -1
outer loop
vertex 18 161 0
vertex 18 162 0
vertex 25 162 0
endloop
endfacet
facet normal 0 0 1
outer loop
vertex 18 161 1
vertex 25 161 1
vertex 25 162 1
endloop
endfacet
facet normal 0 0 1
outer loop
vertex 18 161 1
vertex 25 162 1
vertex 18 162 1
endloop
endfacet
facet normal 0 -1 0
outer loop
vertex 18 161 0
vertex 25 161 0
vertex 25 161 1
endloop
endfacet
facet normal 0 -1 0
outer loop
vertex 18 161 0
vertex 25 161 1
vertex 18 161 1
endloop
endfacet
facet normal 1 0 0
outer loop
vertex 25 161 0
vertex 25 162 0
vertex 25 162 1
endloop
endfacet
facet normal 1 0 0
outer loop
vertex 25 161 0
vertex 25 162 1
vertex 25 161 1
endloop
endfacet
facet normal 0 1 0
outer loop
vertex 25 162 0
vertex 18 162 0
vertex 18 162 1
endloop
endfacet
facet normal 0 1 0
outer loop
vertex 25 162 0
vertex 18 162 1
vertex 25 162 1
endloop
endfacet
facet normal -1 0 0
outer loop
vertex 18 162 0
vertex 18 161 0
vertex 18 161 1
endloop
endfacet
facet normal -1 0 0
outer loop
vertex 18 162 0
vertex 18 161 1
vertex 18 162 1
endloop
endfacet
facet normal 0 0 -1
outer loop
vertex 22 162 0
vertex 29 163 0
vertex 29 162 0
endloop
endfacet
facet normal 0 0 -1
outer loop
vertex 22 162 0
vertex 22 163 0
vertex 29 163 0
endloop
endfacet
facet normal 0 0 1
outer loop
vertex 22 162 1
vertex 29 162 1
vertex 29 163 1
endloop
endfacet
facet normal 0 0 1
outer loop
vertex 22 162 1
vertex 29 163 1
vertex 22 163 1
endloop
endfacet
facet normal 0 -1 0
outer loop
vertex 22 162 0
vertex 29 162 0
vertex 29 162 1
endloop
endfacet
facet normal 0 -1 0
outer loop
vertex 22 162 0
vertex 29 162 1
vertex 22 162 1
endloop
endfacet
facet normal 1 0 0
outer loop
vertex 29 162 0
vertex 29 163 0
vertex 29 163 1
endloop
endfacet
facet normal 1 0 0
outer loop
vertex 29 162 0
vertex 29 163 1
vertex 29 162 1
endloop
endfacet
facet normal 0 1 0
outer loop
vertex 29 163 0
vertex 22 163 0
vertex 22 163 1
endloop
endfacet
facet normal 0 1 0
outer loop
vertex 29 163 0
vertex 22 163 1
vertex 29 163 1
endloop
endfacet
facet normal -1 0 0
outer loop
vertex 22 163 0
vertex 22 162 0
vertex 22 162 1
endloop
endfacet
facet normal -1 0 0
outer loop
vertex 22 163 0
vertex 22 162 1
vertex 22 163 1
endloop
endfacet
facet normal 0 0 -1
outer loop
vertex 29 163 0
vertex 31 164 0
vertex 31 163 0
endloop
endfacet
facet normal 0 0 -1
outer loop
vertex 29 163 0
vertex 29 164 0
vertex 31 164 0
endloop
endfacet
facet normal 0 0 1
outer loop
vertex 29 163 1
vertex 31 163 1
vertex 31 164 1
endloop
endfacet
facet normal 0 0 1
outer loop
vertex 29 163 1
vertex 31 164 1
vertex 29 164 1
endloop
endfacet
facet normal 0 -1 0
outer loop
vertex 29 163 0
vertex 31 163 0
vertex 31 163 1
endloop
endfacet
facet normal 0 -1 0
outer loop
vertex 29 163 0
vertex 31 163 1
vertex 29 163 1
endloop
endfacet
facet normal 1 0 0
outer loop
vertex 31 163 0
vertex 31 164 0
vertex 31 164 1
endloop
endfacet
facet normal 1 0 0
outer loop
vertex 31 163 0
vertex 31 164 1
vertex 31 163 1
endloop
endfacet
facet normal 0 1 0
outer loop
vertex 31 164 0
vertex 29 164 0
vertex 29 164 1
endloop
endfacet
facet normal 0 1 0
outer loop
vertex 31 164 0
vertex 29 164 1
vertex 31 164 1
endloop
endfacet
facet normal -1 0 0
outer loop
vertex 29 164 0
vertex 29 163 0
vertex 29 163 1
endloop
endfacet
facet normal -1 0 0
outer loop
vertex 29 164 0
vertex 29 163 1
vertex 29 164 1
endloop
endfacet
facet normal 0 0 -1
outer loop
vertex 33 164 0
vertex 35 165 0
vertex 35 164 0
endloop
endfacet
facet normal 0 0 -1
outer loop
vertex 33 164 0
vertex 33 165 0
vertex 35 165 0
endloop
endfacet
facet normal 0 0 1
outer loop
vertex 33 164 1
vertex 35 164 1
vertex 35 165 1
endloop
endfacet
facet normal 0 0 1
outer loop
vertex 33 164 1
vertex 35 165 1
vertex 33 165 1
endloop
endfacet
facet normal 0 -1 0
outer loop
vertex 33 164 0
vertex 35 164 0
vertex 35 164 1
endloop
endfacet
facet normal 0 -1 0
outer loop
vertex 33 164 0
vertex 35 164 1
vertex 33 164 1
endloop
endfacet
facet normal 1 0 0
outer loop
vertex 35 164 0
vertex 35 165 0
vertex 35 165 1
endloop
endfacet
facet normal 1 0 0
outer loop
vertex 35 164 0
vertex 35 165 1
vertex 35 164 1
endloop
endfacet
facet normal 0 1 0
outer loop
vertex 35 165 0
vertex 33 165 0
vertex 33 165 1
endloop
endfacet
facet normal 0 1 0
outer loop
vertex 35 165 0
vertex 33 165 1
vertex 35 165 1
endloop
endfacet
facet normal -1 0 0
outer loop
vertex 33 165 0
vertex 33 164 0
vertex 33 164 1
endloop
endfacet
facet normal -1 0 0
outer loop
vertex 33 165 0
vertex 33 164 1
vertex 33 165 1
endloop
endfacet
facet normal 0 0 -1
outer loop
vertex 1 166 0
vertex 3 167 0
vertex 3 166 0
endloop
endfacet
facet normal 0 0 -1
outer loop
vertex 1 166 0
vertex 1 167 0
vertex 3 167 0
endloop
endfacet
facet normal 0 0 1
outer loop
vertex 1 166 1
vertex 3 166 1
vertex 3 167 1
endloop
endfacet
facet normal 0 0 1
outer loop
vertex 1 166 1
vertex 3 167 1
vertex 1 167 1
endloop
endfacet
facet normal 0 -1 0
outer loop
vertex 1 166 0
vertex 3 166 0
vertex 3 166 1
endloop
endfacet
facet normal 0 -1 0
outer loop
vertex 1 166 0
vertex 3 166 1
vertex 1 166 1
endloop
endfacet
facet normal 1 0 0
outer loop
vertex 3 166 0
vertex 3 167 0
vertex 3 167 1
endloop
endfacet
facet normal 1 0 0
outer loop
vertex 3 166 0
vertex 3 167 1
vertex 3 166 1
endloop
endfacet
facet normal 0 1 0
outer loop
vertex 3 167 0
vertex 1 167 0
vertex 1 167 1
endloop
endfacet
facet normal 0 1 0
outer loop
vertex 3 167 0
vertex 1 167 1
vertex 3 167 1
endloop
endfacet
facet normal -1 0 0
outer loop
vertex 1 167 0
vertex 1 166 0
vertex 1 166 1
endloop
endfacet
facet normal -1 0 0
outer loop
vertex 1 167 0
vertex 1 166 1
vertex 1 167 1
endloop
endfacet
facet normal 0 0 -1
outer loop
vertex 5 167 0
vertex 7 168 0
vertex 7 167 0
endloop
endfacet
facet normal 0 0 -1
outer loop
vertex 5 167 0
vertex 5 168 0
vertex 7 168 0
endloop
endfacet
facet normal 0 0 1
outer loop
vertex 5 167 1
vertex 7 167 1
vertex 7 168 1
endloop
endfacet
facet normal 0 0 1
outer loop
vertex 5 167 1
vertex 7 168 1
vertex 5 168 1
endloop
endfacet
facet normal 0 -1 0
outer loop
vertex 5 167 0
vertex 7 167 0
vertex 7 167 1
endloop
endfacet
facet normal 0 -1 0
outer loop
vertex 5 167 0
vertex 7 167 1
vertex 5 167 1
endloop
endfacet
facet normal 1 0 0
outer loop
vertex 7 167 0
vertex 7 168 0
vertex 7 168 1
endloop
endfacet
facet normal 1 0 0
outer loop
vertex 7 167 0
vertex 7 168 1
vertex 7 167 1
endloop
endfacet
facet normal 0 1 0
outer loop
vertex 7 168 0
vertex 5 168 0
vertex 5 168 1
endloop
endfacet
facet normal 0 1 0
outer loop
vertex 7 168 0
vertex 5 168 1
vertex 7 168 1
endloop
endfacet
facet normal -1 0 0
outer loop
vertex 5 168 0
vertex 5 167 0
vertex 5 167 1
endloop
endfacet
facet normal -1 0 0
outer loop
vertex 5 168 0
vertex 5 167 1
vertex 5 168 1
endloop
endfacet
facet normal 0 0 -1
outer loop
vertex 9 168 0
vertex 11 169 0
vertex 11 168 0
endloop
endfacet
facet normal 0 0 -1
outer loop
vertex 9 168 0
vertex 9 169 0
vertex 11 169 0
endloop
endfacet
facet normal 0 0 1
outer loop
vertex 9 168 1
vertex 11 168 1
vertex 11 169 1
endloop
endfacet
facet normal 0 0 1
outer loop
vertex 9 168 1
vertex 11 169 1
vertex 9 169 1
endloop
endfacet
facet normal 0 -1 0
outer loop
vertex 9 168 0
vertex 11 168 0
vertex 11 168 1
endloop
endfacet
facet normal 0 -1 0
outer loop
vertex 9 168 0
vertex 11 168 1
vertex 9 168 1
endloop
endfacet
facet normal 1 0 0
outer loop
vertex 11 168 0
vertex 11 169 0
vertex 11 169 1
endloop
endfacet
facet normal 1 0 0
outer loop
vertex 11 168 0
vertex 11 169 1
vertex 11 168 1
endloop
endfacet
facet normal 0 1 0
outer loop
vertex 11 169 0
vertex 9 169 0
vertex 9 169 1
endloop
endfacet
facet normal 0 1 0
outer loop
vertex 11 169 0
vertex 9 169 1
vertex 11 169 1
endloop
endfacet
facet normal -1 0 0
outer loop
vertex 9 169 0
vertex 9 168 0
vertex 9 168 1
endloop
endfacet
facet normal -1 0 0
outer loop
vertex 9 169 0
vertex 9 168 1
vertex 9 169 1
endloop
endfacet
facet normal 0 0 -1
outer loop
vertex 13 169 0
vertex 15 170 0
vertex 15 169 0
endloop
endfacet
facet normal 0 0 -1
outer loop
vertex 13 169 0
vertex 13 170 0
vertex 15 170 0
endloop
endfacet
facet normal 0 0 1
outer loop
vertex 13 169 1
vertex 15 169 1
vertex 15 170 1
endloop
endfacet
facet normal 0 0 1
outer loop
vertex 13 169 1
vertex 15 170 1
vertex 13 170 1
endloop
endfacet
facet normal 0 -1 0
outer loop
vertex 13 169 0
vertex 15 169 0
vertex 15 169 1
endloop
endfacet
facet normal 0 -1 0
outer loop
vertex 13 169 0
vertex 15 169 1
vertex 13 169 1
endloop
endfacet
facet normal 1 0 0
outer loop
vertex 15 169 0
vertex 15 170 0
vertex 15 170 1
endloop
endfacet
facet normal 1 0 0
outer loop
vertex 15 169 0
vertex 15 170 1
vertex 15 169 1
endloop
endfacet
facet normal 0 1 0
outer loop
vertex 15 170 0
vertex 13 170 0
vertex 13 170 1
endloop
endfacet
facet normal 0 1 0
outer loop
vertex 15 170 0
vertex 13 170 1
vertex 15 170 1
endloop
endfacet
facet normal -1 0 0
outer loop
vertex 13 170 0
vertex 13 169 0
vertex 13 169 1
endloop
endfacet
facet normal -1 0 0
outer loop
vertex 13 170 0
vertex 13 169 1
vertex 13 170 1
endloop
endfacet
facet normal 0 0 -1
outer loop
vertex 17 170 0
vertex 19 171 0
vertex 19 170 0
endloop
endfacet
facet normal 0 0 -1
outer loop
vertex 17 170 0
vertex 17 171 0
vertex 19 171 0
endloop
endfacet
facet normal 0 0 1
outer loop
vertex 17 170 1
vertex 19 170 1
vertex 19 171 1
endloop
endfacet
facet normal 0 0 1
outer loop
vertex 17 170 1
vertex 19 171 1
vertex 17 171 1
endloop
endfacet
facet normal 0 -1 0
outer loop
vertex 17 170 0
vertex 19 170 0
vertex 19 170 1
endloop
endfacet
facet normal 0 -1 0
outer loop
vertex 17 170 0
vertex 19 170 1
vertex 17 170 1
endloop
endfacet
facet normal 1 0 0
outer loop
vertex 19 170 0
vertex 19 171 0
vertex 19 171 1
endloop
endfacet
facet normal 1 0 0
outer loop
vertex 19 170 0
vertex 19 171 1
vertex 19 170 1
endloop
endfacet
facet normal 0 1 0
outer loop
vertex 19 171 0
vertex 17 171 0
vertex 17 171 1
endloop
endfacet
facet normal 0 1 0
outer loop
vertex 19 171 0
vertex 17 171 1
vertex 19 171 1
endloop
endfacet
facet normal -1 0 0
outer loop
vertex 17 171 0
vertex 17 170 0
vertex 17 170 1
endloop
endfacet
facet normal -1 0 0
outer loop
vertex 17 171 0
vertex 17 170 1
vertex 17 171 1
endloop
endfacet
facet normal 0 0 -1
outer loop
vertex 21 171 0
vertex 23 172 0
vertex 23 171 0
endloop
endfacet
facet normal 0 0 -1
outer loop
vertex 21 171 0
vertex 21 172 0
vertex 23 172 0
endloop
endfacet
facet normal 0 0 1
outer loop
vertex 21 171 1
vertex 23 171 1
vertex 23 172 1
endloop
endfacet
facet normal 0 0 1
outer loop
vertex 21 171 1
vertex 23 172 1
vertex 21 172 1
endloop
endfacet
facet normal 0 -1 0
outer loop
vertex 21 171 0
vertex 23 171 0
vertex 23 171 1
endloop
endfacet
facet normal 0 -1 0
outer loop
vertex 21 171 0
vertex 23 171 1
vertex 21 171 1
endloop
endfacet
facet normal 1 0 0
outer loop
vertex 23 171 0
vertex 23 172 0
vertex 23 172 1
endloop
endfacet
facet normal 1 0 0
outer loop
vertex 23 171 0
vertex 23 172 1
vertex 23 171 1
endloop
endfacet
facet normal 0 1 0
outer loop
vertex 23 172 0
vertex 21 172 0
vertex 21 172 1
endloop
endfacet
facet normal 0 1 0
outer loop
vertex 23 172 0
vertex 21 172 1
vertex 23 172 1
endloop
endfacet
facet normal -1 0 0
outer loop
vertex 21 172 0
vertex 21 171 0
vertex 21 171 1
endloop
endfacet
facet normal -1 0 0
outer loop
vertex 21 172 0
vertex 21 171 1
vertex 21 172 1
endloop
endfacet
facet normal 0 0 -1
outer loop
vertex 25 172 0
vertex 27 173 0
vertex 27 172 0
endloop
endfacet
facet normal 0 0 -1
outer loop
vertex 25 172 0
vertex 25 173 0
vertex 27 173 0
endloop
endfacet
facet normal 0 0 1
outer loop
vertex 25 172 1
vertex 27 172 1
vertex 27 173 1
endloop
endfacet
facet normal 0 0 1
outer loop
vertex 25 172 1
vertex 27 173 1
vertex 25 173 1
endloop
endfacet
facet normal 0 -1 0
outer loop
vertex 25 172 0
vertex 27 172 0
vertex 27 172 1
endloop
endfacet
facet normal 0 -1 0
outer loop
vertex 25 172 0
vertex 27 172 1
vertex 25 172 1
endloop
endfacet
facet normal 1 0 0
outer loop
vertex 27 172 0
vertex 27 173 0
vertex 27 173 1
endloop
endfacet
facet normal 1 0 0
outer loop
vertex 27 172 0
vertex 27 173 1
vertex 27 172 1
endloop
endfacet
facet normal 0 1 0
outer loop
vertex 27 173 0
vertex 25 173 0
vertex 25 173 1
endloop
endfacet
facet normal 0 1 0
outer loop
vertex 27 173 0
vertex 25 173 1
vertex 27 173 1
endloop
endfacet
facet normal -1 0 0
outer loop
vertex 25 173 0
vertex 25 172 0
vertex 25 172 1
endloop
endfacet
facet normal -1 0 0
outer loop
vertex 25 173 0
vertex 25 172 1
vertex 25 173 1
endloop
endfacet
facet normal 0 0 -1
outer loop
vertex 29 173 0
vertex 31 174 0
vertex 31 173 0
endloop
endfacet
facet normal 0 0 -1
outer loop
vertex 29 173 0
vertex 29 174 0
vertex 31 174 0
endloop
endfacet
facet normal 0 0 1
outer loop
vertex 29 173 1
vertex 31 173 1
vertex 31 174 1
endloop
endfacet
facet normal 0 0 1
outer loop
vertex 29 173 1
vertex 31 174 1
vertex 29 174 1
endloop
endfacet
facet normal 0 -1 0
outer loop
vertex 29 173 0
vertex 31 173 0
vertex 31 173 1
endloop
endfacet
facet normal 0 -1 0
outer loop
vertex 29 173 0
vertex 31 173 1
vertex 29 173 1
endloop
endfacet
facet normal 1 0 0
outer loop
vertex 31 173 0
vertex 31 174 0
vertex 31 174 1
endloop
endfacet
facet normal 1 0 0
outer loop
vertex 31 173 0
vertex 31 174 1
vertex 31 173 1
endloop
endfacet
facet normal 0 1 0
outer loop
vertex 31 174 0
vertex 29 174 0
vertex 29 174 1
endloop
endfacet
facet normal 0 1 0
outer loop
vertex 31 174 0
vertex 29 174 1
vertex 31 174 1
endloop
endfacet
facet normal -1 0 0
outer loop
vertex 29 174 0
vertex 29 173 0
vertex 29 173 1
endloop
endfacet
facet normal -1 0 0
outer loop
vertex 29 174 0
vertex 29 173 1
vertex 29 174 1
endloop
endfacet
endsolid 13_sign_text_book_depot
